record_id,sample_index,model_name,model_id,dataset,src,tgt,raw,ref,trans_raw,trans,translation_structured,call_attempts,call_retries,first_call_success,first_output_valid,recovered_by_retry,call_success,call_error,format_valid,format_error,language_valid,language_check,policy_pass,policy_violations,policy_warnings,judge_success,judge_error,judge_raw,judge_acceptable,judge_errors,judge_structured,judge_attempts,judge_retries,judge_first_call_success,judge_first_output_valid,judge_recovered_by_retry,translation_score,score,input_tokens,output_tokens,total_tokens,cache_read_input_tokens,cache_write_input_tokens,latency_ms,judge_input_tokens,judge_output_tokens,judge_total_tokens,judge_cache_read_input_tokens,judge_cache_write_input_tokens,judge_latency_ms
17bb227d208b5fd75004,0,deepseek-v3-2,managed-prompt,mtnt,en,fr,"The notion of sharing is clearly less present but by deleting progressively, it works very well, does not it?","La notion de partage est clairement moins là mais en supprimant au fur et à mesure ça passe très bien, non ?","{""c"":""Le concept de partage est clairement moins présent, mais en procédant par suppression progressive, cela fonctionne très bien, n'est-ce pas ?""}","Le concept de partage est clairement moins présent, mais en procédant par suppression progressive, cela fonctionne très bien, n'est-ce pas ?",True,1,0,True,True,False,True,,True,,True,"{""reason"":""detector_match"",""detected"":""fr"",""confidence"":1.0}",True,[],[],True,,"{""errors"":[]}",True,[],True,1,0,True,True,False,100,100,1256,37,1293,,,1785.25,1366,8,1374,0,0,1996.49
2636c8d9e9eb1de3cd87,1,deepseek-v3-2,managed-prompt,mtnt,en,fr,(Less bulky U locks exist),(Il existe des U moins encombrant),"{""c"":""(Il existe des serrures U moins encombrantes)""}",(Il existe des serrures U moins encombrantes),True,1,0,True,True,False,True,,True,,True,"{""reason"":""detector_match"",""detected"":""fr"",""confidence"":1.0}",True,[],[],True,,"{""errors"":[]}",True,[],True,1,0,True,True,False,100,100,1241,19,1260,,,1546.73,1300,8,1308,0,0,1947.36
c3651eb69dbb3ba8d285,2,deepseek-v3-2,managed-prompt,mtnt,en,fr,I'm hesitating to pass the VTC licence to combine it to my translation work while waiting to be skilled enough in Web Development for a reconversion.,J'hésite à passer la licence VTC pour cumuler avec mon activité de traducteur en attendant d'être assez calé en développement Web pour une reconversion.,"{""c"":""J'hésite à passer la licence VTC pour la combiner avec mon travail de traduction en attendant d'être assez qualifié en développement web pour une reconversion.""}",J'hésite à passer la licence VTC pour la combiner avec mon travail de traduction en attendant d'être assez qualifié en développement web pour une reconversion.,True,1,0,True,True,False,True,,True,,True,"{""reason"":""detector_match"",""detected"":""fr"",""confidence"":1.0}",True,[],[],True,,"{""errors"":[]}",True,[],True,1,0,True,True,False,100,100,1265,41,1306,,,1709.33,1387,8,1395,0,0,1824.09
d31048aa9599915016f9,3,deepseek-v3-2,managed-prompt,mtnt,en,fr,"If in doubt, fiddle with the doc.",Dans le doute bidouille le doc.,"{""c"":""En cas de doute, joue avec le doc.""}","En cas de doute, joue avec le doc.",True,1,0,True,True,False,True,,True,,True,"{""reason"":""detector_match"",""detected"":""fr"",""confidence"":1.0}",True,[],[],True,,"{""errors"":[]}",True,[],True,1,0,True,True,False,100,100,1243,16,1259,,,1577.4,1303,8,1311,0,0,4282.57
dc814cb1d0ff1d330eff,4,deepseek-v3-2,managed-prompt,mtnt,en,fr,Could she be a servant of eviiiiiiiil?,Serait-ce une envoyée du Maaaaaal?,"{""c"":""Serait-elle une servante du maaaaaaal ?""}",Serait-elle une servante du maaaaaaal ?,True,1,0,True,True,False,True,,True,,,"{""reason"":""detector_inconclusive"",""detected"":""et"",""confidence"":0.7143}",True,[],[],True,,"{""errors"":[]}",True,[],True,1,0,True,True,False,100,100,1246,16,1262,,,1417.92,1315,8,1323,0,0,1982.85
af25fcd265c58d49db7e,5,deepseek-v3-2,managed-prompt,mtnt,en,fr,Two out of three devices sold by Apple are still in use!,Deux appareils sur trois vendus par Apple sont toujours en utilisation !,"{""c"":""Deux appareils Apple vendus sur trois sont encore en utilisation !""}",Deux appareils Apple vendus sur trois sont encore en utilisation !,True,1,0,True,True,False,True,,True,,True,"{""reason"":""detector_match"",""detected"":""fr"",""confidence"":1.0}",True,[],[],True,,"{""errors"":[]}",True,[],True,1,0,True,True,False,100,100,1247,19,1266,,,1541.33,1321,8,1329,0,0,1920.76
2fc08723ff98d14c12ff,6,deepseek-v3-2,managed-prompt,mtnt,en,fr,"I knew the content would be epic, I didn't know how much.","Je sentais bien que le contenu pouvait être collector, je ne me doutais pas à quel point.","{""c"":""Je savais que le contenu serait épique, mais je ne m'attendais pas à ce point-là.""}","Je savais que le contenu serait épique, mais je ne m'attendais pas à ce point-là.",True,1,0,True,True,False,True,,True,,True,"{""reason"":""detector_match"",""detected"":""fr"",""confidence"":1.0}",True,[],[],True,,"{""errors"":[]}",True,[],True,1,0,True,True,False,100,100,1249,30,1279,,,1905.61,1338,8,1346,0,0,1842.58
6f21256a94d8a01faf91,7,deepseek-v3-2,managed-prompt,mtnt,en,fr,Despite all this I managed to get around it thanks to the power of the brain.,"Après malgré ça, j'ai réussi à contourner ce problème grâce aux pouvoirs du cerveau.","{""c"":""Malgré tout cela, j'ai réussi à contourner le problème grâce à la puissance de l'esprit.""}","Malgré tout cela, j'ai réussi à contourner le problème grâce à la puissance de l'esprit.",True,1,0,True,True,False,True,,True,,True,"{""reason"":""detector_match"",""detected"":""fr"",""confidence"":1.0}",True,[],[],True,,"{""errors"":[]}",True,[],True,1,0,True,True,False,100,100,1251,28,1279,,,1821.47,1354,8,1362,0,0,1880.73
855cdd7f327048173108,8,deepseek-v3-2,managed-prompt,mtnt,en,fr,What do you live for?,Quel est votre but dans la vie ?,"{""c"":""Pour quoi vis-tu ?""}",Pour quoi vis-tu ?,True,1,0,True,True,False,True,,True,,True,"{""reason"":""detector_match"",""detected"":""fr"",""confidence"":1.0}",True,[],[],True,,"{""errors"":[{""category"":""fluency"",""severity"":""minor""}]}",True,"[{""category"":""fluency"",""severity"":""minor""}]",True,1,0,True,True,False,97,97,1240,11,1251,,,882.21,1298,18,1316,0,0,1331.92
630fb95f6850d74a9773,9,deepseek-v3-2,managed-prompt,mtnt,en,fr,"Aaaaaaaah.... 8 years later, I've just realized.... :o damn I had the feeling that I was missing something considering the upvotes.","Aaaaaaaah.... 8 ans après, je viens de percuter....  :o 'tain je me disais bien que je passais à côté d'un truc vu les upvotes.","{""c"":""Aaaaaaaah.... 8 ans plus tard, je viens de réaliser.... :o putain, j'avais l'impression que je manquais quelque chose étant donné les upvotes.""}","Aaaaaaaah.... 8 ans plus tard, je viens de réaliser.... :o putain, j'avais l'impression que je manquais quelque chose étant donné les upvotes.",True,1,0,True,True,False,True,,True,,True,"{""reason"":""detector_match"",""detected"":""fr"",""confidence"":1.0}",True,[],[],True,,"{""errors"":[]}",True,[],True,1,0,True,True,False,100,100,1266,48,1314,,,1458.25,1406,8,1414,0,0,1217.46
168ed67b0a086511f40d,10,deepseek-v3-2,managed-prompt,mtnt,en,jp,It’s okay to be ahead of the curve tho.,彼はでもちょっと先に行っても良いと思います。,"{""c"":""先を走るのは、決して悪いことじゃないよ。""}",先を走るのは、決して悪いことじゃないよ。,True,1,0,True,True,False,True,,True,,True,"{""reason"":""target_script_present"",""detected"":""ja"",""confidence"":1.0}",True,[],[],True,,"{""errors"":[]}",True,[],True,1,0,True,True,False,100,100,1247,20,1267,,,969.73,1325,8,1333,0,0,1178.53
4da2606d02f686f4cf67,11,deepseek-v3-2,managed-prompt,mtnt,en,jp,"Sure, but the VR aspect of the game was a shining crazy diamond when it came out.",そうだな、ただVRとしての観点からみれば、これは光り輝くダイヤモンドみたいなもんだ。,"{""c"":""確かにや。でもVRの機能は発売時にはまさに狂ったダイヤモンドみたいなシャイニンだったもん。""}",確かにや。でもVRの機能は発売時にはまさに狂ったダイヤモンドみたいなシャイニンだったもん。,True,1,0,True,True,False,True,,True,,True,"{""reason"":""target_script_present"",""detected"":""ja"",""confidence"":1.0}",True,[],[],True,,"{""errors"":[{""category"":""accuracy"",""severity"":""major""},{""category"":""fluency"",""severity"":""minor""}]}",False,"[{""category"":""accuracy"",""severity"":""major""},{""category"":""fluency"",""severity"":""minor""}]",True,1,0,True,True,False,82,82,1254,38,1292,,,917.84,1382,27,1409,0,0,1255.87
bae788edc557b1efcc79,12,deepseek-v3-2,managed-prompt,mtnt,en,jp,>What do you do to jog your memory back when you forgot something?,"> あなたが何かを忘れてしまったとき,思い出すために何をしますか？","{""c"":""何かを忘れてしまった時、記憶を取り戻すために何をしますか？""}",何かを忘れてしまった時、記憶を取り戻すために何をしますか？,True,1,0,True,True,False,True,,True,,True,"{""reason"":""target_script_present"",""detected"":""ja"",""confidence"":1.0}",True,[],[],True,,"{""errors"":[{""category"":""preservation"",""severity"":""minor""}]}",True,"[{""category"":""preservation"",""severity"":""minor""}]",True,1,0,True,True,False,97,97,1250,23,1273,,,1257.86,1347,17,1364,0,0,1230.13
6c91bea746ab6d6d280d,13,deepseek-v3-2,managed-prompt,mtnt,en,jp,N-o w-a-y!,ちーがーうーだーろー！,"{""c"":""お・い！""}",お・い！,True,1,0,True,True,False,True,,True,,True,"{""reason"":""target_script_present"",""detected"":""ja"",""confidence"":1.0}",True,[],[],True,,"{""errors"":[{""category"":""accuracy"",""severity"":""major""}]}",False,"[{""category"":""accuracy"",""severity"":""major""}]",True,1,0,True,True,False,85,85,1241,9,1250,,,675.82,1298,17,1315,0,0,1144.57
b1d0ccc36d04d6462249,14,deepseek-v3-2,managed-prompt,mtnt,en,jp,My sweet Anzu…,我が愛しのあんずちゃん……,"{""c"":""我が愛しの杏…""}",我が愛しの杏…,True,1,0,True,True,False,True,,True,,True,"{""reason"":""target_script_present"",""detected"":""ja"",""confidence"":1.0}",True,[],[],True,,"{""errors"":[{""category"":""preservation"",""severity"":""minor""}]}",True,"[{""category"":""preservation"",""severity"":""minor""}]",True,1,0,True,True,False,97,97,1240,12,1252,,,847.03,1303,17,1320,0,0,1306.09
d67068d75bb48a7659ac,15,deepseek-v3-2,managed-prompt,mtnt,en,jp,Anyone know if you can fit a T25 keyboard to a T470s or T480s?,T25のキーボードが、T470sかT480sに繋げれるかわかる人いる？,"{""c"":""T25 キーボードを T470s か T480s に取り付けられるかご存知ですか？""}",T25 キーボードを T470s か T480s に取り付けられるかご存知ですか？,True,1,0,True,True,False,True,,True,,True,"{""reason"":""target_script_present"",""detected"":""ja"",""confidence"":1.0}",True,[],[],True,,"{""errors"":[]}",True,[],True,1,0,True,True,False,100,100,1255,32,1287,,,1201.45,1355,8,1363,0,0,1331.26
fdf5ee10001c558d9c95,16,deepseek-v3-2,managed-prompt,mtnt,en,jp,"By the way, what did you go to do at the Pyeongchang Olympics!",ところで、平昌オリンピックに何しに行ったの〜！,"{""c"":""そう言えば平昌オリンピックでどんなことをしてたの!""}",そう言えば平昌オリンピックでどんなことをしてたの!,True,1,0,True,True,False,True,,True,,True,"{""reason"":""target_script_present"",""detected"":""ja"",""confidence"":1.0}",True,[],[],True,,"{""errors"":[]}",True,[],True,1,0,True,True,False,100,100,1253,21,1274,,,804.19,1339,8,1347,0,0,1221.3
3f83bfc00fa03930d33a,17,deepseek-v3-2,managed-prompt,mtnt,en,jp,Is it possible for anyone to either ask in person or ring them?,誰かお店に直接行って確認、または電話で確認することができますか？,"{""c"":""誰かが直接聞くか、電話をかけられませんか？""}",誰かが直接聞くか、電話をかけられませんか？,True,1,0,True,True,False,True,,True,,True,"{""reason"":""target_script_present"",""detected"":""ja"",""confidence"":1.0}",True,[],[],True,,"{""errors"":[{""category"":""accuracy"",""severity"":""major""}]}",False,"[{""category"":""accuracy"",""severity"":""major""}]",True,1,0,True,True,False,85,85,1249,20,1269,,,787.14,1333,17,1350,0,0,1289.98
7d1412a2fc5df928a4da,18,deepseek-v3-2,managed-prompt,mtnt,en,jp,Let me know what you think!,どう思うか教えてくれよ！,"{""c"":""教えてください、あなたはどう思いますか？""}",教えてください、あなたはどう思いますか？,True,1,0,True,True,False,True,,True,,True,"{""reason"":""target_script_present"",""detected"":""ja"",""confidence"":1.0}",True,[],[],True,,"{""errors"":[{""category"":""tone"",""severity"":""minor""}]}",True,"[{""category"":""tone"",""severity"":""minor""}]",True,1,0,True,True,False,97,97,1242,16,1258,,,909.86,1309,17,1326,0,0,1261.79
da144485b71fb347c385,19,deepseek-v3-2,managed-prompt,mtnt,en,jp,95% of Tanks in Mythic Dungeon Invitational are Blood DKs,ミシック・ダンジョン・インビテーショナルに出てくるタンクの９５％はブラッドDK。,"{""c"":""MythicダンジョンInvitationalで戦われているタンクの95％がBlood DK!""}",MythicダンジョンInvitationalで戦われているタンクの95％がBlood DK!,True,1,0,True,True,False,True,,True,,True,"{""reason"":""target_script_present"",""detected"":""ja"",""confidence"":1.0}",True,[],[],True,,"{""errors"":[{""category"":""accuracy"",""severity"":""minor""},{""category"":""preservation"",""severity"":""minor""}]}",True,"[{""category"":""accuracy"",""severity"":""minor""},{""category"":""preservation"",""severity"":""minor""}]",True,1,0,True,True,False,94,94,1251,28,1279,,,840.42,1362,26,1388,0,0,1306.96
e64fbedcf79d88725ae9,20,deepseek-v3-2,managed-prompt,mtnt,fr,en,"La notion de partage est clairement moins là mais en supprimant au fur et à mesure ça passe très bien, non ?","The notion of sharing is clearly less present but by deleting progressively, it works very well, does not it?","{""c"":""The notion of sharing is definitely less present, but by removing them gradually, it works perfectly, doesn't it?""}","The notion of sharing is definitely less present, but by removing them gradually, it works perfectly, doesn't it?",True,1,0,True,True,False,True,,True,,True,"{""reason"":""detector_match"",""detected"":""en"",""confidence"":1.0}",True,[],[],True,,"{""errors"":[]}",True,[],True,1,0,True,True,False,100,100,1262,28,1290,,,847.76,1350,8,1358,0,0,1393.93
51d73288db9a7d17ad8f,21,deepseek-v3-2,managed-prompt,mtnt,fr,en,(Il existe des U moins encombrant),(Less bulky U locks exist),"{""c"":""(There are less cluttering Us)""}",(There are less cluttering Us),True,1,0,True,True,False,True,,True,,True,"{""reason"":""detector_match"",""detected"":""en"",""confidence"":1.0}",True,[],[],True,,"{""errors"":[{""category"":""accuracy"",""severity"":""minor""},{""category"":""fluency"",""severity"":""minor""}]}",True,"[{""category"":""accuracy"",""severity"":""minor""},{""category"":""fluency"",""severity"":""minor""}]",True,1,0,True,True,False,94,94,1245,13,1258,,,737.27,1294,27,1321,0,0,1453.91
ff01e5bd36629150f760,22,deepseek-v3-2,managed-prompt,mtnt,fr,en,J'hésite à passer la licence VTC pour cumuler avec mon activité de traducteur en attendant d'être assez calé en développement Web pour une reconversion.,I'm hesitating to pass the VTC licence to combine it to my translation work while waiting to be skilled enough in Web Development for a reconversion.,"{""c"":""I’m unsure whether to get my private hire license (VTC) to supplement my translation work until I’m skilled enough in web development for a career switch.""}",I’m unsure whether to get my private hire license (VTC) to supplement my translation work until I’m skilled enough in web development for a career switch.,True,1,0,True,True,False,True,,True,,True,"{""reason"":""detector_match"",""detected"":""en"",""confidence"":1.0}",True,[],[],True,,"{""errors"":[]}",True,[],True,1,0,True,True,False,100,100,1270,39,1309,,,1332.68,1378,8,1386,0,0,1227.31
1bb81f8f4f1af9c1ae06,23,deepseek-v3-2,managed-prompt,mtnt,fr,en,Dans le doute bidouille le doc.,"If in doubt, fiddle with the doc.","{""c"":""When in doubt, trick the document.""}","When in doubt, trick the document.",True,1,0,True,True,False,True,,True,,True,"{""reason"":""detector_match"",""detected"":""en"",""confidence"":1.0}",True,[],[],True,,"{""errors"":[{""category"":""accuracy"",""severity"":""major""}]}",False,"[{""category"":""accuracy"",""severity"":""major""}]",True,1,0,True,True,False,85,85,1243,13,1256,,,845.87,1299,17,1316,0,0,1305.87
6e920ecb8af2c71cb893,24,deepseek-v3-2,managed-prompt,mtnt,fr,en,Serait-ce une envoyée du Maaaaaal?,Could she be a servant of eviiiiiiiil?,"{""c"":""Is this a messenger from Eeeeeeeeel?""}",Is this a messenger from Eeeeeeeeel?,True,1,0,True,True,False,True,,True,,,"{""reason"":""detector_inconclusive"",""detected"":""en"",""confidence"":0.5714}",True,[],[],True,,"{""errors"":[{""category"":""accuracy"",""severity"":""major""}]}",False,"[{""category"":""accuracy"",""severity"":""major""}]",True,1,0,True,True,False,85,85,1245,15,1260,,,903.17,1313,17,1330,0,0,1228.92
c7b02c359b26b5a920d5,25,deepseek-v3-2,managed-prompt,mtnt,fr,en,Deux appareils sur trois vendus par Apple sont toujours en utilisation !,Two out of three devices sold by Apple are still in use!,"{""c"":""Two out of every three Apple devices sold are still in use!""}",Two out of every three Apple devices sold are still in use!,True,1,0,True,True,False,True,,True,,True,"{""reason"":""detector_match"",""detected"":""en"",""confidence"":1.0}",True,[],[],True,,"{""errors"":[]}",True,[],True,1,0,True,True,False,100,100,1249,18,1267,,,995.89,1317,8,1325,0,0,1199.37
9d1f4bca8d38f6a22d1e,26,deepseek-v3-2,managed-prompt,mtnt,fr,en,"Je sentais bien que le contenu pouvait être collector, je ne me doutais pas à quel point.","I knew the content would be epic, I didn't know how much.","{""c"":""I had a feeling the content could be collector's edition, but I had no idea to what extent.""}","I had a feeling the content could be collector's edition, but I had no idea to what extent.",True,1,0,True,True,False,True,,True,,True,"{""reason"":""detector_match"",""detected"":""en"",""confidence"":1.0}",True,[],[],True,,"{""errors"":[]}",True,[],True,1,0,True,True,False,100,100,1258,26,1284,,,1011.81,1333,8,1341,0,0,1285.51
3f6b4eb7a96ead7595dc,27,deepseek-v3-2,managed-prompt,mtnt,fr,en,"Après malgré ça, j'ai réussi à contourner ce problème grâce aux pouvoirs du cerveau.",Despite all this I managed to get around it thanks to the power of the brain.,"{""c"":""After despite that, I managed to get around this problem thanks to the powers of the brain.""}","After despite that, I managed to get around this problem thanks to the powers of the brain.",True,1,0,True,True,False,True,,True,,True,"{""reason"":""detector_match"",""detected"":""en"",""confidence"":1.0}",True,[],[],True,,"{""errors"":[{""category"":""fluency"",""severity"":""major""}]}",False,"[{""category"":""fluency"",""severity"":""major""}]",True,1,0,True,True,False,85,85,1258,24,1282,,,1077.08,1339,18,1357,0,0,1266.94
52dad0bab6e94ac06320,28,deepseek-v3-2,managed-prompt,mtnt,fr,en,Quel est votre but dans la vie ?,What do you live for?,"{""c"":""What is your purpose in life?""}",What is your purpose in life?,True,1,0,True,True,False,True,,True,,True,"{""reason"":""detector_match"",""detected"":""en"",""confidence"":1.0}",True,[],[],True,,"{""errors"":[]}",True,[],True,1,0,True,True,False,100,100,1243,12,1255,,,887.6,1297,8,1305,0,0,1240.95
6d9319e19b8d4532bb1a,29,deepseek-v3-2,managed-prompt,mtnt,fr,en,"Aaaaaaaah.... 8 ans après, je viens de percuter....  :o 'tain je me disais bien que je passais à côté d'un truc vu les upvotes.","Aaaaaaaah.... 8 years later, I've just realized.... :o damn I had the feeling that I was missing something considering the upvotes.","{""c"":""Aaaaaaaah.... 8 years later, I just got it.... :o damn I felt like I was missing something seeing all the upvotes.""}","Aaaaaaaah.... 8 years later, I just got it.... :o damn I felt like I was missing something seeing all the upvotes.",True,1,0,True,True,False,True,,True,,,"{""reason"":""detector_inconclusive"",""detected"":""en"",""confidence"":0.5714}",True,[],[],True,,"{""errors"":[]}",True,[],True,1,0,True,True,False,100,100,1277,36,1313,,,950.2,1390,8,1398,0,0,1364.12
a7fab527a7e8f85f0408,30,deepseek-v3-2,managed-prompt,mtnt,jp,en,彼はでもちょっと先に行っても良いと思います。,It’s okay to be ahead of the curve tho.,"{""c"":""Hey, I think he's okay with me going ahead a little bit though.""}","Hey, I think he's okay with me going ahead a little bit though.",True,1,0,True,True,False,True,,True,,True,"{""reason"":""detector_match"",""detected"":""en"",""confidence"":1.0}",True,[],[],True,,"{""errors"":[{""category"":""accuracy"",""severity"":""major""}]}",False,"[{""category"":""accuracy"",""severity"":""major""}]",True,1,0,True,True,False,85,85,1245,21,1266,,,1051.96,1320,17,1337,0,0,1267.92
86abc24aa6ac828c88a1,31,deepseek-v3-2,managed-prompt,mtnt,jp,en,そうだな、ただVRとしての観点からみれば、これは光り輝くダイヤモンドみたいなもんだ。,"Sure, but the VR aspect of the game was a shining crazy diamond when it came out.","{""c"":""Yeah, from a VR perspective, this is basically a shining diamond.""}","Yeah, from a VR perspective, this is basically a shining diamond.",True,1,0,True,True,False,True,,True,,True,"{""reason"":""detector_match"",""detected"":""en"",""confidence"":1.0}",True,[],[],True,,"{""errors"":[{""category"":""accuracy"",""severity"":""major""}]}",False,"[{""category"":""accuracy"",""severity"":""major""}]",True,1,0,True,True,False,85,85,1263,19,1282,,,844.8,1351,17,1368,0,0,1271.01
ae3fd6a4d60811c959d2,32,deepseek-v3-2,managed-prompt,mtnt,jp,en,"> あなたが何かを忘れてしまったとき,思い出すために何をしますか？",>What do you do to jog your memory back when you forgot something?,"{""c"":""What do you do to remember something when you forget it?""}",What do you do to remember something when you forget it?,True,1,0,True,True,False,True,,True,,True,"{""reason"":""detector_match"",""detected"":""en"",""confidence"":1.0}",True,[],[],True,,"{""errors"":[{""category"":""preservation"",""severity"":""minor""}]}",True,"[{""category"":""preservation"",""severity"":""minor""}]",True,1,0,True,True,False,97,97,1254,17,1271,,,953.38,1330,17,1347,0,0,1287.35
4961a9a22e75260c75ec,33,deepseek-v3-2,managed-prompt,mtnt,jp,en,ちーがーうーだーろー！,N-o w-a-y!,"{""c"":""No way! That can't be right!""}",No way! That can't be right!,True,1,0,True,True,False,True,,True,,True,"{""reason"":""detector_match"",""detected"":""en"",""confidence"":1.0}",True,[],[],True,,"{""errors"":[{""category"":""accuracy"",""severity"":""minor""}]}",True,"[{""category"":""accuracy"",""severity"":""minor""}]",True,1,0,True,True,False,97,97,1245,14,1259,,,901.89,1302,17,1319,0,0,1375.14
3a7a968144045d8dfef5,34,deepseek-v3-2,managed-prompt,mtnt,jp,en,我が愛しのあんずちゃん……,My sweet Anzu…,"{""c"":""My beloved apricot-chan...""}",My beloved apricot-chan...,True,1,0,True,True,False,True,,True,,True,"{""reason"":""detector_match"",""detected"":""en"",""confidence"":1.0}",True,[],[],True,,"{""errors"":[{""category"":""accuracy"",""severity"":""major""}]}",False,"[{""category"":""accuracy"",""severity"":""major""}]",True,1,0,True,True,False,85,85,1244,12,1256,,,663.81,1302,17,1319,0,0,1202.51
c9e2cdbc08b09f88c3cd,35,deepseek-v3-2,managed-prompt,mtnt,jp,en,T25のキーボードが、T470sかT480sに繋げれるかわかる人いる？,Anyone know if you can fit a T25 keyboard to a T470s or T480s?,"{""c"":""Anyone know if a T25 keyboard connects to a T470s or T480s?""}",Anyone know if a T25 keyboard connects to a T470s or T480s?,True,1,0,True,True,False,True,,True,,True,"{""reason"":""detector_match"",""detected"":""en"",""confidence"":1.0}",True,[],[],True,,"{""errors"":[]}",True,[],True,1,0,True,True,False,100,100,1261,23,1284,,,797.61,1343,8,1351,0,0,1179.15
0ef5308a099c7fa8efc9,36,deepseek-v3-2,managed-prompt,mtnt,jp,en,ところで、平昌オリンピックに何しに行ったの〜！,"By the way, what did you go to do at the Pyeongchang Olympics!","{""c"":""Speaking of which, what were you at the Pyeongchang Olympics for~!""}","Speaking of which, what were you at the Pyeongchang Olympics for~!",True,1,0,True,True,False,True,,True,,True,"{""reason"":""detector_match"",""detected"":""en"",""confidence"":1.0}",True,[],[],True,,"{""errors"":[{""category"":""accuracy"",""severity"":""minor""}]}",True,"[{""category"":""accuracy"",""severity"":""minor""}]",True,1,0,True,True,False,97,97,1251,22,1273,,,848.32,1334,17,1351,0,0,1214.98
a2da2aab8ae84b6ff5e2,37,deepseek-v3-2,managed-prompt,mtnt,jp,en,誰かお店に直接行って確認、または電話で確認することができますか？,Is it possible for anyone to either ask in person or ring them?,"{""c"":""Can someone check at the store directly, or confirm by phone?""}","Can someone check at the store directly, or confirm by phone?",True,1,0,True,True,False,True,,True,,True,"{""reason"":""detector_match"",""detected"":""en"",""confidence"":1.0}",True,[],[],True,,"{""errors"":[]}",True,[],True,1,0,True,True,False,100,100,1252,18,1270,,,1019.35,1324,8,1332,0,0,1134.13
96e9c219969c48d745b6,38,deepseek-v3-2,managed-prompt,mtnt,jp,en,どう思うか教えてくれよ！,Let me know what you think!,"{""c"":""Tell me what you think!""}",Tell me what you think!,True,1,0,True,True,False,True,,True,,True,"{""reason"":""detector_match"",""detected"":""en"",""confidence"":1.0}",True,[],[],True,,"{""errors"":[]}",True,[],True,1,0,True,True,False,100,100,1243,11,1254,,,715.3,1298,8,1306,0,0,1287.2
2bc9dcbb951ce45eae21,39,deepseek-v3-2,managed-prompt,mtnt,jp,en,ミシック・ダンジョン・インビテーショナルに出てくるタンクの９５％はブラッドDK。,95% of Tanks in Mythic Dungeon Invitational are Blood DKs,"{""c"":""95% of the tanks in the Magic Dungeon Invitational are Blood DK.""}",95% of the tanks in the Magic Dungeon Invitational are Blood DK.,True,1,0,True,True,False,True,,True,,True,"{""reason"":""detector_match"",""detected"":""en"",""confidence"":1.0}",True,[],"[{""code"":""number_not_exact"",""expected"":{""９５"":1},""actual"":{""95"":1}}]",True,,"{""errors"":[{""category"":""terminology"",""severity"":""major""}]}",False,"[{""category"":""terminology"",""severity"":""major""}]",True,1,0,True,True,False,82,82,1265,21,1286,,,893.8,1353,17,1370,0,0,1311.63
cbb2e995d783366a2fe9,40,deepseek-v3-2,managed-prompt,subtitle,da,de,Fotograferede du liget?,Haben Sie die Leichen photographiert?,"{""c"":""Hast du die Leiche fotografiert?""}",Hast du die Leiche fotografiert?,True,1,0,True,True,False,True,,True,,True,"{""reason"":""detector_match"",""detected"":""de"",""confidence"":1.0}",True,[],[],True,,"{""errors"":[]}",True,[],True,1,0,True,True,False,100,100,1243,14,1257,,,718.38,1301,8,1309,0,0,1227.58
5ef8412fd948b9afb9b4,41,deepseek-v3-2,managed-prompt,subtitle,da,de,"Jeg tror ikke, det her er enden.","Ich glaube nicht, dass das das Ende ist.","{""c"":""Ich glaube nicht, dass hier das Ende ist.""}","Ich glaube nicht, dass hier das Ende ist.",True,1,0,True,True,False,True,,True,,True,"{""reason"":""detector_match"",""detected"":""de"",""confidence"":1.0}",True,[],[],True,,"{""errors"":[]}",True,[],True,1,0,True,True,False,100,100,1246,16,1262,,,765.96,1309,8,1317,0,0,1237.61
ebd797d4ca38bee4ac6f,42,deepseek-v3-2,managed-prompt,subtitle,da,de,- Jeg blev også efterladt!,Sie haben mich auch zurückgelassen.,"{""c"":""Ich wurde auch zurückgelassen!""}",Ich wurde auch zurückgelassen!,True,1,0,True,True,False,True,,True,,True,"{""reason"":""detector_match"",""detected"":""de"",""confidence"":1.0}",True,[],[],True,,"{""errors"":[]}",True,[],True,1,0,True,True,False,100,100,1243,12,1255,,,699.55,1299,8,1307,0,0,1191.71
a08d049c0a7982f5701f,43,deepseek-v3-2,managed-prompt,subtitle,da,de,- Det må vi så bare forklare politiet.,- Das müssen wir der Polizei erklären.,"{""c"":""- Dann müssen wir das der Polizei erklären.""}",- Dann müssen wir das der Polizei erklären.,True,1,0,True,True,False,True,,True,,True,"{""reason"":""detector_match"",""detected"":""de"",""confidence"":1.0}",True,[],[],True,,"{""errors"":[]}",True,[],True,1,0,True,True,False,100,100,1245,17,1262,,,932.62,1315,8,1323,0,0,1203.38
28cce90e5f391b083cb6,44,deepseek-v3-2,managed-prompt,subtitle,da,de,Ligesom jer. I er et samfund.,"So wie ihr, ihr seid auch eine Gemeinschaft.","{""c"":""Genau wie ihr. Ihr seid eine Gemeinschaft.""}",Genau wie ihr. Ihr seid eine Gemeinschaft.,True,1,0,True,True,False,True,,True,,True,"{""reason"":""detector_match"",""detected"":""de"",""confidence"":1.0}",True,[],[],True,,"{""errors"":[]}",True,[],True,1,0,True,True,False,100,100,1245,17,1262,,,983.92,1313,8,1321,0,0,1197.35
c4cc9cb4f9015f851a91,45,deepseek-v3-2,managed-prompt,subtitle,da,de,Og den her ...,Und das hier.,"{""c"":""Og den her ...""}",Og den her ...,True,1,0,True,True,False,True,,True,,,"{""reason"":""detector_inconclusive"",""detected"":""de"",""confidence"":0.7143}",True,[],"[{""code"":""source_copy_suspected""}]",True,,"{""errors"":[{""category"":""accuracy"",""severity"":""critical""}]}",False,"[{""category"":""accuracy"",""severity"":""critical""}]",True,1,0,True,True,False,57,57,1238,9,1247,,,814.52,1288,17,1305,0,0,1227.31
55071208b2f08b5352c3,46,deepseek-v3-2,managed-prompt,subtitle,da,de,Samarbejder du med Hunter?,So viel weiß ich. Arbeiten Sie mit Hunter zusammen?,"{""c"":""Arbeitest du mit Hunter zusammen?""}",Arbeitest du mit Hunter zusammen?,True,1,0,True,True,False,True,,True,,True,"{""reason"":""detector_match"",""detected"":""de"",""confidence"":1.0}",True,[],[],True,,"{""errors"":[{""category"":""tone"",""severity"":""minor""}]}",True,"[{""category"":""tone"",""severity"":""minor""}]",True,1,0,True,True,False,97,97,1242,13,1255,,,729.18,1308,17,1325,0,0,1393.59
23df838803d52637e5ba,47,deepseek-v3-2,managed-prompt,subtitle,da,de,Godt.,Genau.,"{""c"":""Gut.""}",Gut.,True,1,0,True,True,False,True,,True,,,"{""reason"":""too_short_for_language_detection"",""detected"":null,""confidence"":null}",True,[],[],True,,"{""errors"":[]}",True,[],True,1,0,True,True,False,100,100,1237,8,1245,,,1046.12,1282,8,1290,0,0,1202.67
d08d282b4413ac5843f9,48,deepseek-v3-2,managed-prompt,subtitle,da,de,Hvad er det?,Was ist das?,"{""c"":""Was ist das?""}",Was ist das?,True,1,0,True,True,False,True,,True,,True,"{""reason"":""detector_match"",""detected"":""de"",""confidence"":1.0}",True,[],[],True,,"{""errors"":[]}",True,[],True,1,0,True,True,False,100,100,1240,9,1249,,,1124.06,1287,8,1295,0,0,1193.16
0b8413218c4315249454,49,deepseek-v3-2,managed-prompt,subtitle,da,de,"- Ja, det kan jeg.","- Ja, ja, kann ich.","{""c"":""- Ja, das kann ich.""}","- Ja, das kann ich.",True,1,0,True,True,False,True,,True,,,"{""reason"":""detector_inconclusive"",""detected"":""id"",""confidence"":0.7143}",True,[],[],True,,"{""errors"":[]}",True,[],True,1,0,True,True,False,100,100,1241,12,1253,,,849.17,1296,8,1304,0,0,1228.15
c70982de1af26cc2cb9c,50,deepseek-v3-2,managed-prompt,subtitle,da,en,Preston.,- Preston!,"{""c"":""Preston.""}",Preston.,True,1,0,True,True,False,True,,True,,,"{""reason"":""too_short_for_language_detection"",""detected"":null,""confidence"":null}",True,[],"[{""code"":""source_copy_suspected""}]",True,,"{""errors"":[]}",True,[],True,1,0,True,True,False,97,97,1238,9,1247,,,678.22,1278,8,1286,0,0,1187.82
bad25bc5e0dc3d33b21e,51,deepseek-v3-2,managed-prompt,subtitle,da,en,"På et sprog, kun jeg kunne forstå.",In a language only I could understand.,"{""c"":""In a language, only I could understand.""}","In a language, only I could understand.",True,1,0,True,True,False,True,,True,,True,"{""reason"":""detector_match"",""detected"":""en"",""confidence"":1.0}",True,[],[],True,,"{""errors"":[]}",True,[],True,1,0,True,True,False,100,100,1248,14,1262,,,916.14,1299,8,1307,0,0,1124.5
40ccb01ccb58886e140c,52,deepseek-v3-2,managed-prompt,subtitle,da,en,For han er alt for ren.,'Cause he is too damn clean.,"{""c"":""He's too clean for it all.""}",He's too clean for it all.,True,1,0,True,True,False,True,,True,,True,"{""reason"":""detector_match"",""detected"":""en"",""confidence"":1.0}",True,[],[],True,,"{""errors"":[]}",True,[],True,1,0,True,True,False,100,100,1241,13,1254,,,724.79,1295,8,1303,0,0,1266.73
c8e393158a6de8885df4,53,deepseek-v3-2,managed-prompt,subtitle,da,en,Ikke flere spontane svømmetimer?,No more impromptu swimming lessons?,"{""c"":""No more spontaneous swimming lessons?""}",No more spontaneous swimming lessons?,True,1,0,True,True,False,True,,True,,,"{""reason"":""detector_inconclusive"",""detected"":""en"",""confidence"":0.7143}",True,[],[],True,,"{""errors"":[]}",True,[],True,1,0,True,True,False,100,100,1244,11,1255,,,826.49,1298,8,1306,0,0,1290.05
8c8aae26aef3c8957486,54,deepseek-v3-2,managed-prompt,subtitle,da,en,"Hør, jeg får dig ud herfra.","Listen, I'm gonna get you out of here.","{""c"":""Listen, I'll get you out of here.""}","Listen, I'll get you out of here.",True,1,0,True,True,False,True,,True,,True,"{""reason"":""detector_match"",""detected"":""en"",""confidence"":0.8571}",True,[],[],True,,"{""errors"":[]}",True,[],True,1,0,True,True,False,100,100,1245,15,1260,,,760.56,1304,8,1312,0,0,1199.98
97d2bd02325e6ee51f29,55,deepseek-v3-2,managed-prompt,subtitle,da,en,Jeg må videre!,I must go.,"{""c"":""I've got to move on!""}",I've got to move on!,True,1,0,True,True,False,True,,True,,,"{""reason"":""detector_inconclusive"",""detected"":""en"",""confidence"":0.7143}",True,[],[],True,,"{""errors"":[]}",True,[],True,1,0,True,True,False,100,100,1240,12,1252,,,737.67,1288,8,1296,0,0,1199.54
f0247b645480f012ab64,56,deepseek-v3-2,managed-prompt,subtitle,da,en,"Ødelagt kommunikation fra private virksomheder, der arbejder med Justitsministeriet, NSA, CIA, FBI... - Alle initialerne.","Shredded communications from private contractors working with the DOJ, NSA, CIA, FBI- all the initials.","{""c"":""Broken communication from private companies working with the Department of Justice, NSA, CIA, FBI... - All the initials.""}","Broken communication from private companies working with the Department of Justice, NSA, CIA, FBI... - All the initials.",True,1,0,True,True,False,True,,True,,True,"{""reason"":""detector_match"",""detected"":""en"",""confidence"":1.0}",True,[],[],True,,"{""errors"":[]}",True,[],True,1,0,True,True,False,100,100,1268,29,1297,,,857.42,1362,8,1370,0,0,1200.15
51639c91fec306bfa9ee,57,deepseek-v3-2,managed-prompt,subtitle,da,en,Hun har ret.,She's right.,"{""c"":""She's right.""}",She's right.,True,1,0,True,True,False,True,,True,,True,"{""reason"":""detector_match"",""detected"":""en"",""confidence"":1.0}",True,[],[],True,,"{""errors"":[]}",True,[],True,1,0,True,True,False,100,100,1239,9,1248,,,706.8,1283,8,1291,0,0,1269.86
95c24282a8d297714dcd,58,deepseek-v3-2,managed-prompt,subtitle,da,en,Ingen kommentarer.,No comment.,"{""c"":""No comments.""}",No comments.,True,1,0,True,True,False,True,,True,,,"{""reason"":""detector_mismatch_uncertain"",""detected"":""fr"",""confidence"":1.0}",True,[],[],True,,"{""errors"":[]}",True,[],True,1,0,True,True,False,100,100,1240,8,1248,,,695.0,1283,8,1291,0,0,1229.92
f6cb19382dbb9e24cad1,59,deepseek-v3-2,managed-prompt,subtitle,da,en,"Gør dit arbejde, mand.","Do your job, man.","{""c"":""Do your work, man.""}","Do your work, man.",True,1,0,True,True,False,True,,True,,,"{""reason"":""detector_inconclusive"",""detected"":""en"",""confidence"":0.7143}",True,[],[],True,,"{""errors"":[]}",True,[],True,1,0,True,True,False,100,100,1243,11,1254,,,701.57,1293,8,1301,0,0,1219.47
c869e08078aa22dc7188,60,deepseek-v3-2,managed-prompt,subtitle,da,es,"Knægt, du vil ikke tro det.","Hijo, ¡no vas a creerlo!","{""c"":""Knægt, du vil ikke tro det.""}","Knægt, du vil ikke tro det.",True,1,0,True,True,False,True,,True,,,"{""reason"":""detector_mismatch_uncertain"",""detected"":""da"",""confidence"":1.0}",False,"[{""code"":""source_copied""}]",[],True,,"{""errors"":[{""category"":""accuracy"",""severity"":""critical""}]}",False,"[{""category"":""accuracy"",""severity"":""critical""}]",True,1,0,True,True,False,60,60,1244,15,1259,,,722.47,1308,17,1325,0,0,1292.1
8b43cf2c8d4143186c29,61,deepseek-v3-2,managed-prompt,subtitle,da,es,Far!,¡Papi!,"{""c"":""Far!""}",Far!,True,1,0,True,True,False,True,,True,,,"{""reason"":""too_short_for_language_detection"",""detected"":null,""confidence"":null}",True,[],"[{""code"":""source_copy_suspected""}]",True,,"{""errors"":[]}",True,[],True,1,0,True,True,False,97,97,1236,7,1243,,,676.15,1281,8,1289,0,0,1151.8
e3d9216750824686f4e6,62,deepseek-v3-2,managed-prompt,subtitle,da,es,"Ved du, hvad Ethan vil gøre, hvis han får chancen?","¡Laurie, cállate! ¿Sabes lo que hará Ethan si tiene oportunidad?","{""c"":""¿Sabes lo que hará Ethan si tiene la oportunidad?""}",¿Sabes lo que hará Ethan si tiene la oportunidad?,True,1,0,True,True,False,True,,True,,True,"{""reason"":""detector_match"",""detected"":""es"",""confidence"":1.0}",True,[],[],True,,"{""errors"":[]}",True,[],True,1,0,True,True,False,100,100,1255,19,1274,,,888.62,1340,8,1348,0,0,1026.03
62cc496ac33aeb45a411,63,deepseek-v3-2,managed-prompt,subtitle,da,es,"Godt, du har langt hår.",Menos mal que tienes el pelo largo,"{""c"":""Vale, tienes el pelo largo.""}","Vale, tienes el pelo largo.",True,1,0,True,True,False,True,,True,,True,"{""reason"":""detector_match"",""detected"":""es"",""confidence"":1.0}",True,[],[],True,,"{""errors"":[{""category"":""accuracy"",""severity"":""major""}]}",False,"[{""category"":""accuracy"",""severity"":""major""}]",True,1,0,True,True,False,85,85,1244,14,1258,,,767.94,1300,17,1317,0,0,1196.53
f4892622d7bf19610234,64,deepseek-v3-2,managed-prompt,subtitle,da,es,- Hun afslår behandling.,- Rechazó el tratamiento.,"{""c"":""- Ella rechaza el tratamiento.""}",- Ella rechaza el tratamiento.,True,1,0,True,True,False,True,,True,,True,"{""reason"":""detector_match"",""detected"":""es"",""confidence"":1.0}",True,[],[],True,,"{""errors"":[]}",True,[],True,1,0,True,True,False,100,100,1242,12,1254,,,864.29,1297,8,1305,0,0,1160.56
b9f6e901c7a152ad494a,65,deepseek-v3-2,managed-prompt,subtitle,da,es,"Det ligger lidt uden for byen, men...","- ¡Bien, sí! Auténtico. Está fuera de la ciudad, pero...","{""c"":""Está un poco fuera de la ciudad, pero...""}","Está un poco fuera de la ciudad, pero...",True,1,0,True,True,False,True,,True,,True,"{""reason"":""detector_match"",""detected"":""es"",""confidence"":1.0}",True,[],[],True,,"{""errors"":[]}",True,[],True,1,0,True,True,False,100,100,1246,16,1262,,,970.82,1320,8,1328,0,0,1232.89
9d518e301ab2222dd71a,66,deepseek-v3-2,managed-prompt,subtitle,da,es,Er det ham?,¿Es él?,"{""c"":""¿Es él?""}",¿Es él?,True,1,0,True,True,False,True,,True,,,"{""reason"":""too_short_for_language_detection"",""detected"":null,""confidence"":null}",True,[],[],True,,"{""errors"":[]}",True,[],True,1,0,True,True,False,100,100,1238,9,1247,,,668.13,1287,8,1295,0,0,1237.7
affc8028f4fa89e7dcaa,67,deepseek-v3-2,managed-prompt,subtitle,da,es,"Jeg er ked af det, men det her går ikke.","Lo siento, pero esto no está funcionando.","{""c"":""Siento que esto no va a funcionar.""}",Siento que esto no va a funcionar.,True,1,0,True,True,False,True,,True,,True,"{""reason"":""detector_match"",""detected"":""es"",""confidence"":1.0}",True,[],[],True,,"{""errors"":[{""category"":""accuracy"",""severity"":""minor""}]}",True,"[{""category"":""accuracy"",""severity"":""minor""}]",True,1,0,True,True,False,97,97,1247,15,1262,,,1354.51,1307,17,1324,0,0,1533.09
612043bc0e4cb6a9553e,68,deepseek-v3-2,managed-prompt,subtitle,da,es,Og jeg er dy gtig med hænderne.,Y soy muy bueno con mis manos.,"{""c"":""Y mi mano izquierda.""}",Y mi mano izquierda.,True,1,0,True,True,False,True,,True,,,"{""reason"":""detector_inconclusive"",""detected"":""it"",""confidence"":0.8571}",True,[],[],True,,"{""errors"":[{""category"":""accuracy"",""severity"":""critical""}]}",False,"[{""category"":""accuracy"",""severity"":""critical""}]",True,1,0,True,True,False,60,60,1246,11,1257,,,721.61,1303,17,1320,0,0,1263.58
b7fdd1e822188ef94234,69,deepseek-v3-2,managed-prompt,subtitle,da,es,Vi har travlt.,"Ves, es que estamos ocupados.","{""c"":""Estamos ocupados.""}",Estamos ocupados.,True,1,0,True,True,False,True,,True,,True,"{""reason"":""detector_match"",""detected"":""es"",""confidence"":0.8791}",True,[],[],True,,"{""errors"":[]}",True,[],True,1,0,True,True,False,100,100,1239,10,1249,,,686.97,1293,8,1301,0,0,1220.01
0a100544a46a42179958,70,deepseek-v3-2,managed-prompt,subtitle,da,fr,"- Alex, lad os smutte.","Alex, on peut s'en aller ?","{""c"":""- Alex, on se tire.""}","- Alex, on se tire.",True,1,0,True,True,False,True,,True,,True,"{""reason"":""detector_match"",""detected"":""fr"",""confidence"":1.0}",True,[],[],True,,"{""errors"":[]}",True,[],True,1,0,True,True,False,100,100,1243,12,1255,,,873.16,1299,8,1307,0,0,1225.73
6c1054f40b636b0785fc,71,deepseek-v3-2,managed-prompt,subtitle,da,fr,"- Nej, selvfølgelig ikke.",Bien sûr que non.,"{""c"":""Non, bien sûr que non.""}","Non, bien sûr que non.",True,1,0,True,True,False,True,,True,,True,"{""reason"":""detector_match"",""detected"":""fr"",""confidence"":1.0}",True,[],[],True,,"{""errors"":[]}",True,[],True,1,0,True,True,False,100,100,1244,12,1256,,,1358.12,1300,8,1308,0,0,1125.18
fa0bccba0acea00675c6,72,deepseek-v3-2,managed-prompt,subtitle,da,fr,- Jeg bliver her.,"- Ouais, je reste ici.","{""c"":""Je reste là.""}",Je reste là.,True,1,0,True,True,False,True,,True,,,"{""reason"":""detector_inconclusive"",""detected"":""fr"",""confidence"":0.7143}",True,[],[],True,,"{""errors"":[{""category"":""preservation"",""severity"":""minor""}]}",True,"[{""category"":""preservation"",""severity"":""minor""}]",True,1,0,True,True,False,97,97,1241,9,1250,,,808.79,1291,17,1308,0,0,1358.96
0eccf2ed6c3c765662c9,73,deepseek-v3-2,managed-prompt,subtitle,da,fr,Hvad?,Quoi?,"{""c"":""Quoi ?""}",Quoi ?,True,1,0,True,True,False,True,,True,,,"{""reason"":""too_short_for_language_detection"",""detected"":null,""confidence"":null}",True,[],[],True,,"{""errors"":[]}",True,[],True,1,0,True,True,False,100,100,1238,8,1246,,,809.48,1285,8,1293,0,0,1154.92
6977d52bff4dabc561de,74,deepseek-v3-2,managed-prompt,subtitle,da,fr,Hvad er der sket med Scott?,"Qu'est-il arrivé à Scott? August, je suis désolée.","{""c"":""Qu'est-il arrivé à Scott ?""}",Qu'est-il arrivé à Scott ?,True,1,0,True,True,False,True,,True,,True,"{""reason"":""detector_match"",""detected"":""fr"",""confidence"":0.8571}",True,[],[],True,,"{""errors"":[]}",True,[],True,1,0,True,True,False,100,100,1243,13,1256,,,875.95,1316,8,1324,0,0,1240.82
08f8c171520021f54780,75,deepseek-v3-2,managed-prompt,subtitle,da,fr,- Hvad skal jeg gøre med denne her?,- Qu'est-ce que j'en fais ?,"{""c"":""- Qu'est-ce que je dois faire avec ceci ?""}",- Qu'est-ce que je dois faire avec ceci ?,True,1,0,True,True,False,True,,True,,True,"{""reason"":""detector_match"",""detected"":""fr"",""confidence"":1.0}",True,[],[],True,,"{""errors"":[]}",True,[],True,1,0,True,True,False,100,100,1247,17,1264,,,937.11,1316,8,1324,0,0,1125.12
4d7977e027b1636b5748,76,deepseek-v3-2,managed-prompt,subtitle,da,fr,Det her er godt.,Parfait.,"{""c"":""C'est bien.""}",C'est bien.,True,1,0,True,True,False,True,,True,,True,"{""reason"":""detector_match"",""detected"":""fr"",""confidence"":1.0}",True,[],[],True,,"{""errors"":[]}",True,[],True,1,0,True,True,False,100,100,1240,9,1249,,,671.93,1286,8,1294,0,0,1160.4
85d7d600dcead1908e21,77,deepseek-v3-2,managed-prompt,subtitle,da,fr,"Atrians bliver hurtigere modne, end vi gør..",Physiquement les Atrians arrivent à maturité plus vite que nous.,"{""c"":""Les Atrians mûrissent plus vite que nous..""}",Les Atrians mûrissent plus vite que nous..,True,1,0,True,True,False,True,,True,,True,"{""reason"":""detector_match"",""detected"":""fr"",""confidence"":1.0}",True,[],[],True,,"{""errors"":[]}",True,[],True,1,0,True,True,False,100,100,1249,17,1266,,,846.85,1323,8,1331,0,0,1210.32
8d2fac165179c46de6fc,78,deepseek-v3-2,managed-prompt,subtitle,da,fr,- Jeg er din fødselsdagsgave.,Je suis ton cadeau.,"{""c"":""- Jeg est ton cadeau d'anniversaire.""}",- Jeg est ton cadeau d'anniversaire.,True,1,0,True,True,False,True,,True,,True,"{""reason"":""detector_match"",""detected"":""fr"",""confidence"":1.0}",True,[],[],True,,"{""errors"":[{""category"":""fluency"",""severity"":""critical""}]}",False,"[{""category"":""fluency"",""severity"":""critical""}]",True,1,0,True,True,False,60,60,1246,17,1263,,,943.5,1303,18,1321,0,0,1335.92
ddb0b4c4a9b1fbd10039,79,deepseek-v3-2,managed-prompt,subtitle,da,fr,"Hvem, hr. Lopez?","Qui, M. Lopez?","{""c"":""Qui, M. Lopez ?""}","Qui, M. Lopez ?",True,1,0,True,True,False,True,,True,,,"{""reason"":""detector_mismatch_uncertain"",""detected"":""ro"",""confidence"":1.0}",True,[],[],True,,"{""errors"":[]}",True,[],True,1,0,True,True,False,100,100,1242,12,1254,,,1002.35,1295,8,1303,0,0,1392.53
8f43f9d6d2e71056d1ad,80,deepseek-v3-2,managed-prompt,subtitle,da,it,- Det ved jeg ikke.,- Non lo so.,"{""c"":""Non lo so.""}",Non lo so.,True,1,0,True,True,False,True,,True,,,"{""reason"":""too_short_for_language_detection"",""detected"":null,""confidence"":null}",True,[],[],True,,"{""errors"":[{""category"":""preservation"",""severity"":""minor""}]}",True,"[{""category"":""preservation"",""severity"":""minor""}]",True,1,0,True,True,False,97,97,1240,9,1249,,,670.97,1286,17,1303,0,0,1282.76
4012c759fa353c935042,81,deepseek-v3-2,managed-prompt,subtitle,da,it,Hvornår siger vi det til dem?,Quando glielo diremo?,"{""c"":""Quando glielo diciamo?""}",Quando glielo diciamo?,True,1,0,True,True,False,True,,True,,True,"{""reason"":""detector_match"",""detected"":""it"",""confidence"":1.0}",True,[],[],True,,"{""errors"":[]}",True,[],True,1,0,True,True,False,100,100,1245,12,1257,,,725.88,1300,8,1308,0,0,1099.54
6225fa8df19df1f7f1c4,82,deepseek-v3-2,managed-prompt,subtitle,da,it,"Men ja, han spiller ægte country.","Ma lui è veramente country, si.","{""c"":""Ma sì, suona roba country vera.""}","Ma sì, suona roba country vera.",True,1,0,True,True,False,True,,True,,,"{""reason"":""detector_inconclusive"",""detected"":""es"",""confidence"":0.6064}",True,[],[],True,,"{""errors"":[]}",True,[],True,1,0,True,True,False,100,100,1244,16,1260,,,889.11,1301,8,1309,0,0,1096.41
608609d5648355c805ac,83,deepseek-v3-2,managed-prompt,subtitle,da,it,Er der nogen her?,C'è qualcuno qui?,"{""c"":""C'è qualcuno qui?""}",C'è qualcuno qui?,True,1,0,True,True,False,True,,True,,True,"{""reason"":""detector_match"",""detected"":""it"",""confidence"":1.0}",True,[],[],True,,"{""errors"":[]}",True,[],True,1,0,True,True,False,100,100,1240,13,1253,,,833.93,1295,8,1303,0,0,1313.78
fe3d5ae6728e870a7baa,84,deepseek-v3-2,managed-prompt,subtitle,da,it,"Faktisk er jeg ikke sikker på, om jeg vil have dit efternavn.",A dire il vero non abbiamo ancora deciso se prendero' il tuo cognome. Ma sai un cosa?,"{""c"":""In realtà non sono sicuro di volere il tuo cognome.""}",In realtà non sono sicuro di volere il tuo cognome.,True,1,0,True,True,False,True,,True,,True,"{""reason"":""detector_match"",""detected"":""it"",""confidence"":1.0}",True,[],[],True,,"{""errors"":[]}",True,[],True,1,0,True,True,False,100,100,1253,19,1272,,,849.55,1336,8,1344,0,0,1240.94
5d3135c945a719132af4,85,deepseek-v3-2,managed-prompt,subtitle,da,it,"Nej, du gør ikke.","No, non lo fara'.","{""c"":""No, non lo fai.""}","No, non lo fai.",True,1,0,True,True,False,True,,True,,True,"{""reason"":""detector_match"",""detected"":""it"",""confidence"":1.0}",True,[],[],True,,"{""errors"":[]}",True,[],True,1,0,True,True,False,100,100,1242,12,1254,,,882.53,1295,8,1303,0,0,1398.58
f5ef0e2a8886bfcc0089,86,deepseek-v3-2,managed-prompt,subtitle,da,it,Det er virkeligt.,E' reale.,"{""c"":""È davvero.""}",È davvero.,True,1,0,True,True,False,True,,True,,True,"{""reason"":""detector_match"",""detected"":""it"",""confidence"":1.0}",True,[],[],True,,"{""errors"":[{""category"":""accuracy"",""severity"":""major""}]}",False,"[{""category"":""accuracy"",""severity"":""major""}]",True,1,0,True,True,False,85,85,1240,9,1249,,,807.42,1287,17,1304,0,0,1223.24
d14d70b18c88b4951883,87,deepseek-v3-2,managed-prompt,subtitle,da,it,"Tror du, han er Zhangs bagmand?",Quindi credi che sia a lui che Zhang passa la roba?,"{""c"":""Pensi che sia la mente dietro a Zhang?""}",Pensi che sia la mente dietro a Zhang?,True,1,0,True,True,False,True,,True,,True,"{""reason"":""detector_match"",""detected"":""it"",""confidence"":1.0}",True,[],[],True,,"{""errors"":[{""category"":""accuracy"",""severity"":""major""}]}",False,"[{""category"":""accuracy"",""severity"":""major""}]",True,1,0,True,True,False,85,85,1245,16,1261,,,722.0,1316,17,1333,0,0,1197.85
62269eca340320441314,88,deepseek-v3-2,managed-prompt,subtitle,da,it,"Klatrer vi op, bliver vi måske reddet.",Forse se ci arrampichiamo possiamo salvarci.,"{""c"":""Se ci arrampichiamo, forse saremo salvati.""}","Se ci arrampichiamo, forse saremo salvati.",True,1,0,True,True,False,True,,True,,True,"{""reason"":""detector_match"",""detected"":""it"",""confidence"":1.0}",True,[],[],True,,"{""errors"":[]}",True,[],True,1,0,True,True,False,100,100,1249,20,1269,,,1012.57,1317,8,1325,0,0,1129.25
f3351264b9c60dc1307a,89,deepseek-v3-2,managed-prompt,subtitle,da,it,- Gør du det?,Lo apprezzi? Davvero? Si'.,"{""c"":""- Lo fai?""}",- Lo fai?,True,1,0,True,True,False,True,,True,,,"{""reason"":""too_short_for_language_detection"",""detected"":null,""confidence"":null}",True,[],[],True,,"{""errors"":[]}",True,[],True,1,0,True,True,False,100,100,1240,10,1250,,,696.59,1298,8,1306,0,0,1163.75
7fc3dbdb719b32ddc1a6,90,deepseek-v3-2,managed-prompt,subtitle,da,jp,"Hun sagde, det var som om vi fik indtil midnat.",サラによると、深夜零時までだと言った。,"{""c"":""彼女は、真夜中までならOKって言ってたよ。""}",彼女は、真夜中までならOKって言ってたよ。,True,1,0,True,True,False,True,,True,,True,"{""reason"":""target_script_present"",""detected"":""ja"",""confidence"":1.0}",True,[],[],True,,"{""errors"":[{""category"":""accuracy"",""severity"":""minor""}]}",True,"[{""category"":""accuracy"",""severity"":""minor""}]",True,1,0,True,True,False,97,97,1252,21,1273,,,780.39,1325,17,1342,0,0,1310.76
9d966843a5a2bbeb3c32,91,deepseek-v3-2,managed-prompt,subtitle,da,jp,- Hvad? Intet.,何でも無い,"{""c"":""- えっ? 全然。""}",- えっ? 全然。,True,1,0,True,True,False,True,,True,,True,"{""reason"":""target_script_present"",""detected"":""ja"",""confidence"":1.0}",True,[],[],True,,"{""errors"":[]}",True,[],True,1,0,True,True,False,100,100,1243,13,1256,,,718.37,1296,8,1304,0,0,1335.22
0caae3cfdbd532da0f85,92,deepseek-v3-2,managed-prompt,subtitle,da,jp,– Brug døren foran dig.,前にドアがある それを使って,"{""c"":""– 目の前のドアを使ってください。""}",– 目の前のドアを使ってください。,True,1,0,True,True,False,True,,True,,True,"{""reason"":""target_script_present"",""detected"":""ja"",""confidence"":1.0}",True,[],[],True,,"{""errors"":[]}",True,[],True,1,0,True,True,False,100,100,1245,15,1260,,,962.05,1307,8,1315,0,0,1242.18
56e8881e4da8661fa673,93,deepseek-v3-2,managed-prompt,subtitle,da,jp,Ja og det er der et ord for:,それを表す 言葉があるわ,"{""c"":""うん、それは言葉だね：""}",うん、それは言葉だね：,True,1,0,True,True,False,True,,True,,True,"{""reason"":""target_script_present"",""detected"":""ja"",""confidence"":1.0}",True,[],[],True,,"{""errors"":[{""category"":""accuracy"",""severity"":""major""}]}",False,"[{""category"":""accuracy"",""severity"":""major""}]",True,1,0,True,True,False,85,85,1244,13,1257,,,725.1,1306,17,1323,0,0,1199.37
a45e25cfa543a204f6fe,94,deepseek-v3-2,managed-prompt,subtitle,da,jp,"Jeg tror, at fisk har en slags tegnsprog.",魚には一種の 身ぶり言語がある,"{""c"":""私は魚には一種のサイン言語があると思います。""}",私は魚には一種のサイン言語があると思います。,True,1,0,True,True,False,True,,True,,True,"{""reason"":""target_script_present"",""detected"":""ja"",""confidence"":1.0}",True,[],[],True,,"{""errors"":[{""category"":""terminology"",""severity"":""minor""}]}",True,"[{""category"":""terminology"",""severity"":""minor""}]",True,1,0,True,True,False,97,97,1253,16,1269,,,763.23,1324,17,1341,0,0,1221.34
502981eefe2020b3a1bb,95,deepseek-v3-2,managed-prompt,subtitle,da,jp,"Goddag, Chester.",こんにちは、チェスター,"{""c"":""こんにちは、チェスター。""}",こんにちは、チェスター。,True,1,0,True,True,False,True,,True,,True,"{""reason"":""target_script_present"",""detected"":""ja"",""confidence"":1.0}",True,[],[],True,,"{""errors"":[]}",True,[],True,1,0,True,True,False,100,100,1241,15,1256,,,902.64,1300,8,1308,0,0,1233.53
bd415208c69929be7d60,96,deepseek-v3-2,managed-prompt,subtitle,da,jp,Fandens også.,ちっきしょう,"{""c"":""ちくしょう。""}",ちくしょう。,True,1,0,True,True,False,True,,True,,True,"{""reason"":""target_script_present"",""detected"":""ja"",""confidence"":1.0}",True,[],[],True,,"{""errors"":[]}",True,[],True,1,0,True,True,False,100,100,1240,9,1249,,,797.28,1292,8,1300,0,0,2360.68
9598f1c75295c64c7985,97,deepseek-v3-2,managed-prompt,subtitle,da,jp,Hvorfor?,何故ですか?,"{""c"":""どうして？""}",どうして？,True,1,0,True,True,False,True,,True,,True,"{""reason"":""target_script_present"",""detected"":""ja"",""confidence"":1.0}",True,[],[],True,,"{""errors"":[]}",True,[],True,1,0,True,True,False,100,100,1239,8,1247,,,680.46,1287,8,1295,0,0,1374.49
4fa7ca732022a0f8f0f8,98,deepseek-v3-2,managed-prompt,subtitle,da,jp,Nej.,- いや,"{""c"":""いいえ。""}",いいえ。,True,1,0,True,True,False,True,,True,,True,"{""reason"":""target_script_present"",""detected"":""ja"",""confidence"":1.0}",True,[],[],True,,"{""errors"":[]}",True,[],True,1,0,True,True,False,100,100,1238,8,1246,,,818.66,1285,8,1293,0,0,1277.19
3167a33f2081e914a083,99,deepseek-v3-2,managed-prompt,subtitle,da,jp,"Hej, skatter.",- こんにちは - やぁ,"{""c"":""やあ、愛しい人たち。""}",やあ、愛しい人たち。,True,1,0,True,True,False,True,,True,,True,"{""reason"":""target_script_present"",""detected"":""ja"",""confidence"":1.0}",True,[],[],True,,"{""errors"":[{""category"":""accuracy"",""severity"":""major""}]}",False,"[{""category"":""accuracy"",""severity"":""major""}]",True,1,0,True,True,False,85,85,1241,13,1254,,,723.45,1303,17,1320,0,0,1402.06
3725de20792d239b2275,100,deepseek-v3-2,managed-prompt,subtitle,da,nl,Har du en dårlig dag?,Heb je een rotdag?,"{""c"":""Heb je een slechte dag?""}",Heb je een slechte dag?,True,1,0,True,True,False,True,,True,,True,"{""reason"":""detector_match"",""detected"":""nl"",""confidence"":1.0}",True,[],[],True,,"{""errors"":[]}",True,[],True,1,0,True,True,False,100,100,1242,12,1254,,,918.09,1300,8,1308,0,0,1261.1
e7a8ecea2ce3a0ab0dbf,101,deepseek-v3-2,managed-prompt,subtitle,da,nl,"- Ja, siden jeg mødte dig.",- Sinds ik jou ken.,"{""c"":""Ja, sinds ik je ontmoet.""}","Ja, sinds ik je ontmoet.",True,1,0,True,True,False,True,,True,,,"{""reason"":""detector_inconclusive"",""detected"":""af"",""confidence"":0.713}",True,[],[],True,,"{""errors"":[{""category"":""fluency"",""severity"":""minor""}]}",True,"[{""category"":""fluency"",""severity"":""minor""}]",True,1,0,True,True,False,97,97,1244,15,1259,,,764.81,1301,18,1319,0,0,1261.02
4c50c3a79fd630023448,102,deepseek-v3-2,managed-prompt,subtitle,da,nl,Klo.,- Hemeltje. Haak. - Haak?,"{""c"":""Klo.""}",Klo.,True,1,0,True,True,False,True,,True,,,"{""reason"":""too_short_for_language_detection"",""detected"":null,""confidence"":null}",True,[],"[{""code"":""source_copy_suspected""}]",True,,"{""errors"":[]}",True,[],True,1,0,True,True,False,97,97,1237,8,1245,,,880.93,1294,8,1302,0,0,1209.68
81be89485ba09f367b2e,103,deepseek-v3-2,managed-prompt,subtitle,da,nl,Jeg... ville ikke have nogen arresteret.,Ik wilde niet dat er iemand gearresteerd werd.,"{""c"":""Ik... wilde niemand arresteren.""}",Ik... wilde niemand arresteren.,True,1,0,True,True,False,True,,True,,True,"{""reason"":""detector_match"",""detected"":""nl"",""confidence"":1.0}",True,[],[],True,,"{""errors"":[]}",True,[],True,1,0,True,True,False,100,100,1246,15,1261,,,784.57,1308,8,1316,0,0,1207.46
5eeae39e34a1da18857a,104,deepseek-v3-2,managed-prompt,subtitle,da,nl,Ikke dårligt.,Helemaal niet slecht.,"{""c"":""Niet slecht.""}",Niet slecht.,True,1,0,True,True,False,True,,True,,True,"{""reason"":""detector_match"",""detected"":""nl"",""confidence"":0.8504}",True,[],[],True,,"{""errors"":[]}",True,[],True,1,0,True,True,False,100,100,1240,10,1250,,,744.22,1290,8,1298,0,0,1256.02
b59d9186ebeb76b48460,105,deepseek-v3-2,managed-prompt,subtitle,da,nl,Grey kommer!,Daar komt Grey.,"{""c"":""Grey komt eraan!""}",Grey komt eraan!,True,1,0,True,True,False,True,,True,,,"{""reason"":""detector_inconclusive"",""detected"":""af"",""confidence"":0.5714}",True,[],[],True,,"{""errors"":[]}",True,[],True,1,0,True,True,False,100,100,1238,11,1249,,,850.5,1284,8,1292,0,0,1140.37
61cc30cf6287c857b0d2,106,deepseek-v3-2,managed-prompt,subtitle,da,nl,Et kondom?,Een condoom?,"{""c"":""Een condoom?""}",Een condoom?,True,1,0,True,True,False,True,,True,,True,"{""reason"":""detector_match"",""detected"":""nl"",""confidence"":1.0}",True,[],[],True,,"{""errors"":[]}",True,[],True,1,0,True,True,False,100,100,1238,9,1247,,,1036.45,1285,8,1293,0,0,1202.64
70acaaaa4e00cf513c4c,107,deepseek-v3-2,managed-prompt,subtitle,da,nl,- Dr. Stella.,Dr Stella.,"{""c"":""-Dr. Stella.""}",-Dr. Stella.,True,1,0,True,True,False,True,,True,,,"{""reason"":""detector_inconclusive"",""detected"":""it"",""confidence"":0.5714}",True,[],[],True,,"{""errors"":[]}",True,[],True,1,0,True,True,False,100,100,1239,10,1249,,,845.93,1286,8,1294,0,0,1169.08
af4fbc9c8a6e875de5f0,108,deepseek-v3-2,managed-prompt,subtitle,da,nl,Jeg har en lang weekend til gode.,Ik heb een lang weekend tegoed.,"{""c"":""Ik heb nog een lange weekend tegoed.""}",Ik heb nog een lange weekend tegoed.,True,1,0,True,True,False,True,,True,,,"{""reason"":""detector_inconclusive"",""detected"":""af"",""confidence"":0.8571}",True,[],[],True,,"{""errors"":[{""category"":""fluency"",""severity"":""minor""}]}",True,"[{""category"":""fluency"",""severity"":""minor""}]",True,1,0,True,True,False,97,97,1244,14,1258,,,957.21,1304,18,1322,0,0,1285.52
e53fce2a77ab43718ed0,109,deepseek-v3-2,managed-prompt,subtitle,da,nl,Sådan er reglernes.,Dat zijn de regels.,"{""c"":""Zo zijn de regels.""}",Zo zijn de regels.,True,1,0,True,True,False,True,,True,,True,"{""reason"":""detector_match"",""detected"":""nl"",""confidence"":1.0}",True,[],[],True,,"{""errors"":[]}",True,[],True,1,0,True,True,False,100,100,1243,11,1254,,,899.89,1293,8,1301,0,0,1235.33
865118d9501c25ea5416,110,deepseek-v3-2,managed-prompt,subtitle,da,nb,Børnene har ikke sagt ja til noget.,Barna har ikke sagt ja til noe.,"{""c"":""Barna har ikke sagt ja til noe.""}",Barna har ikke sagt ja til noe.,True,1,0,True,True,False,True,,True,,True,"{""reason"":""detector_match"",""detected"":""no"",""confidence"":1.0}",True,[],[],True,,"{""errors"":[]}",True,[],True,1,0,True,True,False,100,100,1246,15,1261,,,743.05,1308,8,1316,0,0,1233.98
68a1f256fdc3ec6c27fb,111,deepseek-v3-2,managed-prompt,subtitle,da,nb,"Lad os tage en drink, før vi går.",La oss ta en drink før vi går.,"{""c"":""La oss ta en drink før vi drar.""}",La oss ta en drink før vi drar.,True,1,0,True,True,False,True,,True,,True,"{""reason"":""detector_match"",""detected"":""no"",""confidence"":1.0}",True,[],[],True,,"{""errors"":[]}",True,[],True,1,0,True,True,False,100,100,1246,15,1261,,,741.16,1305,8,1313,0,0,1143.63
081564b37796c1d0dc21,112,deepseek-v3-2,managed-prompt,subtitle,da,nb,Her er mit nummer.,Her er nummeret mitt.,"{""c"":""Her er mitt nummer.""}",Her er mitt nummer.,True,1,0,True,True,False,True,,True,,,"{""reason"":""detector_inconclusive"",""detected"":""da"",""confidence"":0.8571}",True,[],[],True,,"{""errors"":[]}",True,[],True,1,0,True,True,False,100,100,1240,11,1251,,,708.28,1288,8,1296,0,0,2101.44
7b9c3062263b8b0d7c98,113,deepseek-v3-2,managed-prompt,subtitle,da,nb,Men en gang var jeg meget forelsket i ham.,Men en gang i tiden var jeg svært forelsket i ham.,"{""c"":""Men en gang var jeg veldig forelsket i ham.""}",Men en gang var jeg veldig forelsket i ham.,True,1,0,True,True,False,True,,True,,True,"{""reason"":""detector_match"",""detected"":""no"",""confidence"":1.0}",True,[],[],True,,"{""errors"":[]}",True,[],True,1,0,True,True,False,100,100,1248,19,1267,,,966.66,1311,8,1319,0,0,1319.68
a3b3d519a71f9b78a817,114,deepseek-v3-2,managed-prompt,subtitle,da,nb,- Ja.,-Jeg vet.,"{""c"":""- Ja.""}",- Ja.,True,1,0,True,True,False,True,,True,,,"{""reason"":""too_short_for_language_detection"",""detected"":null,""confidence"":null}",True,[],"[{""code"":""source_copy_suspected""}]",True,,"{""errors"":[]}",True,[],True,1,0,True,True,False,97,97,1237,8,1245,,,663.45,1284,8,1292,0,0,1217.24
8bc367a3c83fdf3d9bb3,115,deepseek-v3-2,managed-prompt,subtitle,da,nb,Jeg har kameraet i mit.,Og jeg har kameraet. Hva nå?,"{""c"":""Jeg har kameraet i mitt.""}",Jeg har kameraet i mitt.,True,1,0,True,True,False,True,,True,,,"{""reason"":""detector_inconclusive"",""detected"":""no"",""confidence"":0.714}",True,[],[],True,,"{""errors"":[]}",True,[],True,1,0,True,True,False,100,100,1243,14,1257,,,899.98,1303,8,1311,0,0,1207.22
54eb2834274f2261d6c9,116,deepseek-v3-2,managed-prompt,subtitle,da,nb,"Okay, venner.","Ok, folkens.","{""c"":""Okay, venner.""}","Okay, venner.",True,1,0,True,True,False,True,,True,,True,"{""reason"":""detector_match"",""detected"":""no"",""confidence"":1.0}",True,[],"[{""code"":""source_copy_suspected""}]",True,,"{""errors"":[]}",True,[],True,1,0,True,True,False,97,97,1239,10,1249,,,701.5,1288,8,1296,0,0,1434.08
8835abe044e2b7c55efc,117,deepseek-v3-2,managed-prompt,subtitle,da,nb,De har aldrig fortalt mig det.,De fortalte meg aldri.,"{""c"":""De har aldri fortalt meg det.""}",De har aldri fortalt meg det.,True,1,0,True,True,False,True,,True,,,"{""reason"":""detector_inconclusive"",""detected"":""da"",""confidence"":0.7163}",True,[],[],True,,"{""errors"":[]}",True,[],True,1,0,True,True,False,100,100,1243,14,1257,,,743.91,1298,8,1306,0,0,1202.62
0da15923efe67892806e,118,deepseek-v3-2,managed-prompt,subtitle,da,nb,"Retter kameraet nord, nordøst.",Retter om kameraet mot nord-nordøst.,"{""c"":""Retter kameraet mot nord, nordøst.""}","Retter kameraet mot nord, nordøst.",True,1,0,True,True,False,True,,True,,True,"{""reason"":""detector_match"",""detected"":""no"",""confidence"":1.0}",True,[],[],True,,"{""errors"":[]}",True,[],True,1,0,True,True,False,100,100,1245,17,1262,,,1067.62,1310,8,1318,0,0,1238.75
a944e3f7800af6db8a88,119,deepseek-v3-2,managed-prompt,subtitle,da,nb,- Du er noget af en kriminalknuser.,- Du bekjemper kriminalitet.,"{""c"":""Du er en krim-mester.""}",Du er en krim-mester.,True,1,0,True,True,False,True,,True,,,"{""reason"":""detector_mismatch_uncertain"",""detected"":""da"",""confidence"":0.9999}",True,[],[],True,,"{""errors"":[{""category"":""accuracy"",""severity"":""major""}]}",False,"[{""category"":""accuracy"",""severity"":""major""}]",True,1,0,True,True,False,85,85,1246,13,1259,,,875.72,1304,17,1321,0,0,1214.09
2ad4f542c856ab590f41,120,deepseek-v3-2,managed-prompt,subtitle,de,da,Haben Sie die Leichen photographiert?,Fotograferede du liget?,"{""c"":""Har du fotografieret ligene?""}",Har du fotografieret ligene?,True,1,0,True,True,False,True,,True,,,"{""reason"":""detector_inconclusive"",""detected"":""da"",""confidence"":0.6666}",True,[],[],True,,"{""errors"":[{""category"":""accuracy"",""severity"":""minor""}]}",True,"[{""category"":""accuracy"",""severity"":""minor""}]",True,1,0,True,True,False,97,97,1243,13,1256,,,1029.44,1299,17,1316,0,0,1226.8
14610e5d57c555c39688,121,deepseek-v3-2,managed-prompt,subtitle,de,da,"Ich glaube nicht, dass das das Ende ist.","Jeg tror ikke, det her er enden.","{""c"":""Jeg tror ikke... (Tror ikke, at det er slut...)Jeg tror ikke...""}","Jeg tror ikke... (Tror ikke, at det er slut...)Jeg tror ikke...",True,1,0,True,True,False,True,,True,,,"{""reason"":""detector_mismatch_uncertain"",""detected"":""no"",""confidence"":1.0}",True,[],[],True,,"{""errors"":[{""category"":""fluency"",""severity"":""major""},{""category"":""accuracy"",""severity"":""minor""}]}",False,"[{""category"":""fluency"",""severity"":""major""},{""category"":""accuracy"",""severity"":""minor""}]",True,1,0,True,True,False,82,82,1245,27,1272,,,797.72,1321,27,1348,0,0,1306.64
1c565758532a7f271dc0,122,deepseek-v3-2,managed-prompt,subtitle,de,da,Sie haben mich auch zurückgelassen.,- Jeg blev også efterladt!,"{""c"":""De efterlod også mig.""}",De efterlod også mig.,True,1,0,True,True,False,True,,True,,True,"{""reason"":""detector_match"",""detected"":""da"",""confidence"":1.0}",True,[],[],True,,"{""errors"":[]}",True,[],True,1,0,True,True,False,100,100,1242,11,1253,,,741.9,1298,8,1306,0,0,1255.81
1392eb6f5d2a99e476c6,123,deepseek-v3-2,managed-prompt,subtitle,de,da,- Das müssen wir der Polizei erklären.,- Det må vi så bare forklare politiet.,"{""c"":""Det skal vi forklare for politiet.""}",Det skal vi forklare for politiet.,True,1,0,True,True,False,True,,True,,,"{""reason"":""detector_mismatch_uncertain"",""detected"":""no"",""confidence"":1.0}",True,[],[],True,,"{""errors"":[]}",True,[],True,1,0,True,True,False,100,100,1245,14,1259,,,656.24,1308,8,1316,0,0,1199.19
f4b6422e2e825bf3bb43,124,deepseek-v3-2,managed-prompt,subtitle,de,da,"So wie ihr, ihr seid auch eine Gemeinschaft.",Ligesom jer. I er et samfund.,"{""c"":""Som I, I er også et fællesskab.""}","Som I, I er også et fællesskab.",True,1,0,True,True,False,True,,True,,True,"{""reason"":""detector_match"",""detected"":""da"",""confidence"":1.0}",True,[],[],True,,"{""errors"":[]}",True,[],True,1,0,True,True,False,100,100,1246,19,1265,,,799.18,1310,8,1318,0,0,1228.33
a5c3a36f25a41fa92073,125,deepseek-v3-2,managed-prompt,subtitle,de,da,Und das hier.,Og den her ...,"{""c"":""Og her.""}",Og her.,True,1,0,True,True,False,True,,True,,,"{""reason"":""too_short_for_language_detection"",""detected"":null,""confidence"":null}",True,[],[],True,,"{""errors"":[]}",True,[],True,1,0,True,True,False,100,100,1238,8,1246,,,655.81,1286,8,1294,0,0,1219.32
a49205cf704738e5912d,126,deepseek-v3-2,managed-prompt,subtitle,de,da,So viel weiß ich. Arbeiten Sie mit Hunter zusammen?,Samarbejder du med Hunter?,"{""c"":""Så meget ved jeg. Arbejder du sammen med Hunter?""}",Så meget ved jeg. Arbejder du sammen med Hunter?,True,1,0,True,True,False,True,,True,,True,"{""reason"":""detector_match"",""detected"":""da"",""confidence"":1.0}",True,[],[],True,,"{""errors"":[]}",True,[],True,1,0,True,True,False,100,100,1246,20,1266,,,1055.05,1312,8,1320,0,0,1068.43
034b55f731ab60264117,127,deepseek-v3-2,managed-prompt,subtitle,de,da,Genau.,Godt.,"{""c"":""Præcis.""}",Præcis.,True,1,0,True,True,False,True,,True,,,"{""reason"":""too_short_for_language_detection"",""detected"":null,""confidence"":null}",True,[],[],True,,"{""errors"":[]}",True,[],True,1,0,True,True,False,100,100,1237,9,1246,,,814.91,1284,8,1292,0,0,1284.94
e35cae2b1e2d302be312,128,deepseek-v3-2,managed-prompt,subtitle,de,da,Was ist das?,Hvad er det?,"{""c"":""Hvad er det?""}",Hvad er det?,True,1,0,True,True,False,True,,True,,True,"{""reason"":""detector_match"",""detected"":""da"",""confidence"":1.0}",True,[],[],True,,"{""errors"":[]}",True,[],True,1,0,True,True,False,100,100,1238,11,1249,,,1038.08,1289,8,1297,0,0,1108.37
07ff7541ea86ae74ac91,129,deepseek-v3-2,managed-prompt,subtitle,de,da,"- Ja, ja, kann ich.","- Ja, det kan jeg.","{""c"":""Ja, ja, det kan jeg.""}","Ja, ja, det kan jeg.",True,1,0,True,True,False,True,,True,,,"{""reason"":""detector_inconclusive"",""detected"":""hr"",""confidence"":0.7143}",True,[],[],True,,"{""errors"":[]}",True,[],True,1,0,True,True,False,100,100,1242,13,1255,,,742.59,1297,8,1305,0,0,1163.7
7f7ffcc81f61247320c6,130,deepseek-v3-2,managed-prompt,subtitle,de,en,Beweg dich nur nicht.,Just don't move.,"{""c"":""Don't move at all.""}",Don't move at all.,True,1,0,True,True,False,True,,True,,True,"{""reason"":""detector_match"",""detected"":""en"",""confidence"":1.0}",True,[],[],True,,"{""errors"":[]}",True,[],True,1,0,True,True,False,100,100,1241,11,1252,,,712.24,1290,8,1298,0,0,1310.11
1e8657483f83d767d69d,131,deepseek-v3-2,managed-prompt,subtitle,de,en,"Ich finde, du siehst gut aus.",You look good to me.,"{""c"":""I think you look good.""}",I think you look good.,True,1,0,True,True,False,True,,True,,,"{""reason"":""detector_inconclusive"",""detected"":""en"",""confidence"":0.5714}",True,[],[],True,,"{""errors"":[]}",True,[],True,1,0,True,True,False,100,100,1245,11,1256,,,831.32,1295,8,1303,0,0,1232.29
ef0b12984dc62d51ea76,132,deepseek-v3-2,managed-prompt,subtitle,de,en,"Ho, ist das der Dank dafür das ich meine Rolle so Göttlich gespielt habe?","Ho, is that the thanks for playing my role so godly?","{""c"":""Hey, is this the thanks I get for playing my role so divinely?""}","Hey, is this the thanks I get for playing my role so divinely?",True,1,0,True,True,False,True,,True,,True,"{""reason"":""detector_match"",""detected"":""en"",""confidence"":1.0}",True,[],[],True,,"{""errors"":[]}",True,[],True,1,0,True,True,False,100,100,1254,21,1275,,,821.97,1330,8,1338,0,0,1207.21
ddc78007e0e4e678af32,133,deepseek-v3-2,managed-prompt,subtitle,de,en,Er ist im Augenblick außer Form.,"Yeah, he's been a little off his game lately.","{""c"":""He's out of form at the moment.""}",He's out of form at the moment.,True,1,0,True,True,False,True,,True,,True,"{""reason"":""detector_match"",""detected"":""en"",""confidence"":1.0}",True,[],[],True,,"{""errors"":[]}",True,[],True,1,0,True,True,False,100,100,1244,14,1258,,,853.97,1304,8,1312,0,0,1239.75
f8f55bc2680e46138cce,134,deepseek-v3-2,managed-prompt,subtitle,de,en,Wir haben Spaß dran und Talent dazu.,We're having fun. We showed aptitude for it.,"{""c"":""We're having fun and we're good at it.""}",We're having fun and we're good at it.,True,1,0,True,True,False,True,,True,,True,"{""reason"":""detector_match"",""detected"":""en"",""confidence"":1.0}",True,[],[],True,,"{""errors"":[]}",True,[],True,1,0,True,True,False,100,100,1244,16,1260,,,1419.86,1310,8,1318,0,0,1262.43
bcf6e6921b41b25e1445,135,deepseek-v3-2,managed-prompt,subtitle,de,en,"Wir gehen noch nicht lange miteinander, aber ich mag dich mehr als alles auf der Welt.","We haven't gone out very long, but I like you more than anyone I've ever dated.","{""c"":""We haven't been together long, but I like you more than anything in the world.""}","We haven't been together long, but I like you more than anything in the world.",True,1,0,True,True,False,True,,True,,True,"{""reason"":""detector_match"",""detected"":""en"",""confidence"":1.0}",True,[],[],True,,"{""errors"":[]}",True,[],True,1,0,True,True,False,100,100,1253,23,1276,,,882.6,1336,8,1344,0,0,1115.04
8d695efca17394bbf4fd,136,deepseek-v3-2,managed-prompt,subtitle,de,en,"Wenn Sie eine falsche Handtasche kaufen, unterstützen Sie ein Multimilliarden-Geschäft, welches die Kinderarbeit aufrecht erhält, Geld von Drogenkartellen wäscht und Terroristen finanziert.","If you buy a fake purse, you are supporting a multibillion-dollar business which perpetuates child labor, launders drug cartel money, finances terrorists.","{""c"":""If you buy a fake handbag, you're supporting a multi-billion dollar business that sustains child labor, launders money for drug cartels, and funds terrorists.""}","If you buy a fake handbag, you're supporting a multi-billion dollar business that sustains child labor, launders money for drug cartels, and funds terrorists.",True,1,0,True,True,False,True,,True,,True,"{""reason"":""detector_match"",""detected"":""en"",""confidence"":1.0}",True,[],[],True,,"{""errors"":[]}",True,[],True,1,0,True,True,False,100,100,1284,40,1324,,,1276.07,1408,8,1416,0,0,1287.7
785c6f752d9b8979148c,137,deepseek-v3-2,managed-prompt,subtitle,de,en,"Du könntest tun, was du willst.",You could do anything you want.,"{""c"":""You could do what you want.""}",You could do what you want.,True,1,0,True,True,False,True,,True,,True,"{""reason"":""detector_match"",""detected"":""en"",""confidence"":1.0}",True,[],[],True,,"{""errors"":[]}",True,[],True,1,0,True,True,False,100,100,1245,12,1257,,,965.74,1297,8,1305,0,0,1211.21
e75887102870293f9a15,138,deepseek-v3-2,managed-prompt,subtitle,de,en,Ist schon gut.,That's OK.,"{""c"":""That's already good.""}",That's already good.,True,1,0,True,True,False,True,,True,,True,"{""reason"":""detector_match"",""detected"":""en"",""confidence"":1.0}",True,[],[],True,,"{""errors"":[]}",True,[],True,1,0,True,True,False,100,100,1238,10,1248,,,793.7,1286,8,1294,0,0,1148.52
2376fb280422ea098d3b,139,deepseek-v3-2,managed-prompt,subtitle,de,en,Von innen ist das leicht.,From the inside its easy.,"{""c"":""Easy from the inside.""}",Easy from the inside.,True,1,0,True,True,False,True,,True,,True,"{""reason"":""detector_match"",""detected"":""en"",""confidence"":1.0}",True,[],[],True,,"{""errors"":[]}",True,[],True,1,0,True,True,False,100,100,1241,10,1251,,,665.68,1290,8,1298,0,0,1091.37
14deb81ccca21750a898,140,deepseek-v3-2,managed-prompt,subtitle,de,es,Was hat sie dir gesagt?,¿Qué te dijo?,"{""c"":""¿Qué te dijo?""}",¿Qué te dijo?,True,1,0,True,True,False,True,,True,,,"{""reason"":""detector_inconclusive"",""detected"":""sl"",""confidence"":0.7143}",True,[],[],True,,"{""errors"":[]}",True,[],True,1,0,True,True,False,100,100,1241,10,1251,,,670.03,1298,8,1306,0,0,1130.22
be5bdd22e2d591995a6c,141,deepseek-v3-2,managed-prompt,subtitle,de,es,- Was heißt das?,- ¿Qué significa eso?,"{""c"":""- ¿Qué significa eso?""}",- ¿Qué significa eso?,True,1,0,True,True,False,True,,True,,,"{""reason"":""detector_inconclusive"",""detected"":""it"",""confidence"":0.5602}",True,[],[],True,,"{""errors"":[]}",True,[],True,1,0,True,True,False,100,100,1239,11,1250,,,724.56,1302,8,1310,0,0,1362.74
ffa0ef51df6a5c93ac9f,142,deepseek-v3-2,managed-prompt,subtitle,de,es,Prüfen wir es.,"Bueno, probémoslo.","{""c"":""A ver cómo está.""}",A ver cómo está.,True,1,0,True,True,False,True,,True,,,"{""reason"":""detector_inconclusive"",""detected"":""es"",""confidence"":0.4286}",True,[],[],True,,"{""errors"":[{""category"":""accuracy"",""severity"":""minor""}]}",True,"[{""category"":""accuracy"",""severity"":""minor""}]",True,1,0,True,True,False,97,97,1240,10,1250,,,809.23,1295,17,1312,0,0,1122.52
61bbe6001adde9a283a6,143,deepseek-v3-2,managed-prompt,subtitle,de,es,- Frank?,-¿Frank?,"{""c"":""- Frank?""}",- Frank?,True,1,0,True,True,False,True,,True,,,"{""reason"":""too_short_for_language_detection"",""detected"":null,""confidence"":null}",True,[],"[{""code"":""source_copy_suspected""}]",True,,"{""errors"":[]}",True,[],True,1,0,True,True,False,97,97,1237,8,1245,,,1063.07,1283,8,1291,0,0,1320.72
37f9956017b938d69159,144,deepseek-v3-2,managed-prompt,subtitle,de,es,Hast du 'n Problem?,¿Tienes algún problema?,"{""c"":""¿Tienes un problema?""}",¿Tienes un problema?,True,1,0,True,True,False,True,,True,,True,"{""reason"":""detector_match"",""detected"":""es"",""confidence"":1.0}",True,[],[],True,,"{""errors"":[]}",True,[],True,1,0,True,True,False,100,100,1241,12,1253,,,951.83,1299,8,1307,0,0,1078.89
53c97c8b888220e3a38d,145,deepseek-v3-2,managed-prompt,subtitle,de,es,"Tante Rosamund sagte selbst, dass sie nicht weiß, was sie davon halten soll.",La misma tía Rosamund dijo que no sabía qué pensar de ello.,"{""c"":""La propia Tía Rosamund dijo que no sabe qué pensar de esto.""}",La propia Tía Rosamund dijo que no sabe qué pensar de esto.,True,1,0,True,True,False,True,,True,,True,"{""reason"":""detector_match"",""detected"":""es"",""confidence"":1.0}",True,[],[],True,,"{""errors"":[]}",True,[],True,1,0,True,True,False,100,100,1253,21,1274,,,765.32,1345,8,1353,0,0,1202.29
70d611a2a996b846d460,146,deepseek-v3-2,managed-prompt,subtitle,de,es,Wir dachten dass Byron und Ike gleichzeitig am Portal zehn ankamen.,Pensábamos que Byron y Ike llegaron al Portal 10 de forma simultánea.,"{""c"":""Pensábamos que Byron e Ike llegaron simultáneamente al portal diez.""}",Pensábamos que Byron e Ike llegaron simultáneamente al portal diez.,True,1,0,True,True,False,True,,True,,True,"{""reason"":""detector_match"",""detected"":""es"",""confidence"":1.0}",True,[],[],True,,"{""errors"":[{""category"":""accuracy"",""severity"":""minor""},{""category"":""terminology"",""severity"":""minor""}]}",True,"[{""category"":""accuracy"",""severity"":""minor""},{""category"":""terminology"",""severity"":""minor""}]",True,1,0,True,True,False,94,94,1250,24,1274,,,1094.53,1338,26,1364,0,0,1340.07
316d6dcea325cc4f4071,147,deepseek-v3-2,managed-prompt,subtitle,de,es,"Vielleicht wollte ihm Conley wirklich das Geld geben, um den Buchmacher auszuzahlen.",Quizás Conley realmente fue le va a dar el dinero para pagar el corredor de apuestas.,"{""c"":""Quizás Conley realmente quería darle el dinero para pagarle al corredor de apuestas.""}",Quizás Conley realmente quería darle el dinero para pagarle al corredor de apuestas.,True,1,0,True,True,False,True,,True,,True,"{""reason"":""detector_match"",""detected"":""es"",""confidence"":1.0}",True,[],[],True,,"{""errors"":[]}",True,[],True,1,0,True,True,False,100,100,1257,27,1284,,,1368.6,1361,8,1369,0,0,1213.02
80bfa889f5df6c012899,148,deepseek-v3-2,managed-prompt,subtitle,de,es,"Nicht, weil ich Sie für eine deutsche Agentin hielt.",No es que crea que es Ud. un agente alemán.,"{""c"":""No, porque creía que eras una agente alemana.""}","No, porque creía que eras una agente alemana.",True,1,0,True,True,False,True,,True,,True,"{""reason"":""detector_match"",""detected"":""es"",""confidence"":1.0}",True,[],[],True,,"{""errors"":[{""category"":""accuracy"",""severity"":""minor""}]}",True,"[{""category"":""accuracy"",""severity"":""minor""}]",True,1,0,True,True,False,97,97,1248,18,1266,,,733.25,1317,17,1334,0,0,1352.6
5e5ddf6e58d8a1dc1ac9,149,deepseek-v3-2,managed-prompt,subtitle,de,es,Hans hat mich betrunken in den Pool geworfen.,Hans estaba borracho y me tiró a la piscina.,"{""c"":""Hans me tiró a la piscina cuando estaba borracho.""}",Hans me tiró a la piscina cuando estaba borracho.,True,1,0,True,True,False,True,,True,,True,"{""reason"":""detector_match"",""detected"":""es"",""confidence"":1.0}",True,[],[],True,,"{""errors"":[{""category"":""accuracy"",""severity"":""major""}]}",False,"[{""category"":""accuracy"",""severity"":""major""}]",True,1,0,True,True,False,85,85,1247,20,1267,,,1113.58,1317,17,1334,0,0,3027.9
2f4325a9976f20dc4916,150,deepseek-v3-2,managed-prompt,subtitle,de,fr,- Sie hat den Stein.,- Elle a la pierre.,"{""c"":""- Elle a la carte en pierre.""}",- Elle a la carte en pierre.,True,1,0,True,True,False,True,,True,,,"{""reason"":""detector_inconclusive"",""detected"":""es"",""confidence"":0.8571}",True,[],[],True,,"{""errors"":[{""category"":""accuracy"",""severity"":""major""}]}",False,"[{""category"":""accuracy"",""severity"":""major""}]",True,1,0,True,True,False,85,85,1240,14,1254,,,888.97,1293,17,1310,0,0,1203.24
c48152222cba400c3e37,151,deepseek-v3-2,managed-prompt,subtitle,de,fr,"- Hey, was ist hier los?",- Que se passe-t-il ?,"{""c"":""- Hé, qu'est-ce qui se passe ici ?""}","- Hé, qu'est-ce qui se passe ici ?",True,1,0,True,True,False,True,,True,,True,"{""reason"":""detector_match"",""detected"":""fr"",""confidence"":1.0}",True,[],[],True,,"{""errors"":[]}",True,[],True,1,0,True,True,False,100,100,1242,16,1258,,,1069.62,1310,8,1318,0,0,1245.94
88ad93c73df9cbec9471,152,deepseek-v3-2,managed-prompt,subtitle,de,fr,Ich bin Dr. McKay.,Je suis le Dr McKay.,"{""c"":""Je suis Dr. McKay.""}",Je suis Dr. McKay.,True,1,0,True,True,False,True,,True,,,"{""reason"":""detector_mismatch_uncertain"",""detected"":""en"",""confidence"":1.0}",True,[],[],True,,"{""errors"":[]}",True,[],True,1,0,True,True,False,100,100,1240,11,1251,,,866.28,1295,8,1303,0,0,1101.18
f691b8804a4488b57a46,153,deepseek-v3-2,managed-prompt,subtitle,de,fr,Ich unterschreibe einfach.,je vais juste signer.,"{""c"":""Je signe juste.""}",Je signe juste.,True,1,0,True,True,False,True,,True,,True,"{""reason"":""detector_match"",""detected"":""fr"",""confidence"":0.8571}",True,[],[],True,,"{""errors"":[]}",True,[],True,1,0,True,True,False,100,100,1241,10,1251,,,708.13,1294,8,1302,0,0,1391.45
96ee0edeb63c743b9fa2,154,deepseek-v3-2,managed-prompt,subtitle,de,fr,Du willst Lexi sehen?,Tu veux voir Lexi ? Je vais t'y emmener.,"{""c"":""Tu veux voir Lexi ?""}",Tu veux voir Lexi ?,True,1,0,True,True,False,True,,True,,True,"{""reason"":""detector_match"",""detected"":""fr"",""confidence"":1.0}",True,[],[],True,,"{""errors"":[]}",True,[],True,1,0,True,True,False,100,100,1241,12,1253,,,698.36,1307,8,1315,0,0,1159.17
8a8334dcb4064557ccc6,155,deepseek-v3-2,managed-prompt,subtitle,de,fr,Keating.,Keating.,"{""c"":""Keating.""}",Keating.,True,1,0,True,True,False,True,,True,,,"{""reason"":""too_short_for_language_detection"",""detected"":null,""confidence"":null}",True,[],[],True,,"{""errors"":[]}",True,[],True,1,0,True,True,False,100,100,1237,8,1245,,,810.64,1283,8,1291,0,0,1247.2
c37ba8d293011c1baa1d,156,deepseek-v3-2,managed-prompt,subtitle,de,fr,Ich bringe euch das Wort Gottes.,Je viens vous apporter la parole de Dieu.,"{""c"":""Je vous apporte la Parole de Dieu.""}",Je vous apporte la Parole de Dieu.,True,1,0,True,True,False,True,,True,,True,"{""reason"":""detector_match"",""detected"":""fr"",""confidence"":1.0}",True,[],[],True,,"{""errors"":[]}",True,[],True,1,0,True,True,False,100,100,1243,15,1258,,,812.58,1312,8,1320,0,0,1154.34
8240dd64d6efc28c05d9,157,deepseek-v3-2,managed-prompt,subtitle,de,fr,"Portia trug tatsächlich einen Brief von Sarah bei sich, datiert auf ihren 21. Geburtstag.","Portia avait sur elle une lettre de Sarah, datée de son 21e anniversaire.","{""c"":""Portia portait vraiment une lettre de Sarah avec elle, datée de son 21e anniversaire.""}","Portia portait vraiment une lettre de Sarah avec elle, datée de son 21e anniversaire.",True,1,0,True,True,False,True,,True,,True,"{""reason"":""detector_match"",""detected"":""fr"",""confidence"":1.0}",True,[],[],True,,"{""errors"":[]}",True,[],True,1,0,True,True,False,100,100,1259,29,1288,,,870.43,1349,8,1357,0,0,1545.59
65ed44da9f2c3e646db0,158,deepseek-v3-2,managed-prompt,subtitle,de,fr,"Denkst du, du kannst den Fernseher besorgen?",Tu pourras ramener une télé ?,"{""c"":""Tu crois que tu peux avoir la télé ?""}",Tu crois que tu peux avoir la télé ?,True,1,0,True,True,False,True,,True,,True,"{""reason"":""detector_match"",""detected"":""fr"",""confidence"":1.0}",True,[],[],True,,"{""errors"":[]}",True,[],True,1,0,True,True,False,100,100,1248,16,1264,,,949.35,1313,8,1321,0,0,1062.55
39ae46eb17ba163272de,159,deepseek-v3-2,managed-prompt,subtitle,de,fr,"Du lässt dich von ihr manipulieren, Jack.","Tu te laisses manipuler par elle, Jack.","{""c"":""Tu te laisses manipuler par elle, Jack.""}","Tu te laisses manipuler par elle, Jack.",True,1,0,True,True,False,True,,True,,True,"{""reason"":""detector_match"",""detected"":""fr"",""confidence"":1.0}",True,[],[],True,,"{""errors"":[]}",True,[],True,1,0,True,True,False,100,100,1244,16,1260,,,847.66,1311,8,1319,0,0,1261.42
419fb2f3cc6f6886bfed,160,deepseek-v3-2,managed-prompt,subtitle,de,it,"Du, zurück, wo du hingehörst!","Tu, torna da dove sei venuto!","{""c"":""Tu, torna da dove sei venuto!""}","Tu, torna da dove sei venuto!",True,1,0,True,True,False,True,,True,,,"{""reason"":""detector_inconclusive"",""detected"":""pt"",""confidence"":0.5824}",True,[],[],True,,"{""errors"":[]}",True,[],True,1,0,True,True,False,100,100,1245,14,1259,,,1322.85,1303,8,1311,0,0,1226.71
268accce6b3bb3f2c1e1,161,deepseek-v3-2,managed-prompt,subtitle,de,it,"- Hey, Foster?","Ehi, Foster.","{""c"":""- Ehi, Foster?""}","- Ehi, Foster?",True,1,0,True,True,False,True,,True,,,"{""reason"":""detector_mismatch_uncertain"",""detected"":""de"",""confidence"":1.0}",True,[],[],True,,"{""errors"":[]}",True,[],True,1,0,True,True,False,100,100,1239,11,1250,,,692.8,1291,8,1299,0,0,1269.28
e44bc0152bd3ba3b7b53,162,deepseek-v3-2,managed-prompt,subtitle,de,it,Jahre später starb er endlich. Und die Qual seines Lebens war vorbei.,"Anni dopo, finalmente mori', e la sua vita torturata, cesso'.","{""c"":""Anni dopo, finalmente \u00e8 morto. E la sofferenza della sua vita era finita.""}","Anni dopo, finalmente è morto. E la sofferenza della sua vita era finita.",True,1,0,True,True,False,True,,True,,True,"{""reason"":""detector_match"",""detected"":""it"",""confidence"":1.0}",True,[],[],True,,"{""errors"":[]}",True,[],True,1,0,True,True,False,100,100,1253,30,1283,,,861.85,1337,8,1345,0,0,1268.78
770d0acb51f1047e05d8,163,deepseek-v3-2,managed-prompt,subtitle,de,it,"Setz dich, ich gehe deine Farbe mischen.","Tu sei la prossima, ragazza. Siediti, vado a prepararti il colore.","{""c"":""Siediti, sto per mischiare il tuo colore.""}","Siediti, sto per mischiare il tuo colore.",True,1,0,True,True,False,True,,True,,True,"{""reason"":""detector_match"",""detected"":""it"",""confidence"":1.0}",True,[],[],True,,"{""errors"":[{""category"":""accuracy"",""severity"":""major""}]}",False,"[{""category"":""accuracy"",""severity"":""major""}]",True,1,0,True,True,False,85,85,1247,19,1266,,,746.59,1328,17,1345,0,0,1269.86
c20c8c3a241210e45940,164,deepseek-v3-2,managed-prompt,subtitle,de,it,Verschwinde!,Vattene! (urla),"{""c"":""Sparisci!""}",Sparisci!,True,1,0,True,True,False,True,,True,,True,"{""reason"":""detector_match"",""detected"":""it"",""confidence"":1.0}",True,[],[],True,,"{""errors"":[]}",True,[],True,1,0,True,True,False,100,100,1239,10,1249,,,633.26,1290,8,1298,0,0,1308.18
f831f3d0bf7755980988,165,deepseek-v3-2,managed-prompt,subtitle,de,it,"Darf ich mir Ihren Stift ausleihen, bitte?","Ouò prestarmi la sua penna, per favore? Orego, signora.","{""c"":""Potrei prendere in prestito la tua penna per favore?""}",Potrei prendere in prestito la tua penna per favore?,True,1,0,True,True,False,True,,True,,True,"{""reason"":""detector_match"",""detected"":""it"",""confidence"":1.0}",True,[],[],True,,"{""errors"":[{""category"":""tone"",""severity"":""major""}]}",False,"[{""category"":""tone"",""severity"":""major""}]",True,1,0,True,True,False,85,85,1249,20,1269,,,875.76,1332,17,1349,0,0,1291.55
761e96835204e421ef9b,166,deepseek-v3-2,managed-prompt,subtitle,de,it,"Für Sie, mein Sohn, ist dies alles eine Glaubensprüfung.","Per te, figlio mio, questa è tutta una prova di fede.","{""c"":""Per te, figlio mio, questa è tutta una prova di fede.""}","Per te, figlio mio, questa è tutta una prova di fede.",True,1,0,True,True,False,True,,True,,True,"{""reason"":""detector_match"",""detected"":""it"",""confidence"":1.0}",True,[],[],True,,"{""errors"":[]}",True,[],True,1,0,True,True,False,100,100,1250,21,1271,,,800.97,1333,8,1341,0,0,1208.41
7e4a827bbb90e86dd9d1,167,deepseek-v3-2,managed-prompt,subtitle,de,it,Seine Eltern verloren ihr einziges Kind um 3: 07Uhr heute morgen.,I suoi genitori hanno perso il loro unico figlio alle 3:07 di questa mattina.,"{""c"":""I suoi genitori hanno perso il loro unico figlio alle 3:07 di questa mattina.""}",I suoi genitori hanno perso il loro unico figlio alle 3:07 di questa mattina.,True,1,0,True,True,False,True,,True,,True,"{""reason"":""detector_match"",""detected"":""it"",""confidence"":1.0}",True,[],[],True,,"{""errors"":[]}",True,[],True,1,0,True,True,False,100,100,1256,28,1284,,,1111.99,1343,8,1351,0,0,1539.99
c1332b5311cb70bb4d69,168,deepseek-v3-2,managed-prompt,subtitle,de,it,Entschuldigen Sie!,Mi scusi!,"{""c"":""Mi scusi!""}",Mi scusi!,True,1,0,True,True,False,True,,True,,,"{""reason"":""too_short_for_language_detection"",""detected"":null,""confidence"":null}",True,[],[],True,,"{""errors"":[]}",True,[],True,1,0,True,True,False,100,100,1240,9,1249,,,776.96,1286,8,1294,0,0,1236.25
ecc21803bf4cf261253f,169,deepseek-v3-2,managed-prompt,subtitle,de,it,"- Los, los, los!","- Forza, dai, dai!","{""c"":""Andiamo, andiamo, andiamo!""}","Andiamo, andiamo, andiamo!",True,1,0,True,True,False,True,,True,,,"{""reason"":""detector_inconclusive"",""detected"":""pt"",""confidence"":0.7143}",True,[],[],True,,"{""errors"":[]}",True,[],True,1,0,True,True,False,100,100,1241,14,1255,,,915.46,1300,8,1308,0,0,1244.12
b006ec21f7ab8fbd58bb,170,deepseek-v3-2,managed-prompt,subtitle,de,jp,Menschliche Gefühle sind eine Gabe unserer tierischen Vorfahren.,人間の感情は 祖先からの贈り物だ,"{""c"":""人間の感情は、我々の動物の祖先からの賜物だ。""}",人間の感情は、我々の動物の祖先からの賜物だ。,True,1,0,True,True,False,True,,True,,True,"{""reason"":""target_script_present"",""detected"":""ja"",""confidence"":1.0}",True,[],[],True,,"{""errors"":[]}",True,[],True,1,0,True,True,False,100,100,1252,21,1273,,,971.68,1337,8,1345,0,0,1127.72
4047180a0d108481ab32,171,deepseek-v3-2,managed-prompt,subtitle,de,jp,Was ist das?,なんだ？,"{""c"":""何だこれ？""}",何だこれ？,True,1,0,True,True,False,True,,True,,True,"{""reason"":""target_script_present"",""detected"":""ja"",""confidence"":1.0}",True,[],[],True,,"{""errors"":[{""category"":""accuracy"",""severity"":""minor""}]}",True,"[{""category"":""accuracy"",""severity"":""minor""}]",True,1,0,True,True,False,97,97,1239,9,1248,,,736.31,1289,17,1306,0,0,1198.49
2596308f1c1d800996a1,172,deepseek-v3-2,managed-prompt,subtitle,de,jp,- Wo bist du gewesen?,「今まで何処に」 どうもね,"{""c"":""どこに行っていたの？""}",どこに行っていたの？,True,1,0,True,True,False,True,,True,,True,"{""reason"":""target_script_present"",""detected"":""ja"",""confidence"":1.0}",True,[],[],True,,"{""errors"":[]}",True,[],True,1,0,True,True,False,100,100,1242,10,1252,,,705.68,1305,8,1313,0,0,1183.08
91c593c09db71db38eb6,173,deepseek-v3-2,managed-prompt,subtitle,de,jp,Was machst du hier?,何してるの？,"{""c"":""ここで何してるの？""}",ここで何してるの？,True,1,0,True,True,False,True,,True,,True,"{""reason"":""target_script_present"",""detected"":""ja"",""confidence"":1.0}",True,[],[],True,,"{""errors"":[]}",True,[],True,1,0,True,True,False,100,100,1241,12,1253,,,720.75,1293,8,1301,0,0,1213.22
f5dea4324ce230881ca4,174,deepseek-v3-2,managed-prompt,subtitle,de,jp,Die Granate muss eine Art Gift freigesetzt haben.,手榴弾は 何らかの毒物を 放ったに違いない,"{""c"":""手榴弾は何か毒を放出したに違いない。""}",手榴弾は何か毒を放出したに違いない。,True,1,0,True,True,False,True,,True,,True,"{""reason"":""target_script_present"",""detected"":""ja"",""confidence"":1.0}",True,[],[],True,,"{""errors"":[]}",True,[],True,1,0,True,True,False,100,100,1247,20,1267,,,792.94,1330,8,1338,0,0,1114.25
fecca7f23fdb2aa3ec40,175,deepseek-v3-2,managed-prompt,subtitle,de,jp,Sie wäre diesen März 30 geworden.,この３月で３０歳,"{""c"":""彼女はこの3月で30歳になっていた。""}",彼女はこの3月で30歳になっていた。,True,1,0,True,True,False,True,,True,,True,"{""reason"":""target_script_present"",""detected"":""ja"",""confidence"":1.0}",True,[],"[{""code"":""number_not_exact"",""expected"":{""30"":1},""actual"":{""3"":1,""30"":1}}]",True,,"{""errors"":[{""category"":""accuracy"",""severity"":""major""}]}",False,"[{""category"":""accuracy"",""severity"":""major""}]",True,1,0,True,True,False,82,82,1243,17,1260,,,970.2,1311,17,1328,0,0,1185.64
67c90490817a99274704,176,deepseek-v3-2,managed-prompt,subtitle,de,jp,"Sie stehen auf der Liste, Juliet.",リストに入ってるんだ、ジュリエット,"{""c"":""Juliet、あなたはリストに載っています。""}",Juliet、あなたはリストに載っています。,True,1,0,True,True,False,True,,True,,True,"{""reason"":""target_script_present"",""detected"":""ja"",""confidence"":1.0}",True,[],[],True,,"{""errors"":[]}",True,[],True,1,0,True,True,False,100,100,1243,15,1258,,,860.21,1316,8,1324,0,0,1114.08
3d960629185f5bae7c2f,177,deepseek-v3-2,managed-prompt,subtitle,de,jp,Eine um ihn zu beschützen.,彼を庇護するものは 一体.,"{""c"":""「彼を守るために」""}",「彼を守るために」,True,1,0,True,True,False,True,,True,,True,"{""reason"":""target_script_present"",""detected"":""ja"",""confidence"":1.0}",False,"[{""code"":""wrapper_quotes_added""}]",[],True,,"{""errors"":[{""category"":""accuracy"",""severity"":""major""}]}",False,"[{""category"":""accuracy"",""severity"":""major""}]",True,1,0,True,True,False,85,85,1242,12,1254,,,684.37,1302,17,1319,0,0,1205.27
e2b890fd52ad379d3b7d,178,deepseek-v3-2,managed-prompt,subtitle,de,jp,Und Amerika wieder funktionstüchtig machen!,アメリカを取り戻そう！,"{""c"":""アメリカを再び機能させる!""}",アメリカを再び機能させる!,True,1,0,True,True,False,True,,True,,True,"{""reason"":""target_script_present"",""detected"":""ja"",""confidence"":1.0}",True,[],[],True,,"{""errors"":[]}",True,[],True,1,0,True,True,False,100,100,1245,12,1257,,,640.94,1309,8,1317,0,0,1224.22
d48d2bd3a4b8f8b49524,179,deepseek-v3-2,managed-prompt,subtitle,de,jp,Nicht wegen dir und nicht wegen der Polizei.,貴方の為でも　警察の為でもないの いいわね？,"{""c"":""あなたのせいでも、警察のせいでもありません。""}",あなたのせいでも、警察のせいでもありません。,True,1,0,True,True,False,True,,True,,True,"{""reason"":""target_script_present"",""detected"":""ja"",""confidence"":1.0}",True,[],[],True,,"{""errors"":[]}",True,[],True,1,0,True,True,False,100,100,1247,18,1265,,,1020.63,1328,8,1336,0,0,1399.55
6d5efd9b48fd8903db96,180,deepseek-v3-2,managed-prompt,subtitle,de,nl,Uns wird kalt und wir frösteln.,"Dat je het koud hebt, en rillerig bent.","{""c"":""Het is koud en we bibberen.""}",Het is koud en we bibberen.,True,1,0,True,True,False,True,,True,,True,"{""reason"":""detector_match"",""detected"":""nl"",""confidence"":1.0}",True,[],[],True,,"{""errors"":[]}",True,[],True,1,0,True,True,False,100,100,1244,15,1259,,,946.82,1309,8,1317,0,0,1295.6
fc89106aba2527893afc,181,deepseek-v3-2,managed-prompt,subtitle,de,nl,Mein Vater hält mich unter ständiger Beobachtung.,Mijn vader laat me constant bewaken.,"{""c"":""Mijn vader houdt me voortdurend in de gaten.""}",Mijn vader houdt me voortdurend in de gaten.,True,1,0,True,True,False,True,,True,,True,"{""reason"":""detector_match"",""detected"":""nl"",""confidence"":1.0}",True,[],[],True,,"{""errors"":[]}",True,[],True,1,0,True,True,False,100,100,1248,21,1269,,,714.15,1319,8,1327,0,0,1284.29
8949ea5b35d1b76022d3,182,deepseek-v3-2,managed-prompt,subtitle,de,nl,Es wird dir vielleicht ein wenig... Vielleicht sogar sehr verrückt vorkommen. Aber wir sind deine Brüder.,"Dit klinkt vast een beetje... of heel erg vreemd, maar we zijn je broers.","{""c"":""Het klinkt je misschien een beetje... Misschien zelfs heel krankzinnig. Maar we zijn je broeders.""}",Het klinkt je misschien een beetje... Misschien zelfs heel krankzinnig. Maar we zijn je broeders.,True,1,0,True,True,False,True,,True,,True,"{""reason"":""detector_match"",""detected"":""nl"",""confidence"":1.0}",True,[],[],True,,"{""errors"":[]}",True,[],True,1,0,True,True,False,100,100,1263,34,1297,,,938.19,1368,8,1376,0,0,1089.72
f589795c2316c702c7e0,183,deepseek-v3-2,managed-prompt,subtitle,de,nl,-Anderthalb.,- Anderhalf.,"{""c"":""Anderhalf.""}",Anderhalf.,True,1,0,True,True,False,True,,True,,,"{""reason"":""detector_mismatch_uncertain"",""detected"":""de"",""confidence"":1.0}",True,[],[],True,,"{""errors"":[{""category"":""preservation"",""severity"":""minor""}]}",True,"[{""category"":""preservation"",""severity"":""minor""}]",True,1,0,True,True,False,97,97,1239,9,1248,,,780.47,1287,17,1304,0,0,1214.23
764c0f7a4d9a06c4a113,184,deepseek-v3-2,managed-prompt,subtitle,de,nl,Ich brauche... - Ich brauche eure Hilfe.,"- Wacht, ik heb hulp nodig.","{""c"":""Ik heb jullie hulp nodig.""}",Ik heb jullie hulp nodig.,True,1,0,True,True,False,True,,True,,,"{""reason"":""detector_mismatch_uncertain"",""detected"":""af"",""confidence"":1.0}",True,[],[],True,,"{""errors"":[]}",True,[],True,1,0,True,True,False,100,100,1246,14,1260,,,786.68,1315,8,1323,0,0,1217.13
3a8ef3ada32fd693d97d,185,deepseek-v3-2,managed-prompt,subtitle,de,nl,Einstein flog auch zweimal von der Schule.,Einstein is twee keer van school weggestuurd.,"{""c"":""Einstein werd ook twee keer van school gestuurd.""}",Einstein werd ook twee keer van school gestuurd.,True,1,0,True,True,False,True,,True,,True,"{""reason"":""detector_match"",""detected"":""nl"",""confidence"":0.932}",True,[],[],True,,"{""errors"":[]}",True,[],True,1,0,True,True,False,100,100,1245,17,1262,,,731.95,1307,8,1315,0,0,1213.48
51e674e7e33381a1cdc4,186,deepseek-v3-2,managed-prompt,subtitle,de,nl,Die Taschenlampe.,Geef me de zaklamp.,"{""c"":""De zaklamp.""}",De zaklamp.,True,1,0,True,True,False,True,,True,,,"{""reason"":""detector_inconclusive"",""detected"":""tr"",""confidence"":0.5714}",True,[],[],True,,"{""errors"":[]}",True,[],True,1,0,True,True,False,100,100,1240,10,1250,,,860.8,1293,8,1301,0,0,1247.43
36b3cdd09c03be320ec1,187,deepseek-v3-2,managed-prompt,subtitle,de,nl,"Du bist imstande, sympathisch, freundlich und großzügig zu sein.",Jij bent in staat tot medeleven... en vriendelijkheid en vrijgevigheid.,"{""c"":""Je bent in staat vriendelijk, aardig en ruimhartig te zijn.""}","Je bent in staat vriendelijk, aardig en ruimhartig te zijn.",True,1,0,True,True,False,True,,True,,True,"{""reason"":""detector_match"",""detected"":""nl"",""confidence"":1.0}",True,[],[],True,,"{""errors"":[{""category"":""accuracy"",""severity"":""major""}]}",False,"[{""category"":""accuracy"",""severity"":""major""}]",True,1,0,True,True,False,85,85,1255,22,1277,,,1038.71,1333,17,1350,0,0,1419.26
21884a0ae8205dda0885,188,deepseek-v3-2,managed-prompt,subtitle,de,nl,Viele Leute haben mich gefragt:,Veel mensen kwamen naar me toe en vroegen:,"{""c"":""Veel mensen vragen me:""}",Veel mensen vragen me:,True,1,0,True,True,False,True,,True,,True,"{""reason"":""detector_match"",""detected"":""nl"",""confidence"":1.0}",True,[],[],True,,"{""errors"":[{""category"":""accuracy"",""severity"":""minor""}]}",True,"[{""category"":""accuracy"",""severity"":""minor""}]",True,1,0,True,True,False,97,97,1244,11,1255,,,733.09,1303,17,1320,0,0,1263.77
a5a12d9bea288f97ec35,189,deepseek-v3-2,managed-prompt,subtitle,de,nl,- Nein. - Warum nicht?,- Waarom niet?,"{""c"":""- Nee. - Waarom niet?""}",- Nee. - Waarom niet?,True,1,0,True,True,False,True,,True,,,"{""reason"":""detector_mismatch_uncertain"",""detected"":""af"",""confidence"":1.0}",True,[],[],True,,"{""errors"":[]}",True,[],True,1,0,True,True,False,100,100,1243,14,1257,,,888.72,1301,8,1309,0,0,1247.4
bacb27c5a32b3ac9ac15,190,deepseek-v3-2,managed-prompt,subtitle,de,nb,Und noch mehr.,Det er mer.,"{""c"":""Og enda mer.""}",Og enda mer.,True,1,0,True,True,False,True,,True,,,"{""reason"":""detector_mismatch_uncertain"",""detected"":""da"",""confidence"":0.9999}",True,[],[],True,,"{""errors"":[]}",True,[],True,1,0,True,True,False,100,100,1238,10,1248,,,957.39,1286,8,1294,0,0,1145.73
24312567ec3ed243d03f,191,deepseek-v3-2,managed-prompt,subtitle,de,nb,Du kommst also zuerst zu mir.,Du kommer til meg først.,"{""c"":""Så du kommer til meg først.""}",Så du kommer til meg først.,True,1,0,True,True,False,True,,True,,True,"{""reason"":""detector_match"",""detected"":""no"",""confidence"":1.0}",True,[],[],True,,"{""errors"":[]}",True,[],True,1,0,True,True,False,100,100,1243,14,1257,,,1176.53,1295,8,1303,0,0,1102.25
f52dd19f306562d51aaa,192,deepseek-v3-2,managed-prompt,subtitle,de,nb,Das ist falsch und würde Nikki nicht gefallen.,Det er helt feil. Og Nikki ville ikke like det.,"{""c"":""Dette er feil, og Nikki ville ikke likt det.""}","Dette er feil, og Nikki ville ikke likt det.",True,1,0,True,True,False,True,,True,,True,"{""reason"":""detector_match"",""detected"":""no"",""confidence"":1.0}",True,[],[],True,,"{""errors"":[]}",True,[],True,1,0,True,True,False,100,100,1246,20,1266,,,752.01,1316,8,1324,0,0,2920.24
bd757192f4ee5d0f04fd,193,deepseek-v3-2,managed-prompt,subtitle,de,nb,Meine Theorie war richtig.,Teorien min var riktig.,"{""c"":""Teorien min var riktig.""}",Teorien min var riktig.,True,1,0,True,True,False,True,,True,,,"{""reason"":""detector_inconclusive"",""detected"":""sv"",""confidence"":0.8571}",True,[],[],True,,"{""errors"":[]}",True,[],True,1,0,True,True,False,100,100,1241,14,1255,,,889.04,1299,8,1307,0,0,1153.8
80f84488feddff52ecd3,194,deepseek-v3-2,managed-prompt,subtitle,de,nb,"Wiederhole das über die Leute, die gestorben sind.",Si det om de som døde.,"{""c"":""Gjenta det om de som har dødd.""}",Gjenta det om de som har dødd.,True,1,0,True,True,False,True,,True,,True,"{""reason"":""detector_match"",""detected"":""no"",""confidence"":1.0}",True,[],[],True,,"{""errors"":[]}",True,[],True,1,0,True,True,False,100,100,1249,17,1266,,,1023.39,1307,8,1315,0,0,1194.88
bd266feb4eb4d5c831c0,195,deepseek-v3-2,managed-prompt,subtitle,de,nb,Osmund! Osmund!,Osmund.,"{""c"":""Osmund! Osmund!""}",Osmund! Osmund!,True,1,0,True,True,False,True,,True,,,"{""reason"":""detector_mismatch_uncertain"",""detected"":""de"",""confidence"":1.0}",True,[],"[{""code"":""source_copy_suspected""}]",True,,"{""errors"":[]}",True,[],True,1,0,True,True,False,97,97,1241,12,1253,,,854.92,1291,8,1299,0,0,1259.9
1171037db23c386af2a5,196,deepseek-v3-2,managed-prompt,subtitle,de,nb,- Wieso nicht?,- Hvorfor ikke?,"{""c"":""Hvorfor ikke?""}",Hvorfor ikke?,True,1,0,True,True,False,True,,True,,,"{""reason"":""detector_mismatch_uncertain"",""detected"":""da"",""confidence"":1.0}",True,[],[],True,,"{""errors"":[{""category"":""preservation"",""severity"":""minor""}]}",True,"[{""category"":""preservation"",""severity"":""minor""}]",True,1,0,True,True,False,97,97,1239,10,1249,,,666.1,1290,17,1307,0,0,1277.46
a14a7ceb9ab2f42b5b22,197,deepseek-v3-2,managed-prompt,subtitle,de,nb,"Los, vorwärts.",Kom igjen! Kom igjen! Fortsett!,"{""c"":""La oss komme oss videre.""}",La oss komme oss videre.,True,1,0,True,True,False,True,,True,,True,"{""reason"":""detector_match"",""detected"":""no"",""confidence"":0.8571}",True,[],[],True,,"{""errors"":[]}",True,[],True,1,0,True,True,False,100,100,1241,13,1254,,,706.36,1302,8,1310,0,0,1183.15
28b2f9299a77602a1fd6,198,deepseek-v3-2,managed-prompt,subtitle,de,nb,Das ist erst der Anfang. - Alles klar.,Dette er bare begynnelsen.,"{""c"":""Det er bare begynnelsen. - Helt greit.""}",Det er bare begynnelsen. - Helt greit.,True,1,0,True,True,False,True,,True,,True,"{""reason"":""detector_match"",""detected"":""no"",""confidence"":1.0}",True,[],[],True,,"{""errors"":[]}",True,[],True,1,0,True,True,False,100,100,1245,18,1263,,,933.54,1308,8,1316,0,0,1166.01
6e02bd295c372b8c684f,199,deepseek-v3-2,managed-prompt,subtitle,de,nb,Mom... ist Dad da?,Mamma? Er pappa der?,"{""c"":""Mamma... er pappa hjem?""}",Mamma... er pappa hjem?,True,1,0,True,True,False,True,,True,,True,"{""reason"":""detector_match"",""detected"":""no"",""confidence"":1.0}",True,[],[],True,,"{""errors"":[{""category"":""accuracy"",""severity"":""minor""}]}",True,"[{""category"":""accuracy"",""severity"":""minor""}]",True,1,0,True,True,False,97,97,1240,14,1254,,,1136.74,1298,17,1315,0,0,1229.54
596714d15cea0b307f46,200,deepseek-v3-2,managed-prompt,subtitle,en,da,- Preston!,Preston.,"{""c"":""- Preston!""}",- Preston!,True,1,0,True,True,False,True,,True,,,"{""reason"":""too_short_for_language_detection"",""detected"":null,""confidence"":null}",True,[],"[{""code"":""source_copy_suspected""}]",True,,"{""errors"":[]}",True,[],True,1,0,True,True,False,97,97,1237,8,1245,,,659.09,1279,8,1287,0,0,1101.11
f688a76c78bc76358402,201,deepseek-v3-2,managed-prompt,subtitle,en,da,In a language only I could understand.,"På et sprog, kun jeg kunne forstå.","{""c"":""På et sprog kun jeg kunne forstå.""}",På et sprog kun jeg kunne forstå.,True,1,0,True,True,False,True,,True,,,"{""reason"":""detector_mismatch_uncertain"",""detected"":""no"",""confidence"":1.0}",True,[],[],True,,"{""errors"":[]}",True,[],True,1,0,True,True,False,100,100,1242,18,1260,,,959.45,1300,8,1308,0,0,1211.53
5a8ea019b94e0d638ddc,202,deepseek-v3-2,managed-prompt,subtitle,en,da,'Cause he is too damn clean.,For han er alt for ren.,"{""c"":""Åbenbart fordi han er forbandet smart.""}",Åbenbart fordi han er forbandet smart.,True,1,0,True,True,False,True,,True,,True,"{""reason"":""detector_match"",""detected"":""da"",""confidence"":1.0}",True,[],[],True,,"{""errors"":[{""category"":""accuracy"",""severity"":""major""}]}",False,"[{""category"":""accuracy"",""severity"":""major""}]",True,1,0,True,True,False,85,85,1242,17,1259,,,821.17,1299,17,1316,0,0,1253.38
42d82eefee3598a2611e,203,deepseek-v3-2,managed-prompt,subtitle,en,da,No more impromptu swimming lessons?,Ikke flere spontane svømmetimer?,"{""c"":""Er der ikke flere improviserede svømmekurser?""}",Er der ikke flere improviserede svømmekurser?,True,1,0,True,True,False,True,,True,,True,"{""reason"":""detector_match"",""detected"":""da"",""confidence"":0.9995}",True,[],[],True,,"{""errors"":[]}",True,[],True,1,0,True,True,False,100,100,1242,19,1261,,,778.58,1305,8,1313,0,0,1218.33
088e3b6d27c2030e724a,204,deepseek-v3-2,managed-prompt,subtitle,en,da,"Listen, I'm gonna get you out of here.","Hør, jeg får dig ud herfra.","{""c"":""Hør her, jeg skal få dig ud herfra.""}","Hør her, jeg skal få dig ud herfra.",True,1,0,True,True,False,True,,True,,True,"{""reason"":""detector_match"",""detected"":""da"",""confidence"":1.0}",True,[],[],True,,"{""errors"":[]}",True,[],True,1,0,True,True,False,100,100,1245,17,1262,,,905.05,1308,8,1316,0,0,1252.55
480fd315118bac0d25fa,205,deepseek-v3-2,managed-prompt,subtitle,en,da,I must go.,Jeg må videre!,"{""c"":""Jeg skal afsted.""}",Jeg skal afsted.,True,1,0,True,True,False,True,,True,,True,"{""reason"":""detector_match"",""detected"":""da"",""confidence"":1.0}",True,[],[],True,,"{""errors"":[]}",True,[],True,1,0,True,True,False,100,100,1238,11,1249,,,691.26,1287,8,1295,0,0,1135.64
a1f541de1992e48d49d1,206,deepseek-v3-2,managed-prompt,subtitle,en,da,"Shredded communications from private contractors working with the DOJ, NSA, CIA, FBI- all the initials.","Ødelagt kommunikation fra private virksomheder, der arbejder med Justitsministeriet, NSA, CIA, FBI... - Alle initialerne.","{""c"":""Shredded kommunikationer fra private entreprenører, der arbejder sammen med DOJ, NSA, CIA, FBI - alle initialerne.""}","Shredded kommunikationer fra private entreprenører, der arbejder sammen med DOJ, NSA, CIA, FBI - alle initialerne.",True,1,0,True,True,False,True,,True,,True,"{""reason"":""detector_match"",""detected"":""da"",""confidence"":1.0}",True,[],[],True,,"{""errors"":[]}",True,[],True,1,0,True,True,False,100,100,1257,38,1295,,,1028.32,1367,8,1375,0,0,1040.76
0c8c61ad8428b0baf096,207,deepseek-v3-2,managed-prompt,subtitle,en,da,She's right.,Hun har ret.,"{""c"":""Hun har ret.""}",Hun har ret.,True,1,0,True,True,False,True,,True,,,"{""reason"":""detector_mismatch_uncertain"",""detected"":""no"",""confidence"":1.0}",True,[],[],True,,"{""errors"":[]}",True,[],True,1,0,True,True,False,100,100,1238,10,1248,,,954.05,1283,8,1291,0,0,1301.15
8a5a2d80e8596c4d5543,208,deepseek-v3-2,managed-prompt,subtitle,en,da,No comment.,Ingen kommentarer.,"{""c"":""Ingen kommentar.""}",Ingen kommentar.,True,1,0,True,True,False,True,,True,,,"{""reason"":""detector_mismatch_uncertain"",""detected"":""no"",""confidence"":1.0}",True,[],[],True,,"{""errors"":[]}",True,[],True,1,0,True,True,False,100,100,1237,11,1248,,,673.15,1286,8,1294,0,0,1226.28
bcea1c4e23a81c83f9d5,209,deepseek-v3-2,managed-prompt,subtitle,en,da,"Do your job, man.","Gør dit arbejde, mand.","{""c"":""Gør dit arbejde, mand.""}","Gør dit arbejde, mand.",True,1,0,True,True,False,True,,True,,True,"{""reason"":""detector_match"",""detected"":""da"",""confidence"":1.0}",True,[],[],True,,"{""errors"":[]}",True,[],True,1,0,True,True,False,100,100,1240,14,1254,,,993.62,1297,8,1305,0,0,1221.89
373a4fa4669f1b5e26bb,210,deepseek-v3-2,managed-prompt,subtitle,en,de,Just don't move.,Beweg dich nur nicht.,"{""c"":""Beweg dich einfach nicht.""}",Beweg dich einfach nicht.,True,1,0,True,True,False,True,,True,,True,"{""reason"":""detector_match"",""detected"":""de"",""confidence"":1.0}",True,[],[],True,,"{""errors"":[]}",True,[],True,1,0,True,True,False,100,100,1239,12,1251,,,1008.26,1294,8,1302,0,0,1226.71
4f1ea01df046d8aa327f,211,deepseek-v3-2,managed-prompt,subtitle,en,de,You look good to me.,"Ich finde, du siehst gut aus.","{""c"":""Sieht gut aus für mich.""}",Sieht gut aus für mich.,True,1,0,True,True,False,True,,True,,True,"{""reason"":""detector_match"",""detected"":""de"",""confidence"":1.0}",True,[],[],True,,"{""errors"":[{""category"":""accuracy"",""severity"":""major""}]}",False,"[{""category"":""accuracy"",""severity"":""major""}]",True,1,0,True,True,False,85,85,1240,12,1252,,,1006.16,1299,17,1316,0,0,1155.64
62b72937f9bd5c259912,212,deepseek-v3-2,managed-prompt,subtitle,en,de,"Ho, is that the thanks for playing my role so godly?","Ho, ist das der Dank dafür das ich meine Rolle so Göttlich gespielt habe?","{""c"":""Ho, ist das der Dank dafür, dass ich meine Rolle so göttlich gespielt habe?""}","Ho, ist das der Dank dafür, dass ich meine Rolle so göttlich gespielt habe?",True,1,0,True,True,False,True,,True,,True,"{""reason"":""detector_match"",""detected"":""de"",""confidence"":1.0}",True,[],[],True,,"{""errors"":[]}",True,[],True,1,0,True,True,False,100,100,1248,26,1274,,,1253.31,1341,8,1349,0,0,1073.69
51b9af4a26c237acfa74,213,deepseek-v3-2,managed-prompt,subtitle,en,de,"Yeah, he's been a little off his game lately.",Er ist im Augenblick außer Form.,"{""c"":""Ja, er war in letzter Zeit nicht ganz auf der Höhe.""}","Ja, er war in letzter Zeit nicht ganz auf der Höhe.",True,1,0,True,True,False,True,,True,,True,"{""reason"":""detector_match"",""detected"":""de"",""confidence"":1.0}",True,[],[],True,,"{""errors"":[]}",True,[],True,1,0,True,True,False,100,100,1246,21,1267,,,817.66,1314,8,1322,0,0,1227.18
3846b36dd2b396e58aa7,214,deepseek-v3-2,managed-prompt,subtitle,en,de,We're having fun. We showed aptitude for it.,Wir haben Spaß dran und Talent dazu.,"{""c"":""Wir haben Spaß. Wir haben Talent dafür gezeigt.""}",Wir haben Spaß. Wir haben Talent dafür gezeigt.,True,1,0,True,True,False,True,,True,,True,"{""reason"":""detector_match"",""detected"":""de"",""confidence"":1.0}",True,[],[],True,,"{""errors"":[]}",True,[],True,1,0,True,True,False,100,100,1245,17,1262,,,841.89,1321,8,1329,0,0,1188.19
da19d77763649da0e611,215,deepseek-v3-2,managed-prompt,subtitle,en,de,"We haven't gone out very long, but I like you more than anyone I've ever dated.","Wir gehen noch nicht lange miteinander, aber ich mag dich mehr als alles auf der Welt.","{""c"": ""Es ist noch gar nicht lange her, dass wir zusammen sind, aber ich mag dich mehr als jeden, den ich je gedatet habe.""}","Es ist noch gar nicht lange her, dass wir zusammen sind, aber ich mag dich mehr als jeden, den ich je gedatet habe.",True,1,0,True,True,False,True,,True,,True,"{""reason"":""detector_match"",""detected"":""de"",""confidence"":1.0}",True,[],[],True,,"{""errors"":[]}",True,[],True,1,0,True,True,False,100,100,1254,35,1289,,,895.53,1351,8,1359,0,0,1180.54
4a3748832b38c46a4954,216,deepseek-v3-2,managed-prompt,subtitle,en,de,"If you buy a fake purse, you are supporting a multibillion-dollar business which perpetuates child labor, launders drug cartel money, finances terrorists.","Wenn Sie eine falsche Handtasche kaufen, unterstützen Sie ein Multimilliarden-Geschäft, welches die Kinderarbeit aufrecht erhält, Geld von Drogenkartellen wäscht und Terroristen finanziert.","{""c"":""Wenn du eine gefälschte Handtasche kaufst, unterstützt du ein Multimilliarden-Dollar-Geschäft, das Kinderarbeit fördert, Geld von Drogenkartellen wäscht und Terroristen finanziert.""}","Wenn du eine gefälschte Handtasche kaufst, unterstützt du ein Multimilliarden-Dollar-Geschäft, das Kinderarbeit fördert, Geld von Drogenkartellen wäscht und Terroristen finanziert.",True,1,0,True,True,False,True,,True,,True,"{""reason"":""detector_match"",""detected"":""de"",""confidence"":1.0}",True,[],[],True,,"{""errors"":[]}",True,[],True,1,0,True,True,False,100,100,1266,57,1323,,,1086.65,1439,8,1447,0,0,1150.29
e86295de52cad0a087ef,217,deepseek-v3-2,managed-prompt,subtitle,en,de,You could do anything you want.,"Du könntest tun, was du willst.","{""c"":""Du könntest alles tun, was du willst.""}","Du könntest alles tun, was du willst.",True,1,0,True,True,False,True,,True,,True,"{""reason"":""detector_match"",""detected"":""de"",""confidence"":1.0}",True,[],[],True,,"{""errors"":[]}",True,[],True,1,0,True,True,False,100,100,1241,17,1258,,,1029.95,1304,8,1312,0,0,1018.06
faf3c094a7ba36f7ce37,218,deepseek-v3-2,managed-prompt,subtitle,en,de,That's OK.,Ist schon gut.,"{""c"":""Ist schon OK.""}",Ist schon OK.,True,1,0,True,True,False,True,,True,,,"{""reason"":""detector_inconclusive"",""detected"":""en"",""confidence"":0.5714}",True,[],[],True,,"{""errors"":[]}",True,[],True,1,0,True,True,False,100,100,1238,9,1247,,,809.43,1287,8,1295,0,0,1259.89
a28f5dd3d2bf04c576f5,219,deepseek-v3-2,managed-prompt,subtitle,en,de,From the inside its easy.,Von innen ist das leicht.,"{""c"":""Von innen ist es einfach.""}",Von innen ist es einfach.,True,1,0,True,True,False,True,,True,,True,"{""reason"":""detector_match"",""detected"":""de"",""confidence"":1.0}",True,[],[],True,,"{""errors"":[]}",True,[],True,1,0,True,True,False,100,100,1240,12,1252,,,702.2,1294,8,1302,0,0,1284.1
88ae865616f00256261a,220,deepseek-v3-2,managed-prompt,subtitle,en,es,But now...,Pero ahora...,"{""c"":""Pero ahora...""}",Pero ahora...,True,1,0,True,True,False,True,,True,,,"{""reason"":""detector_mismatch_uncertain"",""detected"":""pt"",""confidence"":1.0}",True,[],[],True,,"{""errors"":[]}",True,[],True,1,0,True,True,False,100,100,1237,8,1245,,,660.35,1286,8,1294,0,0,1173.01
d2fd32a2b8c9e8c5f049,221,deepseek-v3-2,managed-prompt,subtitle,en,es,- Are you sure ?,- ¿Estás seguro?,"{""c"":""- ¿Estás segura?""}",- ¿Estás segura?,True,1,0,True,True,False,True,,True,,True,"{""reason"":""detector_match"",""detected"":""es"",""confidence"":0.8571}",True,[],[],True,,"{""errors"":[]}",True,[],True,1,0,True,True,False,100,100,1239,12,1251,,,818.4,1298,8,1306,0,0,1221.06
0a6e3feefff21016dbca,222,deepseek-v3-2,managed-prompt,subtitle,en,es,Then forget it.,Entonces olvídalo.,"{""c"":""Entonces olvídalo.""}",Entonces olvídalo.,True,1,0,True,True,False,True,,True,,,"{""reason"":""detector_inconclusive"",""detected"":""pt"",""confidence"":0.7143}",True,[],[],True,,"{""errors"":[]}",True,[],True,1,0,True,True,False,100,100,1238,12,1250,,,838.09,1289,8,1297,0,0,1087.58
173dbbfb2cc21d9cfd07,223,deepseek-v3-2,managed-prompt,subtitle,en,es,"There's a reason that this is not Vermont, that we don't have kids, and that you are not the mayor.","Hay una razón que no es Vermont, que no tenemos hijos, y de que usted no es el alcalde.","{""c"":""Hay una razón por la que esto no es Vermont, por la que no tenemos hijos y por la que tú no eres el alcalde.""}","Hay una razón por la que esto no es Vermont, por la que no tenemos hijos y por la que tú no eres el alcalde.",True,1,0,True,True,False,True,,True,,True,"{""reason"":""detector_match"",""detected"":""es"",""confidence"":1.0}",True,[],[],True,,"{""errors"":[]}",True,[],True,1,0,True,True,False,100,100,1259,35,1294,,,1257.91,1358,8,1366,0,0,1287.37
afa1303fa84b567477cc,224,deepseek-v3-2,managed-prompt,subtitle,en,es,Here.,Aquí.,"{""c"":""Aquí.""}",Aquí.,True,1,0,True,True,False,True,,True,,,"{""reason"":""too_short_for_language_detection"",""detected"":null,""confidence"":null}",True,[],[],True,,"{""errors"":[]}",True,[],True,1,0,True,True,False,100,100,1236,8,1244,,,717.61,1281,8,1289,0,0,2534.06
5bbabf39bbc080758a7a,225,deepseek-v3-2,managed-prompt,subtitle,en,es,"Yeah, I was in that alley with Bobby.","Sí, estaba en ese callejón con Bobby.","{""c"":""Sí, yo estuve en ese callejón con Bobby.""}","Sí, yo estuve en ese callejón con Bobby.",True,1,0,True,True,False,True,,True,,True,"{""reason"":""detector_match"",""detected"":""es"",""confidence"":1.0}",True,[],[],True,,"{""errors"":[]}",True,[],True,1,0,True,True,False,100,100,1244,20,1264,,,968.32,1311,8,1319,0,0,1136.15
cc74d70317c9ad789ed4,226,deepseek-v3-2,managed-prompt,subtitle,en,es,"Sokka, let's go! But we still don't know when the next eclipse is gonna happen. Don't be stupid, we'll find out later.","Zokka vámonos pero aun no sabemos cuando sucederá el siguiente eclipse no seas estúpido lo averiguaremos después no, no lo haremos si abandonamos este lugar nunca lo sabremos","{""c"":""Sokka, ¡vamos! Pero todavía no sabemos cuándo será el próximo eclipse. No seas tonto/a, lo sabremos más tarde""}","Sokka, ¡vamos! Pero todavía no sabemos cuándo será el próximo eclipse. No seas tonto/a, lo sabremos más tarde",True,1,0,True,True,False,True,,True,,True,"{""reason"":""detector_match"",""detected"":""es"",""confidence"":1.0}",True,[],[],True,,"{""errors"":[{""category"":""preservation"",""severity"":""minor""},{""category"":""accuracy"",""severity"":""major""}]}",False,"[{""category"":""preservation"",""severity"":""minor""},{""category"":""accuracy"",""severity"":""major""}]",True,1,0,True,True,False,82,82,1266,35,1301,,,911.91,1395,26,1421,0,0,1226.45
3111de55e95a95dfc26f,227,deepseek-v3-2,managed-prompt,subtitle,en,es,"Honey, you don't wanna do this.","Cariño, no quieres hacer esto.","{""c"":""Cariño, no quieres hacer esto.""}","Cariño, no quieres hacer esto.",True,1,0,True,True,False,True,,True,,True,"{""reason"":""detector_match"",""detected"":""es"",""confidence"":1.0}",True,[],[],True,,"{""errors"":[]}",True,[],True,1,0,True,True,False,100,100,1244,15,1259,,,726.47,1306,8,1314,0,0,1226.98
03847dc8cb4b95a684d5,228,deepseek-v3-2,managed-prompt,subtitle,en,es,~ Where are you going?,- ¿A dónde escapas?,"{""c"":""~ ¿A dónde vas?""}",~ ¿A dónde vas?,True,1,0,True,True,False,True,,True,,,"{""reason"":""detector_inconclusive"",""detected"":""es"",""confidence"":0.7143}",True,[],[],True,,"{""errors"":[]}",True,[],True,1,0,True,True,False,100,100,1240,12,1252,,,902.86,1300,8,1308,0,0,1163.76
45f1f3a25ae734072673,229,deepseek-v3-2,managed-prompt,subtitle,en,es,You look like a cool little robot.,Te ves como un pequeño robot.,"{""c"":""Pareces un robot pequeñito cool.""}",Pareces un robot pequeñito cool.,True,1,0,True,True,False,True,,True,,True,"{""reason"":""detector_match"",""detected"":""es"",""confidence"":1.0}",True,[],[],True,,"{""errors"":[]}",True,[],True,1,0,True,True,False,100,100,1242,15,1257,,,665.84,1298,8,1306,0,0,1357.54
a1a93d0d60e9cc625d31,230,deepseek-v3-2,managed-prompt,subtitle,en,fr,I'm fine.,Je vais bien.,"{""c"":""Ça va bien.""}",Ça va bien.,True,1,0,True,True,False,True,,True,,,"{""reason"":""detector_inconclusive"",""detected"":""tr"",""confidence"":0.7143}",True,[],[],True,,"{""errors"":[]}",True,[],True,1,0,True,True,False,100,100,1238,10,1248,,,938.28,1286,8,1294,0,0,1176.54
4442d44478b553d30601,231,deepseek-v3-2,managed-prompt,subtitle,en,fr,"Uh... Georgina, do you know where Val was going?","Georgina, savez-vous où Val est allée ?","{""c"":""Heu... Georgina, tu sais où Val est partie ?""}","Heu... Georgina, tu sais où Val est partie ?",True,1,0,True,True,False,True,,True,,True,"{""reason"":""detector_match"",""detected"":""fr"",""confidence"":1.0}",True,[],[],True,,"{""errors"":[]}",True,[],True,1,0,True,True,False,100,100,1247,18,1265,,,1819.41,1320,8,1328,0,0,1229.34
3f9302e321db4e78bf94,232,deepseek-v3-2,managed-prompt,subtitle,en,fr,"- What, my love?","Quoi, mon amour ?","{""c"":""- Quoi, mon amour ?""}","- Quoi, mon amour ?",True,1,0,True,True,False,True,,True,,True,"{""reason"":""detector_match"",""detected"":""fr"",""confidence"":0.8571}",True,[],[],True,,"{""errors"":[]}",True,[],True,1,0,True,True,False,100,100,1240,13,1253,,,803.46,1297,8,1305,0,0,1290.75
35ccc90e1d07e76beca3,233,deepseek-v3-2,managed-prompt,subtitle,en,fr,We've got bigger concerns.,On a de plus gros soucis.,"{""c"":""Nous avons des préoccupations plus importantes.""}",Nous avons des préoccupations plus importantes.,True,1,0,True,True,False,True,,True,,True,"{""reason"":""detector_match"",""detected"":""fr"",""confidence"":1.0}",True,[],[],True,,"{""errors"":[]}",True,[],True,1,0,True,True,False,100,100,1240,14,1254,,,988.26,1299,8,1307,0,0,1233.94
1cedd266b9c5a05c5813,234,deepseek-v3-2,managed-prompt,subtitle,en,fr,Those guys are the best.,Ces gars sont les meilleurs.,"{""c"":""Ces gars sont les meilleurs.""}",Ces gars sont les meilleurs.,True,1,0,True,True,False,True,,True,,True,"{""reason"":""detector_match"",""detected"":""fr"",""confidence"":1.0}",True,[],[],True,,"{""errors"":[]}",True,[],True,1,0,True,True,False,100,100,1240,13,1253,,,695.29,1293,8,1301,0,0,1207.86
c53a2e11af62d948ab5a,235,deepseek-v3-2,managed-prompt,subtitle,en,fr,- That's a concession.,- Voilà une concession. - Quoi ?,"{""c"":""- C'est une concession.""}",- C'est une concession.,True,1,0,True,True,False,True,,True,,True,"{""reason"":""detector_match"",""detected"":""fr"",""confidence"":1.0}",True,[],[],True,,"{""errors"":[]}",True,[],True,1,0,True,True,False,100,100,1240,11,1251,,,857.4,1301,8,1309,0,0,1196.13
5ac4a92ea4dbf07b4da1,236,deepseek-v3-2,managed-prompt,subtitle,en,fr,I followed Taub.,- J'ai suivi Taub.,"{""c"":""J'ai suivi Taub.""}",J'ai suivi Taub.,True,1,0,True,True,False,True,,True,,,"{""reason"":""detector_inconclusive"",""detected"":""et"",""confidence"":0.8571}",True,[],[],True,,"{""errors"":[]}",True,[],True,1,0,True,True,False,100,100,1239,12,1251,,,699.88,1296,8,1304,0,0,1191.22
3c13557d181478fe898f,237,deepseek-v3-2,managed-prompt,subtitle,en,fr,Hi.,Salut.,"{""c"":""Salut.""}",Salut.,True,1,0,True,True,False,True,,True,,,"{""reason"":""too_short_for_language_detection"",""detected"":null,""confidence"":null}",True,[],[],True,,"{""errors"":[]}",True,[],True,1,0,True,True,False,100,100,1236,8,1244,,,778.51,1281,8,1289,0,0,1178.37
8a6f284755cd01fb6d43,238,deepseek-v3-2,managed-prompt,subtitle,en,fr,A serbian man who has invented A sex machine for women.,Un Serbe qui a inventé une machine sexuelle pour les femmes.,"{""c"":""Un homme serbe qui a inventé une machine à sexe pour femmes.""}",Un homme serbe qui a inventé une machine à sexe pour femmes.,True,1,0,True,True,False,True,,True,,True,"{""reason"":""detector_match"",""detected"":""fr"",""confidence"":1.0}",True,[],[],True,,"{""errors"":[]}",True,[],True,1,0,True,True,False,100,100,1247,21,1268,,,1055.69,1317,8,1325,0,0,1426.58
8e12ce5d5e638c995c64,239,deepseek-v3-2,managed-prompt,subtitle,en,fr,"I started to pray because I often find consolation in my faith, and, one day... I heard a voice.","J'ai commencé à prier car j'ai souvent trouvé du réconfort dans ma Foi et... un jour, j'ai entendu une voix.","{""c"":""J'ai commencé à prier, car je trouve souvent du réconfort dans ma foi, et, un jour... J'ai entendu une voix.""}","J'ai commencé à prier, car je trouve souvent du réconfort dans ma foi, et, un jour... J'ai entendu une voix.",True,1,0,True,True,False,True,,True,,True,"{""reason"":""detector_match"",""detected"":""fr"",""confidence"":1.0}",True,[],[],True,,"{""errors"":[]}",True,[],True,1,0,True,True,False,100,100,1257,38,1295,,,1334.73,1373,8,1381,0,0,1224.18
f00299000021754f29fb,240,deepseek-v3-2,managed-prompt,subtitle,en,it,Get an ambulance!,- Chiamate un'ambulanza!,"{""c"":""Chiamate un'ambulanza!""}",Chiamate un'ambulanza!,True,1,0,True,True,False,True,,True,,,"{""reason"":""detector_inconclusive"",""detected"":""sw"",""confidence"":0.7143}",True,[],[],True,,"{""errors"":[]}",True,[],True,1,0,True,True,False,100,100,1238,14,1252,,,756.78,1293,8,1301,0,0,1160.05
63150feee275f1cf3e48,241,deepseek-v3-2,managed-prompt,subtitle,en,it,- C'mon!,Forza!,"{""c"":""Dai! Dai!""}",Dai! Dai!,True,1,0,True,True,False,True,,True,,,"{""reason"":""too_short_for_language_detection"",""detected"":null,""confidence"":null}",True,[],[],True,,"{""errors"":[{""category"":""accuracy"",""severity"":""minor""}]}",True,"[{""category"":""accuracy"",""severity"":""minor""}]",True,1,0,True,True,False,97,97,1239,10,1249,,,692.9,1286,17,1303,0,0,1218.92
34c99e544be1ca0b40b3,242,deepseek-v3-2,managed-prompt,subtitle,en,it,Your members want to be better?,- I suoi membri vogliono migliorare?,"{""c"":""I tuoi membri vogliono migliorare?""}",I tuoi membri vogliono migliorare?,True,1,0,True,True,False,True,,True,,True,"{""reason"":""detector_match"",""detected"":""it"",""confidence"":1.0}",True,[],[],True,,"{""errors"":[]}",True,[],True,1,0,True,True,False,100,100,1241,16,1257,,,919.25,1304,8,1312,0,0,1279.72
0768b9324c013cc035d7,243,deepseek-v3-2,managed-prompt,subtitle,en,it,"Your friend, he insults me.",Il tuo amico mi sta insultando.,"{""c"":""Il tuo amico mi ha insultato.""}",Il tuo amico mi ha insultato.,True,1,0,True,True,False,True,,True,,True,"{""reason"":""detector_match"",""detected"":""it"",""confidence"":1.0}",True,[],[],True,,"{""errors"":[{""category"":""accuracy"",""severity"":""major""}]}",False,"[{""category"":""accuracy"",""severity"":""major""}]",True,1,0,True,True,False,85,85,1241,14,1255,,,686.12,1301,17,1318,0,0,1207.85
cb4188bd030a67dc7c36,244,deepseek-v3-2,managed-prompt,subtitle,en,it,Carrie was.,Era Carrie.,"{""c"":""Carrie era.""}",Carrie era.,True,1,0,True,True,False,True,,True,,,"{""reason"":""detector_mismatch_uncertain"",""detected"":""es"",""confidence"":1.0}",True,[],[],True,,"{""errors"":[]}",True,[],True,1,0,True,True,False,100,100,1238,9,1247,,,675.53,1286,8,1294,0,0,1291.74
1356bead2bcdf89dc46a,245,deepseek-v3-2,managed-prompt,subtitle,en,it,"Well, it's definitely Solano.",E' decisamente Solano.,"{""c"":""Beh, è decisamente Solano.""}","Beh, è decisamente Solano.",True,1,0,True,True,False,True,,True,,True,"{""reason"":""detector_match"",""detected"":""it"",""confidence"":1.0}",True,[],[],True,,"{""errors"":[]}",True,[],True,1,0,True,True,False,100,100,1242,14,1256,,,855.58,1299,8,1307,0,0,1197.0
fae85870eb9626886d75,246,deepseek-v3-2,managed-prompt,subtitle,en,it,"I just overheard Victor and Rocco talking, and they actually killed that kid two decades ago.",Ho appena sentito per caso parlare Victor e Rocco. Hanno ucciso veramente quel bambino vent'anni fa.,"{""c"":""Ho appena sentito Victor e Rocco parlare, e in realtà hanno ucciso quel ragazzo due decenni fa.""}","Ho appena sentito Victor e Rocco parlare, e in realtà hanno ucciso quel ragazzo due decenni fa.",True,1,0,True,True,False,True,,True,,True,"{""reason"":""detector_match"",""detected"":""it"",""confidence"":1.0}",True,[],[],True,,"{""errors"":[]}",True,[],True,1,0,True,True,False,100,100,1254,32,1286,,,1722.57,1357,8,1365,0,0,1173.58
3ccba6a8135b25a9f3c1,247,deepseek-v3-2,managed-prompt,subtitle,en,it,"Cellulite, plastic surgery, hero pets, those are not covers.","Cellulite, chirurgia plastica e animali eroici non sono da copertina.","{""c"":""Cellulite, chirurgia plastica, animali eroici, quelle non sono copertine.""}","Cellulite, chirurgia plastica, animali eroici, quelle non sono copertine.",True,1,0,True,True,False,True,,True,,True,"{""reason"":""detector_match"",""detected"":""it"",""confidence"":1.0}",True,[],[],True,,"{""errors"":[{""category"":""accuracy"",""severity"":""minor""},{""category"":""fluency"",""severity"":""minor""}]}",True,"[{""category"":""accuracy"",""severity"":""minor""},{""category"":""fluency"",""severity"":""minor""}]",True,1,0,True,True,False,94,94,1249,26,1275,,,1104.75,1335,27,1362,0,0,1648.12
40cbac6e04c55bc6c3ac,248,deepseek-v3-2,managed-prompt,subtitle,en,it,We can figure this out as we go along.,Possiamo capirlo man mano che andiamo avanti.,"{""c"":""Possiamo risolverlo strada facendo.""}",Possiamo risolverlo strada facendo.,True,1,0,True,True,False,True,,True,,,"{""reason"":""detector_mismatch_uncertain"",""detected"":""pt"",""confidence"":1.0}",True,[],[],True,,"{""errors"":[]}",True,[],True,1,0,True,True,False,100,100,1244,15,1259,,,731.66,1310,8,1318,0,0,1184.16
30f6950e16d0bb795e69,249,deepseek-v3-2,managed-prompt,subtitle,en,it,YOU ARE.,Sei.,"{""c"":""TU SEI.""}",TU SEI.,True,1,0,True,True,False,True,,True,,,"{""reason"":""too_short_for_language_detection"",""detected"":null,""confidence"":null}",True,[],[],True,,"{""errors"":[]}",True,[],True,1,0,True,True,False,100,100,1237,9,1246,,,716.96,1282,8,1290,0,0,1258.76
f9817d6a4d0473dc87b9,250,deepseek-v3-2,managed-prompt,subtitle,en,jp,Charlie!,チャーリー！ チャーリー！,"{""c"":""Charlie!""}",Charlie!,True,1,0,True,True,False,True,,True,,,"{""reason"":""too_short_for_language_detection"",""detected"":null,""confidence"":null}",True,[],"[{""code"":""source_copy_suspected""}]",True,,"{""errors"":[]}",True,[],True,1,0,True,True,False,97,97,1237,7,1244,,,771.89,1289,8,1297,0,0,1252.22
3c086ea2904552d73ee7,251,deepseek-v3-2,managed-prompt,subtitle,en,jp,How did you two meet?,どのように2会うたのですか？,"{""c"":""二人はどうやって知り合ったの？""}",二人はどうやって知り合ったの？,True,1,0,True,True,False,True,,True,,True,"{""reason"":""target_script_present"",""detected"":""ja"",""confidence"":1.0}",True,[],[],True,,"{""errors"":[]}",True,[],True,1,0,True,True,False,100,100,1241,15,1256,,,718.51,1305,8,1313,0,0,1185.95
66a335635a966e5bf9d9,252,deepseek-v3-2,managed-prompt,subtitle,en,jp,Dad.,パパ！,"{""c"":""お父さん。""}",お父さん。,True,2,1,True,False,True,True,,True,,True,"{""reason"":""target_script_present"",""detected"":""ja"",""confidence"":1.0}",True,[],[],True,,"{""errors"":[{""category"":""tone"",""severity"":""minor""}]}",True,"[{""category"":""tone"",""severity"":""minor""}]",True,1,0,True,True,False,97,97,2474,14,2488,,,793.52,1284,17,1301,0,0,1395.38
d65c1a94b614ba462441,253,deepseek-v3-2,managed-prompt,subtitle,en,jp,Previously on Z Nation.,前回までの Z Nation は,"{""c"":""Previamente en Z Nation。""}",Previamente en Z Nation。,True,1,0,True,True,False,True,,True,,False,"{""reason"":""target_script_missing"",""detected"":null,""confidence"":null}",True,[],[],True,,"{""errors"":[{""category"":""fluency"",""severity"":""critical""}]}",False,"[{""category"":""fluency"",""severity"":""critical""}]",True,1,0,True,True,False,60,60,1240,11,1251,,,756.44,1292,18,1310,0,0,1193.11
5691e88c966eecbcb532,254,deepseek-v3-2,managed-prompt,subtitle,en,jp,"You know, you were right.",君が正しかったよ,"{""c"":""あなたが正しかったわね。""}",あなたが正しかったわね。,True,1,0,True,True,False,True,,True,,True,"{""reason"":""target_script_present"",""detected"":""ja"",""confidence"":1.0}",True,[],[],True,,"{""errors"":[{""category"":""tone"",""severity"":""minor""}]}",True,"[{""category"":""tone"",""severity"":""minor""}]",True,1,0,True,True,False,97,97,1242,13,1255,,,860.06,1299,17,1316,0,0,1312.22
cf2697397fe68400b4a3,255,deepseek-v3-2,managed-prompt,subtitle,en,jp,He probably didn't sleep. -Yesterday? -Yesterday.,（ありさ） 多分 寝てないんだね 昨日,"{""c"":""彼は多分一睡もしていなかったわ。-昨日の話？-そう、昨日の。""}",彼は多分一睡もしていなかったわ。-昨日の話？-そう、昨日の。,True,1,0,True,True,False,True,,True,,True,"{""reason"":""target_script_present"",""detected"":""ja"",""confidence"":1.0}",True,[],[],True,,"{""errors"":[]}",True,[],True,1,0,True,True,False,100,100,1247,26,1273,,,1145.77,1339,8,1347,0,0,1345.84
73bde305cb7fb3e44ac6,256,deepseek-v3-2,managed-prompt,subtitle,en,jp,You're...,あなたが...,"{""c"":""君は...""}",君は...,True,1,0,True,True,False,True,,True,,True,"{""reason"":""target_script_present"",""detected"":""ja"",""confidence"":1.0}",True,[],[],True,,"{""errors"":[]}",True,[],True,1,0,True,True,False,100,100,1238,8,1246,,,678.18,1284,8,1292,0,0,1257.49
c217d2a0f1ae1d7b693b,257,deepseek-v3-2,managed-prompt,subtitle,en,jp,"Ehi, before you get in the car, you have to promise not to kill me. Why? What did you do?",乗る前に　私を殺さないって 約束してよね,"{""c"":""えっと、車に乗る前に俺を殺さないって約束してよ。どうして？何をしたの？""}",えっと、車に乗る前に俺を殺さないって約束してよ。どうして？何をしたの？,True,1,0,True,True,False,True,,True,,True,"{""reason"":""target_script_present"",""detected"":""ja"",""confidence"":1.0}",True,[],[],True,,"{""errors"":[]}",True,[],True,1,0,True,True,False,100,100,1261,32,1293,,,841.07,1355,8,1363,0,0,1213.05
0bc42e5b73b4ede87a2f,258,deepseek-v3-2,managed-prompt,subtitle,en,jp,They follow orders.,彼等は命令に従う,"{""c"":""彼らは命令に従う。""}",彼らは命令に従う。,True,1,0,True,True,False,True,,True,,True,"{""reason"":""target_script_present"",""detected"":""ja"",""confidence"":1.0}",True,[],[],True,,"{""errors"":[]}",True,[],True,1,0,True,True,False,100,100,1239,13,1252,,,744.12,1296,8,1304,0,0,1212.1
6b556952dedac3f517b6,259,deepseek-v3-2,managed-prompt,subtitle,en,jp,What?,何?,"{""c"":""えっ？""}",えっ？,True,1,0,True,True,False,True,,True,,True,"{""reason"":""target_script_present"",""detected"":""ja"",""confidence"":1.0}",True,[],[],True,,"{""errors"":[]}",True,[],True,1,0,True,True,False,100,100,1237,8,1245,,,867.46,1281,8,1289,0,0,1243.45
924c247f2578454dccd9,260,deepseek-v3-2,managed-prompt,subtitle,en,nl,- Maybe they're not because they're all dead!,Misschien omdat ze allemaal dood zijn!,"{""c"":""Misschien zijn ze er niet omdat ze allemaal dood zijn!""}",Misschien zijn ze er niet omdat ze allemaal dood zijn!,True,1,0,True,True,False,True,,True,,True,"{""reason"":""detector_match"",""detected"":""nl"",""confidence"":1.0}",True,[],[],True,,"{""errors"":[]}",True,[],True,1,0,True,True,False,100,100,1245,18,1263,,,943.99,1310,8,1318,0,0,1197.86
bf711afd01b599b2ddb4,261,deepseek-v3-2,managed-prompt,subtitle,en,nl,Have you seen the rats or have you just heard scratching?,"Heeft u de ratten gezien, of heeft u ze horen krabben?","{""c"":""Heb je de ratten gezien of alleen maar gekrab gehoord?""}",Heb je de ratten gezien of alleen maar gekrab gehoord?,True,1,0,True,True,False,True,,True,,True,"{""reason"":""detector_match"",""detected"":""nl"",""confidence"":1.0}",True,[],[],True,,"{""errors"":[]}",True,[],True,1,0,True,True,False,100,100,1246,21,1267,,,824.58,1323,8,1331,0,0,1159.64
4ec05ea41a5efabb3aa3,262,deepseek-v3-2,managed-prompt,subtitle,en,nl,"Genetic manipulation, obviously, but what kind?","Genetische manipulatie, maar hoe?","{""c"":""Genetische manipulatie natuurlijk, maar wat voor soort?""}","Genetische manipulatie natuurlijk, maar wat voor soort?",True,1,0,True,True,False,True,,True,,True,"{""reason"":""detector_match"",""detected"":""nl"",""confidence"":1.0}",True,[],[],True,,"{""errors"":[]}",True,[],True,1,0,True,True,False,100,100,1243,18,1261,,,1151.75,1309,8,1317,0,0,1296.92
1d8dc5015f6cb18d211f,263,deepseek-v3-2,managed-prompt,subtitle,en,nl,Didn't it bother you that he was more popular?,Vond u het erg dat hij populairder was?,"{""c"":""Deed je het niet erg vinden dat hij populairder was?""}",Deed je het niet erg vinden dat hij populairder was?,True,1,0,True,True,False,True,,True,,True,"{""reason"":""detector_match"",""detected"":""nl"",""confidence"":1.0}",True,[],[],True,,"{""errors"":[]}",True,[],True,1,0,True,True,False,100,100,1246,19,1265,,,722.29,1316,8,1324,0,0,1250.4
3278d4d2778596c1596c,264,deepseek-v3-2,managed-prompt,subtitle,en,nl,This man asked me to do terrible things.,Die man vroeg mij om vreselijke dingen te doen.,"{""c"":""Deze man vroeg me om vreselijke dingen te doen.""}",Deze man vroeg me om vreselijke dingen te doen.,True,1,0,True,True,False,True,,True,,True,"{""reason"":""detector_match"",""detected"":""nl"",""confidence"":1.0}",True,[],[],True,,"{""errors"":[]}",True,[],True,1,0,True,True,False,100,100,1243,20,1263,,,803.13,1311,8,1319,0,0,1240.73
ecd3ac117766bf9e603b,265,deepseek-v3-2,managed-prompt,subtitle,en,nl,Just let me get a look at you!,Laat me je eens bekijken!,"{""c"":""Laat me je eens goed bekijken!""}",Laat me je eens goed bekijken!,True,1,0,True,True,False,True,,True,,True,"{""reason"":""detector_match"",""detected"":""nl"",""confidence"":1.0}",True,[],[],True,,"{""errors"":[]}",True,[],True,1,0,True,True,False,100,100,1243,14,1257,,,730.4,1304,8,1312,0,0,1224.82
118c800ffd321c4019df,266,deepseek-v3-2,managed-prompt,subtitle,en,nl,"Jesus, Sam.","O Jesus, Sam.","{""c"":""Jesus, Sam.""}","Jesus, Sam.",True,1,0,True,True,False,True,,True,,,"{""reason"":""detector_mismatch_uncertain"",""detected"":""id"",""confidence"":1.0}",True,[],"[{""code"":""source_copy_suspected""}]",True,,"{""errors"":[]}",True,[],True,1,0,True,True,False,97,97,1238,9,1247,,,692.64,1284,8,1292,0,0,1259.03
33d1fa21da5bf1bb99dc,267,deepseek-v3-2,managed-prompt,subtitle,en,nl,The tree's too heavy.,De boom is te zwaar.,"{""c"":""Die boom is te zwaar.""}",Die boom is te zwaar.,True,1,0,True,True,False,True,,True,,,"{""reason"":""detector_mismatch_uncertain"",""detected"":""af"",""confidence"":1.0}",True,[],[],True,,"{""errors"":[{""category"":""fluency"",""severity"":""minor""}]}",True,"[{""category"":""fluency"",""severity"":""minor""}]",True,1,0,True,True,False,97,97,1240,13,1253,,,864.13,1291,18,1309,0,0,1279.13
24235be06c8c74093000,268,deepseek-v3-2,managed-prompt,subtitle,en,nl,"Mama, stop.","Mama, stop.","{""c"":""Mama, stop.""}","Mama, stop.",True,1,0,True,True,False,True,,True,,,"{""reason"":""detector_inconclusive"",""detected"":""hr"",""confidence"":0.8571}",True,[],[],True,,"{""errors"":[]}",True,[],True,1,0,True,True,False,100,100,1239,10,1249,,,727.37,1286,8,1294,0,0,1255.16
33be56243fcb74625172,269,deepseek-v3-2,managed-prompt,subtitle,en,nl,"Aw, Grace is pretty upset about not being able to do this town photo.",Grace is echt van streek omdat ze dit stadsfoto projekt niet kan doen.,"{""c"":""Ach, Grace voelt zich best teleurgesteld dat ze die stadsfoto niet kan maken.""}","Ach, Grace voelt zich best teleurgesteld dat ze die stadsfoto niet kan maken.",True,1,0,True,True,False,True,,True,,True,"{""reason"":""detector_match"",""detected"":""nl"",""confidence"":1.0}",True,[],[],True,,"{""errors"":[]}",True,[],True,1,0,True,True,False,100,100,1250,28,1278,,,858.08,1331,8,1339,0,0,1130.92
05808ed1170a87dc3897,270,deepseek-v3-2,managed-prompt,subtitle,en,nb,How... How do we know who's won?,Hvordan vet vi hvem som vinner?,"{""c"":""Hvordan... Hvordan vet vi hvem som har vunnet?""}",Hvordan... Hvordan vet vi hvem som har vunnet?,True,1,0,True,True,False,True,,True,,True,"{""reason"":""detector_match"",""detected"":""no"",""confidence"":1.0}",True,[],[],True,,"{""errors"":[]}",True,[],True,1,0,True,True,False,100,100,1244,22,1266,,,803.95,1313,8,1321,0,0,1091.56
cf2dc0cf78f3aa8c602b,271,deepseek-v3-2,managed-prompt,subtitle,en,nb,"Come, Sonja!","Kom, Sonja!","{""c"":""Kom, Sonja!""}","Kom, Sonja!",True,1,0,True,True,False,True,,True,,,"{""reason"":""detector_mismatch_uncertain"",""detected"":""hr"",""confidence"":1.0}",True,[],[],True,,"{""errors"":[]}",True,[],True,1,0,True,True,False,100,100,1239,10,1249,,,676.51,1291,8,1299,0,0,988.73
17b9bd05188561b462c1,272,deepseek-v3-2,managed-prompt,subtitle,en,nb,"Dad, by the time you get back from your business trip, I'll be in South Africa.","Pappa, når du kommer tilbake fra forretningsreisen, er jeg i Sør-Afrika.","{""c"":""Pappa, når du kommer tilbake fra forretningsreisen din, vil jeg være i Sør-Afrika.""}","Pappa, når du kommer tilbake fra forretningsreisen din, vil jeg være i Sør-Afrika.",True,1,0,True,True,False,True,,True,,True,"{""reason"":""detector_match"",""detected"":""no"",""confidence"":1.0}",True,[],[],True,,"{""errors"":[]}",True,[],True,1,0,True,True,False,100,100,1254,32,1286,,,858.36,1345,8,1353,0,0,1338.81
c07b1c81631fe9ef86bf,273,deepseek-v3-2,managed-prompt,subtitle,en,nb,With all of us trapped under this thing? Isn't it? You don't know that.,- Med oss alle fanget under denne tingen?,"{""c"":""Med alle oss fanget under denne greia? Er ikke det? Det vet du ikke.""}",Med alle oss fanget under denne greia? Er ikke det? Det vet du ikke.,True,1,0,True,True,False,True,,True,,True,"{""reason"":""detector_match"",""detected"":""no"",""confidence"":1.0}",True,[],[],True,,"{""errors"":[]}",True,[],True,1,0,True,True,False,100,100,1253,25,1278,,,871.77,1324,8,1332,0,0,1320.33
f7acbe6815ce58ea6a82,274,deepseek-v3-2,managed-prompt,subtitle,en,nb,The undead surround me.,De udøde omgir meg.,"{""c"":""De udøde omringer meg.""}",De udøde omringer meg.,True,1,0,True,True,False,True,,True,,,"{""reason"":""detector_mismatch_uncertain"",""detected"":""da"",""confidence"":1.0}",True,[],[],True,,"{""errors"":[]}",True,[],True,1,0,True,True,False,100,100,1240,13,1253,,,699.72,1295,8,1303,0,0,1266.17
2ee7bf51eac3cebbc015,275,deepseek-v3-2,managed-prompt,subtitle,en,nb,Please help me find her.,Hjelp meg med å finne henne.,"{""c"":""Vær så snill, hjelp meg å finne henne.""}","Vær så snill, hjelp meg å finne henne.",True,1,0,True,True,False,True,,True,,True,"{""reason"":""detector_match"",""detected"":""no"",""confidence"":1.0}",True,[],[],True,,"{""errors"":[]}",True,[],True,1,0,True,True,False,100,100,1240,21,1261,,,1109.03,1306,8,1314,0,0,1238.09
79a8f4e4c9d021cfaa97,276,deepseek-v3-2,managed-prompt,subtitle,en,nb,Some have grown a bit since last time.,Noen har vokset litt siden sist.,"{""c"":""Noen har vokst seg litt siden sist.""}",Noen har vokst seg litt siden sist.,True,1,0,True,True,False,True,,True,,True,"{""reason"":""detector_match"",""detected"":""no"",""confidence"":1.0}",True,[],[],True,,"{""errors"":[]}",True,[],True,1,0,True,True,False,100,100,1243,16,1259,,,976.88,1307,8,1315,0,0,1224.6
243b412443173ed5fcdd,277,deepseek-v3-2,managed-prompt,subtitle,en,nb,So if anybody knows what happened to ronnie...,Så hvis noen vet hva som skjedde med Ronnie...,"{""c"":""Så hvis noen vet hva som skjedde med tanteidol ronnie...""}",Så hvis noen vet hva som skjedde med tanteidol ronnie...,True,1,0,True,True,False,True,,True,,True,"{""reason"":""detector_match"",""detected"":""no"",""confidence"":1.0}",True,[],[],True,,"{""errors"":[{""category"":""accuracy"",""severity"":""major""}]}",False,"[{""category"":""accuracy"",""severity"":""major""}]",True,1,0,True,True,False,85,85,1245,27,1272,,,1675.1,1321,17,1338,0,0,1332.53
e7255be1cea67e153d12,278,deepseek-v3-2,managed-prompt,subtitle,en,nb,- I'm sorry.,Beklager.,"{""c"":""Beklager.""}",Beklager.,True,1,0,True,True,False,True,,True,,True,"{""reason"":""detector_match"",""detected"":""no"",""confidence"":1.0}",True,[],[],True,,"{""errors"":[]}",True,[],True,1,0,True,True,False,100,100,1239,10,1249,,,818.68,1286,8,1294,0,0,1261.2
77d21bedb57bd81bdfe6,279,deepseek-v3-2,managed-prompt,subtitle,en,nb,"No, Inspector.","Nei , Inspector .","{""c"":""Nei, Inspektør.""}","Nei, Inspektør.",True,1,0,True,True,False,True,,True,,True,"{""reason"":""detector_match"",""detected"":""no"",""confidence"":1.0}",True,[],[],True,,"{""errors"":[{""category"":""terminology"",""severity"":""minor""}]}",True,"[{""category"":""terminology"",""severity"":""minor""}]",True,1,0,True,True,False,97,97,1238,12,1250,,,802.99,1289,17,1306,0,0,1275.52
c76483f4c7bb3fe4488f,280,deepseek-v3-2,managed-prompt,subtitle,es,da,"Hijo, ¡no vas a creerlo!","Knægt, du vil ikke tro det.","{""c"":""Søn, det kommer du ikke til at tro på!""}","Søn, det kommer du ikke til at tro på!",True,1,0,True,True,False,True,,True,,True,"{""reason"":""detector_match"",""detected"":""da"",""confidence"":0.9897}",True,[],[],True,,"{""errors"":[]}",True,[],True,1,0,True,True,False,100,100,1245,17,1262,,,749.83,1310,8,1318,0,0,1131.5
793864f855af5bf9c351,281,deepseek-v3-2,managed-prompt,subtitle,es,da,¡Papi!,Far!,"{""c"":""Papi!.""}",Papi!.,True,1,0,True,True,False,True,,True,,,"{""reason"":""too_short_for_language_detection"",""detected"":null,""confidence"":null}",True,[],[],True,,"{""errors"":[{""category"":""accuracy"",""severity"":""major""},{""category"":""fluency"",""severity"":""minor""}]}",False,"[{""category"":""accuracy"",""severity"":""major""},{""category"":""fluency"",""severity"":""minor""}]",True,1,0,True,True,False,82,82,1238,9,1247,,,788.36,1284,27,1311,0,0,1407.2
3a7f24c8eab327b1605f,282,deepseek-v3-2,managed-prompt,subtitle,es,da,"¡Laurie, cállate! ¿Sabes lo que hará Ethan si tiene oportunidad?","Ved du, hvad Ethan vil gøre, hvis han får chancen?","{""c"":""Laurie, ti stille! Ved du, hvad Ethan vil gøre, hvis han får chancen?""}","Laurie, ti stille! Ved du, hvad Ethan vil gøre, hvis han får chancen?",True,1,0,True,True,False,True,,True,,True,"{""reason"":""detector_match"",""detected"":""da"",""confidence"":1.0}",True,[],[],True,,"{""errors"":[{""category"":""accuracy"",""severity"":""major""}]}",False,"[{""category"":""accuracy"",""severity"":""major""}]",True,1,0,True,True,False,85,85,1256,33,1289,,,889.8,1348,17,1365,0,0,1183.6
11dcc29e394016cd514c,283,deepseek-v3-2,managed-prompt,subtitle,es,da,Menos mal que tienes el pelo largo,"Godt, du har langt hår.","{""c"":""Det er da godt, at du har langt hår""}","Det er da godt, at du har langt hår",True,1,0,True,True,False,True,,True,,True,"{""reason"":""detector_match"",""detected"":""da"",""confidence"":1.0}",True,[],[],True,,"{""errors"":[]}",True,[],True,1,0,True,True,False,100,100,1243,18,1261,,,1299.73,1306,8,1314,0,0,1264.44
eccecda61cc0dd3e79f8,284,deepseek-v3-2,managed-prompt,subtitle,es,da,- Rechazó el tratamiento.,- Hun afslår behandling.,"{""c"":""- Afviste behandlingen.""}",- Afviste behandlingen.,True,1,0,True,True,False,True,,True,,,"{""reason"":""detector_inconclusive"",""detected"":""af"",""confidence"":0.7143}",True,[],[],True,,"{""errors"":[{""category"":""accuracy"",""severity"":""minor""}]}",True,"[{""category"":""accuracy"",""severity"":""minor""}]",True,1,0,True,True,False,97,97,1242,12,1254,,,703.21,1296,17,1313,0,0,1285.8
701f0169def72083f496,285,deepseek-v3-2,managed-prompt,subtitle,es,da,"- ¡Bien, sí! Auténtico. Está fuera de la ciudad, pero...","Det ligger lidt uden for byen, men...","{""c"":""- Godt, ja! Ægte. Han er uden for byen, men...""}","- Godt, ja! Ægte. Han er uden for byen, men...",True,1,0,True,True,False,True,,True,,True,"{""reason"":""detector_match"",""detected"":""da"",""confidence"":1.0}",True,[],[],True,,"{""errors"":[{""category"":""accuracy"",""severity"":""major""}]}",False,"[{""category"":""accuracy"",""severity"":""major""}]",True,1,0,True,True,False,85,85,1254,24,1278,,,817.34,1327,19,1346,0,0,1328.18
0894586fa86c8730d211,286,deepseek-v3-2,managed-prompt,subtitle,es,da,¿Es él?,Er det ham?,"{""c"":""Er det ham?""}",Er det ham?,True,1,0,True,True,False,True,,True,,,"{""reason"":""detector_inconclusive"",""detected"":""de"",""confidence"":0.8571}",True,[],[],True,,"{""errors"":[]}",True,[],True,1,0,True,True,False,100,100,1238,9,1247,,,702.9,1286,8,1294,0,0,1333.72
bf868f3f25ce46675f0e,287,deepseek-v3-2,managed-prompt,subtitle,es,da,"Lo siento, pero esto no está funcionando.","Jeg er ked af det, men det her går ikke.","{""c"":""Undskyld, men det fungerer ikke.""}","Undskyld, men det fungerer ikke.",True,1,0,True,True,False,True,,True,,True,"{""reason"":""detector_match"",""detected"":""da"",""confidence"":1.0}",True,[],[],True,,"{""errors"":[]}",True,[],True,1,0,True,True,False,100,100,1245,16,1261,,,771.53,1308,8,1316,0,0,1243.98
f41af4378b605df1875b,288,deepseek-v3-2,managed-prompt,subtitle,es,da,Y soy muy bueno con mis manos.,Og jeg er dy gtig med hænderne.,"{""c"":""Og jeg er meget god med mine hænder.""}",Og jeg er meget god med mine hænder.,True,1,0,True,True,False,True,,True,,True,"{""reason"":""detector_match"",""detected"":""da"",""confidence"":1.0}",True,[],[],True,,"{""errors"":[]}",True,[],True,1,0,True,True,False,100,100,1243,17,1260,,,1144.54,1306,8,1314,0,0,1225.56
dc384bb8ad7a8ffc15f5,289,deepseek-v3-2,managed-prompt,subtitle,es,da,"Ves, es que estamos ocupados.",Vi har travlt.,"{""c"":""Ves, vi er bare optaget.""}","Ves, vi er bare optaget.",True,1,0,True,True,False,True,,True,,True,"{""reason"":""detector_match"",""detected"":""da"",""confidence"":1.0}",True,[],[],True,,"{""errors"":[{""category"":""accuracy"",""severity"":""minor""},{""category"":""fluency"",""severity"":""minor""}]}",True,"[{""category"":""accuracy"",""severity"":""minor""},{""category"":""fluency"",""severity"":""minor""}]",True,1,0,True,True,False,94,94,1243,14,1257,,,953.37,1297,27,1324,0,0,1338.88
e0e8979b296a3cbbed80,290,deepseek-v3-2,managed-prompt,subtitle,es,de,¿Qué te dijo?,Was hat sie dir gesagt?,"{""c"":""Was hat sie gesagt?""}",Was hat sie gesagt?,True,1,0,True,True,False,True,,True,,,"{""reason"":""detector_inconclusive"",""detected"":""af"",""confidence"":0.8571}",True,[],[],True,,"{""errors"":[{""category"":""accuracy"",""severity"":""minor""}]}",True,"[{""category"":""accuracy"",""severity"":""minor""}]",True,1,0,True,True,False,97,97,1239,11,1250,,,902.08,1295,17,1312,0,0,1292.33
889da38634cbabdbce76,291,deepseek-v3-2,managed-prompt,subtitle,es,de,- ¿Qué significa eso?,- Was heißt das?,"{""c"":""- Was bedeutet das?""}",- Was bedeutet das?,True,1,0,True,True,False,True,,True,,True,"{""reason"":""detector_match"",""detected"":""de"",""confidence"":1.0}",True,[],[],True,,"{""errors"":[]}",True,[],True,1,0,True,True,False,100,100,1240,10,1250,,,827.6,1297,8,1305,0,0,1213.11
6abc2461948da32a06e3,292,deepseek-v3-2,managed-prompt,subtitle,es,de,"Bueno, probémoslo.",Prüfen wir es.,"{""c"":""Okay, lass es uns versuchen.""}","Okay, lass es uns versuchen.",True,1,0,True,True,False,True,,True,,True,"{""reason"":""detector_match"",""detected"":""de"",""confidence"":0.8571}",True,[],[],True,,"{""errors"":[]}",True,[],True,1,0,True,True,False,100,100,1243,14,1257,,,800.07,1299,8,1307,0,0,1593.9
2eec2ee0805f7102ed3c,293,deepseek-v3-2,managed-prompt,subtitle,es,de,-¿Frank?,- Frank?,"{""c"":""-¿Frank?""}",-¿Frank?,True,1,0,True,True,False,True,,True,,,"{""reason"":""too_short_for_language_detection"",""detected"":null,""confidence"":null}",True,[],"[{""code"":""source_copy_suspected""}]",True,,"{""errors"":[{""category"":""preservation"",""severity"":""minor""}]}",True,"[{""category"":""preservation"",""severity"":""minor""}]",True,1,0,True,True,False,94,94,1238,9,1247,,,796.86,1284,17,1301,0,0,1335.12
08f269f373bb9608ddf4,294,deepseek-v3-2,managed-prompt,subtitle,es,de,¿Tienes algún problema?,Hast du 'n Problem?,"{""c"":""Hast du ein Problem?""}",Hast du ein Problem?,True,1,0,True,True,False,True,,True,,True,"{""reason"":""detector_match"",""detected"":""de"",""confidence"":0.8571}",True,[],[],True,,"{""errors"":[]}",True,[],True,1,0,True,True,False,100,100,1241,11,1252,,,773.9,1298,8,1306,0,0,1154.31
d5fc9c7a803b56a4329d,295,deepseek-v3-2,managed-prompt,subtitle,es,de,La misma tía Rosamund dijo que no sabía qué pensar de ello.,"Tante Rosamund sagte selbst, dass sie nicht weiß, was sie davon halten soll.","{""c"":""Dieselbe Tante Rosamund sagte, sie wisse nicht, was sie davon halten solle.""}","Dieselbe Tante Rosamund sagte, sie wisse nicht, was sie davon halten solle.",True,1,0,True,True,False,True,,True,,,"{""reason"":""detector_inconclusive"",""detected"":""af"",""confidence"":0.7143}",True,[],[],True,,"{""errors"":[]}",True,[],True,1,0,True,True,False,100,100,1251,27,1278,,,926.45,1350,8,1358,0,0,1271.08
a509f8ec87cac3ee7444,296,deepseek-v3-2,managed-prompt,subtitle,es,de,Pensábamos que Byron y Ike llegaron al Portal 10 de forma simultánea.,Wir dachten dass Byron und Ike gleichzeitig am Portal zehn ankamen.,"{""c"":""Wir dachten, Byron und Ike hätten das Portal 10 gleichzeitig erreicht.""}","Wir dachten, Byron und Ike hätten das Portal 10 gleichzeitig erreicht.",True,1,0,True,True,False,True,,True,,True,"{""reason"":""detector_match"",""detected"":""de"",""confidence"":1.0}",True,[],[],True,,"{""errors"":[]}",True,[],True,1,0,True,True,False,100,100,1254,23,1277,,,1118.76,1343,8,1351,0,0,1318.24
b216666f17c1e86839e1,297,deepseek-v3-2,managed-prompt,subtitle,es,de,Quizás Conley realmente fue le va a dar el dinero para pagar el corredor de apuestas.,"Vielleicht wollte ihm Conley wirklich das Geld geben, um den Buchmacher auszuzahlen.","{""c"":""Vielleicht gibt Conley dem Geld wirklich den Lauf, den er braucht, um den Buchmacher zu bezahlen.""}","Vielleicht gibt Conley dem Geld wirklich den Lauf, den er braucht, um den Buchmacher zu bezahlen.",True,1,0,True,True,False,True,,True,,True,"{""reason"":""detector_match"",""detected"":""de"",""confidence"":1.0}",True,[],[],True,,"{""errors"":[{""category"":""accuracy"",""severity"":""major""},{""category"":""fluency"",""severity"":""major""}]}",False,"[{""category"":""accuracy"",""severity"":""major""},{""category"":""fluency"",""severity"":""major""}]",True,1,0,True,True,False,70,70,1257,32,1289,,,1248.16,1371,29,1400,0,0,1666.01
7d80f98c1c2cd8e77048,298,deepseek-v3-2,managed-prompt,subtitle,es,de,No es que crea que es Ud. un agente alemán.,"Nicht, weil ich Sie für eine deutsche Agentin hielt.","{""c"":""Es ist nicht so, dass ich glaube, Sie sind ein deutscher Agent.""}","Es ist nicht so, dass ich glaube, Sie sind ein deutscher Agent.",True,1,0,True,True,False,True,,True,,True,"{""reason"":""detector_match"",""detected"":""de"",""confidence"":1.0}",True,[],[],True,,"{""errors"":[]}",True,[],True,1,0,True,True,False,100,100,1249,22,1271,,,1336.66,1320,8,1328,0,0,1147.95
49a02625fb5af0c440ef,299,deepseek-v3-2,managed-prompt,subtitle,es,de,Hans estaba borracho y me tiró a la piscina.,Hans hat mich betrunken in den Pool geworfen.,"{""c"":""Hans war betrunken und warf mich in den Pool.""}",Hans war betrunken und warf mich in den Pool.,True,1,0,True,True,False,True,,True,,True,"{""reason"":""detector_match"",""detected"":""de"",""confidence"":1.0}",True,[],[],True,,"{""errors"":[]}",True,[],True,1,0,True,True,False,100,100,1249,18,1267,,,971.76,1315,8,1323,0,0,1192.65
9aa90d245038aabf5aa0,300,deepseek-v3-2,managed-prompt,subtitle,es,en,Pero ahora...,But now...,"{""c"":""But now...""}",But now...,True,1,0,True,True,False,True,,True,,,"{""reason"":""too_short_for_language_detection"",""detected"":null,""confidence"":null}",True,[],[],True,,"{""errors"":[]}",True,[],True,1,0,True,True,False,100,100,1237,8,1245,,,938.56,1284,8,1292,0,0,1259.51
2359a1f24bee010a5a19,301,deepseek-v3-2,managed-prompt,subtitle,es,en,- ¿Estás seguro?,- Are you sure ?,"{""c"":""- Are you sure?""}",- Are you sure?,True,1,0,True,True,False,True,,True,,,"{""reason"":""detector_mismatch_uncertain"",""detected"":""fr"",""confidence"":1.0}",True,[],[],True,,"{""errors"":[]}",True,[],True,1,0,True,True,False,100,100,1240,10,1250,,,686.83,1294,8,1302,0,0,1154.69
3fa762d59e23f8e54778,302,deepseek-v3-2,managed-prompt,subtitle,es,en,Entonces olvídalo.,Then forget it.,"{""c"":""Then forget it.""}",Then forget it.,True,1,0,True,True,False,True,,True,,,"{""reason"":""detector_inconclusive"",""detected"":""da"",""confidence"":0.7143}",True,[],[],True,,"{""errors"":[]}",True,[],True,1,0,True,True,False,100,100,1241,9,1250,,,778.72,1286,8,1294,0,0,1164.02
3e1c78c335db8b18e7cd,303,deepseek-v3-2,managed-prompt,subtitle,es,en,"Hay una razón que no es Vermont, que no tenemos hijos, y de que usted no es el alcalde.","There's a reason that this is not Vermont, that we don't have kids, and that you are not the mayor.","{""c"":""There's a reason it's not Vermont, that we don't have children, and that you're not the mayor.""}","There's a reason it's not Vermont, that we don't have children, and that you're not the mayor.",True,1,0,True,True,False,True,,True,,True,"{""reason"":""detector_match"",""detected"":""en"",""confidence"":1.0}",True,[],[],True,,"{""errors"":[]}",True,[],True,1,0,True,True,False,100,100,1258,29,1287,,,840.01,1348,8,1356,0,0,1220.71
f70ef9509cc0d9cd0332,304,deepseek-v3-2,managed-prompt,subtitle,es,en,Aquí.,Here.,"{""c"":""Here.""}",Here.,True,1,0,True,True,False,True,,True,,,"{""reason"":""too_short_for_language_detection"",""detected"":null,""confidence"":null}",True,[],[],True,,"{""errors"":[]}",True,[],True,1,0,True,True,False,100,100,1237,7,1244,,,683.22,1279,8,1287,0,0,1350.19
beff480996be0bcbb97b,305,deepseek-v3-2,managed-prompt,subtitle,es,en,"Sí, estaba en ese callejón con Bobby.","Yeah, I was in that alley with Bobby.","{""c"":""Yeah, I was in that alley with Bobby.""}","Yeah, I was in that alley with Bobby.",True,1,0,True,True,False,True,,True,,True,"{""reason"":""detector_match"",""detected"":""en"",""confidence"":1.0}",True,[],[],True,,"{""errors"":[]}",True,[],True,1,0,True,True,False,100,100,1247,15,1262,,,753.1,1307,8,1315,0,0,1348.17
0689bebc009e6c331eb4,306,deepseek-v3-2,managed-prompt,subtitle,es,en,"Zokka vámonos pero aun no sabemos cuando sucederá el siguiente eclipse no seas estúpido lo averiguaremos después no, no lo haremos si abandonamos este lugar nunca lo sabremos","Sokka, let's go! But we still don't know when the next eclipse is gonna happen. Don't be stupid, we'll find out later.","{""c"":""Zokka let's go but we still don't know when the next eclipse will happen don't be stupid we'll find out later no, we won't if we leave this place we'll never know""}","Zokka let's go but we still don't know when the next eclipse will happen don't be stupid we'll find out later no, we won't if we leave this place we'll never know",True,1,0,True,True,False,True,,True,,True,"{""reason"":""detector_match"",""detected"":""en"",""confidence"":1.0}",True,[],[],True,,"{""errors"":[{""category"":""preservation"",""severity"":""minor""}]}",True,"[{""category"":""preservation"",""severity"":""minor""}]",True,1,0,True,True,False,97,97,1278,45,1323,,,1426.71,1397,17,1414,0,0,1992.65
bb7ee721119809652dbc,307,deepseek-v3-2,managed-prompt,subtitle,es,en,"Cariño, no quieres hacer esto.","Honey, you don't wanna do this.","{""c"":""Hey, you don't want to do this.""}","Hey, you don't want to do this.",True,1,0,True,True,False,True,,True,,True,"{""reason"":""detector_match"",""detected"":""en"",""confidence"":1.0}",True,[],[],True,,"{""errors"":[{""category"":""tone"",""severity"":""minor""}]}",True,"[{""category"":""tone"",""severity"":""minor""}]",True,1,0,True,True,False,97,97,1244,15,1259,,,865.16,1304,17,1321,0,0,1333.21
ca0bea6700e52e569ea7,308,deepseek-v3-2,managed-prompt,subtitle,es,en,- ¿A dónde escapas?,~ Where are you going?,"{""c"":""Where are you running off to?""}",Where are you running off to?,True,1,0,True,True,False,True,,True,,True,"{""reason"":""detector_match"",""detected"":""en"",""confidence"":1.0}",True,[],[],True,,"{""errors"":[]}",True,[],True,1,0,True,True,False,100,100,1242,12,1254,,,757.48,1297,8,1305,0,0,1268.23
6e7591e56921fd97b1d9,309,deepseek-v3-2,managed-prompt,subtitle,es,en,Te ves como un pequeño robot.,You look like a cool little robot.,"{""c"":""You look like a little robot.""}",You look like a little robot.,True,1,0,True,True,False,True,,True,,,"{""reason"":""detector_mismatch_uncertain"",""detected"":""et"",""confidence"":1.0}",True,[],[],True,,"{""errors"":[]}",True,[],True,1,0,True,True,False,100,100,1241,12,1253,,,698.32,1295,8,1303,0,0,1237.68
f1ad944a02e82d1829e5,310,deepseek-v3-2,managed-prompt,subtitle,es,fr,"Dios mío, cómo bebe esta gente.","Mon Dieu, ils boivent beaucoup.","{""c"":""Mon Dieu, comme ces gens boivent.""}","Mon Dieu, comme ces gens boivent.",True,1,0,True,True,False,True,,True,,True,"{""reason"":""detector_match"",""detected"":""fr"",""confidence"":1.0}",True,[],[],True,,"{""errors"":[]}",True,[],True,1,0,True,True,False,100,100,1245,14,1259,,,902.96,1312,8,1320,0,0,1311.85
4692944c28e33bc312f8,311,deepseek-v3-2,managed-prompt,subtitle,es,fr,Tú no sabes nada sobre Serena.,Tu ne sais rien du tout à propos de Serena.,"{""c"":""Tu ne sais rien de Serena.""}",Tu ne sais rien de Serena.,True,1,0,True,True,False,True,,True,,True,"{""reason"":""detector_match"",""detected"":""fr"",""confidence"":1.0}",True,[],[],True,,"{""errors"":[]}",True,[],True,1,0,True,True,False,100,100,1243,12,1255,,,1100.59,1311,8,1319,0,0,1240.22
d65f6ef8738f4f67a615,312,deepseek-v3-2,managed-prompt,subtitle,es,fr,Espera.,Attends-moi.,"{""c"":""Attendez.""}",Attendez.,True,1,0,True,True,False,True,,True,,,"{""reason"":""detector_inconclusive"",""detected"":""de"",""confidence"":0.5714}",True,[],[],True,,"{""errors"":[{""category"":""accuracy"",""severity"":""minor""}]}",True,"[{""category"":""accuracy"",""severity"":""minor""}]",True,1,0,True,True,False,97,97,1238,8,1246,,,858.85,1286,17,1303,0,0,1325.47
8507d1bcb798523c5c42,313,deepseek-v3-2,managed-prompt,subtitle,es,fr,"Shelly, teléfono.","Shelly, téléphone.","{""c"":""Shelly, téléphone.""}","Shelly, téléphone.",True,1,0,True,True,False,True,,True,,,"{""reason"":""detector_inconclusive"",""detected"":""fr"",""confidence"":0.5714}",True,[],[],True,,"{""errors"":[]}",True,[],True,1,0,True,True,False,100,100,1241,11,1252,,,717.19,1296,8,1304,0,0,1322.48
0b348e653f3156c4d474,314,deepseek-v3-2,managed-prompt,subtitle,es,fr,"Dejaste Las Vegas a las 3:30, condujiste por la I-40 sin parar, llegaste a Oklahoma City en 24 horas, Clinton en 23.","Tu quittes Las Vegas à 3h30, tu prends la I-40 sans t'arrêter, tu atteins Oklahoma City en 24 heures, Clinton en 23.","{""c"":""Vous avez quitté Las Vegas à 3h30, roulé sur l'I-40 sans vous arrêter, êtes arrivé à Oklahoma City en 24 heures, Clinton en 23.""}","Vous avez quitté Las Vegas à 3h30, roulé sur l'I-40 sans vous arrêter, êtes arrivé à Oklahoma City en 24 heures, Clinton en 23.",True,1,0,True,True,False,True,,True,,True,"{""reason"":""detector_match"",""detected"":""fr"",""confidence"":1.0}",True,[],[],True,,"{""errors"":[{""category"":""tone"",""severity"":""minor""}]}",True,"[{""category"":""tone"",""severity"":""minor""}]",True,1,0,True,True,False,97,97,1273,48,1321,,,999.91,1409,17,1426,0,0,1313.83
8c61e4ede8d9127dfb2c,315,deepseek-v3-2,managed-prompt,subtitle,es,fr,Yo tenía siete años.,Je avais sept ans.,"{""c"":""J'avais sept ans.""}",J'avais sept ans.,True,1,0,True,True,False,True,,True,,True,"{""reason"":""detector_match"",""detected"":""fr"",""confidence"":1.0}",True,[],[],True,,"{""errors"":[]}",True,[],True,1,0,True,True,False,100,100,1239,11,1250,,,707.03,1292,8,1300,0,0,1225.75
4698ec7c640d81c56bca,316,deepseek-v3-2,managed-prompt,subtitle,es,fr,¿La Sra. Grubach?,Mlle Grubach ?,"{""c"":""Madame Grubach ?""}",Madame Grubach ?,True,1,0,True,True,False,True,,True,,,"{""reason"":""detector_inconclusive"",""detected"":""de"",""confidence"":0.8571}",True,[],[],True,,"{""errors"":[{""category"":""accuracy"",""severity"":""major""}]}",False,"[{""category"":""accuracy"",""severity"":""major""}]",True,1,0,True,True,False,85,85,1243,11,1254,,,704.37,1299,19,1318,0,0,1426.82
0e7bb0a9c7c90ee28ef5,317,deepseek-v3-2,managed-prompt,subtitle,es,fr,Estaré fuera varios días.,Je pense que je serai parti pendant quelques jours.,"{""c"":""Je serai absente pendant plusieurs jours.""}",Je serai absente pendant plusieurs jours.,True,1,0,True,True,False,True,,True,,True,"{""reason"":""detector_match"",""detected"":""fr"",""confidence"":1.0}",True,[],[],True,,"{""errors"":[]}",True,[],True,1,0,True,True,False,100,100,1240,14,1254,,,877.3,1304,8,1312,0,0,1261.61
88e9a1b1e8823e19c204,318,deepseek-v3-2,managed-prompt,subtitle,es,fr,Lo ha hecho Victoria.,C'est Victoria.,"{""c"":""Victoria a réussi.""}",Victoria a réussi.,True,1,0,True,True,False,True,,True,,,"{""reason"":""detector_inconclusive"",""detected"":""ca"",""confidence"":0.8571}",True,[],[],True,,"{""errors"":[{""category"":""accuracy"",""severity"":""major""}]}",False,"[{""category"":""accuracy"",""severity"":""major""}]",True,1,0,True,True,False,85,85,1239,10,1249,,,706.02,1288,17,1305,0,0,1283.78
8150d764917dcd66487b,319,deepseek-v3-2,managed-prompt,subtitle,es,fr,Y tú sabes que las entrañas de una mujer nunca se equivocan.,Et les tripes d'une femme ne se trompent jamais.,"{""c"":""Et tu sais que l'intuition d'une femme ne se trompe jamais.""}",Et tu sais que l'intuition d'une femme ne se trompe jamais.,True,1,0,True,True,False,True,,True,,True,"{""reason"":""detector_match"",""detected"":""fr"",""confidence"":1.0}",True,[],[],True,,"{""errors"":[{""category"":""accuracy"",""severity"":""minor""}]}",True,"[{""category"":""accuracy"",""severity"":""minor""}]",True,1,0,True,True,False,97,97,1251,22,1273,,,1131.78,1332,17,1349,0,0,1166.4
aee68e2d2af8ccac85c1,320,deepseek-v3-2,managed-prompt,subtitle,es,it,"- Soy yo, Mac.","- Sono io, Mac.","{""c"":""- Sono io, Mac.""}","- Sono io, Mac.",True,1,0,True,True,False,True,,True,,True,"{""reason"":""detector_match"",""detected"":""it"",""confidence"":1.0}",True,[],[],True,,"{""errors"":[]}",True,[],True,1,0,True,True,False,100,100,1240,11,1251,,,690.71,1293,8,1301,0,0,1277.48
a5ea1a246458b001e089,321,deepseek-v3-2,managed-prompt,subtitle,es,it,Apuesto a que algunos huirían a Tasmania.,Scommetto che alcune persone sono fuggite in Tasmania.,"{""c"":""Scommetto che alcuni scapperebbero in Tasmania.""}",Scommetto che alcuni scapperebbero in Tasmania.,True,1,0,True,True,False,True,,True,,True,"{""reason"":""detector_match"",""detected"":""it"",""confidence"":1.0}",True,[],[],True,,"{""errors"":[]}",True,[],True,1,0,True,True,False,100,100,1245,18,1263,,,965.01,1313,8,1321,0,0,1281.9
170ef3f9d3c5df5f1076,322,deepseek-v3-2,managed-prompt,subtitle,es,it,Jackson fue nombrado capitán del equipo de futbol. Y el tobillo de Dale está mejor.,"Jackson e' diventato capitano della squadra di calcio, la caviglia di Dale va meglio.","{""c"":""Jackson stato nominato capitano della squadra di calcio. E la caviglia di Dale sta meglio.""}",Jackson stato nominato capitano della squadra di calcio. E la caviglia di Dale sta meglio.,True,1,0,True,True,False,True,,True,,True,"{""reason"":""detector_match"",""detected"":""it"",""confidence"":1.0}",True,[],[],True,,"{""errors"":[{""category"":""fluency"",""severity"":""critical""}]}",False,"[{""category"":""fluency"",""severity"":""critical""}]",True,1,0,True,True,False,60,60,1254,28,1282,,,1110.93,1340,18,1358,0,0,1332.44
590a820762695e841e13,323,deepseek-v3-2,managed-prompt,subtitle,es,it,- ¿Desde cuándo lo sabes?,- E da quando lo sai?,"{""c"":""Da quanto tempo lo sai?""}",Da quanto tempo lo sai?,True,1,0,True,True,False,True,,True,,True,"{""reason"":""detector_match"",""detected"":""it"",""confidence"":1.0}",True,[],[],True,,"{""errors"":[{""category"":""preservation"",""severity"":""minor""}]}",True,"[{""category"":""preservation"",""severity"":""minor""}]",True,1,0,True,True,False,97,97,1244,11,1255,,,864.22,1301,17,1318,0,0,1246.7
0fd2262ae70b2dcf0ba4,324,deepseek-v3-2,managed-prompt,subtitle,es,it,"-No, perfecto!",-No! Brillante!,"{""c"":""- No, perfetto!""}","- No, perfetto!",True,1,0,True,True,False,True,,True,,True,"{""reason"":""detector_match"",""detected"":""it"",""confidence"":1.0}",True,[],[],True,,"{""errors"":[]}",True,[],True,1,0,True,True,False,100,100,1240,11,1251,,,934.75,1288,8,1296,0,0,1145.23
74b303029f01c856af82,325,deepseek-v3-2,managed-prompt,subtitle,es,it,- ¿De qué hablas?,Di che parli?,"{""c"":""- Di cosa stai parlando?""}",- Di cosa stai parlando?,True,1,0,True,True,False,True,,True,,True,"{""reason"":""detector_match"",""detected"":""it"",""confidence"":1.0}",True,[],[],True,,"{""errors"":[]}",True,[],True,1,0,True,True,False,100,100,1241,13,1254,,,992.85,1296,8,1304,0,0,1203.66
a419fd4983d51825f336,326,deepseek-v3-2,managed-prompt,subtitle,es,it,"Mira, sólo quiero que no te sientas decepcionado cuando no nieve.","Senti, e' solo che non voglio vederti deluso quando non nevichera'.","{""c"":""Senti, non voglio che tu sia deluso quando non nevicherà.""}","Senti, non voglio che tu sia deluso quando non nevicherà.",True,1,0,True,True,False,True,,True,,True,"{""reason"":""detector_match"",""detected"":""it"",""confidence"":1.0}",True,[],[],True,,"{""errors"":[]}",True,[],True,1,0,True,True,False,100,100,1255,22,1277,,,792.51,1336,8,1344,0,0,1132.98
71a6f022847dfebebf05,327,deepseek-v3-2,managed-prompt,subtitle,es,it,La distancia,La distanza.,"{""c"":""La distanza""}",La distanza,True,1,0,True,True,False,True,,True,,True,"{""reason"":""detector_match"",""detected"":""it"",""confidence"":1.0}",True,[],[],True,,"{""errors"":[]}",True,[],True,1,0,True,True,False,100,100,1236,8,1244,,,658.84,1283,8,1291,0,0,1235.88
cc3a3255b78523efc2b1,328,deepseek-v3-2,managed-prompt,subtitle,es,it,Qué chistoso.,Che cosa buffa.,"{""c"":""Che ridere.""}",Che ridere.,True,1,0,True,True,False,True,,True,,,"{""reason"":""detector_mismatch_uncertain"",""detected"":""en"",""confidence"":1.0}",True,[],[],True,,"{""errors"":[]}",True,[],True,1,0,True,True,False,100,100,1239,9,1248,,,1531.45,1289,8,1297,0,0,1111.31
055db3ed7b63bc8ecc6d,329,deepseek-v3-2,managed-prompt,subtitle,es,it,- ¿Cuán estúpida puedes ser?,Quanto cazzo stupida sei a volte?,"{""c"":""- Quanto sei stupido?""}",- Quanto sei stupido?,True,1,0,True,True,False,True,,True,,True,"{""reason"":""detector_match"",""detected"":""it"",""confidence"":1.0}",True,[],[],True,,"{""errors"":[{""category"":""accuracy"",""severity"":""major""}]}",False,"[{""category"":""accuracy"",""severity"":""major""}]",True,1,0,True,True,False,85,85,1245,12,1257,,,694.22,1306,17,1323,0,0,1198.0
1f50dbdcfe2f8afcedb6,330,deepseek-v3-2,managed-prompt,subtitle,es,jp,¿Qué sucede cariño ¿No te gusto?,おい どうしてだよ 俺が好きだろ？,"{""c"":""どうしたの、お気に召さないの？""}",どうしたの、お気に召さないの？,True,1,0,True,True,False,True,,True,,True,"{""reason"":""target_script_present"",""detected"":""ja"",""confidence"":1.0}",True,[],[],True,,"{""errors"":[{""category"":""accuracy"",""severity"":""major""},{""category"":""tone"",""severity"":""major""}]}",False,"[{""category"":""accuracy"",""severity"":""major""},{""category"":""tone"",""severity"":""major""}]",True,1,0,True,True,False,70,70,1247,17,1264,,,927.22,1325,26,1351,0,0,1449.03
86dcac96ce1b89e8b757,331,deepseek-v3-2,managed-prompt,subtitle,es,jp,Yo también quiero verte.,私も会いたいわ,"{""c"":""私もあなたに会いたいです。""}",私もあなたに会いたいです。,True,1,0,True,True,False,True,,True,,True,"{""reason"":""target_script_present"",""detected"":""ja"",""confidence"":1.0}",True,[],[],True,,"{""errors"":[]}",True,[],True,1,0,True,True,False,100,100,1241,14,1255,,,738.47,1301,8,1309,0,0,1289.04
2d0945530f9d2297bb73,332,deepseek-v3-2,managed-prompt,subtitle,es,jp,La AAC viene de una mutación del gen APP.,ＣＡＡは　ＡＰＰ遺伝子の突然変異で 発生します,"{""c"":""La AAC は APP 遺伝子の突然変異に由来します。""}",La AAC は APP 遺伝子の突然変異に由来します。,True,1,0,True,True,False,True,,True,,True,"{""reason"":""target_script_present"",""detected"":""ja"",""confidence"":1.0}",True,[],[],True,,"{""errors"":[{""category"":""preservation"",""severity"":""minor""},{""category"":""fluency"",""severity"":""minor""}]}",True,"[{""category"":""preservation"",""severity"":""minor""},{""category"":""fluency"",""severity"":""minor""}]",True,1,0,True,True,False,94,94,1246,22,1268,,,1033.48,1344,27,1371,0,0,1320.92
3e274f58f7e859c1de18,333,deepseek-v3-2,managed-prompt,subtitle,es,jp,Yo también.,私も,"{""c"":""私も。""}",私も。,True,1,0,True,True,False,True,,True,,True,"{""reason"":""target_script_present"",""detected"":""ja"",""confidence"":1.0}",True,[],[],True,,"{""errors"":[]}",True,[],True,1,0,True,True,False,100,100,1238,8,1246,,,837.57,1282,8,1290,0,0,1130.67
9f5208f23b9078e7d7b6,334,deepseek-v3-2,managed-prompt,subtitle,es,jp,¡Ella está dentro!,彼女はそこだ！,"{""c"":""あの人は中にいるよ!""}",あの人は中にいるよ!,True,1,0,True,True,False,True,,True,,True,"{""reason"":""target_script_present"",""detected"":""ja"",""confidence"":1.0}",True,[],[],True,,"{""errors"":[{""category"":""accuracy"",""severity"":""minor""},{""category"":""preservation"",""severity"":""minor""}]}",True,"[{""category"":""accuracy"",""severity"":""minor""},{""category"":""preservation"",""severity"":""minor""}]",True,1,0,True,True,False,94,94,1241,13,1254,,,701.19,1299,26,1325,0,0,1383.87
30e323c424346a0e50d5,335,deepseek-v3-2,managed-prompt,subtitle,es,jp,Es un placer conocerlo.,お会いできて　光栄です！,"{""c"":""お会いできて光栄です。""}",お会いできて光栄です。,True,1,0,True,True,False,True,,True,,True,"{""reason"":""target_script_present"",""detected"":""ja"",""confidence"":1.0}",True,[],[],True,,"{""errors"":[]}",True,[],True,1,0,True,True,False,100,100,1242,14,1256,,,878.33,1302,8,1310,0,0,1167.64
bfeda1907b5ede92e13a,336,deepseek-v3-2,managed-prompt,subtitle,es,jp,En tercer lugar:,第３位,"{""c"":""3番目に：""}",3番目に：,True,1,0,True,True,False,True,,True,,True,"{""reason"":""target_script_present"",""detected"":""ja"",""confidence"":1.0}",True,[],"[{""code"":""number_not_exact"",""expected"":{},""actual"":{""3"":1}}]",True,,"{""errors"":[]}",True,[],True,1,0,True,True,False,97,97,1240,10,1250,,,815.59,1286,8,1294,0,0,1147.46
4f12c6be54eb4543229c,337,deepseek-v3-2,managed-prompt,subtitle,es,jp,"Debieron encerrarte hace mucho tiempo, para que pagaras por lo que has hecho.",彼らはずっと以前にあんたを監禁した 多分　あんたに代償を払わせた,"{""c"":""ずっと前にあなたを閉じ込めて罰を受けるべきだったのに。""}",ずっと前にあなたを閉じ込めて罰を受けるべきだったのに。,True,1,0,True,True,False,True,,True,,True,"{""reason"":""target_script_present"",""detected"":""ja"",""confidence"":1.0}",True,[],[],True,,"{""errors"":[{""category"":""accuracy"",""severity"":""major""}]}",False,"[{""category"":""accuracy"",""severity"":""major""}]",True,1,0,True,True,False,85,85,1255,21,1276,,,1071.87,1360,17,1377,0,0,1271.21
6a88f4d037939aa2cef7,338,deepseek-v3-2,managed-prompt,subtitle,es,jp,¿Por qué- - Kati tomaba vino de vez en cuando.,ケイティは　時折ワインを飲みましたが なぜ　ですか？,"{""c"":""なぜですか？ - - カティは時々ワインを飲んでいました。""}",なぜですか？ - - カティは時々ワインを飲んでいました。,True,1,0,True,True,False,True,,True,,True,"{""reason"":""target_script_present"",""detected"":""ja"",""confidence"":1.0}",True,[],[],True,,"{""errors"":[]}",True,[],True,1,0,True,True,False,100,100,1251,23,1274,,,1074.67,1344,8,1352,0,0,1153.48
ddc7b13c1a5176e43d56,339,deepseek-v3-2,managed-prompt,subtitle,es,jp,Duele.,- 痛むよ。,"{""c"":""痛い。""}",痛い。,True,1,0,True,True,False,True,,True,,True,"{""reason"":""target_script_present"",""detected"":""ja"",""confidence"":1.0}",True,[],[],True,,"{""errors"":[]}",True,[],True,1,0,True,True,False,100,100,1238,8,1246,,,738.09,1289,8,1297,0,0,1213.78
498255356cbda960c253,340,deepseek-v3-2,managed-prompt,subtitle,es,nl,- ¿Quiere que pare?,Wilt u dat ik ermee ophoud?,"{""c"":""- Wil je dat ik stop?""}",- Wil je dat ik stop?,True,1,0,True,True,False,True,,True,,,"{""reason"":""detector_mismatch_uncertain"",""detected"":""sl"",""confidence"":1.0}",True,[],[],True,,"{""errors"":[{""category"":""tone"",""severity"":""minor""}]}",True,"[{""category"":""tone"",""severity"":""minor""}]",True,1,0,True,True,False,97,97,1241,12,1253,,,862.31,1305,17,1322,0,0,1233.67
901c590caa0f027b9e6f,341,deepseek-v3-2,managed-prompt,subtitle,es,nl,¿Qué tal la película de anoche?,Hoe was de film van gisteren?,"{""c"":""Hoe was de film gisteravond?""}",Hoe was de film gisteravond?,True,1,0,True,True,False,True,,True,,True,"{""reason"":""detector_match"",""detected"":""nl"",""confidence"":1.0}",True,[],[],True,,"{""errors"":[]}",True,[],True,1,0,True,True,False,100,100,1244,15,1259,,,895.65,1307,8,1315,0,0,1095.91
5bd65e76731b1abb0e5c,342,deepseek-v3-2,managed-prompt,subtitle,es,nl,Sr. Gundars. ¿Ves?,Gundars. Mr.,"{""c"":""Meneer Gundars. Ziet u?""}",Meneer Gundars. Ziet u?,True,1,0,True,True,False,True,,True,,,"{""reason"":""detector_inconclusive"",""detected"":""de"",""confidence"":0.8571}",True,[],[],True,,"{""errors"":[]}",True,[],True,1,0,True,True,False,100,100,1244,16,1260,,,1033.66,1307,8,1315,0,0,1258.59
7b71db3c23e8fb5037fa,343,deepseek-v3-2,managed-prompt,subtitle,es,nl,"Por favor, todos vosotros, hoy celebramos la llegada de El Murfi a la ciudad de los zeros.","Alstublieft, iedereen... Vandaag vieren we de aankomst van El Murfi in de Stad van de Zero's.","{""c"":""Iedereen, viert vandaag met mij de aankomst van El Murfi in de stad der nullen.""}","Iedereen, viert vandaag met mij de aankomst van El Murfi in de stad der nullen.",True,1,0,True,True,False,True,,True,,True,"{""reason"":""detector_match"",""detected"":""nl"",""confidence"":1.0}",True,[],[],True,,"{""errors"":[{""category"":""accuracy"",""severity"":""minor""},{""category"":""preservation"",""severity"":""major""}]}",False,"[{""category"":""accuracy"",""severity"":""minor""},{""category"":""preservation"",""severity"":""major""}]",True,1,0,True,True,False,82,82,1258,32,1290,,,1125.58,1365,26,1391,0,0,1318.38
0b24a1d0ea7b14f203ba,344,deepseek-v3-2,managed-prompt,subtitle,es,nl,Estás yendo por un camino peligroso y me estás arrastrando contigo.,Je loopt een gevaarlijk pad af en je trekt mij met je mee.,"{""c"":""Je gaat een gevaarlijke weg op en sleept mij met je mee.""}",Je gaat een gevaarlijke weg op en sleept mij met je mee.,True,1,0,True,True,False,True,,True,,True,"{""reason"":""detector_match"",""detected"":""nl"",""confidence"":1.0}",True,[],[],True,,"{""errors"":[]}",True,[],True,1,0,True,True,False,100,100,1254,22,1276,,,796.41,1334,8,1342,0,0,1170.61
25c2e7eb1dd147e24e92,345,deepseek-v3-2,managed-prompt,subtitle,es,nl,Olvida todo esto.,Vergeet dit alles hier.,"{""c"":""Laat dit allemaal los.""}",Laat dit allemaal los.,True,1,0,True,True,False,True,,True,,,"{""reason"":""detector_inconclusive"",""detected"":""et"",""confidence"":0.7143}",True,[],[],True,,"{""errors"":[]}",True,[],True,1,0,True,True,False,100,100,1240,12,1252,,,911.92,1294,8,1302,0,0,1262.79
2c90db48508d654b4bd5,346,deepseek-v3-2,managed-prompt,subtitle,es,nl,"Yo también te quiero, Lois.","Ik houd ook van jou, Lois.","{""c"":""Ik houd ook van jou, Lois.""}","Ik houd ook van jou, Lois.",True,1,0,True,True,False,True,,True,,,"{""reason"":""detector_inconclusive"",""detected"":""af"",""confidence"":0.8571}",True,[],[],True,,"{""errors"":[]}",True,[],True,1,0,True,True,False,100,100,1242,13,1255,,,842.91,1310,8,1318,0,0,1170.06
ef023a1d77b43621f60e,347,deepseek-v3-2,managed-prompt,subtitle,es,nl,"No. No, se trataba de otro tipo.","Nee, het was iemand anders.","{""c"":""Nee. Nee, het was een andere kerel.""}","Nee. Nee, het was een andere kerel.",True,1,0,True,True,False,True,,True,,True,"{""reason"":""detector_match"",""detected"":""nl"",""confidence"":1.0}",True,[],[],True,,"{""errors"":[]}",True,[],True,1,0,True,True,False,100,100,1245,18,1263,,,967.25,1308,8,1316,0,0,1315.19
ead8bbab0da7387ea964,348,deepseek-v3-2,managed-prompt,subtitle,es,nl,Eso es lo bueno de la carne de ciervo.,Dat is het goede aan hertenvlees.,"{""c"":""Dat is het mooie aan het vlees van een hert.""}",Dat is het mooie aan het vlees van een hert.,True,1,0,True,True,False,True,,True,,True,"{""reason"":""detector_match"",""detected"":""nl"",""confidence"":1.0}",True,[],[],True,,"{""errors"":[]}",True,[],True,1,0,True,True,False,100,100,1248,19,1267,,,6733.93,1315,8,1323,0,0,1332.22
d50fb275f6492a44de27,349,deepseek-v3-2,managed-prompt,subtitle,es,nl,"Ya era difícil hacer negocios con el baboso del viejo general, pero Ban Sung es todavía peor.","Die vorige generaal was al een vreselijke viespeuk, maar Ban Sung is erger.","{""c"":""Het was al moeilijk om zaken te doen met die slijmerige oude generaal, maar Ban Sung is zelfs nog erger.""}","Het was al moeilijk om zaken te doen met die slijmerige oude generaal, maar Ban Sung is zelfs nog erger.",True,1,0,True,True,False,True,,True,,True,"{""reason"":""detector_match"",""detected"":""nl"",""confidence"":1.0}",True,[],[],True,,"{""errors"":[]}",True,[],True,1,0,True,True,False,100,100,1257,35,1292,,,1274.09,1357,8,1365,0,0,1156.54
e5f5aa883b274c54c1a8,350,deepseek-v3-2,managed-prompt,subtitle,es,nb,Estamos todos juntos en esto.,Vi er sammen om dette.,"{""c"":""Vi er alle i dette sammen.""}",Vi er alle i dette sammen.,True,1,0,True,True,False,True,,True,,True,"{""reason"":""detector_match"",""detected"":""no"",""confidence"":1.0}",True,[],[],True,,"{""errors"":[]}",True,[],True,1,0,True,True,False,100,100,1242,12,1254,,,933.1,1293,8,1301,0,0,1196.59
b1e9360ceca811538046,351,deepseek-v3-2,managed-prompt,subtitle,es,nb,¡Dejaste que papá volviera a casa!,- Du lot pappa komme hjem igjen!,"{""c"":""Du lar pappa komme hjem igjen!""}",Du lar pappa komme hjem igjen!,True,1,0,True,True,False,True,,True,,True,"{""reason"":""detector_match"",""detected"":""no"",""confidence"":1.0}",True,[],[],True,,"{""errors"":[{""category"":""fluency"",""severity"":""minor""}]}",True,"[{""category"":""fluency"",""severity"":""minor""}]",True,1,0,True,True,False,97,97,1247,16,1263,,,1375.3,1309,18,1327,0,0,1257.48
060d9e2145e4907c91c0,352,deepseek-v3-2,managed-prompt,subtitle,es,nb,Me equivoqué al decirte eso.,Det var feil av meg å si det.,"{""c"":""Beklager, det jeg sa visst seg å være feil.""}","Beklager, det jeg sa visst seg å være feil.",True,1,0,True,True,False,True,,True,,True,"{""reason"":""detector_match"",""detected"":""no"",""confidence"":1.0}",True,[],[],True,,"{""errors"":[{""category"":""accuracy"",""severity"":""minor""},{""category"":""fluency"",""severity"":""minor""}]}",True,"[{""category"":""accuracy"",""severity"":""minor""},{""category"":""fluency"",""severity"":""minor""}]",True,1,0,True,True,False,94,94,1243,21,1264,,,801.14,1309,27,1336,0,0,1457.06
ab8d1957902ecb8a9265,353,deepseek-v3-2,managed-prompt,subtitle,es,nb,Estoy enamorado de mi esposa.,Jeg er forelsket i kona.,"{""c"":""Jeg er forelsket i min kone.""}",Jeg er forelsket i min kone.,True,1,0,True,True,False,True,,True,,True,"{""reason"":""detector_match"",""detected"":""no"",""confidence"":1.0}",True,[],[],True,,"{""errors"":[]}",True,[],True,1,0,True,True,False,100,100,1244,17,1261,,,910.49,1304,8,1312,0,0,1214.5
215ec7ac22a3f9682618,354,deepseek-v3-2,managed-prompt,subtitle,es,nb,- Déjeme ayudarlo.,-La meg hjeIpe deg.,"{""c"":""La meg hjelpe deg.""}",La meg hjelpe deg.,True,1,0,True,True,False,True,,True,,True,"{""reason"":""detector_match"",""detected"":""no"",""confidence"":1.0}",True,[],[],True,,"{""errors"":[{""category"":""preservation"",""severity"":""minor""}]}",True,"[{""category"":""preservation"",""severity"":""minor""}]",True,1,0,True,True,False,97,97,1241,12,1253,,,648.08,1295,17,1312,0,0,1176.49
a0a9249e28ef9c0708e7,355,deepseek-v3-2,managed-prompt,subtitle,es,nb,No entiendes.,Du forstår ikke.,"{""c"":""Du forstår ikke.""}",Du forstår ikke.,True,1,0,True,True,False,True,,True,,True,"{""reason"":""detector_match"",""detected"":""no"",""confidence"":1.0}",True,[],[],True,,"{""errors"":[]}",True,[],True,1,0,True,True,False,100,100,1239,11,1250,,,880.06,1288,8,1296,0,0,1118.96
5b1e839ac9f82589d672,356,deepseek-v3-2,managed-prompt,subtitle,es,nb,Parece aterrada.,Hun ser skrekkslagen ut.,"{""c"":""Ser redd ut.""}",Ser redd ut.,True,1,0,True,True,False,True,,True,,,"{""reason"":""detector_mismatch_uncertain"",""detected"":""sv"",""confidence"":1.0}",True,[],[],True,,"{""errors"":[{""category"":""fluency"",""severity"":""major""}]}",False,"[{""category"":""fluency"",""severity"":""major""}]",True,1,0,True,True,False,85,85,1241,10,1251,,,665.51,1292,18,1310,0,0,1194.13
31fec7aec4e061a3bfc4,357,deepseek-v3-2,managed-prompt,subtitle,es,nb,¡Es un hombre!,Det er et menneske!,"{""c"":""Dette er en mann!""}",Dette er en mann!,True,1,0,True,True,False,True,,True,,True,"{""reason"":""detector_match"",""detected"":""no"",""confidence"":1.0}",True,[],[],True,,"{""errors"":[{""category"":""accuracy"",""severity"":""major""}]}",False,"[{""category"":""accuracy"",""severity"":""major""}]",True,1,0,True,True,False,85,85,1239,12,1251,,,810.87,1289,17,1306,0,0,1300.3
e556341a9606d05a121a,358,deepseek-v3-2,managed-prompt,subtitle,es,nb,Vamos. ¿Como ayudaste a Gentry?,Slik du hjalp Gentry?,"{""c"":""Vamos. Hvordan hjalp du Gentry?""}",Vamos. Hvordan hjalp du Gentry?,True,1,0,True,True,False,True,,True,,,"{""reason"":""detector_inconclusive"",""detected"":""es"",""confidence"":0.2859}",True,[],[],True,,"{""errors"":[{""category"":""preservation"",""severity"":""minor""}]}",True,"[{""category"":""preservation"",""severity"":""minor""}]",True,1,0,True,True,False,97,97,1245,18,1263,,,1019.65,1315,17,1332,0,0,1239.35
564c9c785e47f572514d,359,deepseek-v3-2,managed-prompt,subtitle,es,nb,- ¿Todavía tienes el plan dental?,-Har du ennå tannlegeplan og alt mulig?,"{""c"":""Har du fortsatt tannlegeplanen?""}",Har du fortsatt tannlegeplanen?,True,1,0,True,True,False,True,,True,,True,"{""reason"":""detector_match"",""detected"":""no"",""confidence"":1.0}",True,[],[],True,,"{""errors"":[{""category"":""accuracy"",""severity"":""major""}]}",False,"[{""category"":""accuracy"",""severity"":""major""}]",True,1,0,True,True,False,85,85,1245,14,1259,,,1006.85,1314,17,1331,0,0,1830.95
82733081fda5cd9608d0,360,deepseek-v3-2,managed-prompt,subtitle,fr,da,"Alex, on peut s'en aller ?","- Alex, lad os smutte.","{""c"":""Alex, kan vi tage af sted?""}","Alex, kan vi tage af sted?",True,1,0,True,True,False,True,,True,,True,"{""reason"":""detector_match"",""detected"":""da"",""confidence"":1.0}",True,[],[],True,,"{""errors"":[]}",True,[],True,1,0,True,True,False,100,100,1242,15,1257,,,903.45,1303,8,1311,0,0,1157.02
67425d85995e813ae297,361,deepseek-v3-2,managed-prompt,subtitle,fr,da,Bien sûr que non.,"- Nej, selvfølgelig ikke.","{""c"":""Selvfølgelig ikke.""}",Selvfølgelig ikke.,True,1,0,True,True,False,True,,True,,,"{""reason"":""detector_mismatch_uncertain"",""detected"":""no"",""confidence"":1.0}",True,[],[],True,,"{""errors"":[]}",True,[],True,1,0,True,True,False,100,100,1240,13,1253,,,925.39,1299,8,1307,0,0,1274.02
85ed3a13e07bb29ee087,362,deepseek-v3-2,managed-prompt,subtitle,fr,da,"- Ouais, je reste ici.",- Jeg bliver her.,"{""c"":""- Ja, jeg bliver her.""}","- Ja, jeg bliver her.",True,1,0,True,True,False,True,,True,,,"{""reason"":""detector_mismatch_uncertain"",""detected"":""no"",""confidence"":1.0}",True,[],[],True,,"{""errors"":[]}",True,[],True,1,0,True,True,False,100,100,1242,13,1255,,,713.16,1295,8,1303,0,0,1115.36
ac0d26dcbc856165f86d,363,deepseek-v3-2,managed-prompt,subtitle,fr,da,Quoi?,Hvad?,"{""c"":""Hvad?""}",Hvad?,True,1,0,True,True,False,True,,True,,,"{""reason"":""too_short_for_language_detection"",""detected"":null,""confidence"":null}",True,[],[],True,,"{""errors"":[]}",True,[],True,1,0,True,True,False,100,100,1237,9,1246,,,663.9,1285,8,1293,0,0,1095.37
cdc60f6c0d00d781e86d,364,deepseek-v3-2,managed-prompt,subtitle,fr,da,"Qu'est-il arrivé à Scott? August, je suis désolée.",Hvad er der sket med Scott?,"{""c"":""Hvad skete der med Scott? August, jeg er ked af det.""}","Hvad skete der med Scott? August, jeg er ked af det.",True,1,0,True,True,False,True,,True,,True,"{""reason"":""detector_match"",""detected"":""da"",""confidence"":1.0}",True,[],[],True,,"{""errors"":[]}",True,[],True,1,0,True,True,False,100,100,1250,22,1272,,,940.33,1320,8,1328,0,0,1236.79
5319b941e3538570ccad,365,deepseek-v3-2,managed-prompt,subtitle,fr,da,- Qu'est-ce que j'en fais ?,- Hvad skal jeg gøre med denne her?,"{""c"":""- Hvad skal jeg gøre med det?""}",- Hvad skal jeg gøre med det?,True,1,0,True,True,False,True,,True,,True,"{""reason"":""detector_match"",""detected"":""da"",""confidence"":1.0}",True,[],[],True,,"{""errors"":[]}",True,[],True,1,0,True,True,False,100,100,1243,17,1260,,,1080.45,1312,8,1320,0,0,1127.64
53131776bf65d9d11b9d,366,deepseek-v3-2,managed-prompt,subtitle,fr,da,Parfait.,Det her er godt.,"{""c"":""Perfekt.""}",Perfekt.,True,1,0,True,True,False,True,,True,,,"{""reason"":""too_short_for_language_detection"",""detected"":null,""confidence"":null}",True,[],[],True,,"{""errors"":[]}",True,[],True,1,0,True,True,False,100,100,1237,9,1246,,,699.78,1285,8,1293,0,0,1117.37
de458b7102fdab7ba680,367,deepseek-v3-2,managed-prompt,subtitle,fr,da,Physiquement les Atrians arrivent à maturité plus vite que nous.,"Atrians bliver hurtigere modne, end vi gør..","{""c"":""Fysisk når Atrianerne kønsmodenhed hurtigere end vi gør.""}",Fysisk når Atrianerne kønsmodenhed hurtigere end vi gør.,True,1,0,True,True,False,True,,True,,True,"{""reason"":""detector_match"",""detected"":""da"",""confidence"":1.0}",True,[],[],True,,"{""errors"":[{""category"":""accuracy"",""severity"":""minor""}]}",True,"[{""category"":""accuracy"",""severity"":""minor""}]",True,1,0,True,True,False,97,97,1250,27,1277,,,1132.61,1329,17,1346,0,0,1360.9
291c345cf9a7ae2ce2f2,368,deepseek-v3-2,managed-prompt,subtitle,fr,da,Je suis ton cadeau.,- Jeg er din fødselsdagsgave.,"{""c"":""Jeg er din gave.""}",Jeg er din gave.,True,1,0,True,True,False,True,,True,,,"{""reason"":""detector_inconclusive"",""detected"":""da"",""confidence"":0.5717}",True,[],[],True,,"{""errors"":[]}",True,[],True,1,0,True,True,False,100,100,1240,11,1251,,,699.77,1297,8,1305,0,0,1149.2
8600b2cc28cd59e0382c,369,deepseek-v3-2,managed-prompt,subtitle,fr,da,"Qui, M. Lopez?","Hvem, hr. Lopez?","{""c"":""Hvem, M. Lopez?""}","Hvem, M. Lopez?",True,1,0,True,True,False,True,,True,,,"{""reason"":""detector_mismatch_uncertain"",""detected"":""sl"",""confidence"":1.0}",True,[],[],True,,"{""errors"":[{""category"":""terminology"",""severity"":""minor""}]}",True,"[{""category"":""terminology"",""severity"":""minor""}]",True,1,0,True,True,False,97,97,1241,13,1254,,,715.14,1296,17,1313,0,0,1254.89
748cb6745d5ce7fbbbdf,370,deepseek-v3-2,managed-prompt,subtitle,fr,de,- Elle a la pierre.,- Sie hat den Stein.,"{""c"":""- Sie hat den Stein.""}",- Sie hat den Stein.,True,1,0,True,True,False,True,,True,,True,"{""reason"":""detector_match"",""detected"":""de"",""confidence"":1.0}",True,[],[],True,,"{""errors"":[]}",True,[],True,1,0,True,True,False,100,100,1241,11,1252,,,762.81,1293,8,1301,0,0,1238.53
fe75e4d6d7bf1e286245,371,deepseek-v3-2,managed-prompt,subtitle,fr,de,- Que se passe-t-il ?,"- Hey, was ist hier los?","{""c"":""- Was passiert?""}",- Was passiert?,True,1,0,True,True,False,True,,True,,,"{""reason"":""detector_inconclusive"",""detected"":""af"",""confidence"":0.8571}",True,[],[],True,,"{""errors"":[]}",True,[],True,1,0,True,True,False,100,100,1241,10,1251,,,901.35,1297,8,1305,0,0,1252.4
cbd58dc94341b9a42030,372,deepseek-v3-2,managed-prompt,subtitle,fr,de,Je suis le Dr McKay.,Ich bin Dr. McKay.,"{""c"":""Ich bin Dr. McKay.""}",Ich bin Dr. McKay.,True,1,0,True,True,False,True,,True,,True,"{""reason"":""detector_match"",""detected"":""de"",""confidence"":1.0}",True,[],[],True,,"{""errors"":[]}",True,[],True,1,0,True,True,False,100,100,1240,11,1251,,,703.04,1295,8,1303,0,0,1270.69
b79ea5ab323ba93e32b8,373,deepseek-v3-2,managed-prompt,subtitle,fr,de,je vais juste signer.,Ich unterschreibe einfach.,"{""c"":""Ich gehe mich einfach anmelden.""}",Ich gehe mich einfach anmelden.,True,1,0,True,True,False,True,,True,,True,"{""reason"":""detector_match"",""detected"":""de"",""confidence"":1.0}",True,[],[],True,,"{""errors"":[{""category"":""accuracy"",""severity"":""major""}]}",False,"[{""category"":""accuracy"",""severity"":""major""}]",True,1,0,True,True,False,85,85,1241,13,1254,,,989.79,1301,17,1318,0,0,1244.22
ad4312ff74fc794ff7ea,374,deepseek-v3-2,managed-prompt,subtitle,fr,de,Tu veux voir Lexi ? Je vais t'y emmener.,Du willst Lexi sehen?,"{""c"":""Willst du Lexi sehen? Dann führe ich dich zu ihr.""}",Willst du Lexi sehen? Dann führe ich dich zu ihr.,True,1,0,True,True,False,True,,True,,True,"{""reason"":""detector_match"",""detected"":""de"",""confidence"":1.0}",True,[],[],True,,"{""errors"":[]}",True,[],True,1,0,True,True,False,100,100,1250,21,1271,,,1023.97,1317,8,1325,0,0,1205.57
39f68fc2247e9a3110ee,375,deepseek-v3-2,managed-prompt,subtitle,fr,de,Keating.,Keating.,"{""c"":""Keating.""}",Keating.,True,1,0,True,True,False,True,,True,,,"{""reason"":""too_short_for_language_detection"",""detected"":null,""confidence"":null}",True,[],[],True,,"{""errors"":[]}",True,[],True,1,0,True,True,False,100,100,1237,8,1245,,,828.6,1283,8,1291,0,0,1236.37
97a441aab2d9ae4b40a6,376,deepseek-v3-2,managed-prompt,subtitle,fr,de,Je viens vous apporter la parole de Dieu.,Ich bringe euch das Wort Gottes.,"{""c"":""Ich komme, um euch Gottes Wort zu bringen.""}","Ich komme, um euch Gottes Wort zu bringen.",True,1,0,True,True,False,True,,True,,True,"{""reason"":""detector_match"",""detected"":""de"",""confidence"":1.0}",True,[],[],True,,"{""errors"":[]}",True,[],True,1,0,True,True,False,100,100,1245,17,1262,,,727.07,1317,8,1325,0,0,1261.46
87e0997a12d75f438a18,377,deepseek-v3-2,managed-prompt,subtitle,fr,de,"Portia avait sur elle une lettre de Sarah, datée de son 21e anniversaire.","Portia trug tatsächlich einen Brief von Sarah bei sich, datiert auf ihren 21. Geburtstag.","{""c"":""Portia hatte einen Brief von Sarah bei sich, datiert von ihrem 21. Geburtstag.""}","Portia hatte einen Brief von Sarah bei sich, datiert von ihrem 21. Geburtstag.",True,1,0,True,True,False,True,,True,,True,"{""reason"":""detector_match"",""detected"":""de"",""confidence"":1.0}",True,[],[],True,,"{""errors"":[{""category"":""accuracy"",""severity"":""minor""}]}",True,"[{""category"":""accuracy"",""severity"":""minor""}]",True,1,0,True,True,False,97,97,1256,26,1282,,,863.99,1349,17,1366,0,0,1286.91
8709bfe0f437f525be81,378,deepseek-v3-2,managed-prompt,subtitle,fr,de,Tu pourras ramener une télé ?,"Denkst du, du kannst den Fernseher besorgen?","{""c"":""Kannst du einen Fernseher mitbringen?""}",Kannst du einen Fernseher mitbringen?,True,1,0,True,True,False,True,,True,,True,"{""reason"":""detector_match"",""detected"":""de"",""confidence"":1.0}",True,[],[],True,,"{""errors"":[]}",True,[],True,1,0,True,True,False,100,100,1242,17,1259,,,817.85,1313,8,1321,0,0,1228.31
cdac242a1ae258c14806,379,deepseek-v3-2,managed-prompt,subtitle,fr,de,"Tu te laisses manipuler par elle, Jack.","Du lässt dich von ihr manipulieren, Jack.","{""c"":""Du lässt dich von ihr manipulieren, Jack.""}","Du lässt dich von ihr manipulieren, Jack.",True,1,0,True,True,False,True,,True,,True,"{""reason"":""detector_match"",""detected"":""de"",""confidence"":1.0}",True,[],[],True,,"{""errors"":[]}",True,[],True,1,0,True,True,False,100,100,1245,15,1260,,,691.67,1312,8,1320,0,0,1079.73
2f5634f649a33de37617,380,deepseek-v3-2,managed-prompt,subtitle,fr,en,Je vais bien.,I'm fine.,"{""c"":""I'm doing fine.""}",I'm doing fine.,True,1,0,True,True,False,True,,True,,,"{""reason"":""detector_inconclusive"",""detected"":""en"",""confidence"":0.5166}",True,[],[],True,,"{""errors"":[]}",True,[],True,1,0,True,True,False,100,100,1239,10,1249,,,665.46,1285,8,1293,0,0,1339.45
48bf7c72c3d42cf6061f,381,deepseek-v3-2,managed-prompt,subtitle,fr,en,"Georgina, savez-vous où Val est allée ?","Uh... Georgina, do you know where Val was going?","{""c"": ""Georgina, do you know where Val went?""}","Georgina, do you know where Val went?",True,1,0,True,True,False,True,,True,,True,"{""reason"":""detector_match"",""detected"":""en"",""confidence"":1.0}",True,[],[],True,,"{""errors"":[]}",True,[],True,1,0,True,True,False,100,100,1246,16,1262,,,857.48,1314,8,1322,0,0,1303.33
cbbe39a615a205acf27c,382,deepseek-v3-2,managed-prompt,subtitle,fr,en,"Quoi, mon amour ?","- What, my love?","{""c"": ""What, my love?""}","What, my love?",True,1,0,True,True,False,True,,True,,True,"{""reason"":""detector_match"",""detected"":""en"",""confidence"":1.0}",True,[],[],True,,"{""errors"":[]}",True,[],True,1,0,True,True,False,100,100,1241,11,1252,,,796.6,1292,8,1300,0,0,1286.85
3e2530844c945d5a9296,383,deepseek-v3-2,managed-prompt,subtitle,fr,en,On a de plus gros soucis.,We've got bigger concerns.,"{""c"":""We have bigger problems.""}",We have bigger problems.,True,1,0,True,True,False,True,,True,,,"{""reason"":""detector_mismatch_uncertain"",""detected"":""da"",""confidence"":0.9994}",True,[],[],True,,"{""errors"":[]}",True,[],True,1,0,True,True,False,100,100,1242,10,1252,,,754.64,1292,8,1300,0,0,1050.84
ad48a4ff68e9697f3d8f,384,deepseek-v3-2,managed-prompt,subtitle,fr,en,Ces gars sont les meilleurs.,Those guys are the best.,"{""c"":""These guys are the best.""}",These guys are the best.,True,1,0,True,True,False,True,,True,,True,"{""reason"":""detector_match"",""detected"":""en"",""confidence"":1.0}",True,[],[],True,,"{""errors"":[]}",True,[],True,1,0,True,True,False,100,100,1242,11,1253,,,689.97,1291,8,1299,0,0,1216.32
32156b0b906c7bdb5d19,385,deepseek-v3-2,managed-prompt,subtitle,fr,en,- Voilà une concession. - Quoi ?,- That's a concession.,"{""c"":""- There's a concession stand. - What?""}",- There's a concession stand. - What?,True,1,0,True,True,False,True,,True,,True,"{""reason"":""detector_match"",""detected"":""en"",""confidence"":1.0}",True,[],[],True,,"{""errors"":[{""category"":""accuracy"",""severity"":""major""}]}",False,"[{""category"":""accuracy"",""severity"":""major""}]",True,1,0,True,True,False,85,85,1245,15,1260,,,754.18,1305,17,1322,0,0,1235.49
76839a9d1f62fa3df23d,386,deepseek-v3-2,managed-prompt,subtitle,fr,en,- J'ai suivi Taub.,I followed Taub.,"{""c"":""- I followed Taub.""}",- I followed Taub.,True,1,0,True,True,False,True,,True,,True,"{""reason"":""detector_match"",""detected"":""en"",""confidence"":1.0}",True,[],[],True,,"{""errors"":[]}",True,[],True,1,0,True,True,False,100,100,1242,11,1253,,,784.15,1294,8,1302,0,0,1218.14
511b32971398068ec529,387,deepseek-v3-2,managed-prompt,subtitle,fr,en,Salut.,Hi.,"{""c"":""Hello.""}",Hello.,True,1,0,True,True,False,True,,True,,,"{""reason"":""too_short_for_language_detection"",""detected"":null,""confidence"":null}",True,[],[],True,,"{""errors"":[]}",True,[],True,1,0,True,True,False,100,100,1237,7,1244,,,640.17,1279,8,1287,0,0,1146.06
9425baa998f693a27b04,388,deepseek-v3-2,managed-prompt,subtitle,fr,en,Un Serbe qui a inventé une machine sexuelle pour les femmes.,A serbian man who has invented A sex machine for women.,"{""c"":""A Serb who invented a sex machine for women.""}",A Serb who invented a sex machine for women.,True,1,0,True,True,False,True,,True,,True,"{""reason"":""detector_match"",""detected"":""en"",""confidence"":1.0}",True,[],[],True,,"{""errors"":[]}",True,[],True,1,0,True,True,False,100,100,1249,16,1265,,,798.73,1312,8,1320,0,0,1208.28
f2eaaaa207bd4be47f30,389,deepseek-v3-2,managed-prompt,subtitle,fr,en,"J'ai commencé à prier car j'ai souvent trouvé du réconfort dans ma Foi et... un jour, j'ai entendu une voix.","I started to pray because I often find consolation in my faith, and, one day... I heard a voice.","{""c"":""I started to pray because I often found comfort in my Faith and... one day, I heard a voice.""}","I started to pray because I often found comfort in my Faith and... one day, I heard a voice.",True,1,0,True,True,False,True,,True,,True,"{""reason"":""detector_match"",""detected"":""en"",""confidence"":1.0}",True,[],[],True,,"{""errors"":[]}",True,[],True,1,0,True,True,False,100,100,1268,27,1295,,,2375.57,1357,8,1365,0,0,1223.08
88ad11fdc23eec5eeca6,390,deepseek-v3-2,managed-prompt,subtitle,fr,es,"Mon Dieu, ils boivent beaucoup.","Dios mío, cómo bebe esta gente.","{""c"":""Madre mía, beben mucho.""}","Madre mía, beben mucho.",True,1,0,True,True,False,True,,True,,True,"{""reason"":""detector_match"",""detected"":""es"",""confidence"":1.0}",True,[],[],True,,"{""errors"":[]}",True,[],True,1,0,True,True,False,100,100,1242,14,1256,,,708.25,1309,8,1317,0,0,1322.15
a51bbfee8af796d914cf,391,deepseek-v3-2,managed-prompt,subtitle,fr,es,Tu ne sais rien du tout à propos de Serena.,Tú no sabes nada sobre Serena.,"{""c"":""Tú no sabes nada en absoluto sobre Serena.""}",Tú no sabes nada en absoluto sobre Serena.,True,1,0,True,True,False,True,,True,,True,"{""reason"":""detector_match"",""detected"":""es"",""confidence"":1.0}",True,[],[],True,,"{""errors"":[]}",True,[],True,1,0,True,True,False,100,100,1245,17,1262,,,736.96,1316,8,1324,0,0,1153.96
0001cc7b9206e10664f0,392,deepseek-v3-2,managed-prompt,subtitle,fr,es,Attends-moi.,Espera.,"{""c"":""<-Esperáme.""}",<-Esperáme.,True,1,0,True,True,False,True,,True,,True,"{""reason"":""detector_match"",""detected"":""es"",""confidence"":1.0}",True,[],[],True,,"{""errors"":[{""category"":""preservation"",""severity"":""minor""}]}",True,"[{""category"":""preservation"",""severity"":""minor""}]",True,1,0,True,True,False,97,97,1239,11,1250,,,695.43,1288,17,1305,0,0,1321.28
5924f13afd33a5174124,393,deepseek-v3-2,managed-prompt,subtitle,fr,es,"Shelly, téléphone.","Shelly, teléfono.","{""c"":""Shelly, teléfono.""}","Shelly, teléfono.",True,1,0,True,True,False,True,,True,,,"{""reason"":""detector_mismatch_uncertain"",""detected"":""en"",""confidence"":1.0}",True,[],[],True,,"{""errors"":[]}",True,[],True,1,0,True,True,False,100,100,1240,12,1252,,,1073.76,1297,8,1305,0,0,1418.48
ce231ad11b00b5c0f32c,394,deepseek-v3-2,managed-prompt,subtitle,fr,es,"Tu quittes Las Vegas à 3h30, tu prends la I-40 sans t'arrêter, tu atteins Oklahoma City en 24 heures, Clinton en 23.","Dejaste Las Vegas a las 3:30, condujiste por la I-40 sin parar, llegaste a Oklahoma City en 24 horas, Clinton en 23.","{""c"":""Sales de Las Vegas a las 3:30, manejas por la I-40 sin parar, llegas a Oklahoma City en 24 horas, a Clinton en 23.""}","Sales de Las Vegas a las 3:30, manejas por la I-40 sin parar, llegas a Oklahoma City en 24 horas, a Clinton en 23.",True,1,0,True,True,False,True,,True,,True,"{""reason"":""detector_match"",""detected"":""es"",""confidence"":1.0}",True,[],[],True,,"{""errors"":[]}",True,[],True,1,0,True,True,False,100,100,1275,44,1319,,,1052.19,1400,8,1408,0,0,1165.54
841d222d407c5c6c6d95,395,deepseek-v3-2,managed-prompt,subtitle,fr,es,Je avais sept ans.,Yo tenía siete años.,"{""c"":""Tenía siete años.""}",Tenía siete años.,True,1,0,True,True,False,True,,True,,True,"{""reason"":""detector_match"",""detected"":""es"",""confidence"":1.0}",True,[],[],True,,"{""errors"":[]}",True,[],True,1,0,True,True,False,100,100,1240,10,1250,,,790.7,1292,8,1300,0,0,1215.98
48ac60e53c88d26ee5c3,396,deepseek-v3-2,managed-prompt,subtitle,fr,es,Mlle Grubach ?,¿La Sra. Grubach?,"{""c"":""Mlle Grubach?""}",Mlle Grubach?,True,1,0,True,True,False,True,,True,,,"{""reason"":""detector_mismatch_uncertain"",""detected"":""de"",""confidence"":1.0}",True,[],[],True,,"{""errors"":[]}",True,[],True,1,0,True,True,False,100,100,1240,11,1251,,,739.06,1298,8,1306,0,0,1159.94
5ef2e4145a6040632cbd,397,deepseek-v3-2,managed-prompt,subtitle,fr,es,Je pense que je serai parti pendant quelques jours.,Estaré fuera varios días.,"{""c"":""Creo que partiré durante unos días.""}",Creo que partiré durante unos días.,True,1,0,True,True,False,True,,True,,True,"{""reason"":""detector_match"",""detected"":""es"",""confidence"":1.0}",True,[],[],True,,"{""errors"":[]}",True,[],True,1,0,True,True,False,100,100,1245,14,1259,,,689.92,1306,8,1314,0,0,1107.84
f2535c6c737b2e5a6431,398,deepseek-v3-2,managed-prompt,subtitle,fr,es,C'est Victoria.,Lo ha hecho Victoria.,"{""c"":""Soy Victoria.""}",Soy Victoria.,True,1,0,True,True,False,True,,True,,,"{""reason"":""detector_inconclusive"",""detected"":""es"",""confidence"":0.6945}",True,[],[],True,,"{""errors"":[{""category"":""accuracy"",""severity"":""major""}]}",False,"[{""category"":""accuracy"",""severity"":""major""}]",True,1,0,True,True,False,85,85,1238,9,1247,,,672.37,1287,17,1304,0,0,1430.49
449e9243ffc429f99da4,399,deepseek-v3-2,managed-prompt,subtitle,fr,es,Et les tripes d'une femme ne se trompent jamais.,Y tú sabes que las entrañas de una mujer nunca se equivocan.,"{""c"":""Y las tripas de una mujer nunca se equivocan.""}",Y las tripas de una mujer nunca se equivocan.,True,1,0,True,True,False,True,,True,,True,"{""reason"":""detector_match"",""detected"":""es"",""confidence"":1.0}",True,[],[],True,,"{""errors"":[]}",True,[],True,1,0,True,True,False,100,100,1247,18,1265,,,986.88,1326,8,1334,0,0,1162.98
5767ed795d4a0e48caf8,400,deepseek-v3-2,managed-prompt,subtitle,fr,it,"Mon dieu, je suis une idiote.","Oh, Dio, Sono un idiota.","{""c"":""Mio Dio, sono un uomo pazzo.""}","Mio Dio, sono un uomo pazzo.",True,1,0,True,True,False,True,,True,,True,"{""reason"":""detector_match"",""detected"":""it"",""confidence"":1.0}",True,[],[],True,,"{""errors"":[{""category"":""accuracy"",""severity"":""major""}]}",False,"[{""category"":""accuracy"",""severity"":""major""}]",True,1,0,True,True,False,85,85,1244,16,1260,,,877.4,1306,17,1323,0,0,1100.25
c9c00229a2f274bb4af6,401,deepseek-v3-2,managed-prompt,subtitle,fr,it,Tu surestimes ta capacité à toucher cinq cibles mouvantes.,Sopravvaluti la tua abilita' se dici di poter colpire cinque bersagli in movimento. - Pensi?,"{""c"":""Sopravvaluti la tua capacità di colpire cinque bersagli in movimento.""}",Sopravvaluti la tua capacità di colpire cinque bersagli in movimento.,True,1,0,True,True,False,True,,True,,True,"{""reason"":""detector_match"",""detected"":""it"",""confidence"":1.0}",True,[],[],True,,"{""errors"":[]}",True,[],True,1,0,True,True,False,100,100,1250,24,1274,,,994.99,1347,8,1355,0,0,1092.07
86e8cbb858611ac8fee8,402,deepseek-v3-2,managed-prompt,subtitle,fr,it,Je dois m'occuper de ma famille.,"No... no, devo provvedere alla mia famiglia.","{""c"":""Devo occuparmi della mia famiglia.""}",Devo occuparmi della mia famiglia.,True,1,0,True,True,False,True,,True,,True,"{""reason"":""detector_match"",""detected"":""it"",""confidence"":1.0}",True,[],[],True,,"{""errors"":[]}",True,[],True,1,0,True,True,False,100,100,1244,14,1258,,,717.24,1306,8,1314,0,0,1148.42
441bd6c47ed751405e2c,403,deepseek-v3-2,managed-prompt,subtitle,fr,it,"- Allons-y, Tim.","Forza,andiamo,Tim.","{""c"":""- Andiamo, Tim.""}","- Andiamo, Tim.",True,1,0,True,True,False,True,,True,,,"{""reason"":""detector_inconclusive"",""detected"":""pt"",""confidence"":0.8571}",True,[],[],True,,"{""errors"":[]}",True,[],True,1,0,True,True,False,100,100,1241,11,1252,,,845.32,1298,8,1306,0,0,1195.99
3bde501edf3e57a1b47b,404,deepseek-v3-2,managed-prompt,subtitle,fr,it,Allez !,Andiamo!,"{""c"":""Forza !""}",Forza !,True,1,0,True,True,False,True,,True,,,"{""reason"":""too_short_for_language_detection"",""detected"":null,""confidence"":null}",True,[],[],True,,"{""errors"":[]}",True,[],True,1,0,True,True,False,100,100,1237,8,1245,,,777.78,1286,8,1294,0,0,1144.75
ed2507190f5021c4fb18,405,deepseek-v3-2,managed-prompt,subtitle,fr,it,Si ça ne vous embête pas.,"Quindi, se non le dispiace.","{""c"":""Se non ti dispiace.""}",Se non ti dispiace.,True,1,0,True,True,False,True,,True,,True,"{""reason"":""detector_match"",""detected"":""it"",""confidence"":1.0}",True,[],[],True,,"{""errors"":[]}",True,[],True,1,0,True,True,False,100,100,1242,12,1254,,,754.44,1297,8,1305,0,0,1296.48
88e917c5939ab683dd3c,406,deepseek-v3-2,managed-prompt,subtitle,fr,it,Pour moi ?,Me?,"{""c"":""Per me?""}",Per me?,True,1,0,True,True,False,True,,True,,,"{""reason"":""too_short_for_language_detection"",""detected"":null,""confidence"":null}",True,[],[],True,,"{""errors"":[]}",True,[],True,1,0,True,True,False,100,100,1237,8,1245,,,786.0,1282,8,1290,0,0,1242.54
b3be1b6b668a348c9fbe,407,deepseek-v3-2,managed-prompt,subtitle,fr,it,Évidemment que j'aime ma femme.,È chiaro che amo mia moglie.,"{""c"":""Ovviamente amo mia moglie.""}",Ovviamente amo mia moglie.,True,1,0,True,True,False,True,,True,,True,"{""reason"":""detector_match"",""detected"":""it"",""confidence"":1.0}",True,[],[],True,,"{""errors"":[]}",True,[],True,1,0,True,True,False,100,100,1244,12,1256,,,802.02,1307,8,1315,0,0,1250.23
9009f3a4d695faeea818,408,deepseek-v3-2,managed-prompt,subtitle,fr,it,"Seigneur, ça serait tellement sympa.","Oh Dio, sarebbe fantastico!","{""c"":""Signore, sarebbe così gentile.""}","Signore, sarebbe così gentile.",True,1,0,True,True,False,True,,True,,True,"{""reason"":""detector_match"",""detected"":""it"",""confidence"":1.0}",True,[],[],True,,"{""errors"":[{""category"":""accuracy"",""severity"":""minor""}]}",True,"[{""category"":""accuracy"",""severity"":""minor""}]",True,1,0,True,True,False,97,97,1244,13,1257,,,826.31,1304,17,1321,0,0,1159.59
0b01720caa0f32677db9,409,deepseek-v3-2,managed-prompt,subtitle,fr,it,Maintenant... commence... mon propre rêve... qui ne se terminera jamais.,Ma ora un sogno tutto mio. Che non finirà mai.,"{""c"":""Ora... inizia... il mio sogno personale... che non finirà mai.""}",Ora... inizia... il mio sogno personale... che non finirà mai.,True,1,0,True,True,False,True,,True,,True,"{""reason"":""detector_match"",""detected"":""it"",""confidence"":1.0}",True,[],[],True,,"{""errors"":[]}",True,[],True,1,0,True,True,False,100,100,1251,25,1276,,,806.18,1330,8,1338,0,0,1258.81
a4255a5948343dbad1c0,410,deepseek-v3-2,managed-prompt,subtitle,fr,jp,"Merci, ma reine.",ありがとうございます,"{""c"":""ありがとう、僕の女王様。""}",ありがとう、僕の女王様。,True,1,0,True,True,False,True,,True,,True,"{""reason"":""target_script_present"",""detected"":""ja"",""confidence"":1.0}",True,[],[],True,,"{""errors"":[{""category"":""tone"",""severity"":""major""},{""category"":""accuracy"",""severity"":""minor""}]}",False,"[{""category"":""tone"",""severity"":""major""},{""category"":""accuracy"",""severity"":""minor""}]",True,1,0,True,True,False,82,82,1242,14,1256,,,857.4,1301,26,1327,0,0,1330.64
2329e5e6656dd34e9b4f,411,deepseek-v3-2,managed-prompt,subtitle,fr,jp,"Ooh, c'est intéressant.",あらら　これは興味深い,"{""c"":""おお、面白いですね。""}",おお、面白いですね。,True,1,0,True,True,False,True,,True,,True,"{""reason"":""target_script_present"",""detected"":""ja"",""confidence"":1.0}",True,[],[],True,,"{""errors"":[]}",True,[],True,1,0,True,True,False,100,100,1243,13,1256,,,779.93,1304,8,1312,0,0,1173.68
c3e39847e8b73356e547,412,deepseek-v3-2,managed-prompt,subtitle,fr,jp,Sortez tous !,- よし、全員降りろ,"{""c"":""全員、急げ！""}",全員、急げ！,True,1,0,True,True,False,True,,True,,True,"{""reason"":""target_script_present"",""detected"":""ja"",""confidence"":1.0}",True,[],[],True,,"{""errors"":[{""category"":""accuracy"",""severity"":""major""}]}",False,"[{""category"":""accuracy"",""severity"":""major""}]",True,1,0,True,True,False,85,85,1239,11,1250,,,703.99,1296,17,1313,0,0,1328.37
dff433fac49f7e3b85b0,413,deepseek-v3-2,managed-prompt,subtitle,fr,jp,- Bien. - Parfait. - Merci John.,分かった　ありがとう,"{""c"":""- よし。 - 完璧。 - ありがとう、John。""}",- よし。 - 完璧。 - ありがとう、John。,True,1,0,True,True,False,True,,True,,True,"{""reason"":""target_script_present"",""detected"":""ja"",""confidence"":1.0}",True,[],[],True,,"{""errors"":[]}",True,[],True,1,0,True,True,False,100,100,1247,23,1270,,,1029.49,1318,8,1326,0,0,1189.17
f41ca2d6be9734e191c3,414,deepseek-v3-2,managed-prompt,subtitle,fr,jp,Je pense que parfois.,時々だが...,"{""c"":""時々考えるんだよね。""}",時々考えるんだよね。,True,1,0,True,True,False,True,,True,,True,"{""reason"":""target_script_present"",""detected"":""ja"",""confidence"":1.0}",True,[],[],True,,"{""errors"":[]}",True,[],True,1,0,True,True,False,100,100,1240,11,1251,,,697.02,1294,8,1302,0,0,1317.93
dc94cba94ba7f447ee4d,415,deepseek-v3-2,managed-prompt,subtitle,fr,jp,"Non, c'était une blague.",あれはジョークさ,"{""c"":""いいえ、それはただのジョークでした。""}",いいえ、それはただのジョークでした。,True,1,0,True,True,False,True,,True,,True,"{""reason"":""target_script_present"",""detected"":""ja"",""confidence"":1.0}",True,[],[],True,,"{""errors"":[]}",True,[],True,1,0,True,True,False,100,100,1244,16,1260,,,661.8,1305,8,1313,0,0,1641.37
c13e437e3d7264b2dff3,416,deepseek-v3-2,managed-prompt,subtitle,fr,jp,Il n'y aura que nous et le V.,集合場所に来るのは俺達だけ そこへVが,"{""c"":""我らとVのみ。  -> jp""}",我らとVのみ。  -> jp,True,1,0,True,True,False,True,,True,,True,"{""reason"":""target_script_present"",""detected"":""ja"",""confidence"":1.0}",True,[],[],True,,"{""errors"":[{""category"":""accuracy"",""severity"":""critical""}]}",False,"[{""category"":""accuracy"",""severity"":""critical""}]",True,1,0,True,True,False,60,60,1245,15,1260,,,751.06,1316,17,1333,0,0,1241.23
7e62f0822e0038781d2b,417,deepseek-v3-2,managed-prompt,subtitle,fr,jp,Quoi donc ?,何を？,"{""c"":""何でそこにいるんだよ？""}",何でそこにいるんだよ？,True,1,0,True,True,False,True,,True,,True,"{""reason"":""target_script_present"",""detected"":""ja"",""confidence"":1.0}",True,[],[],True,,"{""errors"":[{""category"":""accuracy"",""severity"":""major""}]}",False,"[{""category"":""accuracy"",""severity"":""major""}]",True,1,0,True,True,False,85,85,1239,13,1252,,,777.31,1294,17,1311,0,0,1285.54
8a6fdf16ed5a6c2e0bdb,418,deepseek-v3-2,managed-prompt,subtitle,fr,jp,Ça va aller.,大丈夫よ,"{""c"":""大丈夫でしょう。""}",大丈夫でしょう。,True,1,0,True,True,False,True,,True,,True,"{""reason"":""target_script_present"",""detected"":""ja"",""confidence"":1.0}",True,[],[],True,,"{""errors"":[]}",True,[],True,1,0,True,True,False,100,100,1240,9,1249,,,708.82,1297,8,1305,0,0,2521.86
59d9e491145113d4bb99,419,deepseek-v3-2,managed-prompt,subtitle,fr,jp,"Je suis désolée, Dr Morgan mais je ne vais pas abandonner si vite.",悪いわね　モーガン先生 まだ終わらせないわ,"{""c"":""ドクターモーガン、すみませんが、私はそんなに簡単には諦めません。""}",ドクターモーガン、すみませんが、私はそんなに簡単には諦めません。,True,1,0,True,True,False,True,,True,,True,"{""reason"":""target_script_present"",""detected"":""ja"",""confidence"":1.0}",True,[],[],True,,"{""errors"":[]}",True,[],True,1,0,True,True,False,100,100,1254,29,1283,,,1158.11,1347,8,1355,0,0,1200.2
708b7ca964262e26f5e8,420,deepseek-v3-2,managed-prompt,subtitle,fr,nl,Salut... Dire que ta mère te battait pour que tu mettes une robe.,Ik herinner me dat je moeder je moest slaan voor je een jurk aantrok.,"{""c"":""Salut... Alsof je moeder je sloeg om je een jurk te laten dragen.""}",Salut... Alsof je moeder je sloeg om je een jurk te laten dragen.,True,1,0,True,True,False,True,,True,,True,"{""reason"":""detector_match"",""detected"":""nl"",""confidence"":0.8571}",True,[],[],True,,"{""errors"":[{""category"":""accuracy"",""severity"":""major""}]}",False,"[{""category"":""accuracy"",""severity"":""major""}]",True,1,0,True,True,False,85,85,1252,27,1279,,,816.12,1342,17,1359,0,0,1262.54
97b860df4dc8d5c707f8,421,deepseek-v3-2,managed-prompt,subtitle,fr,nl,Pouvez-vous en dire de même ?,Kun jij dat ook zeggen?,"{""c"":""Kun je hetzelfde zeggen?""}",Kun je hetzelfde zeggen?,True,1,0,True,True,False,True,,True,,True,"{""reason"":""detector_match"",""detected"":""nl"",""confidence"":1.0}",True,[],[],True,,"{""errors"":[]}",True,[],True,1,0,True,True,False,100,100,1243,12,1255,,,836.4,1304,8,1312,0,0,1214.7
f9d581d9e144869bf472,422,deepseek-v3-2,managed-prompt,subtitle,fr,nl,- De la glace avec un client?,- IJs met een cliënt?,"{""c"":""IJssculptuur met een client?""}",IJssculptuur met een client?,True,1,0,True,True,False,True,,True,,True,"{""reason"":""detector_match"",""detected"":""nl"",""confidence"":1.0}",True,[],[],True,,"{""errors"":[{""category"":""accuracy"",""severity"":""major""},{""category"":""preservation"",""severity"":""minor""}]}",False,"[{""category"":""accuracy"",""severity"":""major""},{""category"":""preservation"",""severity"":""minor""}]",True,1,0,True,True,False,82,82,1243,14,1257,,,804.63,1301,26,1327,0,0,1232.84
2442e3ca577b3b2c2632,423,deepseek-v3-2,managed-prompt,subtitle,fr,nl,Elle trouvera Davina avant que cet homme abuse d'elle.,Ze kan Davina vinden voordat die man haar kwaad doet.,"{""c"":""Ze zal Davina vinden voordat die man haar misbruikt.""}",Ze zal Davina vinden voordat die man haar misbruikt.,True,1,0,True,True,False,True,,True,,True,"{""reason"":""detector_match"",""detected"":""nl"",""confidence"":1.0}",True,[],[],True,,"{""errors"":[]}",True,[],True,1,0,True,True,False,100,100,1247,19,1266,,,1030.62,1323,8,1331,0,0,1145.38
2e4bd8ec6f1ed1a8500a,424,deepseek-v3-2,managed-prompt,subtitle,fr,nl,Je t'ai reconnu d'après une photo.,Ik ken je van een foto.,"{""c"":""Ik heb je herkend aan een foto.""}",Ik heb je herkend aan een foto.,True,1,0,True,True,False,True,,True,,True,"{""reason"":""detector_match"",""detected"":""nl"",""confidence"":1.0}",True,[],[],True,,"{""errors"":[]}",True,[],True,1,0,True,True,False,100,100,1247,15,1262,,,806.03,1305,8,1313,0,0,1139.8
2e14652e0cc0b4312fe4,425,deepseek-v3-2,managed-prompt,subtitle,fr,nl,"D'ailleurs, Jackie ne veut pas de nous.",We maken toch geen van beiden kans bij Jackie.,"{""c"":""Trouwens, Jackie wil ons niet.""}","Trouwens, Jackie wil ons niet.",True,1,0,True,True,False,True,,True,,,"{""reason"":""detector_mismatch_uncertain"",""detected"":""af"",""confidence"":1.0}",True,[],[],True,,"{""errors"":[]}",True,[],True,1,0,True,True,False,100,100,1245,15,1260,,,955.67,1307,8,1315,0,0,1238.06
ae45c9dd492b78248315,426,deepseek-v3-2,managed-prompt,subtitle,fr,nl,Oui.,Ja.,"{""c"":""Ja.""}",Ja.,True,1,0,True,True,False,True,,True,,,"{""reason"":""too_short_for_language_detection"",""detected"":null,""confidence"":null}",True,[],[],True,,"{""errors"":[]}",True,[],True,1,0,True,True,False,100,100,1237,7,1244,,,879.6,1281,8,1289,0,0,1128.57
fd7d534ea242ada7f7c0,427,deepseek-v3-2,managed-prompt,subtitle,fr,nl,N'imaginez pas que vous êtes un as de la romance en vous tripotant les mains et en vous donnant la becquée.,"Denk niet dat jij meer van romantiek weet dan ik. Handje vasthouden, elkaar voeren en afvegen is ook maar gelul.","{""c"":""Stel je voor dat je een romancegenie bent door met je handen te friemelen en te zoenen.""}",Stel je voor dat je een romancegenie bent door met je handen te friemelen en te zoenen.,True,1,0,True,True,False,True,,True,,True,"{""reason"":""detector_match"",""detected"":""nl"",""confidence"":1.0}",True,[],[],True,,"{""errors"":[{""category"":""accuracy"",""severity"":""critical""},{""category"":""accuracy"",""severity"":""major""}]}",False,"[{""category"":""accuracy"",""severity"":""critical""},{""category"":""accuracy"",""severity"":""major""}]",True,1,0,True,True,False,45,45,1264,30,1294,,,867.17,1367,26,1393,0,0,1461.29
9f217c790d44dc69f50c,428,deepseek-v3-2,managed-prompt,subtitle,fr,nl,Oui.,Ja.,"{""c"":""Ja.""}",Ja.,True,1,0,True,True,False,True,,True,,,"{""reason"":""too_short_for_language_detection"",""detected"":null,""confidence"":null}",True,[],[],True,,"{""errors"":[]}",True,[],True,1,0,True,True,False,100,100,1237,7,1244,,,768.89,1281,8,1289,0,0,1291.17
23dd65aad5204590e436,429,deepseek-v3-2,managed-prompt,subtitle,fr,nl,"- Nous, Seymour, on n'a rien contre lui.","Wij, Seymour, hebben geen probleem met hem.","{""c"":""We hebben allemaal niets tegen Seymour.""}",We hebben allemaal niets tegen Seymour.,True,1,0,True,True,False,True,,True,,True,"{""reason"":""detector_match"",""detected"":""nl"",""confidence"":1.0}",True,[],[],True,,"{""errors"":[{""category"":""accuracy"",""severity"":""major""}]}",False,"[{""category"":""accuracy"",""severity"":""major""}]",True,1,0,True,True,False,85,85,1246,14,1260,,,727.49,1317,17,1334,0,0,1260.26
6e7d7ed14120b6707bd1,430,deepseek-v3-2,managed-prompt,subtitle,fr,nb,"Chuck, on a un problème sur la 7ème. Unité psychiatrique.","-Problemer på psykiatrisk, Chuck.","{""c"":""Chuck, vi har et problem på den 7. Psykiatrisk avdeling.""}","Chuck, vi har et problem på den 7. Psykiatrisk avdeling.",True,1,0,True,True,False,True,,True,,True,"{""reason"":""detector_match"",""detected"":""no"",""confidence"":0.9999}",True,[],[],True,,"{""errors"":[]}",True,[],True,1,0,True,True,False,100,100,1253,25,1278,,,741.21,1324,8,1332,0,0,1230.69
5549cb339599ff33c176,431,deepseek-v3-2,managed-prompt,subtitle,fr,nb,"Allez, je ferai pas foirer ton plan !",Kom igjen. Jeg skal ikke ødelegge det for deg.,"{""c"":""Kom igjen, jeg skal ikke ødelegge planen din!""}","Kom igjen, jeg skal ikke ødelegge planen din!",True,1,0,True,True,False,True,,True,,True,"{""reason"":""detector_match"",""detected"":""no"",""confidence"":1.0}",True,[],[],True,,"{""errors"":[]}",True,[],True,1,0,True,True,False,100,100,1247,20,1267,,,1056.42,1318,8,1326,0,0,1124.86
2dc8c50c8aaf670e0219,432,deepseek-v3-2,managed-prompt,subtitle,fr,nb,"Fais gaffe, petit !","Pass deg, gutt!","{""c"":""Vær forsiktig, lille gutt!""}","Vær forsiktig, lille gutt!",True,1,0,True,True,False,True,,True,,True,"{""reason"":""detector_match"",""detected"":""no"",""confidence"":1.0}",True,[],[],True,,"{""errors"":[]}",True,[],True,1,0,True,True,False,100,100,1241,16,1257,,,947.09,1297,8,1305,0,0,1443.25
af1a7dad17cc88dd8642,433,deepseek-v3-2,managed-prompt,subtitle,fr,nb,Amusant ?,Morsomt?,"{""c"":""Morsomt ?""}",Morsomt ?,True,1,0,True,True,False,True,,True,,,"{""reason"":""too_short_for_language_detection"",""detected"":null,""confidence"":null}",True,[],[],True,,"{""errors"":[]}",True,[],True,1,0,True,True,False,100,100,1238,10,1248,,,935.99,1288,8,1296,0,0,1501.91
b6d9871c3dac3d3cd988,434,deepseek-v3-2,managed-prompt,subtitle,fr,nb,"Ainsi que le gouverneur, l'archevêque, et des PDG américains et japonais.","Og det gjør guvernøren, erkebiskopen og sjefene for noen amerikanske og japanske firmaer.","{""c"":""Såvel guvernøren, erkebiskopen, og amerikanske og japanske administrerende direktører.""}","Såvel guvernøren, erkebiskopen, og amerikanske og japanske administrerende direktører.",True,1,0,True,True,False,True,,True,,True,"{""reason"":""detector_match"",""detected"":""no"",""confidence"":1.0}",True,[],[],True,,"{""errors"":[{""category"":""fluency"",""severity"":""major""}]}",False,"[{""category"":""fluency"",""severity"":""major""}]",True,1,0,True,True,False,85,85,1258,31,1289,,,1296.35,1348,18,1366,0,0,1300.92
db10c0e3e27504a129ed,435,deepseek-v3-2,managed-prompt,subtitle,fr,nb,Qu'est-ce que vous voulez qu'on leur donne ?,Hva skal vi liksom gi dem?,"{""c"":""Hva vil dere at vi skal gi dem?""}",Hva vil dere at vi skal gi dem?,True,1,0,True,True,False,True,,True,,,"{""reason"":""detector_inconclusive"",""detected"":""da"",""confidence"":0.7143}",True,[],[],True,,"{""errors"":[]}",True,[],True,1,0,True,True,False,100,100,1247,15,1262,,,830.54,1312,8,1320,0,0,1332.71
6218cec93aa43ce05dee,436,deepseek-v3-2,managed-prompt,subtitle,fr,nb,Qu'est ce que t'as ?,Hva har du?,"{""c"":""Hva har du?""}",Hva har du?,True,1,0,True,True,False,True,,True,,,"{""reason"":""detector_inconclusive"",""detected"":""tr"",""confidence"":0.5714}",True,[],[],True,,"{""errors"":[]}",True,[],True,1,0,True,True,False,100,100,1242,10,1252,,,679.11,1295,8,1303,0,0,1215.1
e78f1df4295d6d0613fe,437,deepseek-v3-2,managed-prompt,subtitle,fr,nb,"- À part cela, nous ne savons rien.",-Bortsett fra det vet vi ingenting.,"{""c"":""Ellers vet vi ingenting.""}",Ellers vet vi ingenting.,True,1,0,True,True,False,True,,True,,,"{""reason"":""detector_inconclusive"",""detected"":""no"",""confidence"":0.4494}",True,[],[],True,,"{""errors"":[{""category"":""preservation"",""severity"":""minor""}]}",True,"[{""category"":""preservation"",""severity"":""minor""}]",True,1,0,True,True,False,97,97,1245,12,1257,,,703.05,1305,17,1322,0,0,1194.43
ab7e35d1a284c6cbdc9e,438,deepseek-v3-2,managed-prompt,subtitle,fr,nb,- Mon dieu !,- Herregud.,"{""c"":""Åh herregud!""}",Åh herregud!,True,1,0,True,True,False,True,,True,,,"{""reason"":""detector_mismatch_uncertain"",""detected"":""da"",""confidence"":1.0}",True,[],[],True,,"{""errors"":[]}",True,[],True,1,0,True,True,False,100,100,1239,11,1250,,,909.11,1290,8,1298,0,0,1244.28
bf664d894a269036ccb6,439,deepseek-v3-2,managed-prompt,subtitle,fr,nb,Je n'en supporterai pas davantage.,Jeg holder ikke ut lenger.,"{""c"":""Jeg orker ikke dette lenger.""}",Jeg orker ikke dette lenger.,True,1,0,True,True,False,True,,True,,True,"{""reason"":""detector_match"",""detected"":""no"",""confidence"":1.0}",True,[],[],True,,"{""errors"":[]}",True,[],True,1,0,True,True,False,100,100,1243,14,1257,,,845.37,1300,8,1308,0,0,1043.99
eb23d8e093b4d657c417,440,deepseek-v3-2,managed-prompt,subtitle,it,da,- Non lo so.,- Det ved jeg ikke.,"{""c"":""- Jeg ved ikke.""}",- Jeg ved ikke.,True,1,0,True,True,False,True,,True,,,"{""reason"":""detector_mismatch_uncertain"",""detected"":""no"",""confidence"":1.0}",True,[],[],True,,"{""errors"":[]}",True,[],True,1,0,True,True,False,100,100,1239,11,1250,,,802.2,1288,8,1296,0,0,1062.01
5e8212ca2cabb32458ea,441,deepseek-v3-2,managed-prompt,subtitle,it,da,Quando glielo diremo?,Hvornår siger vi det til dem?,"{""c"":""Hvornår skal vi fortælle det til dem?""}",Hvornår skal vi fortælle det til dem?,True,1,0,True,True,False,True,,True,,True,"{""reason"":""detector_match"",""detected"":""da"",""confidence"":1.0}",True,[],[],True,,"{""errors"":[]}",True,[],True,1,0,True,True,False,100,100,1241,18,1259,,,916.46,1305,8,1313,0,0,1113.5
cce1348bec65b95f6d49,442,deepseek-v3-2,managed-prompt,subtitle,it,da,"Ma lui è veramente country, si.","Men ja, han spiller ægte country.","{""c"":""Han er virkelig landet, ja.""}","Han er virkelig landet, ja.",True,1,0,True,True,False,True,,True,,True,"{""reason"":""detector_match"",""detected"":""da"",""confidence"":1.0}",True,[],[],True,,"{""errors"":[{""category"":""accuracy"",""severity"":""major""},{""category"":""terminology"",""severity"":""major""}]}",False,"[{""category"":""accuracy"",""severity"":""major""},{""category"":""terminology"",""severity"":""major""}]",True,1,0,True,True,False,70,70,1243,14,1257,,,802.43,1299,28,1327,0,0,1434.43
b372eadf9822db906cb5,443,deepseek-v3-2,managed-prompt,subtitle,it,da,C'è qualcuno qui?,Er der nogen her?,"{""c"":""Er der nogen her?""}",Er der nogen her?,True,1,0,True,True,False,True,,True,,,"{""reason"":""detector_mismatch_uncertain"",""detected"":""de"",""confidence"":1.0}",True,[],[],True,,"{""errors"":[]}",True,[],True,1,0,True,True,False,100,100,1242,11,1253,,,778.46,1293,8,1301,0,0,1272.91
d1f2818599adc81b03ec,444,deepseek-v3-2,managed-prompt,subtitle,it,da,A dire il vero non abbiamo ancora deciso se prendero' il tuo cognome. Ma sai un cosa?,"Faktisk er jeg ikke sikker på, om jeg vil have dit efternavn.","{""c"":""For at være ærlig, har vi endnu ikke besluttet, om jeg skal tage dit efternavn. Men ved du hvad?""}","For at være ærlig, har vi endnu ikke besluttet, om jeg skal tage dit efternavn. Men ved du hvad?",True,1,0,True,True,False,True,,True,,True,"{""reason"":""detector_match"",""detected"":""da"",""confidence"":1.0}",True,[],[],True,,"{""errors"":[]}",True,[],True,1,0,True,True,False,100,100,1257,37,1294,,,1165.75,1353,8,1361,0,0,1118.57
84038620a8b90e34441a,445,deepseek-v3-2,managed-prompt,subtitle,it,da,"No, non lo fara'.","Nej, du gør ikke.","{""c"":""Nej, det gør han/hun ikke.""}","Nej, det gør han/hun ikke.",True,1,0,True,True,False,True,,True,,True,"{""reason"":""detector_match"",""detected"":""da"",""confidence"":1.0}",True,[],[],True,,"{""errors"":[{""category"":""accuracy"",""severity"":""major""}]}",False,"[{""category"":""accuracy"",""severity"":""major""}]",True,1,0,True,True,False,85,85,1241,16,1257,,,922.95,1300,17,1317,0,0,1184.59
2b9e35008967996582d7,446,deepseek-v3-2,managed-prompt,subtitle,it,da,E' reale.,Det er virkeligt.,"{""c"":""Det er virkeligt.""}",Det er virkeligt.,True,1,0,True,True,False,True,,True,,True,"{""reason"":""detector_match"",""detected"":""da"",""confidence"":1.0}",True,[],[],True,,"{""errors"":[]}",True,[],True,1,0,True,True,False,100,100,1239,11,1250,,,790.67,1288,8,1296,0,0,1105.3
b43dfe4199d61d70013f,447,deepseek-v3-2,managed-prompt,subtitle,it,da,Quindi credi che sia a lui che Zhang passa la roba?,"Tror du, han er Zhangs bagmand?","{""c"":""Så du tror, det er ham, som Zhang giver tingene videre til?""}","Så du tror, det er ham, som Zhang giver tingene videre til?",True,1,0,True,True,False,True,,True,,True,"{""reason"":""detector_match"",""detected"":""da"",""confidence"":1.0}",True,[],[],True,,"{""errors"":[]}",True,[],True,1,0,True,True,False,100,100,1249,25,1274,,,1031.28,1323,8,1331,0,0,1392.91
9986c852f419ca0a486e,448,deepseek-v3-2,managed-prompt,subtitle,it,da,Forse se ci arrampichiamo possiamo salvarci.,"Klatrer vi op, bliver vi måske reddet.","{""c"":""Måske kan vi redde os selv, hvis vi kravler.""}","Måske kan vi redde os selv, hvis vi kravler.",True,1,0,True,True,False,True,,True,,,"{""reason"":""detector_inconclusive"",""detected"":""no"",""confidence"":0.8571}",True,[],[],True,,"{""errors"":[{""category"":""accuracy"",""severity"":""minor""}]}",True,"[{""category"":""accuracy"",""severity"":""minor""}]",True,1,0,True,True,False,97,97,1249,23,1272,,,805.96,1318,17,1335,0,0,1155.53
0c24687766b8d8aced4a,449,deepseek-v3-2,managed-prompt,subtitle,it,da,Lo apprezzi? Davvero? Si'.,- Gør du det?,"{""c"":""Kan du lide det? Virkelig? Ja.""}",Kan du lide det? Virkelig? Ja.,True,1,0,True,True,False,True,,True,,True,"{""reason"":""detector_match"",""detected"":""da"",""confidence"":1.0}",True,[],[],True,,"{""errors"":[]}",True,[],True,1,0,True,True,False,100,100,1244,17,1261,,,801.79,1306,8,1314,0,0,1184.13
3b8daa297b5aa6920b23,450,deepseek-v3-2,managed-prompt,subtitle,it,de,"Tu, torna da dove sei venuto!","Du, zurück, wo du hingehörst!","{""c"":""Tu, zurück dahin, woher du gekommen bist!""}","Tu, zurück dahin, woher du gekommen bist!",True,1,0,True,True,False,True,,True,,True,"{""reason"":""detector_match"",""detected"":""de"",""confidence"":1.0}",True,[],[],True,,"{""errors"":[]}",True,[],True,1,0,True,True,False,100,100,1243,18,1261,,,973.76,1308,8,1316,0,0,1219.13
fcd22ca645c213180abb,451,deepseek-v3-2,managed-prompt,subtitle,it,de,"Ehi, Foster.","- Hey, Foster?","{""c"":""Hallo, Foster.""}","Hallo, Foster.",True,1,0,True,True,False,True,,True,,,"{""reason"":""detector_mismatch_uncertain"",""detected"":""no"",""confidence"":1.0}",True,[],[],True,,"{""errors"":[]}",True,[],True,1,0,True,True,False,100,100,1239,10,1249,,,856.68,1288,8,1296,0,0,1345.2
96f206aa27b8a0b4a8c0,452,deepseek-v3-2,managed-prompt,subtitle,it,de,"Anni dopo, finalmente mori', e la sua vita torturata, cesso'.",Jahre später starb er endlich. Und die Qual seines Lebens war vorbei.,"{""c"":""Jahre später starb sie endlich, und ihr gequältes Leben hörte auf.""}","Jahre später starb sie endlich, und ihr gequältes Leben hörte auf.",True,1,0,True,True,False,True,,True,,True,"{""reason"":""detector_match"",""detected"":""de"",""confidence"":1.0}",True,[],[],True,,"{""errors"":[{""category"":""accuracy"",""severity"":""major""}]}",False,"[{""category"":""accuracy"",""severity"":""major""}]",True,1,0,True,True,False,85,85,1253,27,1280,,,952.95,1335,17,1352,0,0,1346.42
5a60cc3b6313bd71037f,453,deepseek-v3-2,managed-prompt,subtitle,it,de,"Tu sei la prossima, ragazza. Siediti, vado a prepararti il colore.","Setz dich, ich gehe deine Farbe mischen.","{""c"":""Du bist die Nächste, Mädchen. Setz dich, ich geh dir die Farbe machen.""}","Du bist die Nächste, Mädchen. Setz dich, ich geh dir die Farbe machen.",True,1,0,True,True,False,True,,True,,True,"{""reason"":""detector_match"",""detected"":""de"",""confidence"":1.0}",True,[],[],True,,"{""errors"":[]}",True,[],True,1,0,True,True,False,100,100,1258,28,1286,,,1313.74,1343,8,1351,0,0,1217.89
eb8c330aad442e422081,454,deepseek-v3-2,managed-prompt,subtitle,it,de,Vattene! (urla),Verschwinde!,"{""c"":""Geh weg! (Brüllt)""}",Geh weg! (Brüllt),True,1,0,True,True,False,True,,True,,True,"{""reason"":""detector_match"",""detected"":""de"",""confidence"":1.0}",True,[],[],True,,"{""errors"":[]}",True,[],True,1,0,True,True,False,100,100,1242,14,1256,,,710.71,1297,8,1305,0,0,1161.61
8cdb833dcc5490cf6dbf,455,deepseek-v3-2,managed-prompt,subtitle,it,de,"Ouò prestarmi la sua penna, per favore? Orego, signora.","Darf ich mir Ihren Stift ausleihen, bitte?","{""c"":""Ouò, kann ich mir bitte deinen Stift leihen? Orego, Signora.""}","Ouò, kann ich mir bitte deinen Stift leihen? Orego, Signora.",True,1,0,True,True,False,True,,True,,True,"{""reason"":""detector_match"",""detected"":""de"",""confidence"":1.0}",True,[],[],True,,"{""errors"":[{""category"":""accuracy"",""severity"":""major""},{""category"":""tone"",""severity"":""major""},{""category"":""preservation"",""severity"":""minor""}]}",False,"[{""category"":""accuracy"",""severity"":""major""},{""category"":""tone"",""severity"":""major""},{""category"":""preservation"",""severity"":""minor""}]",True,1,0,True,True,False,67,67,1253,26,1279,,,1155.15,1338,35,1373,0,0,1421.57
eea22b7ef9cffa69de6a,456,deepseek-v3-2,managed-prompt,subtitle,it,de,"Per te, figlio mio, questa è tutta una prova di fede.","Für Sie, mein Sohn, ist dies alles eine Glaubensprüfung.","{""c"":""Für dich, mein Sohn, ist dies alles eine Bewährungsprobe des Glaubens.""}","Für dich, mein Sohn, ist dies alles eine Bewährungsprobe des Glaubens.",True,1,0,True,True,False,True,,True,,True,"{""reason"":""detector_match"",""detected"":""de"",""confidence"":1.0}",True,[],[],True,,"{""errors"":[{""category"":""tone"",""severity"":""minor""}]}",True,"[{""category"":""tone"",""severity"":""minor""}]",True,1,0,True,True,False,97,97,1250,25,1275,,,904.8,1342,17,1359,0,0,1259.39
65dd083b0310f88981fc,457,deepseek-v3-2,managed-prompt,subtitle,it,de,I suoi genitori hanno perso il loro unico figlio alle 3:07 di questa mattina.,Seine Eltern verloren ihr einziges Kind um 3: 07Uhr heute morgen.,"{""c"":""Seine Eltern haben ihren einzigen Sohn heute Morgen um 3:07 Uhr verloren.""}",Seine Eltern haben ihren einzigen Sohn heute Morgen um 3:07 Uhr verloren.,True,1,0,True,True,False,True,,True,,True,"{""reason"":""detector_match"",""detected"":""de"",""confidence"":1.0}",True,[],[],True,,"{""errors"":[]}",True,[],True,1,0,True,True,False,100,100,1257,25,1282,,,1109.54,1348,8,1356,0,0,1200.54
68762c6baac634952749,458,deepseek-v3-2,managed-prompt,subtitle,it,de,Mi scusi!,Entschuldigen Sie!,"{""c"":""Entschuldigung!""}",Entschuldigung!,True,1,0,True,True,False,True,,True,,True,"{""reason"":""detector_match"",""detected"":""de"",""confidence"":1.0}",True,[],[],True,,"{""errors"":[]}",True,[],True,1,0,True,True,False,100,100,1238,11,1249,,,979.14,1288,8,1296,0,0,1178.89
64f60ce299cd3335daea,459,deepseek-v3-2,managed-prompt,subtitle,it,de,"- Forza, dai, dai!","- Los, los, los!","{""c"":""- Forza, dai, dai!""}","- Forza, dai, dai!",True,1,0,True,True,False,True,,True,,,"{""reason"":""detector_mismatch_uncertain"",""detected"":""it"",""confidence"":1.0}",True,[],"[{""code"":""source_copy_suspected""}]",True,,"{""errors"":[{""category"":""accuracy"",""severity"":""major""}]}",False,"[{""category"":""accuracy"",""severity"":""major""}]",True,1,0,True,True,False,82,82,1242,13,1255,,,690.15,1296,17,1313,0,0,1255.31
e4679aa366e4d66c42a4,460,deepseek-v3-2,managed-prompt,subtitle,it,en,- Chiamate un'ambulanza!,Get an ambulance!,"{""c"":""Call an ambulance!""}",Call an ambulance!,True,1,0,True,True,False,True,,True,,,"{""reason"":""detector_inconclusive"",""detected"":""ca"",""confidence"":0.8571}",True,[],[],True,,"{""errors"":[]}",True,[],True,1,0,True,True,False,100,100,1244,9,1253,,,727.9,1290,8,1298,0,0,1229.52
7d33de32539d57b0c5d7,461,deepseek-v3-2,managed-prompt,subtitle,it,en,Forza!,- C'mon!,"{""c"":""Forza!""}",Forza!,True,1,0,True,True,False,True,,True,,,"{""reason"":""too_short_for_language_detection"",""detected"":null,""confidence"":null}",True,[],"[{""code"":""source_copy_suspected""}]",True,,"{""errors"":[]}",True,[],True,1,0,True,True,False,97,97,1237,8,1245,,,717.64,1284,8,1292,0,0,1122.81
cfa50d21e1c37cf56798,462,deepseek-v3-2,managed-prompt,subtitle,it,en,- I suoi membri vogliono migliorare?,Your members want to be better?,"{""c"":""- Do its members want to improve?""}",- Do its members want to improve?,True,1,0,True,True,False,True,,True,,True,"{""reason"":""detector_match"",""detected"":""en"",""confidence"":1.0}",True,[],[],True,,"{""errors"":[]}",True,[],True,1,0,True,True,False,100,100,1245,13,1258,,,879.1,1300,8,1308,0,0,1120.03
dc09854ea6b14249592f,463,deepseek-v3-2,managed-prompt,subtitle,it,en,Il tuo amico mi sta insultando.,"Your friend, he insults me.","{""c"":""Your friend is insulting me.""}",Your friend is insulting me.,True,1,0,True,True,False,True,,True,,True,"{""reason"":""detector_match"",""detected"":""en"",""confidence"":1.0}",True,[],[],True,,"{""errors"":[]}",True,[],True,1,0,True,True,False,100,100,1243,12,1255,,,685.1,1297,8,1305,0,0,1336.09
b8bde2c3f15802f36d2f,464,deepseek-v3-2,managed-prompt,subtitle,it,en,Era Carrie.,Carrie was.,"{""c"":""Era Carrie. -> en""}",Era Carrie. -> en,True,1,0,True,True,False,True,,True,,,"{""reason"":""detector_mismatch_uncertain"",""detected"":""es"",""confidence"":1.0}",True,[],[],True,,"{""errors"":[{""category"":""fluency"",""severity"":""critical""}]}",False,"[{""category"":""fluency"",""severity"":""critical""}]",True,1,0,True,True,False,60,60,1238,11,1249,,,687.76,1289,18,1307,0,0,1311.13
e67a36c2fe7b5dfd0bbd,465,deepseek-v3-2,managed-prompt,subtitle,it,en,E' decisamente Solano.,"Well, it's definitely Solano.","{""c"":""It's definitely Solano.""}",It's definitely Solano.,True,1,0,True,True,False,True,,True,,True,"{""reason"":""detector_match"",""detected"":""en"",""confidence"":1.0}",True,[],[],True,,"{""errors"":[]}",True,[],True,1,0,True,True,False,100,100,1241,11,1252,,,693.92,1295,8,1303,0,0,1235.89
1b939ac60e5e7ac4e3c7,466,deepseek-v3-2,managed-prompt,subtitle,it,en,Ho appena sentito per caso parlare Victor e Rocco. Hanno ucciso veramente quel bambino vent'anni fa.,"I just overheard Victor and Rocco talking, and they actually killed that kid two decades ago.","{""c"":""I just overheard Victor and Rocco talking. They really killed that kid twenty years ago.""}",I just overheard Victor and Rocco talking. They really killed that kid twenty years ago.,True,1,0,True,True,False,True,,True,,True,"{""reason"":""detector_match"",""detected"":""en"",""confidence"":1.0}",True,[],[],True,,"{""errors"":[]}",True,[],True,1,0,True,True,False,100,100,1262,24,1286,,,1141.6,1346,8,1354,0,0,1184.04
458c1db426a904b9764e,467,deepseek-v3-2,managed-prompt,subtitle,it,en,"Cellulite, chirurgia plastica e animali eroici non sono da copertina.","Cellulite, plastic surgery, hero pets, those are not covers.","{""c"":""Cellulite, plastic surgery and heroic animals are not cover material.""}","Cellulite, plastic surgery and heroic animals are not cover material.",True,1,0,True,True,False,True,,True,,True,"{""reason"":""detector_match"",""detected"":""en"",""confidence"":0.8571}",True,[],[],True,,"{""errors"":[]}",True,[],True,1,0,True,True,False,100,100,1254,19,1273,,,1014.03,1326,8,1334,0,0,1312.92
f81e36f88967962f9e76,468,deepseek-v3-2,managed-prompt,subtitle,it,en,Possiamo capirlo man mano che andiamo avanti.,We can figure this out as we go along.,"{""c"":""We can figure it out as we go.""}",We can figure it out as we go.,True,1,0,True,True,False,True,,True,,True,"{""reason"":""detector_match"",""detected"":""en"",""confidence"":1.0}",True,[],[],True,,"{""errors"":[]}",True,[],True,1,0,True,True,False,100,100,1246,14,1260,,,784.8,1307,8,1315,0,0,1344.35
7022e5619b3c85c880e6,469,deepseek-v3-2,managed-prompt,subtitle,it,en,Sei.,YOU ARE.,"{""c"":""Sie.""}",Sie.,True,1,0,True,True,False,True,,True,,,"{""reason"":""too_short_for_language_detection"",""detected"":null,""confidence"":null}",True,[],[],True,,"{""errors"":[{""category"":""accuracy"",""severity"":""critical""}]}",False,"[{""category"":""accuracy"",""severity"":""critical""}]",True,1,0,True,True,False,60,60,1237,7,1244,,,677.83,1279,17,1296,0,0,1314.34
88b9bbe0dccc8aace57d,470,deepseek-v3-2,managed-prompt,subtitle,it,es,"- Sono io, Mac.","- Soy yo, Mac.","{""c"":""- Soy yo, Mac.""}","- Soy yo, Mac.",True,1,0,True,True,False,True,,True,,,"{""reason"":""detector_mismatch_uncertain"",""detected"":""so"",""confidence"":1.0}",True,[],[],True,,"{""errors"":[]}",True,[],True,1,0,True,True,False,100,100,1240,11,1251,,,693.76,1294,8,1302,0,0,1237.89
83fcf84b098c50237098,471,deepseek-v3-2,managed-prompt,subtitle,it,es,Scommetto che alcune persone sono fuggite in Tasmania.,Apuesto a que algunos huirían a Tasmania.,"{""c"":""Apuesto que algunas personas huyeron a Tasmania.""}",Apuesto que algunas personas huyeron a Tasmania.,True,1,0,True,True,False,True,,True,,True,"{""reason"":""detector_match"",""detected"":""es"",""confidence"":1.0}",True,[],[],True,,"{""errors"":[{""category"":""fluency"",""severity"":""minor""}]}",True,"[{""category"":""fluency"",""severity"":""minor""}]",True,1,0,True,True,False,97,97,1247,16,1263,,,1048.63,1313,18,1331,0,0,1325.54
bf24a68844367dad90b9,472,deepseek-v3-2,managed-prompt,subtitle,it,es,"Jackson e' diventato capitano della squadra di calcio, la caviglia di Dale va meglio.",Jackson fue nombrado capitán del equipo de futbol. Y el tobillo de Dale está mejor.,"{""c"":""Jackson se ha convertido en el capitán del equipo de fútbol, el tobillo de Dale está mejorando.""}","Jackson se ha convertido en el capitán del equipo de fútbol, el tobillo de Dale está mejorando.",True,1,0,True,True,False,True,,True,,True,"{""reason"":""detector_match"",""detected"":""es"",""confidence"":1.0}",True,[],[],True,,"{""errors"":[]}",True,[],True,1,0,True,True,False,100,100,1257,30,1287,,,826.24,1344,8,1352,0,0,1321.6
ee378c1bfca9b4b76fdc,473,deepseek-v3-2,managed-prompt,subtitle,it,es,- E da quando lo sai?,- ¿Desde cuándo lo sabes?,"{""c"":""- ¿Y desde cuándo lo sabes?""}",- ¿Y desde cuándo lo sabes?,True,1,0,True,True,False,True,,True,,True,"{""reason"":""detector_match"",""detected"":""es"",""confidence"":1.0}",True,[],[],True,,"{""errors"":[]}",True,[],True,1,0,True,True,False,100,100,1241,16,1257,,,775.19,1307,8,1315,0,0,1320.99
f6d6670bac7b03964645,474,deepseek-v3-2,managed-prompt,subtitle,it,es,-No! Brillante!,"-No, perfecto!","{""c"":""-No! Brillante!""}",-No! Brillante!,True,1,0,True,True,False,True,,True,,,"{""reason"":""detector_mismatch_uncertain"",""detected"":""it"",""confidence"":1.0}",True,[],"[{""code"":""source_copy_suspected""}]",True,,"{""errors"":[]}",True,[],True,1,0,True,True,False,97,97,1240,11,1251,,,709.08,1288,8,1296,0,0,1170.7
69593ef3f7fd72efc582,475,deepseek-v3-2,managed-prompt,subtitle,it,es,Di che parli?,- ¿De qué hablas?,"{""c"":""¿De qué estás hablando?""}",¿De qué estás hablando?,True,1,0,True,True,False,True,,True,,True,"{""reason"":""detector_match"",""detected"":""es"",""confidence"":1.0}",True,[],[],True,,"{""errors"":[]}",True,[],True,1,0,True,True,False,100,100,1239,13,1252,,,982.85,1299,8,1307,0,0,1218.45
655314f35201430dbd29,476,deepseek-v3-2,managed-prompt,subtitle,it,es,"Senti, e' solo che non voglio vederti deluso quando non nevichera'.","Mira, sólo quiero que no te sientas decepcionado cuando no nieve.","{""c"":""Senti, es solo que no quiero verte decepcionado cuando no nieve.""}","Senti, es solo que no quiero verte decepcionado cuando no nieve.",True,1,0,True,True,False,True,,True,,True,"{""reason"":""detector_match"",""detected"":""es"",""confidence"":1.0}",True,[],[],True,,"{""errors"":[]}",True,[],True,1,0,True,True,False,100,100,1254,24,1278,,,1060.4,1339,8,1347,0,0,1217.01
d1e6531ec2e6e908275e,477,deepseek-v3-2,managed-prompt,subtitle,it,es,La distanza.,La distancia,"{""c"":""La distanza.""}",La distanza.,True,1,0,True,True,False,True,,True,,,"{""reason"":""detector_mismatch_uncertain"",""detected"":""it"",""confidence"":1.0}",True,[],"[{""code"":""source_copy_suspected""}]",True,,"{""errors"":[{""category"":""accuracy"",""severity"":""critical""}]}",False,"[{""category"":""accuracy"",""severity"":""critical""}]",True,1,0,True,True,False,57,57,1238,9,1247,,,703.91,1283,17,1300,0,0,1190.24
72610b9c24ab6de447f1,478,deepseek-v3-2,managed-prompt,subtitle,it,es,Che cosa buffa.,Qué chistoso.,"{""c"":""Qué cosa más divertida.""}",Qué cosa más divertida.,True,1,0,True,True,False,True,,True,,,"{""reason"":""detector_inconclusive"",""detected"":""es"",""confidence"":0.7143}",True,[],[],True,,"{""errors"":[]}",True,[],True,1,0,True,True,False,100,100,1239,11,1250,,,705.21,1293,8,1301,0,0,1176.08
c940857fb03ecac4f068,479,deepseek-v3-2,managed-prompt,subtitle,it,es,Quanto cazzo stupida sei a volte?,- ¿Cuán estúpida puedes ser?,"{""c"":""¿Qué tan jodidamente estúpida eres a veces?""}",¿Qué tan jodidamente estúpida eres a veces?,True,1,0,True,True,False,True,,True,,,"{""reason"":""detector_inconclusive"",""detected"":""pt"",""confidence"":0.6231}",True,[],[],True,,"{""errors"":[]}",True,[],True,1,0,True,True,False,100,100,1244,21,1265,,,798.64,1319,8,1327,0,0,1084.15
9239e72cb9e6492dfd64,480,deepseek-v3-2,managed-prompt,subtitle,it,fr,"Oh, Dio, Sono un idiota.","Mon dieu, je suis une idiote.","{""c"":""Oh, Dieu, je suis un idiot.""}","Oh, Dieu, je suis un idiot.",True,1,0,True,True,False,True,,True,,,"{""reason"":""detector_inconclusive"",""detected"":""fr"",""confidence"":0.5714}",True,[],[],True,,"{""errors"":[]}",True,[],True,1,0,True,True,False,100,100,1243,14,1257,,,710.56,1306,8,1314,0,0,1348.94
0c70f94ebab656f7b370,481,deepseek-v3-2,managed-prompt,subtitle,it,fr,Sopravvaluti la tua abilita' se dici di poter colpire cinque bersagli in movimento. - Pensi?,Tu surestimes ta capacité à toucher cinq cibles mouvantes.,"{""c"":""Tu surestimes tes capacités si tu penses pouvoir toucher cinq cibles en mouvement. - Tu crois ?""}",Tu surestimes tes capacités si tu penses pouvoir toucher cinq cibles en mouvement. - Tu crois ?,True,1,0,True,True,False,True,,True,,True,"{""reason"":""detector_match"",""detected"":""fr"",""confidence"":1.0}",True,[],[],True,,"{""errors"":[]}",True,[],True,1,0,True,True,False,100,100,1263,30,1293,,,920.92,1355,8,1363,0,0,1224.94
16405eb5ec76a80b37bd,482,deepseek-v3-2,managed-prompt,subtitle,it,fr,"No... no, devo provvedere alla mia famiglia.",Je dois m'occuper de ma famille.,"{""c"":""Non... non, je dois subvenir aux besoins de ma famille.""}","Non... non, je dois subvenir aux besoins de ma famille.",True,1,0,True,True,False,True,,True,,True,"{""reason"":""detector_match"",""detected"":""fr"",""confidence"":1.0}",True,[],[],True,,"{""errors"":[]}",True,[],True,1,0,True,True,False,100,100,1247,19,1266,,,773.33,1312,8,1320,0,0,1899.49
be28f859c3f257b04f83,483,deepseek-v3-2,managed-prompt,subtitle,it,fr,"Forza,andiamo,Tim.","- Allons-y, Tim.","{""c"":""Allez, on y va, Tim.""}","Allez, on y va, Tim.",True,1,0,True,True,False,True,,True,,,"{""reason"":""detector_mismatch_uncertain"",""detected"":""tr"",""confidence"":1.0}",True,[],[],True,,"{""errors"":[]}",True,[],True,1,0,True,True,False,100,100,1241,14,1255,,,933.2,1300,8,1308,0,0,1257.76
848da694d019512f528e,484,deepseek-v3-2,managed-prompt,subtitle,it,fr,Andiamo!,Allez !,"{""c"":""Allons-y!""}",Allons-y!,True,1,0,True,True,False,True,,True,,,"{""reason"":""too_short_for_language_detection"",""detected"":null,""confidence"":null}",True,[],[],True,,"{""errors"":[]}",True,[],True,1,0,True,True,False,100,100,1237,9,1246,,,743.68,1287,8,1295,0,0,1147.33
63fbf143c1c8b2182e87,485,deepseek-v3-2,managed-prompt,subtitle,it,fr,"Quindi, se non le dispiace.",Si ça ne vous embête pas.,"{""c"":""Alors, si ça ne vous dérange pas.""}","Alors, si ça ne vous dérange pas.",True,1,0,True,True,False,True,,True,,True,"{""reason"":""detector_match"",""detected"":""fr"",""confidence"":1.0}",True,[],[],True,,"{""errors"":[]}",True,[],True,1,0,True,True,False,100,100,1244,16,1260,,,691.69,1302,8,1310,0,0,1068.93
a5546a2fa9e23db615c4,486,deepseek-v3-2,managed-prompt,subtitle,it,fr,Me?,Pour moi ?,"{""c"":""Moi ?""}",Moi ?,True,1,0,True,True,False,True,,True,,,"{""reason"":""too_short_for_language_detection"",""detected"":null,""confidence"":null}",True,[],[],True,,"{""errors"":[]}",True,[],True,1,0,True,True,False,100,100,1236,8,1244,,,821.2,1284,8,1292,0,0,1215.6
149ce231ac5964d9e71c,487,deepseek-v3-2,managed-prompt,subtitle,it,fr,È chiaro che amo mia moglie.,Évidemment que j'aime ma femme.,"{""c"":""Il est clair que j'aime ma femme.""}",Il est clair que j'aime ma femme.,True,1,0,True,True,False,True,,True,,True,"{""reason"":""detector_match"",""detected"":""fr"",""confidence"":1.0}",True,[],[],True,,"{""errors"":[]}",True,[],True,1,0,True,True,False,100,100,1243,16,1259,,,1179.57,1309,8,1317,0,0,1205.81
027e80ac2c72578f8b93,488,deepseek-v3-2,managed-prompt,subtitle,it,fr,"Oh Dio, sarebbe fantastico!","Seigneur, ça serait tellement sympa.","{""c"":""Oh Dieu, ce serait génial !""}","Oh Dieu, ce serait génial !",True,1,0,True,True,False,True,,True,,True,"{""reason"":""detector_match"",""detected"":""fr"",""confidence"":1.0}",True,[],[],True,,"{""errors"":[]}",True,[],True,1,0,True,True,False,100,100,1242,13,1255,,,698.89,1306,8,1314,0,0,1238.72
127962b3730297bf7cb3,489,deepseek-v3-2,managed-prompt,subtitle,it,fr,Ma ora un sogno tutto mio. Che non finirà mai.,Maintenant... commence... mon propre rêve... qui ne se terminera jamais.,"{""c"":""Mais maintenant, un rêve tout à moi. Qui ne finira jamais.""}","Mais maintenant, un rêve tout à moi. Qui ne finira jamais.",True,1,0,True,True,False,True,,True,,True,"{""reason"":""detector_match"",""detected"":""fr"",""confidence"":1.0}",True,[],[],True,,"{""errors"":[]}",True,[],True,1,0,True,True,False,100,100,1249,21,1270,,,862.73,1331,8,1339,0,0,1142.45
fbcdccf4d6026aa80ef1,490,deepseek-v3-2,managed-prompt,subtitle,it,jp,Non scordare mai...,決して忘れるな マルセル,"{""c"":""絶対に忘れない...""}",絶対に忘れない...,True,1,0,True,True,False,True,,True,,True,"{""reason"":""target_script_present"",""detected"":""ja"",""confidence"":1.0}",True,[],[],True,,"{""errors"":[]}",True,[],True,1,0,True,True,False,100,100,1241,12,1253,,,686.85,1300,8,1308,0,0,1207.2
51780e6b1dc80d6447fe,491,deepseek-v3-2,managed-prompt,subtitle,it,jp,Questo sono io e questo sei tu. Cioè tu sei questo e io sono questo.,これが俺でこっちがお前 いや これがお前でこれが俺,"{""c"":""これは 私で、 あれは 君。つまり、 君は これで、 私は あれ。""}",これは 私で、 あれは 君。つまり、 君は これで、 私は あれ。,True,1,0,True,True,False,True,,True,,True,"{""reason"":""target_script_present"",""detected"":""ja"",""confidence"":1.0}",True,[],[],True,,"{""errors"":[{""category"":""accuracy"",""severity"":""major""},{""category"":""tone"",""severity"":""major""}]}",False,"[{""category"":""accuracy"",""severity"":""major""},{""category"":""tone"",""severity"":""major""}]",True,1,0,True,True,False,70,70,1255,32,1287,,,898.35,1348,26,1374,0,0,1310.74
a8fb9f4d78e30dd2f774,492,deepseek-v3-2,managed-prompt,subtitle,it,jp,Papà!,パパ！,"{""c"":""パパ！""}",パパ！,True,1,0,True,True,False,True,,True,,True,"{""reason"":""target_script_present"",""detected"":""ja"",""confidence"":1.0}",True,[],[],True,,"{""errors"":[]}",True,[],True,1,0,True,True,False,100,100,1238,8,1246,,,817.26,1285,8,1293,0,0,1264.34
c81db0c868aa98eb2f08,493,deepseek-v3-2,managed-prompt,subtitle,it,jp,Sissignore.,わかりました！,"{""c"":""Sissignore。""}",Sissignore。,True,1,0,True,True,False,True,,True,,False,"{""reason"":""target_script_missing"",""detected"":null,""confidence"":null}",True,[],[],True,,"{""errors"":[{""category"":""accuracy"",""severity"":""critical""},{""category"":""fluency"",""severity"":""critical""}]}",False,"[{""category"":""accuracy"",""severity"":""critical""},{""category"":""fluency"",""severity"":""critical""}]",True,1,0,True,True,False,20,20,1239,9,1248,,,903.21,1290,27,1317,0,0,1389.38
02345eb9263db2aa8c64,494,deepseek-v3-2,managed-prompt,subtitle,it,jp,Scofield di nuovo in penitenziario.,スコフィールドがまた刑務所に行く 正直いうと、,"{""c"":""Scofieldが再び刑務所に。""}",Scofieldが再び刑務所に。,True,1,0,True,True,False,True,,True,,True,"{""reason"":""target_script_present"",""detected"":""ja"",""confidence"":1.0}",True,[],[],True,,"{""errors"":[]}",True,[],True,1,0,True,True,False,100,100,1246,16,1262,,,923.59,1322,8,1330,0,0,1230.38
b3e18dea9a9073e4250f,495,deepseek-v3-2,managed-prompt,subtitle,it,jp,"Una volta alle superiori, perche'?",高校の時に一度だけ なぜ？,"{""c"":""高校時代には一回だけあったけど、なんで？""}",高校時代には一回だけあったけど、なんで？,True,1,0,True,True,False,True,,True,,True,"{""reason"":""target_script_present"",""detected"":""ja"",""confidence"":1.0}",True,[],[],True,,"{""errors"":[]}",True,[],True,1,0,True,True,False,100,100,1245,16,1261,,,753.76,1317,8,1325,0,0,1222.95
ba507dda0384d62630e6,496,deepseek-v3-2,managed-prompt,subtitle,it,jp,Quindi... indovina chi non e' piu' l'ultima persona sulla terra?,地球上で最後の人は 他に誰もいない,"{""c"":""それでさ…地球上で最後の一人じゃなくなったのは誰だと思う？""}",それでさ…地球上で最後の一人じゃなくなったのは誰だと思う？,True,1,0,True,True,False,True,,True,,True,"{""reason"":""target_script_present"",""detected"":""ja"",""confidence"":1.0}",True,[],[],True,,"{""errors"":[]}",True,[],True,1,0,True,True,False,100,100,1255,22,1277,,,992.76,1340,8,1348,0,0,1104.05
2fb0e4bd9ea256b66bc9,497,deepseek-v3-2,managed-prompt,subtitle,it,jp,Da dove arriva?,どこから流してる？,"{""c"":""どこから来たの？""}",どこから来たの？,True,1,0,True,True,False,True,,True,,True,"{""reason"":""target_script_present"",""detected"":""ja"",""confidence"":1.0}",True,[],[],True,,"{""errors"":[]}",True,[],True,1,0,True,True,False,100,100,1240,11,1251,,,840.55,1293,8,1301,0,0,1132.41
a692f4a2e8e8273fa9ab,498,deepseek-v3-2,managed-prompt,subtitle,it,jp,Tutti cosi' perfetti...,完璧です,"{""c"":""みんなこんなに完璧…""}",みんなこんなに完璧…,True,1,0,True,True,False,True,,True,,True,"{""reason"":""target_script_present"",""detected"":""ja"",""confidence"":1.0}",True,[],[],True,,"{""errors"":[]}",True,[],True,1,0,True,True,False,100,100,1243,12,1255,,,723.63,1297,8,1305,0,0,1291.81
5920afe53d8bdad3312b,499,deepseek-v3-2,managed-prompt,subtitle,it,jp,"- Se ti ordina di dare fuoco ai bambini, il tuo Signore e' diabolico.",子供を焼けと命じたなら あんたの主は悪だ,"{""c"":""- もしあなたが「子供たちに火をつけなさい」と命令するなら、あなたの主は邪悪です。""}",- もしあなたが「子供たちに火をつけなさい」と命令するなら、あなたの主は邪悪です。,True,1,0,True,True,False,True,,True,,True,"{""reason"":""target_script_present"",""detected"":""ja"",""confidence"":1.0}",True,[],[],True,,"{""errors"":[{""category"":""fluency"",""severity"":""minor""}]}",True,"[{""category"":""fluency"",""severity"":""minor""}]",True,1,0,True,True,False,97,97,1257,33,1290,,,1353.73,1360,18,1378,0,0,1180.82
452300904b569510534d,500,deepseek-v3-2,managed-prompt,subtitle,it,nl,"Grazie, signore.","Bedankt, meneer.","{""c"":""Bedankt, mijn heer.""}","Bedankt, mijn heer.",True,1,0,True,True,False,True,,True,,True,"{""reason"":""detector_match"",""detected"":""nl"",""confidence"":1.0}",True,[],[],True,,"{""errors"":[{""category"":""terminology"",""severity"":""minor""}]}",True,"[{""category"":""terminology"",""severity"":""minor""}]",True,1,0,True,True,False,97,97,1241,13,1254,,,1005.16,1296,17,1313,0,0,1264.64
004fb6fb3dfe4a456927,501,deepseek-v3-2,managed-prompt,subtitle,it,nl,- Guardate che sento tutto.,- Ik kan alles horen wat jullie zeggen.,"{""c"":""Hoor me niet, want ik hoor alles.""}","Hoor me niet, want ik hoor alles.",True,1,0,True,True,False,True,,True,,,"{""reason"":""detector_mismatch_uncertain"",""detected"":""af"",""confidence"":1.0}",True,[],[],True,,"{""errors"":[{""category"":""accuracy"",""severity"":""critical""}]}",False,"[{""category"":""accuracy"",""severity"":""critical""}]",True,1,0,True,True,False,60,60,1242,16,1258,,,722.08,1310,17,1327,0,0,1354.84
e99577370565b5b27611,502,deepseek-v3-2,managed-prompt,subtitle,it,nl,Siediti.,Ga gewoon zitten.,"{""c"":""Ga zitten.""}",Ga zitten.,True,1,0,True,True,False,True,,True,,,"{""reason"":""detector_mismatch_uncertain"",""detected"":""de"",""confidence"":1.0}",True,[],[],True,,"{""errors"":[]}",True,[],True,1,0,True,True,False,100,100,1238,9,1247,,,851.15,1287,8,1295,0,0,1183.39
e6af8f62231d92943822,503,deepseek-v3-2,managed-prompt,subtitle,it,nl,Aveva dei dipendenti?,Had hij werknemers?,"{""c"":""Had ze personeel?""}",Had ze personeel?,True,1,0,True,True,False,True,,True,,True,"{""reason"":""detector_match"",""detected"":""nl"",""confidence"":1.0}",True,[],[],True,,"{""errors"":[]}",True,[],True,1,0,True,True,False,100,100,1242,10,1252,,,715.07,1291,8,1299,0,0,1333.29
44113bfc049e711555f2,504,deepseek-v3-2,managed-prompt,subtitle,it,nl,"Lascia stare, Harold.","- Geen punt, Harold.","{""c"":""Laat het maar, Harold.""}","Laat het maar, Harold.",True,1,0,True,True,False,True,,True,,True,"{""reason"":""detector_match"",""detected"":""nl"",""confidence"":1.0}",True,[],[],True,,"{""errors"":[]}",True,[],True,1,0,True,True,False,100,100,1241,12,1253,,,887.57,1294,8,1302,0,0,1169.77
00ebbe79f817315a768c,505,deepseek-v3-2,managed-prompt,subtitle,it,nl,"Gente, ora partiamo perché l'ho detto io, va bene?","Oké, we vertrekken. Wanneer ik het zeg, oké?","{""c"":""Mensen, nu gaan we omdat ik het zeg, oké?""}","Mensen, nu gaan we omdat ik het zeg, oké?",True,1,0,True,True,False,True,,True,,True,"{""reason"":""detector_match"",""detected"":""nl"",""confidence"":0.8571}",True,[],[],True,,"{""errors"":[]}",True,[],True,1,0,True,True,False,100,100,1250,19,1269,,,971.14,1332,8,1340,0,0,1221.93
9f40d07d9c051d860630,506,deepseek-v3-2,managed-prompt,subtitle,it,nl,- Grazie.,-Dank je.,"{""c"":""- Dankje.""}",- Dankje.,True,1,0,True,True,False,True,,True,,,"{""reason"":""too_short_for_language_detection"",""detected"":null,""confidence"":null}",True,[],[],True,,"{""errors"":[]}",True,[],True,1,0,True,True,False,100,100,1238,9,1247,,,778.07,1287,8,1295,0,0,1121.58
9c70e6c673067e0cc69c,507,deepseek-v3-2,managed-prompt,subtitle,it,nl,Magari... torneremo un'altra volta.,Misschien kunnen we beter een andere keer komen.,"{""c"":""Misschien... komen we een andere keer terug.""}",Misschien... komen we een andere keer terug.,True,1,0,True,True,False,True,,True,,True,"{""reason"":""detector_match"",""detected"":""nl"",""confidence"":1.0}",True,[],[],True,,"{""errors"":[]}",True,[],True,1,0,True,True,False,100,100,1245,15,1260,,,856.62,1311,8,1319,0,0,1280.66
8e43df991a17939ead0e,508,deepseek-v3-2,managed-prompt,subtitle,it,nl,Ci sono nuove prove.,Er is nieuw bewijs.,"{""c"":""Er zijn nieuwe proeven.""}",Er zijn nieuwe proeven.,True,1,0,True,True,False,True,,True,,True,"{""reason"":""detector_match"",""detected"":""nl"",""confidence"":1.0}",True,[],[],True,,"{""errors"":[{""category"":""accuracy"",""severity"":""major""}]}",False,"[{""category"":""accuracy"",""severity"":""major""}]",True,1,0,True,True,False,85,85,1239,11,1250,,,704.6,1291,17,1308,0,0,1351.89
fa2abaf384dd70bd5bf1,509,deepseek-v3-2,managed-prompt,subtitle,it,nl,Non c'è alcun dubbio.,Er bestaat geen twijfel.,"{""c"":""Daar is geen twijfel over mogelijk.""}",Daar is geen twijfel over mogelijk.,True,1,0,True,True,False,True,,True,,True,"{""reason"":""detector_match"",""detected"":""nl"",""confidence"":1.0}",True,[],[],True,,"{""errors"":[]}",True,[],True,1,0,True,True,False,100,100,1244,15,1259,,,926.32,1298,8,1306,0,0,1135.91
6f4d9bb8d75334130e9c,510,deepseek-v3-2,managed-prompt,subtitle,it,nb,"Questo no, si, no.","- Den? Nei, jo, vel...","{""c"":""Dette nei, ja, nei.""}","Dette nei, ja, nei.",True,1,0,True,True,False,True,,True,,,"{""reason"":""detector_inconclusive"",""detected"":""fi"",""confidence"":0.8571}",True,[],[],True,,"{""errors"":[]}",True,[],True,1,0,True,True,False,100,100,1242,13,1255,,,666.62,1296,8,1304,0,0,1686.51
8881b25825b7c05d4ee8,511,deepseek-v3-2,managed-prompt,subtitle,it,nb,La polizia non chiede aiuto ai dilettanti.,Politiet konsulterer ikke amatører.,"{""c"":""Politiet ber ikke om hjelp fra amatører.""}",Politiet ber ikke om hjelp fra amatører.,True,1,0,True,True,False,True,,True,,True,"{""reason"":""detector_match"",""detected"":""no"",""confidence"":1.0}",True,[],[],True,,"{""errors"":[]}",True,[],True,1,0,True,True,False,100,100,1247,20,1267,,,7038.54,1311,8,1319,0,0,1299.59
0020f3b2b04043815839,512,deepseek-v3-2,managed-prompt,subtitle,it,nb,- Non vuoi ricordarlo.,- Du vil ikke huske det.,"{""c"":""- Du vil ikke huske det.""}",- Du vil ikke huske det.,True,1,0,True,True,False,True,,True,,,"{""reason"":""detector_mismatch_uncertain"",""detected"":""da"",""confidence"":1.0}",True,[],[],True,,"{""errors"":[]}",True,[],True,1,0,True,True,False,100,100,1241,13,1254,,,821.45,1295,8,1303,0,0,1231.26
f68d702fa002d24936d9,513,deepseek-v3-2,managed-prompt,subtitle,it,nb,- Com'e' possibile?,Hvordan er det mulig?,"{""c"":""- Hvordan er det mulig?""}",- Hvordan er det mulig?,True,1,0,True,True,False,True,,True,,,"{""reason"":""detector_mismatch_uncertain"",""detected"":""da"",""confidence"":1.0}",True,[],[],True,,"{""errors"":[]}",True,[],True,1,0,True,True,False,100,100,1240,14,1254,,,857.09,1298,8,1306,0,0,1194.32
7ae3e455c3082ec84f19,514,deepseek-v3-2,managed-prompt,subtitle,it,nb,- La verità su Terry Lennox.,- Sannheten om Terry Lennox.,"{""c"":""Sannheten om Terry Lennox.""}",Sannheten om Terry Lennox.,True,1,0,True,True,False,True,,True,,True,"{""reason"":""detector_match"",""detected"":""no"",""confidence"":1.0}",True,[],[],True,,"{""errors"":[{""category"":""preservation"",""severity"":""minor""}]}",True,"[{""category"":""preservation"",""severity"":""minor""}]",True,1,0,True,True,False,97,97,1243,13,1256,,,704.26,1304,17,1321,0,0,1425.14
8169eebd4820d9e8b84c,515,deepseek-v3-2,managed-prompt,subtitle,it,nb,"Signore, per continuare le ricerche dovremo usare tutto il carburante.",Hvis vi fortsetter ettersøkningen så vil vi bruke opp alt drivstoffet vårt.,"{""c"":""Signore, for å fortsette å lete, må vi bruke all drivstoff.""}","Signore, for å fortsette å lete, må vi bruke all drivstoff.",True,1,0,True,True,False,True,,True,,True,"{""reason"":""detector_match"",""detected"":""no"",""confidence"":1.0}",True,[],[],True,,"{""errors"":[{""category"":""fluency"",""severity"":""minor""},{""category"":""accuracy"",""severity"":""minor""}]}",True,"[{""category"":""fluency"",""severity"":""minor""},{""category"":""accuracy"",""severity"":""minor""}]",True,1,0,True,True,False,94,94,1254,25,1279,,,911.74,1340,27,1367,0,0,1362.09
16e16bb80c50b4c78faa,516,deepseek-v3-2,managed-prompt,subtitle,it,nb,"Secondo te, sono morti?",Tror du de er døde?,"{""c"":""Tror du de er døde?""}",Tror du de er døde?,True,1,0,True,True,False,True,,True,,,"{""reason"":""detector_inconclusive"",""detected"":""no"",""confidence"":0.4836}",True,[],[],True,,"{""errors"":[]}",True,[],True,1,0,True,True,False,100,100,1242,14,1256,,,831.56,1298,8,1306,0,0,1236.75
e848dc4b03d0903b2a89,517,deepseek-v3-2,managed-prompt,subtitle,it,nb,Cos'è successo?,Hva skjedde?,"{""c"":""Hva skjedde?""}",Hva skjedde?,True,1,0,True,True,False,True,,True,,True,"{""reason"":""detector_match"",""detected"":""no"",""confidence"":0.8571}",True,[],[],True,,"{""errors"":[]}",True,[],True,1,0,True,True,False,100,100,1240,11,1251,,,811.72,1294,8,1302,0,0,1276.48
e37c25abc868a624a82d,518,deepseek-v3-2,managed-prompt,subtitle,it,nb,Certo.,Ja visst.,"{""c"":""OK.""}",OK.,True,1,0,True,True,False,True,,True,,,"{""reason"":""too_short_for_language_detection"",""detected"":null,""confidence"":null}",True,[],[],True,,"{""errors"":[]}",True,[],True,1,0,True,True,False,100,100,1237,7,1244,,,766.86,1282,8,1290,0,0,1230.14
056e4e36afe82a46ad8c,519,deepseek-v3-2,managed-prompt,subtitle,it,nb,Praticamente sono sposata con un Buzz Lightyear sexy.,Jeg er gift med en sexy Buzz Lightyear.,"{""c"":""Jeg er praktisk talt gift med en sexy Buzz Lightyear.""}",Jeg er praktisk talt gift med en sexy Buzz Lightyear.,True,1,0,True,True,False,True,,True,,True,"{""reason"":""detector_match"",""detected"":""no"",""confidence"":1.0}",True,[],[],True,,"{""errors"":[]}",True,[],True,1,0,True,True,False,100,100,1247,20,1267,,,906.14,1319,8,1327,0,0,1110.4
4aa10574f86e311552f5,520,deepseek-v3-2,managed-prompt,subtitle,jp,da,サラによると、深夜零時までだと言った。,"Hun sagde, det var som om vi fik indtil midnat.","{""c"":""Ifølge Sara sagde hun, det ville vare til midnat klokken 0.""}","Ifølge Sara sagde hun, det ville vare til midnat klokken 0.",True,1,0,True,True,False,True,,True,,True,"{""reason"":""detector_match"",""detected"":""da"",""confidence"":0.8595}",True,[],"[{""code"":""number_not_exact"",""expected"":{},""actual"":{""0"":1}}]",True,,"{""errors"":[{""category"":""accuracy"",""severity"":""major""},{""category"":""fluency"",""severity"":""minor""}]}",False,"[{""category"":""accuracy"",""severity"":""major""},{""category"":""fluency"",""severity"":""minor""}]",True,1,0,True,True,False,79,79,1247,27,1274,,,846.52,1325,27,1352,0,0,1556.25
4c63c41e2caf92db3c9f,521,deepseek-v3-2,managed-prompt,subtitle,jp,da,何でも無い,- Hvad? Intet.,"{""c"":""Det er ikke noget""}",Det er ikke noget,True,1,0,True,True,False,True,,True,,,"{""reason"":""detector_mismatch_uncertain"",""detected"":""no"",""confidence"":1.0}",True,[],[],True,,"{""errors"":[]}",True,[],True,1,0,True,True,False,100,100,1238,10,1248,,,847.99,1292,8,1300,0,0,2080.58
3f6fa91c8274b8109649,522,deepseek-v3-2,managed-prompt,subtitle,jp,da,前にドアがある それを使って,– Brug døren foran dig.,"{""c"":""Der er en dør foran. Brug den.""}",Der er en dør foran. Brug den.,True,1,0,True,True,False,True,,True,,True,"{""reason"":""detector_match"",""detected"":""da"",""confidence"":1.0}",True,[],[],True,,"{""errors"":[]}",True,[],True,1,0,True,True,False,100,100,1241,17,1258,,,815.73,1305,8,1313,0,0,1225.01
cfcd36091c7300effc90,523,deepseek-v3-2,managed-prompt,subtitle,jp,da,それを表す 言葉があるわ,Ja og det er der et ord for:,"{""c"":""Der findes et udtryk for det""}",Der findes et udtryk for det,True,1,0,True,True,False,True,,True,,True,"{""reason"":""detector_match"",""detected"":""da"",""confidence"":1.0}",True,[],[],True,,"{""errors"":[]}",True,[],True,1,0,True,True,False,100,100,1241,14,1255,,,800.33,1302,8,1310,0,0,1090.88
86a21619080134a47fce,524,deepseek-v3-2,managed-prompt,subtitle,jp,da,魚には一種の 身ぶり言語がある,"Jeg tror, at fisk har en slags tegnsprog.","{""c"":""Fisk har en slags kropssprog""}",Fisk har en slags kropssprog,True,1,0,True,True,False,True,,True,,,"{""reason"":""detector_mismatch_uncertain"",""detected"":""sv"",""confidence"":1.0}",True,[],[],True,,"{""errors"":[]}",True,[],True,1,0,True,True,False,100,100,1244,16,1260,,,954.11,1316,8,1324,0,0,1300.03
b0db1f032761947fd1f8,525,deepseek-v3-2,managed-prompt,subtitle,jp,da,こんにちは、チェスター,"Goddag, Chester.","{""c"":""Hej Chester""}",Hej Chester,True,1,0,True,True,False,True,,True,,,"{""reason"":""detector_mismatch_uncertain"",""detected"":""nl"",""confidence"":1.0}",True,[],[],True,,"{""errors"":[]}",True,[],True,1,0,True,True,False,100,100,1243,8,1251,,,686.55,1293,8,1301,0,0,1284.42
066a528b66eb2b778fcd,526,deepseek-v3-2,managed-prompt,subtitle,jp,da,ちっきしょう,Fandens også.,"{""c"":""For helvede""}",For helvede,True,1,0,True,True,False,True,,True,,,"{""reason"":""detector_mismatch_uncertain"",""detected"":""no"",""confidence"":0.9922}",True,[],[],True,,"{""errors"":[]}",True,[],True,1,0,True,True,False,100,100,1238,9,1247,,,802.26,1289,8,1297,0,0,1187.91
363088039d2fa7b3643a,527,deepseek-v3-2,managed-prompt,subtitle,jp,da,何故ですか?,Hvorfor?,"{""c"":""Hvorfor?""}",Hvorfor?,True,1,0,True,True,False,True,,True,,,"{""reason"":""too_short_for_language_detection"",""detected"":null,""confidence"":null}",True,[],[],True,,"{""errors"":[]}",True,[],True,1,0,True,True,False,100,100,1238,9,1247,,,774.11,1287,8,1295,0,0,1290.75
89e2f5ef10c887b4d289,528,deepseek-v3-2,managed-prompt,subtitle,jp,da,- いや,Nej.,"{""c"":""- Nej""}",- Nej,True,1,0,True,True,False,True,,True,,,"{""reason"":""too_short_for_language_detection"",""detected"":null,""confidence"":null}",True,[],[],True,,"{""errors"":[]}",True,[],True,1,0,True,True,False,100,100,1238,7,1245,,,760.33,1284,8,1292,0,0,1269.8
da8d659feec83c43112c,529,deepseek-v3-2,managed-prompt,subtitle,jp,da,- こんにちは - やぁ,"Hej, skatter.","{""c"":""- Hej - Hey""}",- Hej - Hey,True,1,0,True,True,False,True,,True,,,"{""reason"":""too_short_for_language_detection"",""detected"":null,""confidence"":null}",True,[],[],True,,"{""errors"":[]}",True,[],True,1,0,True,True,False,100,100,1246,10,1256,,,821.98,1297,8,1305,0,0,1251.58
b370a950a1664d7cc64f,530,deepseek-v3-2,managed-prompt,subtitle,jp,de,人間の感情は 祖先からの贈り物だ,Menschliche Gefühle sind eine Gabe unserer tierischen Vorfahren.,"{""c"":""Menschliche Emotionen sind ein Geschenk unserer Vorfahren.""}",Menschliche Emotionen sind ein Geschenk unserer Vorfahren.,True,1,0,True,True,False,True,,True,,True,"{""reason"":""detector_match"",""detected"":""de"",""confidence"":1.0}",True,[],[],True,,"{""errors"":[]}",True,[],True,1,0,True,True,False,100,100,1245,20,1265,,,983.5,1332,8,1340,0,0,1219.87
4ca7ad0b3379064d5951,531,deepseek-v3-2,managed-prompt,subtitle,jp,de,なんだ？,Was ist das?,"{""c"":""Was?""}",Was?,True,1,0,True,True,False,True,,True,,,"{""reason"":""too_short_for_language_detection"",""detected"":null,""confidence"":null}",True,[],[],True,,"{""errors"":[]}",True,[],True,1,0,True,True,False,100,100,1237,7,1244,,,652.98,1284,8,1292,0,0,1310.27
6ffadccf9922892c44fe,532,deepseek-v3-2,managed-prompt,subtitle,jp,de,「今まで何処に」 どうもね,- Wo bist du gewesen?,"{""c"":""「Bis jetzt wo gewesen?」 Danke""}",「Bis jetzt wo gewesen?」 Danke,True,1,0,True,True,False,True,,True,,,"{""reason"":""detector_inconclusive"",""detected"":""af"",""confidence"":0.5714}",True,[],[],True,,"{""errors"":[{""category"":""fluency"",""severity"":""major""},{""category"":""accuracy"",""severity"":""major""},{""category"":""preservation"",""severity"":""minor""}]}",False,"[{""category"":""fluency"",""severity"":""major""},{""category"":""accuracy"",""severity"":""major""},{""category"":""preservation"",""severity"":""minor""}]",True,1,0,True,True,False,67,67,1245,16,1261,,,804.48,1309,36,1345,0,0,1387.71
07e677605cc7e076e37b,533,deepseek-v3-2,managed-prompt,subtitle,jp,de,何してるの？,Was machst du hier?,"{""c"":""Was machst du gerade?""}",Was machst du gerade?,True,1,0,True,True,False,True,,True,,True,"{""reason"":""detector_match"",""detected"":""de"",""confidence"":1.0}",True,[],[],True,,"{""errors"":[]}",True,[],True,1,0,True,True,False,100,100,1239,11,1250,,,737.83,1291,8,1299,0,0,1160.04
8e7f9b7a2f569fac98d0,534,deepseek-v3-2,managed-prompt,subtitle,jp,de,手榴弾は 何らかの毒物を 放ったに違いない,Die Granate muss eine Art Gift freigesetzt haben.,"{""c"":""Eine Handgranate muss etwas Gift freigesetzt haben.""}",Eine Handgranate muss etwas Gift freigesetzt haben.,True,1,0,True,True,False,True,,True,,True,"{""reason"":""detector_match"",""detected"":""de"",""confidence"":1.0}",True,[],[],True,,"{""errors"":[]}",True,[],True,1,0,True,True,False,100,100,1252,17,1269,,,858.05,1328,8,1336,0,0,1245.09
3c2d55b8e26b1de79905,535,deepseek-v3-2,managed-prompt,subtitle,jp,de,この３月で３０歳,Sie wäre diesen März 30 geworden.,"{""c"":""Diesen März werde ich 30""}",Diesen März werde ich 30,True,1,0,True,True,False,True,,True,,True,"{""reason"":""detector_match"",""detected"":""de"",""confidence"":1.0}",True,[],"[{""code"":""number_not_exact"",""expected"":{""３"":1,""３０"":1},""actual"":{""30"":1}}]",True,,"{""errors"":[]}",True,[],True,1,0,True,True,False,97,97,1241,12,1253,,,853.56,1303,8,1311,0,0,1288.56
4937c6e9b085a6d41567,536,deepseek-v3-2,managed-prompt,subtitle,jp,de,リストに入ってるんだ、ジュリエット,"Sie stehen auf der Liste, Juliet.","{""c"":""Du bist auf der Liste, Juliette.""}","Du bist auf der Liste, Juliette.",True,1,0,True,True,False,True,,True,,True,"{""reason"":""detector_match"",""detected"":""de"",""confidence"":1.0}",True,[],[],True,,"{""errors"":[{""category"":""preservation"",""severity"":""minor""}]}",True,"[{""category"":""preservation"",""severity"":""minor""}]",True,1,0,True,True,False,97,97,1244,14,1258,,,900.51,1312,17,1329,0,0,1301.78
bd16c5e69014fa88d35d,537,deepseek-v3-2,managed-prompt,subtitle,jp,de,彼を庇護するものは 一体.,Eine um ihn zu beschützen.,"{""c"":""Seine Beschützer, was.""}","Seine Beschützer, was.",True,1,0,True,True,False,True,,True,,True,"{""reason"":""detector_match"",""detected"":""de"",""confidence"":1.0}",True,[],[],True,,"{""errors"":[{""category"":""accuracy"",""severity"":""major""}]}",False,"[{""category"":""accuracy"",""severity"":""major""}]",True,1,0,True,True,False,85,85,1244,13,1257,,,708.46,1301,17,1318,0,0,1249.31
33442dc4d17854348e2e,538,deepseek-v3-2,managed-prompt,subtitle,jp,de,アメリカを取り戻そう！,Und Amerika wieder funktionstüchtig machen!,"{""c"":""Nehmt Amerika zurück!""}",Nehmt Amerika zurück!,True,1,0,True,True,False,True,,True,,True,"{""reason"":""detector_match"",""detected"":""de"",""confidence"":1.0}",True,[],[],True,,"{""errors"":[]}",True,[],True,1,0,True,True,False,100,100,1239,11,1250,,,848.25,1304,8,1312,0,0,1110.63
5995238b335a3535d20e,539,deepseek-v3-2,managed-prompt,subtitle,jp,de,貴方の為でも　警察の為でもないの いいわね？,Nicht wegen dir und nicht wegen der Polizei.,"{""c"":""Es geht weder um dich noch um die Polizei, in Ordnung?""}","Es geht weder um dich noch um die Polizei, in Ordnung?",True,1,0,True,True,False,True,,True,,True,"{""reason"":""detector_match"",""detected"":""de"",""confidence"":1.0}",True,[],[],True,,"{""errors"":[]}",True,[],True,1,0,True,True,False,100,100,1251,22,1273,,,914.26,1330,8,1338,0,0,1192.73
68e5e0591be0925d8075,540,deepseek-v3-2,managed-prompt,subtitle,jp,en,チャーリー！ チャーリー！,Charlie!,"{""c"":""Charlie! Charlie!""}",Charlie! Charlie!,True,1,0,True,True,False,True,,True,,,"{""reason"":""detector_mismatch_uncertain"",""detected"":""nl"",""confidence"":1.0}",True,[],[],True,,"{""errors"":[]}",True,[],True,1,0,True,True,False,100,100,1243,9,1252,,,660.35,1291,8,1299,0,0,1320.62
10d53d548fa690a9d41e,541,deepseek-v3-2,managed-prompt,subtitle,jp,en,どのように2会うたのですか？,How did you two meet?,"{""c"":""How did you two meet?""}",How did you two meet?,True,1,0,True,True,False,True,,True,,,"{""reason"":""detector_inconclusive"",""detected"":""af"",""confidence"":0.7143}",True,[],"[{""code"":""number_not_exact"",""expected"":{""2"":1},""actual"":{}}]",True,,"{""errors"":[]}",True,[],True,1,0,True,True,False,97,97,1243,11,1254,,,609.54,1296,8,1304,0,0,1395.5
2d5b3c0fac680bf24004,542,deepseek-v3-2,managed-prompt,subtitle,jp,en,パパ！,Dad.,"{""c"":""Dad!""}",Dad!,True,1,0,True,True,False,True,,True,,,"{""reason"":""too_short_for_language_detection"",""detected"":null,""confidence"":null}",True,[],[],True,,"{""errors"":[]}",True,[],True,1,0,True,True,False,100,100,1237,7,1244,,,654.69,1280,8,1288,0,0,1294.92
546d15240d8531ce811f,543,deepseek-v3-2,managed-prompt,subtitle,jp,en,前回までの Z Nation は,Previously on Z Nation.,"{""c"":""All previous Z Nation seasons""}",All previous Z Nation seasons,True,1,0,True,True,False,True,,True,,True,"{""reason"":""detector_match"",""detected"":""en"",""confidence"":1.0}",True,[],[],True,,"{""errors"":[{""category"":""accuracy"",""severity"":""major""}]}",False,"[{""category"":""accuracy"",""severity"":""major""}]",True,1,0,True,True,False,85,85,1241,10,1251,,,820.73,1290,17,1307,0,0,1188.51
c90ee93793692b99c7ff,544,deepseek-v3-2,managed-prompt,subtitle,jp,en,君が正しかったよ,"You know, you were right.","{""c"":""You were right""}",You were right,True,1,0,True,True,False,True,,True,,True,"{""reason"":""detector_match"",""detected"":""en"",""confidence"":0.8571}",True,[],[],True,,"{""errors"":[]}",True,[],True,1,0,True,True,False,100,100,1240,8,1248,,,657.41,1291,8,1299,0,0,1441.19
ff486311b1a5985e78af,545,deepseek-v3-2,managed-prompt,subtitle,jp,en,（ありさ） 多分 寝てないんだね 昨日,He probably didn't sleep. -Yesterday? -Yesterday.,"{""c"":""(Arisa) Maybe you didn't sleep last night""}",(Arisa) Maybe you didn't sleep last night,True,1,0,True,True,False,True,,True,,,"{""reason"":""detector_inconclusive"",""detected"":""af"",""confidence"":0.5714}",True,[],[],True,,"{""errors"":[]}",True,[],True,1,0,True,True,False,100,100,1249,17,1266,,,801.56,1317,8,1325,0,0,1130.69
bb83d98cb29929497033,546,deepseek-v3-2,managed-prompt,subtitle,jp,en,あなたが...,You're...,"{""c"":""you...""}",you...,True,1,0,True,True,False,True,,True,,,"{""reason"":""too_short_for_language_detection"",""detected"":null,""confidence"":null}",True,[],[],True,,"{""errors"":[]}",True,[],True,1,0,True,True,False,100,100,1237,7,1244,,,743.09,1283,8,1291,0,0,1185.19
a7e6d6d71819e0e23ae4,547,deepseek-v3-2,managed-prompt,subtitle,jp,en,乗る前に　私を殺さないって 約束してよね,"Ehi, before you get in the car, you have to promise not to kill me. Why? What did you do?","{""c"":""You have to promise you won't kill me before I get on, okay?""}","You have to promise you won't kill me before I get on, okay?",True,1,0,True,True,False,True,,True,,True,"{""reason"":""detector_match"",""detected"":""en"",""confidence"":1.0}",True,[],[],True,,"{""errors"":[]}",True,[],True,1,0,True,True,False,100,100,1249,21,1270,,,1024.48,1335,8,1343,0,0,1340.63
a0f6c64fb3ad73a3e897,548,deepseek-v3-2,managed-prompt,subtitle,jp,en,彼等は命令に従う,They follow orders.,"{""c"":""They follow orders""}",They follow orders,True,1,0,True,True,False,True,,True,,True,"{""reason"":""detector_match"",""detected"":""en"",""confidence"":1.0}",True,[],[],True,,"{""errors"":[]}",True,[],True,1,0,True,True,False,100,100,1241,8,1249,,,797.58,1289,8,1297,0,0,1203.48
7e383773c1d224dbabb1,549,deepseek-v3-2,managed-prompt,subtitle,jp,en,何?,What?,"{""c"":""What?""}",What?,True,1,0,True,True,False,True,,True,,,"{""reason"":""too_short_for_language_detection"",""detected"":null,""confidence"":null}",True,[],[],True,,"{""errors"":[]}",True,[],True,1,0,True,True,False,100,100,1236,7,1243,,,766.39,1279,8,1287,0,0,1153.04
d133feb117288d496622,550,deepseek-v3-2,managed-prompt,subtitle,jp,es,おい どうしてだよ 俺が好きだろ？,¿Qué sucede cariño ¿No te gusto?,"{""c"":""Oigan, ¿por qué no me eligen? ¿No soy popular?""}","Oigan, ¿por qué no me eligen? ¿No soy popular?",True,1,0,True,True,False,True,,True,,True,"{""reason"":""detector_match"",""detected"":""es"",""confidence"":1.0}",True,[],[],True,,"{""errors"":[{""category"":""accuracy"",""severity"":""major""},{""category"":""tone"",""severity"":""major""}]}",False,"[{""category"":""accuracy"",""severity"":""major""},{""category"":""tone"",""severity"":""major""}]",True,1,0,True,True,False,70,70,1248,21,1269,,,994.79,1333,26,1359,0,0,1409.4
4f98a11181ac1f8e55d6,551,deepseek-v3-2,managed-prompt,subtitle,jp,es,私も会いたいわ,Yo también quiero verte.,"{""c"":""Yo también quiero verte.""}",Yo también quiero verte.,True,1,0,True,True,False,True,,True,,True,"{""reason"":""detector_match"",""detected"":""es"",""confidence"":1.0}",True,[],[],True,,"{""errors"":[]}",True,[],True,1,0,True,True,False,100,100,1240,11,1251,,,708.2,1296,8,1304,0,0,1165.69
667a44d15e69b69e1886,552,deepseek-v3-2,managed-prompt,subtitle,jp,es,ＣＡＡは　ＡＰＰ遺伝子の突然変異で 発生します,La AAC viene de una mutación del gen APP.,"{""c"":""CAA es causada por una mutación en el gen de la proteína precursora amiloide (APP)""}",CAA es causada por una mutación en el gen de la proteína precursora amiloide (APP),True,1,0,True,True,False,True,,True,,True,"{""reason"":""detector_match"",""detected"":""es"",""confidence"":1.0}",True,[],[],True,,"{""errors"":[{""category"":""preservation"",""severity"":""minor""}]}",True,"[{""category"":""preservation"",""severity"":""minor""}]",True,1,0,True,True,False,97,97,1253,30,1283,,,1081.77,1348,17,1365,0,0,1267.17
8e6942c1ed31e86558f4,553,deepseek-v3-2,managed-prompt,subtitle,jp,es,私も,Yo también.,"{""c"":""yo también""}",yo también,True,1,0,True,True,False,True,,True,,True,"{""reason"":""detector_match"",""detected"":""es"",""confidence"":1.0}",True,[],[],True,,"{""errors"":[]}",True,[],True,1,0,True,True,False,100,100,1236,7,1243,,,722.12,1281,8,1289,0,0,1228.66
84d1b69c75a49447c6bd,554,deepseek-v3-2,managed-prompt,subtitle,jp,es,彼女はそこだ！,¡Ella está dentro!,"{""c"":""¡Allí está ella!""}",¡Allí está ella!,True,1,0,True,True,False,True,,True,,True,"{""reason"":""detector_match"",""detected"":""es"",""confidence"":1.0}",True,[],[],True,,"{""errors"":[]}",True,[],True,1,0,True,True,False,100,100,1240,11,1251,,,885.8,1296,8,1304,0,0,1265.69
2f96576665e499868267,555,deepseek-v3-2,managed-prompt,subtitle,jp,es,お会いできて　光栄です！,Es un placer conocerlo.,"{""c"":""¡Es un placer conocerte!""}",¡Es un placer conocerte!,True,1,0,True,True,False,True,,True,,True,"{""reason"":""detector_match"",""detected"":""es"",""confidence"":1.0}",True,[],[],True,,"{""errors"":[]}",True,[],True,1,0,True,True,False,100,100,1244,13,1257,,,1696.41,1300,8,1308,0,0,2718.18
128d651b18de2811b060,556,deepseek-v3-2,managed-prompt,subtitle,jp,es,第３位,En tercer lugar:,"{""c"":""3° lugar""}",3° lugar,True,1,0,True,True,False,True,,True,,,"{""reason"":""too_short_for_language_detection"",""detected"":null,""confidence"":null}",True,[],"[{""code"":""number_not_exact"",""expected"":{""３"":1},""actual"":{""3"":1}}]",True,,"{""errors"":[{""category"":""accuracy"",""severity"":""minor""}]}",True,"[{""category"":""accuracy"",""severity"":""minor""}]",True,1,0,True,True,False,94,94,1237,8,1245,,,810.96,1284,17,1301,0,0,1118.52
3c481b49c999e2f5d928,557,deepseek-v3-2,managed-prompt,subtitle,jp,es,彼らはずっと以前にあんたを監禁した 多分　あんたに代償を払わせた,"Debieron encerrarte hace mucho tiempo, para que pagaras por lo que has hecho.","{""c"":""Ellos te encerraron hace mucho tiempo. Quizás querían que pagaras la deuda.""}",Ellos te encerraron hace mucho tiempo. Quizás querían que pagaras la deuda.,True,1,0,True,True,False,True,,True,,True,"{""reason"":""detector_match"",""detected"":""es"",""confidence"":1.0}",True,[],[],True,,"{""errors"":[{""category"":""accuracy"",""severity"":""minor""}]}",True,"[{""category"":""accuracy"",""severity"":""minor""}]",True,1,0,True,True,False,97,97,1261,27,1288,,,801.72,1356,17,1373,0,0,1378.2
67670fa188433a4aead3,558,deepseek-v3-2,managed-prompt,subtitle,jp,es,ケイティは　時折ワインを飲みましたが なぜ　ですか？,¿Por qué- - Kati tomaba vino de vez en cuando.,"{""c"":""Katie de vez en cuando tomaba vino ¿por qué?""}",Katie de vez en cuando tomaba vino ¿por qué?,True,1,0,True,True,False,True,,True,,True,"{""reason"":""detector_match"",""detected"":""es"",""confidence"":1.0}",True,[],[],True,,"{""errors"":[]}",True,[],True,1,0,True,True,False,100,100,1253,19,1272,,,788.2,1335,8,1343,0,0,1241.07
820240f5e2b400b412f6,559,deepseek-v3-2,managed-prompt,subtitle,jp,es,- 痛むよ。,Duele.,"{""c"":""- Eso duele.""}",- Eso duele.,True,1,0,True,True,False,True,,True,,True,"{""reason"":""detector_match"",""detected"":""es"",""confidence"":1.0}",True,[],[],True,,"{""errors"":[]}",True,[],True,1,0,True,True,False,100,100,1240,11,1251,,,674.65,1291,8,1299,0,0,2682.21
e1e7539aa5bcd8a91d40,560,deepseek-v3-2,managed-prompt,subtitle,jp,fr,ありがとうございます,"Merci, ma reine.","{""c"":""ありがとうございます""}",ありがとうございます,True,1,0,True,True,False,True,,True,,False,"{""reason"":""unexpected_script"",""detected"":null,""confidence"":null}",True,[],"[{""code"":""source_copy_suspected""}]",True,,"{""errors"":[{""category"":""accuracy"",""severity"":""critical""}]}",False,"[{""category"":""accuracy"",""severity"":""critical""}]",True,1,0,True,True,False,57,57,1239,10,1249,,,827.1,1295,17,1312,0,0,1287.84
1cb6b1bc8a0d6ecc8e6a,561,deepseek-v3-2,managed-prompt,subtitle,jp,fr,あらら　これは興味深い,"Ooh, c'est intéressant.","{""c"":""Oho, ça a l'air intéressant.""}","Oho, ça a l'air intéressant.",True,1,0,True,True,False,True,,True,,True,"{""reason"":""detector_match"",""detected"":""fr"",""confidence"":1.0}",True,[],[],True,,"{""errors"":[{""category"":""accuracy"",""severity"":""minor""}]}",True,"[{""category"":""accuracy"",""severity"":""minor""}]",True,1,0,True,True,False,97,97,1243,16,1259,,,759.02,1309,17,1326,0,0,1305.33
c471683efe906100f5b6,562,deepseek-v3-2,managed-prompt,subtitle,jp,fr,- よし、全員降りろ,Sortez tous !,"{""c"":""- OK, posez tout le monde""}","- OK, posez tout le monde",True,1,0,True,True,False,True,,True,,True,"{""reason"":""detector_match"",""detected"":""fr"",""confidence"":1.0}",True,[],[],True,,"{""errors"":[{""category"":""accuracy"",""severity"":""major""}]}",False,"[{""category"":""accuracy"",""severity"":""major""}]",True,1,0,True,True,False,85,85,1244,13,1257,,,886.14,1297,17,1314,0,0,2022.35
2463408f49609d424966,563,deepseek-v3-2,managed-prompt,subtitle,jp,fr,分かった　ありがとう,- Bien. - Parfait. - Merci John.,"{""c"":""Compris, merci beaucoup""}","Compris, merci beaucoup",True,1,0,True,True,False,True,,True,,True,"{""reason"":""detector_match"",""detected"":""fr"",""confidence"":0.8571}",True,[],[],True,,"{""errors"":[]}",True,[],True,1,0,True,True,False,100,100,1240,12,1252,,,677.29,1306,8,1314,0,0,1332.63
05a216249893d49d0d41,564,deepseek-v3-2,managed-prompt,subtitle,jp,fr,時々だが...,Je pense que parfois.,"{""c"":""De temps en temps, mais...""}","De temps en temps, mais...",True,1,0,True,True,False,True,,True,,,"{""reason"":""detector_inconclusive"",""detected"":""fr"",""confidence"":0.7143}",True,[],[],True,,"{""errors"":[]}",True,[],True,1,0,True,True,False,100,100,1238,12,1250,,,864.24,1292,8,1300,0,0,1091.61
5da5a9927df3ad986987,565,deepseek-v3-2,managed-prompt,subtitle,jp,fr,あれはジョークさ,"Non, c'était une blague.","{""c"":""C'était une blague""}",C'était une blague,True,1,0,True,True,False,True,,True,,True,"{""reason"":""detector_match"",""detected"":""fr"",""confidence"":1.0}",True,[],[],True,,"{""errors"":[]}",True,[],True,1,0,True,True,False,100,100,1241,11,1252,,,691.97,1296,8,1304,0,0,1236.53
2ba028b75a141b14668e,566,deepseek-v3-2,managed-prompt,subtitle,jp,fr,集合場所に来るのは俺達だけ そこへVが,Il n'y aura que nous et le V.,"{""c"":""Nous sommes les seuls à rejoindre le point de rencontre, là où le V""}","Nous sommes les seuls à rejoindre le point de rencontre, là où le V",True,1,0,True,True,False,True,,True,,True,"{""reason"":""detector_match"",""detected"":""fr"",""confidence"":1.0}",True,[],[],True,,"{""errors"":[{""category"":""fluency"",""severity"":""major""},{""category"":""accuracy"",""severity"":""major""}]}",False,"[{""category"":""fluency"",""severity"":""major""},{""category"":""accuracy"",""severity"":""major""}]",True,1,0,True,True,False,70,70,1248,22,1270,,,1024.68,1327,27,1354,0,0,1194.02
61db801256473a3610ee,567,deepseek-v3-2,managed-prompt,subtitle,jp,fr,何を？,Quoi donc ?,"{""c"":""Quoi d'autre?""}",Quoi d'autre?,True,1,0,True,True,False,True,,True,,True,"{""reason"":""detector_match"",""detected"":""fr"",""confidence"":1.0}",True,[],[],True,,"{""errors"":[{""category"":""accuracy"",""severity"":""major""}]}",False,"[{""category"":""accuracy"",""severity"":""major""}]",True,1,0,True,True,False,85,85,1237,10,1247,,,613.64,1289,17,1306,0,0,1200.36
37c171c5ae3a3c6c19e8,568,deepseek-v3-2,managed-prompt,subtitle,jp,fr,大丈夫よ,Ça va aller.,"{""c"":""Tout va bien""}",Tout va bien,True,1,0,True,True,False,True,,True,,,"{""reason"":""detector_mismatch_uncertain"",""detected"":""nl"",""confidence"":1.0}",True,[],[],True,,"{""errors"":[]}",True,[],True,1,0,True,True,False,100,100,1237,9,1246,,,900.77,1291,8,1299,0,0,1128.38
d8c42760f489154dc096,569,deepseek-v3-2,managed-prompt,subtitle,jp,fr,悪いわね　モーガン先生 まだ終わらせないわ,"Je suis désolée, Dr Morgan mais je ne vais pas abandonner si vite.","{""c"":""Je suis désolée, Mr Morgan, je n'ai pas terminé.""}","Je suis désolée, Mr Morgan, je n'ai pas terminé.",True,1,0,True,True,False,True,,True,,True,"{""reason"":""detector_match"",""detected"":""fr"",""confidence"":1.0}",True,[],[],True,,"{""errors"":[{""category"":""terminology"",""severity"":""minor""},{""category"":""accuracy"",""severity"":""major""}]}",False,"[{""category"":""terminology"",""severity"":""minor""},{""category"":""accuracy"",""severity"":""major""}]",True,1,0,True,True,False,82,82,1252,21,1273,,,977.37,1334,26,1360,0,0,1363.88
0784c2f902a39864c47e,570,deepseek-v3-2,managed-prompt,subtitle,jp,it,決して忘れるな マルセル,Non scordare mai...,"{""c"":""Ricordati sempre, Marcel""}","Ricordati sempre, Marcel",True,1,0,True,True,False,True,,True,,True,"{""reason"":""detector_match"",""detected"":""it"",""confidence"":1.0}",True,[],[],True,,"{""errors"":[{""category"":""accuracy"",""severity"":""major""}]}",False,"[{""category"":""accuracy"",""severity"":""major""}]",True,1,0,True,True,False,85,85,1244,11,1255,,,815.13,1297,17,1314,0,0,1205.94
e10759d6749958a7aa44,571,deepseek-v3-2,managed-prompt,subtitle,jp,it,これが俺でこっちがお前 いや これがお前でこれが俺,Questo sono io e questo sei tu. Cioè tu sei questo e io sono questo.,"{""c"":""Questo sono io e questo sei tu No Aspetta, questo sei tu e questo sono io""}","Questo sono io e questo sei tu No Aspetta, questo sei tu e questo sono io",True,1,0,True,True,False,True,,True,,True,"{""reason"":""detector_match"",""detected"":""it"",""confidence"":1.0}",True,[],[],True,,"{""errors"":[]}",True,[],True,1,0,True,True,False,100,100,1256,24,1280,,,1258.52,1338,8,1346,0,0,1172.15
8b143a3146aedbc1ef8f,572,deepseek-v3-2,managed-prompt,subtitle,jp,it,パパ！,Papà!,"{""c"":""Papà!""}",Papà!,True,1,0,True,True,False,True,,True,,,"{""reason"":""too_short_for_language_detection"",""detected"":null,""confidence"":null}",True,[],[],True,,"{""errors"":[]}",True,[],True,1,0,True,True,False,100,100,1237,8,1245,,,684.05,1284,8,1292,0,0,1199.32
33eab0efb396cad56c74,573,deepseek-v3-2,managed-prompt,subtitle,jp,it,わかりました！,Sissignore.,"{""c"":""Capito!""}",Capito!,True,1,0,True,True,False,True,,True,,,"{""reason"":""too_short_for_language_detection"",""detected"":null,""confidence"":null}",True,[],[],True,,"{""errors"":[]}",True,[],True,1,0,True,True,False,100,100,1237,8,1245,,,904.16,1287,8,1295,0,0,1198.73
3b3b4ba114d6fd120266,574,deepseek-v3-2,managed-prompt,subtitle,jp,it,スコフィールドがまた刑務所に行く 正直いうと、,Scofield di nuovo in penitenziario.,"{""c"":""Scofield sta tornando in prigione... per essere onesti,""}","Scofield sta tornando in prigione... per essere onesti,",True,1,0,True,True,False,True,,True,,True,"{""reason"":""detector_match"",""detected"":""it"",""confidence"":0.8571}",True,[],[],True,,"{""errors"":[{""category"":""accuracy"",""severity"":""minor""}]}",True,"[{""category"":""accuracy"",""severity"":""minor""}]",True,1,0,True,True,False,97,97,1251,21,1272,,,750.27,1326,17,1343,0,0,1182.12
a7e941d5d8bd7ba2b0fb,575,deepseek-v3-2,managed-prompt,subtitle,jp,it,高校の時に一度だけ なぜ？,"Una volta alle superiori, perche'?","{""c"":""Non l'ho mai fatto al liceo, e nemmeno dopo, ma ora sì perché?""}","Non l'ho mai fatto al liceo, e nemmeno dopo, ma ora sì perché?",True,1,0,True,True,False,True,,True,,True,"{""reason"":""detector_match"",""detected"":""it"",""confidence"":1.0}",True,[],[],True,,"{""errors"":[{""category"":""accuracy"",""severity"":""critical""}]}",False,"[{""category"":""accuracy"",""severity"":""critical""}]",True,1,0,True,True,False,60,60,1242,26,1268,,,818.7,1321,17,1338,0,0,1355.83
819f823ca0a04443f855,576,deepseek-v3-2,managed-prompt,subtitle,jp,it,地球上で最後の人は 他に誰もいない,Quindi... indovina chi non e' piu' l'ultima persona sulla terra?,"{""c"":""L'ultima persona sulla terra non c'è nessun altro""}",L'ultima persona sulla terra non c'è nessun altro,True,1,0,True,True,False,True,,True,,True,"{""reason"":""detector_match"",""detected"":""it"",""confidence"":1.0}",True,[],[],True,,"{""errors"":[{""category"":""accuracy"",""severity"":""major""},{""category"":""fluency"",""severity"":""major""}]}",False,"[{""category"":""accuracy"",""severity"":""major""},{""category"":""fluency"",""severity"":""major""}]",True,1,0,True,True,False,70,70,1246,19,1265,,,982.99,1323,27,1350,0,0,1339.04
3e42f44734a0794f5168,577,deepseek-v3-2,managed-prompt,subtitle,jp,it,どこから流してる？,Da dove arriva?,"{""c"":""Dove trasmettono da?""}",Dove trasmettono da?,True,1,0,True,True,False,True,,True,,True,"{""reason"":""detector_match"",""detected"":""it"",""confidence"":1.0}",True,[],[],True,,"{""errors"":[{""category"":""fluency"",""severity"":""minor""}]}",True,"[{""category"":""fluency"",""severity"":""minor""}]",True,1,0,True,True,False,97,97,1240,13,1253,,,835.57,1293,18,1311,0,0,1168.66
bf47043bb4e9e16222b0,578,deepseek-v3-2,managed-prompt,subtitle,jp,it,完璧です,Tutti cosi' perfetti...,"{""c"":""Perfetto""}",Perfetto,True,1,0,True,True,False,True,,True,,True,"{""reason"":""detector_match"",""detected"":""it"",""confidence"":1.0}",True,[],[],True,,"{""errors"":[]}",True,[],True,1,0,True,True,False,100,100,1237,8,1245,,,818.21,1288,8,1296,0,0,1266.94
e79c8c142173b2981463,579,deepseek-v3-2,managed-prompt,subtitle,jp,it,子供を焼けと命じたなら あんたの主は悪だ,"- Se ti ordina di dare fuoco ai bambini, il tuo Signore e' diabolico.","{""c"":""Il tuo signore è malvagio se ti ordina di sacrificare i bambini.""}",Il tuo signore è malvagio se ti ordina di sacrificare i bambini.,True,1,0,True,True,False,True,,True,,True,"{""reason"":""detector_match"",""detected"":""it"",""confidence"":1.0}",True,[],[],True,,"{""errors"":[{""category"":""accuracy"",""severity"":""major""},{""category"":""tone"",""severity"":""minor""}]}",False,"[{""category"":""accuracy"",""severity"":""major""},{""category"":""tone"",""severity"":""minor""}]",True,1,0,True,True,False,82,82,1252,23,1275,,,803.31,1340,26,1366,0,0,1347.32
6ee138c45b6cae7dd762,580,deepseek-v3-2,managed-prompt,subtitle,jp,nl,- 何が起きたんだ！ - なんだそれ？,- Wat gebeurt er?,"{""c"":""- Wat is er gebeurd? - Wat is dat?""}",- Wat is er gebeurd? - Wat is dat?,True,1,0,True,True,False,True,,True,,,"{""reason"":""detector_inconclusive"",""detected"":""af"",""confidence"":0.8571}",True,[],[],True,,"{""errors"":[]}",True,[],True,1,0,True,True,False,100,100,1248,18,1266,,,1230.69,1314,8,1322,0,0,1258.59
d6e01c668485a2b65d6d,581,deepseek-v3-2,managed-prompt,subtitle,jp,nl,ぉ前の魂を食らつてやる,Ik ga me tegoed doen aan je ziel.,"{""c"":""ぉ前の魂を食らつてやる""}",ぉ前の魂を食らつてやる,True,1,0,True,True,False,True,,True,,False,"{""reason"":""unexpected_script"",""detected"":null,""confidence"":null}",True,[],"[{""code"":""source_copy_suspected""}]",True,,"{""errors"":[{""category"":""accuracy"",""severity"":""critical""}]}",False,"[{""category"":""accuracy"",""severity"":""critical""}]",True,1,0,True,True,False,57,57,1246,17,1263,,,718.03,1317,17,1334,0,0,1279.56
293f65131b3c066fc242,582,deepseek-v3-2,managed-prompt,subtitle,jp,nl,ありがとう,Dankjewel.,"{""c"":""bedankt""}",bedankt,True,1,0,True,True,False,True,,True,,,"{""reason"":""too_short_for_language_detection"",""detected"":null,""confidence"":null}",True,[],[],True,,"{""errors"":[]}",True,[],True,1,0,True,True,False,100,100,1237,8,1245,,,640.31,1288,8,1296,0,0,1205.52
b75a6babd4c36e761f66,583,deepseek-v3-2,managed-prompt,subtitle,jp,nl,したいが それには対価が要る,Dat zou ik graag willen. Maar er zit een prijskaartje aan.,"{""c"": ""Jij wilt, maar jij moet betalen.""}","Jij wilt, maar jij moet betalen.",True,1,0,True,True,False,True,,True,,True,"{""reason"":""detector_match"",""detected"":""nl"",""confidence"":1.0}",True,[],[],True,,"{""errors"":[{""category"":""accuracy"",""severity"":""major""},{""category"":""fluency"",""severity"":""minor""}]}",False,"[{""category"":""accuracy"",""severity"":""major""},{""category"":""fluency"",""severity"":""minor""}]",True,1,0,True,True,False,82,82,1244,17,1261,,,1027.52,1318,27,1345,0,0,1459.53
b8a9f9227c56e2f50194,584,deepseek-v3-2,managed-prompt,subtitle,jp,nl,いいえ、サー。,"Nee, meneer.","{""c"":""Nee, meneer.""}","Nee, meneer.",True,1,0,True,True,False,True,,True,,True,"{""reason"":""detector_match"",""detected"":""nl"",""confidence"":1.0}",True,[],[],True,,"{""errors"":[]}",True,[],True,1,0,True,True,False,100,100,1240,12,1252,,,835.01,1294,8,1302,0,0,1155.58
a9de2bfa4cbb4ce27fa0,585,deepseek-v3-2,managed-prompt,subtitle,jp,nl,さあどうぞ カウボーイ　プリンセス,"Hé, jongens. Pak maar.","{""c"":""Kom binnen! Cowboy Prinses""}",Kom binnen! Cowboy Prinses,True,1,0,True,True,False,True,,True,,,"{""reason"":""detector_inconclusive"",""detected"":""no"",""confidence"":0.5714}",True,[],[],True,,"{""errors"":[{""category"":""accuracy"",""severity"":""major""}]}",False,"[{""category"":""accuracy"",""severity"":""major""}]",True,1,0,True,True,False,85,85,1248,13,1261,,,694.06,1313,17,1330,0,0,1303.83
4604713df4e7b84a9fd9,586,deepseek-v3-2,managed-prompt,subtitle,jp,nl,- 私の家族は？,M'n familie?,"{""c"":""-  mijn familie?""}",-  mijn familie?,True,1,0,True,True,False,True,,True,,True,"{""reason"":""detector_match"",""detected"":""nl"",""confidence"":1.0}",True,[],[],True,,"{""errors"":[{""category"":""accuracy"",""severity"":""major""},{""category"":""fluency"",""severity"":""major""}]}",False,"[{""category"":""accuracy"",""severity"":""major""},{""category"":""fluency"",""severity"":""major""}]",True,1,0,True,True,False,70,70,1241,10,1251,,,801.59,1291,27,1318,0,0,1411.14
596d4da1244f19246d48,587,deepseek-v3-2,managed-prompt,subtitle,jp,nl,それが塩や金や 油であろうとなかろうと,"Of het nou zout, goud of olie is.","{""c"":""Of het nu zout, goud of olie is of niet""}","Of het nu zout, goud of olie is of niet",True,1,0,True,True,False,True,,True,,,"{""reason"":""detector_inconclusive"",""detected"":""nl"",""confidence"":0.7143}",True,[],[],True,,"{""errors"":[]}",True,[],True,1,0,True,True,False,100,100,1247,19,1266,,,745.95,1318,8,1326,0,0,1310.3
03545a6c182834348177,588,deepseek-v3-2,managed-prompt,subtitle,jp,nl,- そうなの　わたし、ピューターが大好きなの,Daar ben ik gek op.,"{""c"":""- そうなの　わたし、ピューターが大好きなの""}",- そうなの　わたし、ピューターが大好きなの,True,1,0,True,True,False,True,,True,,False,"{""reason"":""unexpected_script"",""detected"":null,""confidence"":null}",True,[],"[{""code"":""source_copy_suspected""}]",True,,"{""errors"":[{""category"":""accuracy"",""severity"":""critical""}]}",False,"[{""category"":""accuracy"",""severity"":""critical""}]",True,1,0,True,True,False,57,57,1251,22,1273,,,1985.19,1322,17,1339,0,0,1300.97
d337f3cc9b490f3779b8,589,deepseek-v3-2,managed-prompt,subtitle,jp,nl,メイソン　今週はどうだった？,"Mason, hoe was je week?","{""c"":""Mason Hoe was je week?""}",Mason Hoe was je week?,True,1,0,True,True,False,True,,True,,,"{""reason"":""detector_mismatch_uncertain"",""detected"":""af"",""confidence"":1.0}",True,[],[],True,,"{""errors"":[{""category"":""fluency"",""severity"":""minor""}]}",True,"[{""category"":""fluency"",""severity"":""minor""}]",True,1,0,True,True,False,97,97,1245,12,1257,,,716.47,1302,18,1320,0,0,1232.94
6cce89ed800c61e859e5,590,deepseek-v3-2,managed-prompt,subtitle,jp,nb,父さんは殺ろされたんじゃない,"Min far ble ikke drept, han...","{""c"":""Pappa ble ikke drept""}",Pappa ble ikke drept,True,1,0,True,True,False,True,,True,,True,"{""reason"":""detector_match"",""detected"":""no"",""confidence"":1.0}",True,[],[],True,,"{""errors"":[]}",True,[],True,1,0,True,True,False,100,100,1243,11,1254,,,739.79,1306,8,1314,0,0,1144.92
5691e2afa89930ab74c3,591,deepseek-v3-2,managed-prompt,subtitle,jp,nb,- いや,- Nei.,"{""c"":""- Nei""}",- Nei,True,1,0,True,True,False,True,,True,,,"{""reason"":""too_short_for_language_detection"",""detected"":null,""confidence"":null}",True,[],[],True,,"{""errors"":[]}",True,[],True,1,0,True,True,False,100,100,1238,8,1246,,,791.48,1283,8,1291,0,0,1227.58
a7abbad7620ebb2edc11,592,deepseek-v3-2,managed-prompt,subtitle,jp,nb,もう大丈夫,Det går bra nå.,"{""c"":""Er det bra nå?""}",Er det bra nå?,True,1,0,True,True,False,True,,True,,,"{""reason"":""detector_mismatch_uncertain"",""detected"":""da"",""confidence"":1.0}",True,[],[],True,,"{""errors"":[{""category"":""accuracy"",""severity"":""major""}]}",False,"[{""category"":""accuracy"",""severity"":""major""}]",True,1,0,True,True,False,85,85,1237,10,1247,,,649.68,1294,17,1311,0,0,1348.67
a754930dfdc8e4e480a5,593,deepseek-v3-2,managed-prompt,subtitle,jp,nb,私のようにね 私はアルメニア人だ,Som meg Jeg er armener.,"{""c"":""Som meg, jeg er armensk""}","Som meg, jeg er armensk",True,1,0,True,True,False,True,,True,,True,"{""reason"":""detector_match"",""detected"":""no"",""confidence"":1.0}",True,[],[],True,,"{""errors"":[]}",True,[],True,1,0,True,True,False,100,100,1244,12,1256,,,852.71,1304,8,1312,0,0,1340.73
1534f5064983e7c55ac0,594,deepseek-v3-2,managed-prompt,subtitle,jp,nb,君の番号を聞いてない,-Kom igjen. Jeg fikk ikke nummeret ditt!,"{""c"":""Jeg spurte ikke om nummeret ditt""}",Jeg spurte ikke om nummeret ditt,True,1,0,True,True,False,True,,True,,,"{""reason"":""detector_inconclusive"",""detected"":""da"",""confidence"":0.6471}",True,[],[],True,,"{""errors"":[]}",True,[],True,1,0,True,True,False,100,100,1242,16,1258,,,740.92,1311,8,1319,0,0,1118.91
ba1b287665dc45ee36d8,595,deepseek-v3-2,managed-prompt,subtitle,jp,nb,準備は出来てる,Og jeg er klar for det.,"{""c"":""Er dere klare?""}",Er dere klare?,True,1,0,True,True,False,True,,True,,,"{""reason"":""detector_inconclusive"",""detected"":""da"",""confidence"":0.8571}",True,[],[],True,,"{""errors"":[{""category"":""accuracy"",""severity"":""major""}]}",False,"[{""category"":""accuracy"",""severity"":""major""}]",True,1,0,True,True,False,85,85,1239,10,1249,,,801.19,1295,17,1312,0,0,1311.09
5a385822cf5ee1f067be,596,deepseek-v3-2,managed-prompt,subtitle,jp,nb,続けろ,Stå på.,"{""c"":""Fortsett""}",Fortsett,True,1,0,True,True,False,True,,True,,True,"{""reason"":""detector_match"",""detected"":""no"",""confidence"":1.0}",True,[],[],True,,"{""errors"":[]}",True,[],True,1,0,True,True,False,100,100,1237,7,1244,,,737.55,1285,8,1293,0,0,2277.45
1e7da04c9d4f23c889fc,597,deepseek-v3-2,managed-prompt,subtitle,jp,nb,礼ならいいよ,Bare hyggelig.,"{""c"":""Jeg har gode gaver til deg""}",Jeg har gode gaver til deg,True,1,0,True,True,False,True,,True,,,"{""reason"":""detector_mismatch_uncertain"",""detected"":""da"",""confidence"":1.0}",True,[],[],True,,"{""errors"":[{""category"":""accuracy"",""severity"":""major""}]}",False,"[{""category"":""accuracy"",""severity"":""major""}]",True,1,0,True,True,False,85,85,1238,14,1252,,,912.64,1296,17,1313,0,0,1291.54
55f9bb46c47742dfed5e,598,deepseek-v3-2,managed-prompt,subtitle,jp,nb,何も！,Ingenting!,"{""c"":""Ingenting!""}",Ingenting!,True,1,0,True,True,False,True,,True,,,"{""reason"":""detector_mismatch_uncertain"",""detected"":""tl"",""confidence"":1.0}",True,[],[],True,,"{""errors"":[]}",True,[],True,1,0,True,True,False,100,100,1237,8,1245,,,752.25,1283,8,1291,0,0,1171.49
d1a3e5617df43dddc3ae,599,deepseek-v3-2,managed-prompt,subtitle,jp,nb,全く予想しなかった 15年前の失敗と同じくらい... 君と共に働くのが 好きになった,"Jeg forutså ikke hvor vanskelig de siste 15 årene har vært for meg, hvor mye jeg ville komme til å elske å arbeide sammen med deg.","{""c"":""Like a failure 15 years ago I never expected... I actually came to like working with you.""}",Like a failure 15 years ago I never expected... I actually came to like working with you.,True,1,0,True,True,False,True,,True,,,"{""reason"":""detector_mismatch_uncertain"",""detected"":""en"",""confidence"":1.0}",True,[],[],True,,"{""errors"":[{""category"":""fluency"",""severity"":""critical""}]}",False,"[{""category"":""fluency"",""severity"":""critical""}]",True,1,0,True,True,False,60,60,1259,25,1284,,,1078.45,1372,18,1390,0,0,1185.59
7f505357e7bec1643460,600,deepseek-v3-2,managed-prompt,subtitle,nl,da,Heb je een rotdag?,Har du en dårlig dag?,"{""c"":""Har du en dårlig dag?""}",Har du en dårlig dag?,True,1,0,True,True,False,True,,True,,,"{""reason"":""detector_mismatch_uncertain"",""detected"":""sv"",""confidence"":0.9942}",True,[],[],True,,"{""errors"":[]}",True,[],True,1,0,True,True,False,100,100,1241,13,1254,,,714.15,1299,8,1307,0,0,1177.88
0c53b1f31b36269890c3,601,deepseek-v3-2,managed-prompt,subtitle,nl,da,- Sinds ik jou ken.,"- Ja, siden jeg mødte dig.","{""c"":""- Siden jeg kendte dig.""}",- Siden jeg kendte dig.,True,1,0,True,True,False,True,,True,,True,"{""reason"":""detector_match"",""detected"":""da"",""confidence"":1.0}",True,[],[],True,,"{""errors"":[{""category"":""accuracy"",""severity"":""minor""}]}",True,"[{""category"":""accuracy"",""severity"":""minor""}]",True,1,0,True,True,False,97,97,1241,14,1255,,,909.4,1298,17,1315,0,0,1177.23
7b1a5e287559a5153ddf,602,deepseek-v3-2,managed-prompt,subtitle,nl,da,- Hemeltje. Haak. - Haak?,Klo.,"{""c"":""- Hemeltje. Hækling. - Hækling?""}",- Hemeltje. Hækling. - Hækling?,True,1,0,True,True,False,True,,True,,True,"{""reason"":""detector_match"",""detected"":""da"",""confidence"":1.0}",True,[],[],True,,"{""errors"":[{""category"":""accuracy"",""severity"":""critical""}]}",False,"[{""category"":""accuracy"",""severity"":""critical""}]",True,1,0,True,True,False,60,60,1246,21,1267,,,905.56,1309,17,1326,0,0,1311.89
3e16f6f3aa3044661920,603,deepseek-v3-2,managed-prompt,subtitle,nl,da,Ik wilde niet dat er iemand gearresteerd werd.,Jeg... ville ikke have nogen arresteret.,"{""c"":""Jeg ville ikke have, at nogen blev arresteret.""}","Jeg ville ikke have, at nogen blev arresteret.",True,1,0,True,True,False,True,,True,,True,"{""reason"":""detector_match"",""detected"":""da"",""confidence"":1.0}",True,[],[],True,,"{""errors"":[]}",True,[],True,1,0,True,True,False,100,100,1248,19,1267,,,760.99,1311,8,1319,0,0,1264.47
61ae525d2e70941f9eb4,604,deepseek-v3-2,managed-prompt,subtitle,nl,da,Helemaal niet slecht.,Ikke dårligt.,"{""c"":""Slet ikke dårligt.""}",Slet ikke dårligt.,True,1,0,True,True,False,True,,True,,True,"{""reason"":""detector_match"",""detected"":""da"",""confidence"":1.0}",True,[],[],True,,"{""errors"":[]}",True,[],True,1,0,True,True,False,100,100,1241,12,1253,,,840.86,1293,8,1301,0,0,1260.56
c8a67e5f3e7e54c7ffef,605,deepseek-v3-2,managed-prompt,subtitle,nl,da,Daar komt Grey.,Grey kommer!,"{""c"":""Der kommer Grey.""}",Der kommer Grey.,True,1,0,True,True,False,True,,True,,,"{""reason"":""detector_mismatch_uncertain"",""detected"":""no"",""confidence"":1.0}",True,[],[],True,,"{""errors"":[]}",True,[],True,1,0,True,True,False,100,100,1239,9,1248,,,778.17,1283,8,1291,0,0,1094.02
e8313d2cffe8557fe148,606,deepseek-v3-2,managed-prompt,subtitle,nl,da,Een condoom?,Et kondom?,"{""c"":""En kondom?""}",En kondom?,True,1,0,True,True,False,True,,True,,,"{""reason"":""detector_mismatch_uncertain"",""detected"":""no"",""confidence"":1.0}",True,[],[],True,,"{""errors"":[{""category"":""fluency"",""severity"":""major""}]}",False,"[{""category"":""fluency"",""severity"":""major""}]",True,1,0,True,True,False,85,85,1238,9,1247,,,807.85,1285,18,1303,0,0,1152.45
06602e2c8154f4527043,607,deepseek-v3-2,managed-prompt,subtitle,nl,da,Dr Stella.,- Dr. Stella.,"{""c"":""Dr Stella.""}",Dr Stella.,True,1,0,True,True,False,True,,True,,,"{""reason"":""detector_inconclusive"",""detected"":""it"",""confidence"":0.5714}",True,[],"[{""code"":""source_copy_suspected""}]",True,,"{""errors"":[]}",True,[],True,1,0,True,True,False,97,97,1237,8,1245,,,697.27,1285,8,1293,0,0,1209.37
cc22c0ff2b38b6e8242a,608,deepseek-v3-2,managed-prompt,subtitle,nl,da,Ik heb een lang weekend tegoed.,Jeg har en lang weekend til gode.,"{""c"":""Jeg har brug for en lang weekend.""}",Jeg har brug for en lang weekend.,True,1,0,True,True,False,True,,True,,,"{""reason"":""detector_inconclusive"",""detected"":""da"",""confidence"":0.7143}",True,[],[],True,,"{""errors"":[{""category"":""accuracy"",""severity"":""major""}]}",False,"[{""category"":""accuracy"",""severity"":""major""}]",True,1,0,True,True,False,85,85,1242,15,1257,,,684.37,1302,17,1319,0,0,1255.54
de5e242b10de9b161edd,609,deepseek-v3-2,managed-prompt,subtitle,nl,da,Dat zijn de regels.,Sådan er reglernes.,"{""c"":""Sådan er reglerne.""}",Sådan er reglerne.,True,1,0,True,True,False,True,,True,,True,"{""reason"":""detector_match"",""detected"":""da"",""confidence"":1.0}",True,[],[],True,,"{""errors"":[]}",True,[],True,1,0,True,True,False,100,100,1240,13,1253,,,969.0,1294,8,1302,0,0,2592.67
86b4829ffffee0e3e4dd,610,deepseek-v3-2,managed-prompt,subtitle,nl,de,"Dat je het koud hebt, en rillerig bent.",Uns wird kalt und wir frösteln.,"{""c"":""Dass du frierst und fröstelst.""}",Dass du frierst und fröstelst.,True,1,0,True,True,False,True,,True,,True,"{""reason"":""detector_match"",""detected"":""de"",""confidence"":1.0}",True,[],[],True,,"{""errors"":[]}",True,[],True,1,0,True,True,False,100,100,1247,16,1263,,,754.78,1311,8,1319,0,0,1192.23
c674e078e640e9c0e4e8,611,deepseek-v3-2,managed-prompt,subtitle,nl,de,Mijn vader laat me constant bewaken.,Mein Vater hält mich unter ständiger Beobachtung.,"{""c"":""Mein Vater zwingt mich dazu, ständig auf der Hut zu sein.""}","Mein Vater zwingt mich dazu, ständig auf der Hut zu sein.",True,1,0,True,True,False,True,,True,,True,"{""reason"":""detector_match"",""detected"":""de"",""confidence"":1.0}",True,[],[],True,,"{""errors"":[{""category"":""accuracy"",""severity"":""major""}]}",False,"[{""category"":""accuracy"",""severity"":""major""}]",True,1,0,True,True,False,85,85,1244,23,1267,,,780.88,1327,17,1344,0,0,1233.53
3b20026157e8125a829b,612,deepseek-v3-2,managed-prompt,subtitle,nl,de,"Dit klinkt vast een beetje... of heel erg vreemd, maar we zijn je broers.",Es wird dir vielleicht ein wenig... Vielleicht sogar sehr verrückt vorkommen. Aber wir sind deine Brüder.,"{""c"":""Das klingt vielleicht ein bisschen... oder auch sehr seltsam, aber wir sind deine Brüder.""}","Das klingt vielleicht ein bisschen... oder auch sehr seltsam, aber wir sind deine Brüder.",True,1,0,True,True,False,True,,True,,True,"{""reason"":""detector_match"",""detected"":""de"",""confidence"":1.0}",True,[],[],True,,"{""errors"":[]}",True,[],True,1,0,True,True,False,100,100,1257,31,1288,,,1225.34,1364,8,1372,0,0,1106.78
2cbe2a927ea86f75b0ac,613,deepseek-v3-2,managed-prompt,subtitle,nl,de,- Anderhalf.,-Anderthalb.,"{""c"":""- Und eine Hälfte.""}",- Und eine Hälfte.,True,1,0,True,True,False,True,,True,,True,"{""reason"":""detector_match"",""detected"":""de"",""confidence"":1.0}",True,[],[],True,,"{""errors"":[{""category"":""accuracy"",""severity"":""major""}]}",False,"[{""category"":""accuracy"",""severity"":""major""}]",True,1,0,True,True,False,85,85,1239,12,1251,,,1730.75,1291,17,1308,0,0,1193.28
6b37ed0edbb404b1fcdc,614,deepseek-v3-2,managed-prompt,subtitle,nl,de,"- Wacht, ik heb hulp nodig.",Ich brauche... - Ich brauche eure Hilfe.,"{""c"":""- Warte, ich brauche Hilfe.""}","- Warte, ich brauche Hilfe.",True,1,0,True,True,False,True,,True,,True,"{""reason"":""detector_match"",""detected"":""de"",""confidence"":1.0}",True,[],[],True,,"{""errors"":[]}",True,[],True,1,0,True,True,False,100,100,1244,14,1258,,,795.74,1316,8,1324,0,0,1211.86
b6a46b118ebca28968c8,615,deepseek-v3-2,managed-prompt,subtitle,nl,de,Einstein is twee keer van school weggestuurd.,Einstein flog auch zweimal von der Schule.,"{""c"":""Einstein ist zwei mal von der Schule geworfen worden.""}",Einstein ist zwei mal von der Schule geworfen worden.,True,1,0,True,True,False,True,,True,,True,"{""reason"":""detector_match"",""detected"":""de"",""confidence"":1.0}",True,[],[],True,,"{""errors"":[{""category"":""fluency"",""severity"":""minor""}]}",True,"[{""category"":""fluency"",""severity"":""minor""}]",True,1,0,True,True,False,97,97,1247,18,1265,,,1003.11,1309,18,1327,0,0,1195.19
31fb1bf7872c959ab141,616,deepseek-v3-2,managed-prompt,subtitle,nl,de,Geef me de zaklamp.,Die Taschenlampe.,"{""c"":""Gib mir die Taschenlampe.""}",Gib mir die Taschenlampe.,True,1,0,True,True,False,True,,True,,True,"{""reason"":""detector_match"",""detected"":""de"",""confidence"":1.0}",True,[],[],True,,"{""errors"":[]}",True,[],True,1,0,True,True,False,100,100,1242,13,1255,,,945.76,1300,8,1308,0,0,1029.97
00e9d87eb248af4d0862,617,deepseek-v3-2,managed-prompt,subtitle,nl,de,Jij bent in staat tot medeleven... en vriendelijkheid en vrijgevigheid.,"Du bist imstande, sympathisch, freundlich und großzügig zu sein.","{""c"":""Du bist zu Mitgefühl fähig... und Freundlichkeit und Großzügigkeit.""}",Du bist zu Mitgefühl fähig... und Freundlichkeit und Großzügigkeit.,True,1,0,True,True,False,True,,True,,True,"{""reason"":""detector_match"",""detected"":""de"",""confidence"":1.0}",True,[],[],True,,"{""errors"":[]}",True,[],True,1,0,True,True,False,100,100,1254,26,1280,,,1096.28,1341,8,1349,0,0,1047.5
493bd70e43ca5f615578,618,deepseek-v3-2,managed-prompt,subtitle,nl,de,Veel mensen kwamen naar me toe en vroegen:,Viele Leute haben mich gefragt:,"{""c"":""Viele Leute kamen auf mich zu und sagten:""}",Viele Leute kamen auf mich zu und sagten:,True,1,0,True,True,False,True,,True,,True,"{""reason"":""detector_match"",""detected"":""de"",""confidence"":1.0}",True,[],[],True,,"{""errors"":[{""category"":""accuracy"",""severity"":""major""}]}",False,"[{""category"":""accuracy"",""severity"":""major""}]",True,1,0,True,True,False,85,85,1246,18,1264,,,928.08,1312,17,1329,0,0,1334.77
eb148d1616640118e581,619,deepseek-v3-2,managed-prompt,subtitle,nl,de,- Waarom niet?,- Nein. - Warum nicht?,"{""c"":""Warum nicht?""}",Warum nicht?,True,1,0,True,True,False,True,,True,,True,"{""reason"":""detector_match"",""detected"":""de"",""confidence"":1.0}",True,[],[],True,,"{""errors"":[{""category"":""preservation"",""severity"":""major""}]}",False,"[{""category"":""preservation"",""severity"":""major""}]",True,1,0,True,True,False,85,85,1239,9,1248,,,1121.17,1295,17,1312,0,0,1315.57
38a1dac227bd3c49b884,620,deepseek-v3-2,managed-prompt,subtitle,nl,en,Misschien omdat ze allemaal dood zijn!,- Maybe they're not because they're all dead!,"{""c"":""Maybe because they're all dead!""}",Maybe because they're all dead!,True,1,0,True,True,False,True,,True,,True,"{""reason"":""detector_match"",""detected"":""en"",""confidence"":1.0}",True,[],[],True,,"{""errors"":[]}",True,[],True,1,0,True,True,False,100,100,1243,12,1255,,,814.0,1301,8,1309,0,0,1205.4
ae90f260faf6df0ce24f,621,deepseek-v3-2,managed-prompt,subtitle,nl,en,"Heeft u de ratten gezien, of heeft u ze horen krabben?",Have you seen the rats or have you just heard scratching?,"{""c"":""Did you see the rats, or did you hear them scratching?""}","Did you see the rats, or did you hear them scratching?",True,1,0,True,True,False,True,,True,,True,"{""reason"":""detector_match"",""detected"":""en"",""confidence"":1.0}",True,[],[],True,,"{""errors"":[]}",True,[],True,1,0,True,True,False,100,100,1253,18,1271,,,718.63,1319,8,1327,0,0,1320.38
461581f47ac6d79e97dd,622,deepseek-v3-2,managed-prompt,subtitle,nl,en,"Genetische manipulatie, maar hoe?","Genetic manipulation, obviously, but what kind?","{""c"":""Genetic manipulation, but how?""}","Genetic manipulation, but how?",True,1,0,True,True,False,True,,True,,True,"{""reason"":""detector_match"",""detected"":""en"",""confidence"":1.0}",True,[],[],True,,"{""errors"":[]}",True,[],True,1,0,True,True,False,100,100,1243,11,1254,,,987.49,1301,8,1309,0,0,1176.97
cc0782bdf31b7606f1a8,623,deepseek-v3-2,managed-prompt,subtitle,nl,en,Vond u het erg dat hij populairder was?,Didn't it bother you that he was more popular?,"{""c"":""Did you mind that he was more popular?""}",Did you mind that he was more popular?,True,1,0,True,True,False,True,,True,,True,"{""reason"":""detector_match"",""detected"":""en"",""confidence"":1.0}",True,[],[],True,,"{""errors"":[]}",True,[],True,1,0,True,True,False,100,100,1246,14,1260,,,842.3,1309,8,1317,0,0,1152.29
f65a2615ef2fe32a38af,624,deepseek-v3-2,managed-prompt,subtitle,nl,en,Die man vroeg mij om vreselijke dingen te doen.,This man asked me to do terrible things.,"{""c"":""The man asked me to do horrible things.""}",The man asked me to do horrible things.,True,1,0,True,True,False,True,,True,,True,"{""reason"":""detector_match"",""detected"":""en"",""confidence"":1.0}",True,[],[],True,,"{""errors"":[]}",True,[],True,1,0,True,True,False,100,100,1248,14,1262,,,709.62,1305,8,1313,0,0,1135.72
e4eb9ea43f9f01434b45,625,deepseek-v3-2,managed-prompt,subtitle,nl,en,Laat me je eens bekijken!,Just let me get a look at you!,"{""c"":""May I take a look at you!""}",May I take a look at you!,True,1,0,True,True,False,True,,True,,,"{""reason"":""detector_inconclusive"",""detected"":""tl"",""confidence"":0.8571}",True,[],[],True,,"{""errors"":[]}",True,[],True,1,0,True,True,False,100,100,1242,13,1255,,,728.68,1299,8,1307,0,0,1220.89
4681df2d2913bdb7cdb3,626,deepseek-v3-2,managed-prompt,subtitle,nl,en,"O Jesus, Sam.","Jesus, Sam.","{""c"":""O Jesus, Sam.""}","O Jesus, Sam.",True,1,0,True,True,False,True,,True,,,"{""reason"":""detector_inconclusive"",""detected"":""pt"",""confidence"":0.8571}",True,[],"[{""code"":""source_copy_suspected""}]",True,,"{""errors"":[]}",True,[],True,1,0,True,True,False,97,97,1239,10,1249,,,929.1,1285,8,1293,0,0,2505.73
15e756e0442debb2e085,627,deepseek-v3-2,managed-prompt,subtitle,nl,en,De boom is te zwaar.,The tree's too heavy.,"{""c"":""The tree is too heavy.""}",The tree is too heavy.,True,1,0,True,True,False,True,,True,,True,"{""reason"":""detector_match"",""detected"":""en"",""confidence"":1.0}",True,[],[],True,,"{""errors"":[]}",True,[],True,1,0,True,True,False,100,100,1242,11,1253,,,736.07,1290,8,1298,0,0,1199.14
18aca7e3337619b14d71,628,deepseek-v3-2,managed-prompt,subtitle,nl,en,"Mama, stop.","Mama, stop.","{""c"":""Mama, stop.""}","Mama, stop.",True,1,0,True,True,False,True,,True,,,"{""reason"":""detector_inconclusive"",""detected"":""hr"",""confidence"":0.8571}",True,[],[],True,,"{""errors"":[]}",True,[],True,1,0,True,True,False,100,100,1239,10,1249,,,805.13,1286,8,1294,0,0,1166.6
00602cb9f51176fb2c77,629,deepseek-v3-2,managed-prompt,subtitle,nl,en,Grace is echt van streek omdat ze dit stadsfoto projekt niet kan doen.,"Aw, Grace is pretty upset about not being able to do this town photo.","{""c"":""Grace is really upset because she can't do this city photo project.""}",Grace is really upset because she can't do this city photo project.,True,1,0,True,True,False,True,,True,,True,"{""reason"":""detector_match"",""detected"":""en"",""confidence"":1.0}",True,[],[],True,,"{""errors"":[]}",True,[],True,1,0,True,True,False,100,100,1252,19,1271,,,1460.56,1322,8,1330,0,0,1332.42
3ede8d88894a5d24e30d,630,deepseek-v3-2,managed-prompt,subtitle,nl,es,Wilt u dat ik ermee ophoud?,- ¿Quiere que pare?,"{""c"":""¿Quieres que me detenga?""}",¿Quieres que me detenga?,True,1,0,True,True,False,True,,True,,,"{""reason"":""detector_inconclusive"",""detected"":""ca"",""confidence"":0.5715}",True,[],[],True,,"{""errors"":[{""category"":""tone"",""severity"":""minor""}]}",True,"[{""category"":""tone"",""severity"":""minor""}]",True,1,0,True,True,False,97,97,1245,13,1258,,,846.37,1307,17,1324,0,0,1282.9
ea9ae58467cae62abeef,631,deepseek-v3-2,managed-prompt,subtitle,nl,es,Hoe was de film van gisteren?,¿Qué tal la película de anoche?,"{""c"":""¿Cómo estuvo la película de ayer?""}",¿Cómo estuvo la película de ayer?,True,1,0,True,True,False,True,,True,,True,"{""reason"":""detector_match"",""detected"":""es"",""confidence"":1.0}",True,[],[],True,,"{""errors"":[]}",True,[],True,1,0,True,True,False,100,100,1244,16,1260,,,1076.7,1311,8,1319,0,0,1204.04
200ab8405ca53fe7bc01,632,deepseek-v3-2,managed-prompt,subtitle,nl,es,Gundars. Mr.,Sr. Gundars. ¿Ves?,"{""c"":""Gundars. Sr.""}",Gundars. Sr.,True,1,0,True,True,False,True,,True,,,"{""reason"":""detector_mismatch_uncertain"",""detected"":""sv"",""confidence"":1.0}",True,[],[],True,,"{""errors"":[]}",True,[],True,1,0,True,True,False,100,100,1240,11,1251,,,841.5,1299,8,1307,0,0,2442.92
fa0709e0594b1a090bd5,633,deepseek-v3-2,managed-prompt,subtitle,nl,es,"Alstublieft, iedereen... Vandaag vieren we de aankomst van El Murfi in de Stad van de Zero's.","Por favor, todos vosotros, hoy celebramos la llegada de El Murfi a la ciudad de los zeros.","{""c"":""Por favor, todos... Hoy celebramos la llegada de El Murfi a la Ciudad de los Cero.""}","Por favor, todos... Hoy celebramos la llegada de El Murfi a la Ciudad de los Cero.",True,1,0,True,True,False,True,,True,,True,"{""reason"":""detector_match"",""detected"":""es"",""confidence"":1.0}",True,[],[],True,,"{""errors"":[{""category"":""terminology"",""severity"":""minor""}]}",True,"[{""category"":""terminology"",""severity"":""minor""}]",True,1,0,True,True,False,97,97,1266,28,1294,,,846.71,1364,17,1381,0,0,1136.67
18eed7fedf28b36d93ff,634,deepseek-v3-2,managed-prompt,subtitle,nl,es,Je loopt een gevaarlijk pad af en je trekt mij met je mee.,Estás yendo por un camino peligroso y me estás arrastrando contigo.,"{""c"":""Estás recorriendo un camino peligroso y me estás arrastrando contigo.""}",Estás recorriendo un camino peligroso y me estás arrastrando contigo.,True,1,0,True,True,False,True,,True,,True,"{""reason"":""detector_match"",""detected"":""es"",""confidence"":1.0}",True,[],[],True,,"{""errors"":[]}",True,[],True,1,0,True,True,False,100,100,1253,25,1278,,,1307.77,1337,8,1345,0,0,1117.87
35189bf1d73a987f3d46,635,deepseek-v3-2,managed-prompt,subtitle,nl,es,Vergeet dit alles hier.,Olvida todo esto.,"{""c"":""Olvida todo esto de aquí.""}",Olvida todo esto de aquí.,True,1,0,True,True,False,True,,True,,,"{""reason"":""detector_mismatch_uncertain"",""detected"":""pt"",""confidence"":1.0}",True,[],[],True,,"{""errors"":[]}",True,[],True,1,0,True,True,False,100,100,1241,13,1254,,,904.81,1296,8,1304,0,0,2659.82
ccb4e79e8ac69a75f143,636,deepseek-v3-2,managed-prompt,subtitle,nl,es,"Ik houd ook van jou, Lois.","Yo también te quiero, Lois.","{""c"":""También te amo, Lois.""}","También te amo, Lois.",True,1,0,True,True,False,True,,True,,True,"{""reason"":""detector_match"",""detected"":""es"",""confidence"":1.0}",True,[],[],True,,"{""errors"":[]}",True,[],True,1,0,True,True,False,100,100,1242,12,1254,,,899.72,1305,8,1313,0,0,1174.4
4e3d57b1847a6c9b57cd,637,deepseek-v3-2,managed-prompt,subtitle,nl,es,"Nee, het was iemand anders.","No. No, se trataba de otro tipo.","{""c"":""No, fue otra persona.""}","No, fue otra persona.",True,1,0,True,True,False,True,,True,,True,"{""reason"":""detector_match"",""detected"":""es"",""confidence"":1.0}",True,[],[],True,,"{""errors"":[]}",True,[],True,1,0,True,True,False,100,100,1243,11,1254,,,698.21,1299,8,1307,0,0,1233.8
2546751ea984b8eb2c6b,638,deepseek-v3-2,managed-prompt,subtitle,nl,es,Dat is het goede aan hertenvlees.,Eso es lo bueno de la carne de ciervo.,"{""c"":""Eso es lo bueno de la carne de venado.""}",Eso es lo bueno de la carne de venado.,True,1,0,True,True,False,True,,True,,True,"{""reason"":""detector_match"",""detected"":""es"",""confidence"":1.0}",True,[],[],True,,"{""errors"":[]}",True,[],True,1,0,True,True,False,100,100,1244,18,1262,,,760.74,1314,8,1322,0,0,1122.52
8286eceab5342daae995,639,deepseek-v3-2,managed-prompt,subtitle,nl,es,"Die vorige generaal was al een vreselijke viespeuk, maar Ban Sung is erger.","Ya era difícil hacer negocios con el baboso del viejo general, pero Ban Sung es todavía peor.","{""c"":""El general anterior ya era un desgraciado terrible, pero Ban Sung es peor.""}","El general anterior ya era un desgraciado terrible, pero Ban Sung es peor.",True,1,0,True,True,False,True,,True,,True,"{""reason"":""detector_match"",""detected"":""es"",""confidence"":1.0}",True,[],[],True,,"{""errors"":[{""category"":""accuracy"",""severity"":""minor""}]}",True,"[{""category"":""accuracy"",""severity"":""minor""}]",True,1,0,True,True,False,97,97,1257,24,1281,,,1944.63,1344,17,1361,0,0,1158.28
38cff194062934574ecf,640,deepseek-v3-2,managed-prompt,subtitle,nl,fr,Ik herinner me dat je moeder je moest slaan voor je een jurk aantrok.,Salut... Dire que ta mère te battait pour que tu mettes une robe.,"{""c"":""Je me souviens que ta mère était obligée de te frapper avant que tu ne mettes une robe.""}",Je me souviens que ta mère était obligée de te frapper avant que tu ne mettes une robe.,True,1,0,True,True,False,True,,True,,True,"{""reason"":""detector_match"",""detected"":""fr"",""confidence"":1.0}",True,[],[],True,,"{""errors"":[]}",True,[],True,1,0,True,True,False,100,100,1256,29,1285,,,924.01,1343,8,1351,0,0,1180.97
9fcc34621cf43b6d0753,641,deepseek-v3-2,managed-prompt,subtitle,nl,fr,Kun jij dat ook zeggen?,Pouvez-vous en dire de même ?,"{""c"":""Tu peux dire ça aussi ?""}",Tu peux dire ça aussi ?,True,1,0,True,True,False,True,,True,,True,"{""reason"":""detector_match"",""detected"":""fr"",""confidence"":1.0}",True,[],[],True,,"{""errors"":[]}",True,[],True,1,0,True,True,False,100,100,1242,12,1254,,,1477.27,1303,8,1311,0,0,1176.64
510ad29ba48e68a2df31,642,deepseek-v3-2,managed-prompt,subtitle,nl,fr,- IJs met een cliënt?,- De la glace avec un client?,"{""c"":""- Du travail avec un client ?""}",- Du travail avec un client ?,True,1,0,True,True,False,True,,True,,True,"{""reason"":""detector_match"",""detected"":""fr"",""confidence"":1.0}",True,[],[],True,,"{""errors"":[{""category"":""accuracy"",""severity"":""critical""}]}",False,"[{""category"":""accuracy"",""severity"":""critical""}]",True,1,0,True,True,False,60,60,1243,12,1255,,,1022.47,1300,17,1317,0,0,1376.77
f87279e8a70bb9178406,643,deepseek-v3-2,managed-prompt,subtitle,nl,fr,Ze kan Davina vinden voordat die man haar kwaad doet.,Elle trouvera Davina avant que cet homme abuse d'elle.,"{""c"":""Ils peuvent trouver Davina avant que cet homme ne lui fasse du mal.""}",Ils peuvent trouver Davina avant que cet homme ne lui fasse du mal.,True,1,0,True,True,False,True,,True,,True,"{""reason"":""detector_match"",""detected"":""fr"",""confidence"":1.0}",True,[],[],True,,"{""errors"":[{""category"":""accuracy"",""severity"":""major""}]}",False,"[{""category"":""accuracy"",""severity"":""major""}]",True,1,0,True,True,False,85,85,1249,22,1271,,,986.66,1327,17,1344,0,0,1323.73
6420c34d0c6b84db53e9,644,deepseek-v3-2,managed-prompt,subtitle,nl,fr,Ik ken je van een foto.,Je t'ai reconnu d'après une photo.,"{""c"":""Je te reconnais d'une photo.""}",Je te reconnais d'une photo.,True,1,0,True,True,False,True,,True,,True,"{""reason"":""detector_match"",""detected"":""fr"",""confidence"":1.0}",True,[],[],True,,"{""errors"":[]}",True,[],True,1,0,True,True,False,100,100,1241,13,1254,,,1050.36,1301,8,1309,0,0,1130.09
561209c196b02255f6e7,645,deepseek-v3-2,managed-prompt,subtitle,nl,fr,We maken toch geen van beiden kans bij Jackie.,"D'ailleurs, Jackie ne veut pas de nous.","{""c"":""On n'a aucune chance avec Jackie de toute façon.""}",On n'a aucune chance avec Jackie de toute façon.,True,1,0,True,True,False,True,,True,,True,"{""reason"":""detector_match"",""detected"":""fr"",""confidence"":1.0}",True,[],[],True,,"{""errors"":[]}",True,[],True,1,0,True,True,False,100,100,1244,16,1260,,,921.72,1311,8,1319,0,0,1162.1
4969e0845016e9000c42,646,deepseek-v3-2,managed-prompt,subtitle,nl,fr,Ja.,Oui.,"{""c"":""Oui.""}",Oui.,True,1,0,True,True,False,True,,True,,,"{""reason"":""too_short_for_language_detection"",""detected"":null,""confidence"":null}",True,[],[],True,,"{""errors"":[]}",True,[],True,1,0,True,True,False,100,100,1236,8,1244,,,777.53,1282,8,1290,0,0,1095.67
d0c0f948cef77ff07f78,647,deepseek-v3-2,managed-prompt,subtitle,nl,fr,"Denk niet dat jij meer van romantiek weet dan ik. Handje vasthouden, elkaar voeren en afvegen is ook maar gelul.",N'imaginez pas que vous êtes un as de la romance en vous tripotant les mains et en vous donnant la becquée.,"{""c"":""Ne pense pas que tu en sais plus que moi sur la romance. Se tenir la main, se nourrir mutuellement et s'essuyer, c'est aussi des conneries.""}","Ne pense pas que tu en sais plus que moi sur la romance. Se tenir la main, se nourrir mutuellement et s'essuyer, c'est aussi des conneries.",True,1,0,True,True,False,True,,True,,True,"{""reason"":""detector_match"",""detected"":""fr"",""confidence"":1.0}",True,[],[],True,,"{""errors"":[{""category"":""tone"",""severity"":""major""},{""category"":""accuracy"",""severity"":""minor""}]}",False,"[{""category"":""tone"",""severity"":""major""},{""category"":""accuracy"",""severity"":""minor""}]",True,1,0,True,True,False,82,82,1269,44,1313,,,1753.33,1384,26,1410,0,0,1222.01
868e6b3e53e1ddcae1e2,648,deepseek-v3-2,managed-prompt,subtitle,nl,fr,Ja.,Oui.,"{""c"":""Oui.""}",Oui.,True,1,0,True,True,False,True,,True,,,"{""reason"":""too_short_for_language_detection"",""detected"":null,""confidence"":null}",True,[],[],True,,"{""errors"":[]}",True,[],True,1,0,True,True,False,100,100,1236,8,1244,,,721.45,1282,8,1290,0,0,1217.0
444a8e4bf9edcf7f4c4b,649,deepseek-v3-2,managed-prompt,subtitle,nl,fr,"Wij, Seymour, hebben geen probleem met hem.","- Nous, Seymour, on n'a rien contre lui.","{""c"":""Nous, Seymour, n'avons aucun problème avec lui.""}","Nous, Seymour, n'avons aucun problème avec lui.",True,1,0,True,True,False,True,,True,,True,"{""reason"":""detector_match"",""detected"":""fr"",""confidence"":1.0}",True,[],[],True,,"{""errors"":[]}",True,[],True,1,0,True,True,False,100,100,1246,17,1263,,,995.88,1325,8,1333,0,0,1052.62
dd2d8f420cacd75008b0,650,deepseek-v3-2,managed-prompt,subtitle,nl,it,"Bedankt, meneer.","Grazie, signore.","{""c"":""Grazie, signore.""}","Grazie, signore.",True,1,0,True,True,False,True,,True,,True,"{""reason"":""detector_match"",""detected"":""it"",""confidence"":1.0}",True,[],[],True,,"{""errors"":[]}",True,[],True,1,0,True,True,False,100,100,1242,12,1254,,,854.7,1293,8,1301,0,0,1277.23
bb307c17dbd7855c50f9,651,deepseek-v3-2,managed-prompt,subtitle,nl,it,- Ik kan alles horen wat jullie zeggen.,- Guardate che sento tutto.,"{""c"":""Posso sentire tutto quello che dite voi.""}",Posso sentire tutto quello che dite voi.,True,1,0,True,True,False,True,,True,,True,"{""reason"":""detector_match"",""detected"":""it"",""confidence"":1.0}",True,[],[],True,,"{""errors"":[]}",True,[],True,1,0,True,True,False,100,100,1246,16,1262,,,1095.74,1309,8,1317,0,0,1217.21
a3f6276c8dc702e6fc33,652,deepseek-v3-2,managed-prompt,subtitle,nl,it,Ga gewoon zitten.,Siediti.,"{""c"":""Ferma qui.""}",Ferma qui.,True,1,0,True,True,False,True,,True,,,"{""reason"":""detector_mismatch_uncertain"",""detected"":""pt"",""confidence"":1.0}",True,[],[],True,,"{""errors"":[{""category"":""accuracy"",""severity"":""major""}]}",False,"[{""category"":""accuracy"",""severity"":""major""}]",True,1,0,True,True,False,85,85,1240,9,1249,,,645.96,1287,17,1304,0,0,1277.69
c4929bae6cffaef706f6,653,deepseek-v3-2,managed-prompt,subtitle,nl,it,Had hij werknemers?,Aveva dei dipendenti?,"{""c"":""Aveva dipendenti?""}",Aveva dipendenti?,True,1,0,True,True,False,True,,True,,True,"{""reason"":""detector_match"",""detected"":""it"",""confidence"":1.0}",True,[],[],True,,"{""errors"":[]}",True,[],True,1,0,True,True,False,100,100,1241,12,1253,,,748.22,1292,8,1300,0,0,1087.17
67779427d19f4a9300d7,654,deepseek-v3-2,managed-prompt,subtitle,nl,it,"- Geen punt, Harold.","Lascia stare, Harold.","{""c"":""Nessun problema, Harold.""}","Nessun problema, Harold.",True,1,0,True,True,False,True,,True,,,"{""reason"":""detector_inconclusive"",""detected"":""en"",""confidence"":0.5714}",True,[],[],True,,"{""errors"":[]}",True,[],True,1,0,True,True,False,100,100,1241,12,1253,,,835.08,1294,8,1302,0,0,1933.68
5f146afbaf428c60fb4f,655,deepseek-v3-2,managed-prompt,subtitle,nl,it,"Oké, we vertrekken. Wanneer ik het zeg, oké?","Gente, ora partiamo perché l'ho detto io, va bene?","{""c"":""Oké, partiamo. Quando ti dico io, oké?""}","Oké, partiamo. Quando ti dico io, oké?",True,1,0,True,True,False,True,,True,,,"{""reason"":""detector_mismatch_uncertain"",""detected"":""pt"",""confidence"":1.0}",True,[],[],True,,"{""errors"":[{""category"":""accuracy"",""severity"":""major""},{""category"":""preservation"",""severity"":""minor""}]}",False,"[{""category"":""accuracy"",""severity"":""major""},{""category"":""preservation"",""severity"":""minor""}]",True,1,0,True,True,False,82,82,1251,20,1271,,,750.5,1333,26,1359,0,0,2365.68
4465ae02cd9763f9e118,656,deepseek-v3-2,managed-prompt,subtitle,nl,it,-Dank je.,- Grazie.,"{""c"":""Grazie.""}",Grazie.,True,1,0,True,True,False,True,,True,,,"{""reason"":""too_short_for_language_detection"",""detected"":null,""confidence"":null}",True,[],[],True,,"{""errors"":[]}",True,[],True,1,0,True,True,False,100,100,1238,9,1247,,,692.39,1285,8,1293,0,0,1113.98
f804b396d9ac36c1fd6a,657,deepseek-v3-2,managed-prompt,subtitle,nl,it,Misschien kunnen we beter een andere keer komen.,Magari... torneremo un'altra volta.,"{""c"":""Forse è meglio se veniamo un'altra volta.""}",Forse è meglio se veniamo un'altra volta.,True,1,0,True,True,False,True,,True,,True,"{""reason"":""detector_match"",""detected"":""it"",""confidence"":1.0}",True,[],[],True,,"{""errors"":[]}",True,[],True,1,0,True,True,False,100,100,1244,17,1261,,,912.54,1312,8,1320,0,0,1224.64
e463571ffca4e72f3eb5,658,deepseek-v3-2,managed-prompt,subtitle,nl,it,Er is nieuw bewijs.,Ci sono nuove prove.,"{""c"":""C'è una nuova prova.""}",C'è una nuova prova.,True,1,0,True,True,False,True,,True,,True,"{""reason"":""detector_match"",""detected"":""it"",""confidence"":1.0}",True,[],[],True,,"{""errors"":[{""category"":""accuracy"",""severity"":""major""}]}",False,"[{""category"":""accuracy"",""severity"":""major""}]",True,1,0,True,True,False,85,85,1241,12,1253,,,670.45,1294,17,1311,0,0,1333.04
e151d339a3f0ed5b21a7,659,deepseek-v3-2,managed-prompt,subtitle,nl,it,Er bestaat geen twijfel.,Non c'è alcun dubbio.,"{""c"":""Non c'è dubbio.""}",Non c'è dubbio.,True,1,0,True,True,False,True,,True,,True,"{""reason"":""detector_match"",""detected"":""it"",""confidence"":1.0}",True,[],[],True,,"{""errors"":[]}",True,[],True,1,0,True,True,False,100,100,1241,13,1254,,,788.98,1296,8,1304,0,0,1286.94
b0d2204a7fbacaa3596b,660,deepseek-v3-2,managed-prompt,subtitle,nl,jp,- Wat gebeurt er?,- 何が起きたんだ！ - なんだそれ？,"{""c"":""何が起こっているの？""}",何が起こっているの？,True,1,0,True,True,False,True,,True,,True,"{""reason"":""target_script_present"",""detected"":""ja"",""confidence"":1.0}",True,[],[],True,,"{""errors"":[]}",True,[],True,1,0,True,True,False,100,100,1241,11,1252,,,636.37,1309,8,1317,0,0,1416.24
8422df8144581e1ec682,661,deepseek-v3-2,managed-prompt,subtitle,nl,jp,Ik ga me tegoed doen aan je ziel.,ぉ前の魂を食らつてやる,"{""c"":""君の魂、味わわせてもらうぜ。""}",君の魂、味わわせてもらうぜ。,True,1,0,True,True,False,True,,True,,True,"{""reason"":""target_script_present"",""detected"":""ja"",""confidence"":1.0}",True,[],[],True,,"{""errors"":[]}",True,[],True,1,0,True,True,False,100,100,1246,17,1263,,,1685.05,1319,8,1327,0,0,1297.45
79a805637f54e3eb55d6,662,deepseek-v3-2,managed-prompt,subtitle,nl,jp,Dankjewel.,ありがとう,"{""c"":""ありがとうございます。""}",ありがとうございます。,True,1,0,True,True,False,True,,True,,True,"{""reason"":""target_script_present"",""detected"":""ja"",""confidence"":1.0}",True,[],[],True,,"{""errors"":[{""category"":""tone"",""severity"":""minor""}]}",True,"[{""category"":""tone"",""severity"":""minor""}]",True,1,0,True,True,False,97,97,1240,11,1251,,,799.37,1293,17,1310,0,0,2649.55
5139c0ffc656d4ffb448,663,deepseek-v3-2,managed-prompt,subtitle,nl,jp,Dat zou ik graag willen. Maar er zit een prijskaartje aan.,したいが それには対価が要る,"{""c"":""Dat zou ik graag willen. Maar er zit een prijskaartje aan.""}",Dat zou ik graag willen. Maar er zit een prijskaartje aan.,True,1,0,True,True,False,True,,True,,False,"{""reason"":""target_script_missing"",""detected"":null,""confidence"":null}",False,"[{""code"":""source_copied""}]",[],True,,"{""errors"":[{""category"":""accuracy"",""severity"":""critical""}]}",False,"[{""category"":""accuracy"",""severity"":""critical""}]",True,1,0,True,True,False,60,60,1253,23,1276,,,1058.43,1328,17,1345,0,0,1285.41
7dbb5da44f29e7843d48,664,deepseek-v3-2,managed-prompt,subtitle,nl,jp,"Nee, meneer.",いいえ、サー。,"{""c"":""いいえ、旦那さん。""}",いいえ、旦那さん。,True,1,0,True,True,False,True,,True,,True,"{""reason"":""target_script_present"",""detected"":""ja"",""confidence"":1.0}",True,[],[],True,,"{""errors"":[{""category"":""terminology"",""severity"":""minor""}]}",True,"[{""category"":""terminology"",""severity"":""minor""}]",True,1,0,True,True,False,97,97,1242,12,1254,,,915.03,1299,17,1316,0,0,1231.82
6fc871ce72344061be4a,665,deepseek-v3-2,managed-prompt,subtitle,nl,jp,"Hé, jongens. Pak maar.",さあどうぞ カウボーイ　プリンセス,"{""c"":""ヘイ、みんな。どうぞ、持って行っていいよ。""}",ヘイ、みんな。どうぞ、持って行っていいよ。,True,1,0,True,True,False,True,,True,,True,"{""reason"":""target_script_present"",""detected"":""ja"",""confidence"":1.0}",True,[],[],True,,"{""errors"":[{""category"":""accuracy"",""severity"":""major""},{""category"":""tone"",""severity"":""minor""}]}",False,"[{""category"":""accuracy"",""severity"":""major""},{""category"":""tone"",""severity"":""minor""}]",True,1,0,True,True,False,82,82,1244,21,1265,,,774.7,1328,26,1354,0,0,1253.5
b3812d02faca723ab730,666,deepseek-v3-2,managed-prompt,subtitle,nl,jp,M'n familie?,- 私の家族は？,"{""c"":""M'n familie？""}",M'n familie？,True,1,0,True,True,False,True,,True,,False,"{""reason"":""target_script_missing"",""detected"":null,""confidence"":null}",True,[],[],True,,"{""errors"":[{""category"":""accuracy"",""severity"":""critical""}]}",False,"[{""category"":""accuracy"",""severity"":""critical""}]",True,1,0,True,True,False,60,60,1239,9,1248,,,834.81,1292,17,1309,0,0,1201.95
f076a8adfb5a063175cb,667,deepseek-v3-2,managed-prompt,subtitle,nl,jp,"Of het nou zout, goud of olie is.",それが塩や金や 油であろうとなかろうと,"{""c"":""塩であれ、金であれ、石油であれ。""}",塩であれ、金であれ、石油であれ。,True,1,0,True,True,False,True,,True,,True,"{""reason"":""target_script_present"",""detected"":""ja"",""confidence"":1.0}",True,[],[],True,,"{""errors"":[{""category"":""accuracy"",""severity"":""major""}]}",False,"[{""category"":""accuracy"",""severity"":""major""}]",True,1,0,True,True,False,85,85,1248,17,1265,,,680.56,1321,17,1338,0,0,1301.97
12aee416cdb1837dd87e,668,deepseek-v3-2,managed-prompt,subtitle,nl,jp,Daar ben ik gek op.,- そうなの　わたし、ピューターが大好きなの,"{""c"":""それは私が大好きなものです。""}",それは私が大好きなものです。,True,1,0,True,True,False,True,,True,,True,"{""reason"":""target_script_present"",""detected"":""ja"",""confidence"":1.0}",True,[],[],True,,"{""errors"":[]}",True,[],True,1,0,True,True,False,100,100,1242,13,1255,,,804.28,1313,8,1321,0,0,1226.42
6364e8ae2d6dea1669ab,669,deepseek-v3-2,managed-prompt,subtitle,nl,jp,"Mason, hoe was je week?",メイソン　今週はどうだった？,"{""c"":""Mason,今週はどうだった？""}","Mason,今週はどうだった？",True,1,0,True,True,False,True,,True,,True,"{""reason"":""target_script_present"",""detected"":""ja"",""confidence"":1.0}",True,[],[],True,,"{""errors"":[]}",True,[],True,1,0,True,True,False,100,100,1243,14,1257,,,836.72,1305,8,1313,0,0,1109.8
be08663ec6d9a1d683e8,670,deepseek-v3-2,managed-prompt,subtitle,nl,nb,Ik zeg het alleen maar.,Jeg bare sier det.,"{""c"":""Jeg sier det bare.""}",Jeg sier det bare.,True,1,0,True,True,False,True,,True,,True,"{""reason"":""detector_match"",""detected"":""no"",""confidence"":0.9378}",True,[],[],True,,"{""errors"":[]}",True,[],True,1,0,True,True,False,100,100,1240,12,1252,,,933.53,1294,8,1302,0,0,1206.09
7b8b7b36e42b6a8a94d2,671,deepseek-v3-2,managed-prompt,subtitle,nl,nb,Oké... oké.,Ok.,"{""c"":""Oké... oké.""}",Oké... oké.,True,1,0,True,True,False,True,,True,,,"{""reason"":""too_short_for_language_detection"",""detected"":null,""confidence"":null}",True,[],"[{""code"":""source_copy_suspected""}]",True,,"{""errors"":[]}",True,[],True,1,0,True,True,False,97,97,1240,11,1251,,,763.86,1287,8,1295,0,0,1332.89
d5bb50a256b30fdc0341,672,deepseek-v3-2,managed-prompt,subtitle,nl,nb,Denk je nu dat je het antwoord hebt?,Tror du at du har et svar nå?,"{""c"":""Tror du du har svaret nå?""}",Tror du du har svaret nå?,True,1,0,True,True,False,True,,True,,,"{""reason"":""detector_inconclusive"",""detected"":""sv"",""confidence"":0.4286}",True,[],[],True,,"{""errors"":[]}",True,[],True,1,0,True,True,False,100,100,1245,14,1259,,,1168.18,1311,8,1319,0,0,1261.74
24911658b1d8cb92ef9a,673,deepseek-v3-2,managed-prompt,subtitle,nl,nb,"Op mijn scheiding, ja.",For skilsmissen min!,"{""c"":""På skilsmissen min, ja.""}","På skilsmissen min, ja.",True,1,0,True,True,False,True,,True,,,"{""reason"":""detector_mismatch_uncertain"",""detected"":""fi"",""confidence"":1.0}",True,[],[],True,,"{""errors"":[]}",True,[],True,1,0,True,True,False,100,100,1241,15,1256,,,687.53,1293,8,1301,0,0,1367.7
af56cb40db01eca8b167,674,deepseek-v3-2,managed-prompt,subtitle,nl,nb,Voel je je goed?,Føles det bra?,"{""c"":""Føler du deg bra?""}",Føler du deg bra?,True,1,0,True,True,False,True,,True,,True,"{""reason"":""detector_match"",""detected"":""no"",""confidence"":0.897}",True,[],[],True,,"{""errors"":[]}",True,[],True,1,0,True,True,False,100,100,1240,12,1252,,,914.91,1296,8,1304,0,0,1280.72
f5036b5ad65373e478ff,675,deepseek-v3-2,managed-prompt,subtitle,nl,nb,Enige tijd geleden was er een beloning uit voor Bill San Antonio.,For en tid siden ble det satt en belønning på Bill San Antonio.,"{""c"":""For noe tid siden var det en belønning utlyst for Bill San Antonio.""}",For noe tid siden var det en belønning utlyst for Bill San Antonio.,True,1,0,True,True,False,True,,True,,True,"{""reason"":""detector_match"",""detected"":""no"",""confidence"":1.0}",True,[],[],True,,"{""errors"":[]}",True,[],True,1,0,True,True,False,100,100,1250,24,1274,,,864.95,1325,8,1333,0,0,1125.57
1ec623640f77a2e4c03c,676,deepseek-v3-2,managed-prompt,subtitle,nl,nb,"Kom, dan gaan we.",Kom.,"{""c"":""Kom igjen, så begynner vi.""}","Kom igjen, så begynner vi.",True,1,0,True,True,False,True,,True,,True,"{""reason"":""detector_match"",""detected"":""no"",""confidence"":1.0}",True,[],[],True,,"{""errors"":[{""category"":""accuracy"",""severity"":""minor""}]}",True,"[{""category"":""accuracy"",""severity"":""minor""}]",True,1,0,True,True,False,97,97,1240,15,1255,,,727.17,1293,17,1310,0,0,1278.34
7381d308fb583980f58d,677,deepseek-v3-2,managed-prompt,subtitle,nl,nb,Het gebeurt.,Det skjer.,"{""c"":""Slik skjer det av og til.""}",Slik skjer det av og til.,True,1,0,True,True,False,True,,True,,True,"{""reason"":""detector_match"",""detected"":""no"",""confidence"":1.0}",True,[],[],True,,"{""errors"":[{""category"":""accuracy"",""severity"":""major""}]}",False,"[{""category"":""accuracy"",""severity"":""major""}]",True,1,0,True,True,False,85,85,1238,14,1252,,,730.89,1289,17,1306,0,0,1258.27
4393547f22997ad4c490,678,deepseek-v3-2,managed-prompt,subtitle,nl,nb,- Jamey.,- Jamey?,"{""c"":""- Jamey.""}",- Jamey.,True,1,0,True,True,False,True,,True,,,"{""reason"":""too_short_for_language_detection"",""detected"":null,""confidence"":null}",True,[],"[{""code"":""source_copy_suspected""}]",True,,"{""errors"":[]}",True,[],True,1,0,True,True,False,97,97,1239,10,1249,,,686.98,1286,8,1294,0,0,1256.44
fbcb1ebdcab3ff9b0f3a,679,deepseek-v3-2,managed-prompt,subtitle,nl,nb,Niemand rust!,Ingen må hvile!,"{""c"":""Niemand rust!""}",Niemand rust!,True,1,0,True,True,False,True,,True,,,"{""reason"":""detector_mismatch_uncertain"",""detected"":""de"",""confidence"":1.0}",True,[],"[{""code"":""source_copy_suspected""}]",True,,"{""errors"":[{""category"":""accuracy"",""severity"":""critical""}]}",False,"[{""category"":""accuracy"",""severity"":""critical""}]",True,1,0,True,True,False,57,57,1239,10,1249,,,696.36,1287,17,1304,0,0,1223.67
c9de68a27b20dc66f4e7,680,deepseek-v3-2,managed-prompt,subtitle,nb,da,Barna har ikke sagt ja til noe.,Børnene har ikke sagt ja til noget.,"{""c"":""Barna har ikke sagde ja til noget.""}",Barna har ikke sagde ja til noget.,True,1,0,True,True,False,True,,True,,,"{""reason"":""detector_mismatch_uncertain"",""detected"":""no"",""confidence"":1.0}",True,[],[],True,,"{""errors"":[{""category"":""fluency"",""severity"":""critical""},{""category"":""accuracy"",""severity"":""minor""}]}",False,"[{""category"":""fluency"",""severity"":""critical""},{""category"":""accuracy"",""severity"":""minor""}]",True,1,0,True,True,False,57,57,1244,16,1260,,,834.35,1308,27,1335,0,0,1490.62
91097dbed2a28b5ddc82,681,deepseek-v3-2,managed-prompt,subtitle,nb,da,La oss ta en drink før vi går.,"Lad os tage en drink, før vi går.","{""c"":""Lad os tage en drink før vi går.""}",Lad os tage en drink før vi går.,True,1,0,True,True,False,True,,True,,True,"{""reason"":""detector_match"",""detected"":""da"",""confidence"":0.9233}",True,[],[],True,,"{""errors"":[{""category"":""fluency"",""severity"":""minor""}]}",True,"[{""category"":""fluency"",""severity"":""minor""}]",True,1,0,True,True,False,97,97,1243,16,1259,,,716.41,1306,18,1324,0,0,1339.34
840b13bb27dff1053695,682,deepseek-v3-2,managed-prompt,subtitle,nb,da,Her er nummeret mitt.,Her er mit nummer.,"{""c"":""Her er nummeret mitt.""}",Her er nummeret mitt.,True,1,0,True,True,False,True,,True,,True,"{""reason"":""detector_match"",""detected"":""da"",""confidence"":1.0}",False,"[{""code"":""source_copied""}]",[],True,,"{""errors"":[{""category"":""fluency"",""severity"":""major""},{""category"":""accuracy"",""severity"":""minor""}]}",False,"[{""category"":""fluency"",""severity"":""major""},{""category"":""accuracy"",""severity"":""minor""}]",True,1,0,True,True,False,82,82,1241,12,1253,,,767.59,1290,27,1317,0,0,1311.11
a92928bbe033a149d499,683,deepseek-v3-2,managed-prompt,subtitle,nb,da,Men en gang i tiden var jeg svært forelsket i ham.,Men en gang var jeg meget forelsket i ham.,"{""c"":""Der var en gang hvor jeg var helt vildt forelsket i ham.""}",Der var en gang hvor jeg var helt vildt forelsket i ham.,True,1,0,True,True,False,True,,True,,,"{""reason"":""detector_inconclusive"",""detected"":""no"",""confidence"":0.9108}",True,[],[],True,,"{""errors"":[{""category"":""accuracy"",""severity"":""minor""}]}",True,"[{""category"":""accuracy"",""severity"":""minor""}]",True,1,0,True,True,False,97,97,1252,24,1276,,,838.23,1314,17,1331,0,0,1257.55
e1ee05dce511418079e6,684,deepseek-v3-2,managed-prompt,subtitle,nb,da,-Jeg vet.,- Ja.,"{""c"":""Jeg ved det.""}",Jeg ved det.,True,1,0,True,True,False,True,,True,,True,"{""reason"":""detector_match"",""detected"":""da"",""confidence"":1.0}",True,[],[],True,,"{""errors"":[]}",True,[],True,1,0,True,True,False,100,100,1238,10,1248,,,650.7,1285,8,1293,0,0,2377.34
d46894f71f04a1de45ec,685,deepseek-v3-2,managed-prompt,subtitle,nb,da,Og jeg har kameraet. Hva nå?,Jeg har kameraet i mit.,"{""c"":""Og jeg har kameraet. Hvad nu?""}",Og jeg har kameraet. Hvad nu?,True,1,0,True,True,False,True,,True,,,"{""reason"":""detector_inconclusive"",""detected"":""hr"",""confidence"":0.8571}",True,[],[],True,,"{""errors"":[]}",True,[],True,1,0,True,True,False,100,100,1245,17,1262,,,738.99,1309,8,1317,0,0,1207.16
973b20729bffb9807919,686,deepseek-v3-2,managed-prompt,subtitle,nb,da,"Ok, folkens.","Okay, venner.","{""c"":""Ok, folkens.""}","Ok, folkens.",True,1,0,True,True,False,True,,True,,,"{""reason"":""detector_mismatch_uncertain"",""detected"":""no"",""confidence"":1.0}",True,[],"[{""code"":""source_copy_suspected""}]",True,,"{""errors"":[]}",True,[],True,1,0,True,True,False,97,97,1239,10,1249,,,662.52,1287,8,1295,0,0,1258.62
2646c20da3c0bbc17f80,687,deepseek-v3-2,managed-prompt,subtitle,nb,da,De fortalte meg aldri.,De har aldrig fortalt mig det.,"{""c"": ""De fortalte mig aldrig noget.""}",De fortalte mig aldrig noget.,True,1,0,True,True,False,True,,True,,True,"{""reason"":""detector_match"",""detected"":""da"",""confidence"":1.0}",True,[],[],True,,"{""errors"":[{""category"":""accuracy"",""severity"":""minor""}]}",True,"[{""category"":""accuracy"",""severity"":""minor""}]",True,1,0,True,True,False,97,97,1241,15,1256,,,913.48,1300,17,1317,0,0,1541.71
8a98459fef84c01f4f3f,688,deepseek-v3-2,managed-prompt,subtitle,nb,da,Retter om kameraet mot nord-nordøst.,"Retter kameraet nord, nordøst.","{""c"":""Bøj om kameraet mod nord-nordøst.""}",Bøj om kameraet mod nord-nordøst.,True,1,0,True,True,False,True,,True,,,"{""reason"":""detector_inconclusive"",""detected"":""no"",""confidence"":0.751}",True,[],[],True,,"{""errors"":[{""category"":""accuracy"",""severity"":""major""},{""category"":""fluency"",""severity"":""minor""}]}",False,"[{""category"":""accuracy"",""severity"":""major""},{""category"":""fluency"",""severity"":""minor""}]",True,1,0,True,True,False,82,82,1247,19,1266,,,755.38,1312,27,1339,0,0,1285.2
d813be9e2ff082e426ca,689,deepseek-v3-2,managed-prompt,subtitle,nb,da,- Du bekjemper kriminalitet.,- Du er noget af en kriminalknuser.,"{""c"":""- Du bekæmper kriminaliteten.""}",- Du bekæmper kriminaliteten.,True,1,0,True,True,False,True,,True,,,"{""reason"":""detector_inconclusive"",""detected"":""da"",""confidence"":0.6204}",True,[],[],True,,"{""errors"":[]}",True,[],True,1,0,True,True,False,100,100,1243,16,1259,,,872.68,1307,8,1315,0,0,1301.09
d1da678032629c4e6924,690,deepseek-v3-2,managed-prompt,subtitle,nb,de,Det er mer.,Und noch mehr.,"{""c"":""Es gibt mehr.""}",Es gibt mehr.,True,1,0,True,True,False,True,,True,,True,"{""reason"":""detector_match"",""detected"":""de"",""confidence"":1.0}",True,[],[],True,,"{""errors"":[]}",True,[],True,1,0,True,True,False,100,100,1238,9,1247,,,830.33,1284,8,1292,0,0,1149.54
d3a95598b69b36e1f78e,691,deepseek-v3-2,managed-prompt,subtitle,nb,de,Du kommer til meg først.,Du kommst also zuerst zu mir.,"{""c"":""Du kommst zu mir zuerst.""}",Du kommst zu mir zuerst.,True,1,0,True,True,False,True,,True,,True,"{""reason"":""detector_match"",""detected"":""de"",""confidence"":0.8571}",True,[],[],True,,"{""errors"":[]}",True,[],True,1,0,True,True,False,100,100,1241,13,1254,,,736.3,1296,8,1304,0,0,1050.57
c7f0ffe8709ec49a5acf,692,deepseek-v3-2,managed-prompt,subtitle,nb,de,Det er helt feil. Og Nikki ville ikke like det.,Das ist falsch und würde Nikki nicht gefallen.,"{""c"":""Das ist völlig falsch. Und Nikki würde das nicht mögen.""}",Das ist völlig falsch. Und Nikki würde das nicht mögen.,True,1,0,True,True,False,True,,True,,True,"{""reason"":""detector_match"",""detected"":""de"",""confidence"":1.0}",True,[],[],True,,"{""errors"":[]}",True,[],True,1,0,True,True,False,100,100,1249,22,1271,,,782.52,1320,8,1328,0,0,1247.25
1b6d3e86c98249d3d5e5,693,deepseek-v3-2,managed-prompt,subtitle,nb,de,Teorien min var riktig.,Meine Theorie war richtig.,"{""c"":""Meine Theorie war richtig.""}",Meine Theorie war richtig.,True,1,0,True,True,False,True,,True,,True,"{""reason"":""detector_match"",""detected"":""de"",""confidence"":1.0}",True,[],[],True,,"{""errors"":[]}",True,[],True,1,0,True,True,False,100,100,1243,12,1255,,,1379.84,1300,8,1308,0,0,1193.99
03441753eaaac40268d5,694,deepseek-v3-2,managed-prompt,subtitle,nb,de,Si det om de som døde.,"Wiederhole das über die Leute, die gestorben sind.","{""c"":""Hat es mit denen zu tun, die gestorben sind?""}","Hat es mit denen zu tun, die gestorben sind?",True,1,0,True,True,False,True,,True,,True,"{""reason"":""detector_match"",""detected"":""de"",""confidence"":1.0}",True,[],[],True,,"{""errors"":[{""category"":""accuracy"",""severity"":""critical""}]}",False,"[{""category"":""accuracy"",""severity"":""critical""}]",True,1,0,True,True,False,60,60,1243,18,1261,,,962.45,1312,17,1329,0,0,1393.06
a7f3c5b6fa9879528191,695,deepseek-v3-2,managed-prompt,subtitle,nb,de,Osmund.,Osmund! Osmund!,"{""c"":""Osmund.""}",Osmund.,True,1,0,True,True,False,True,,True,,,"{""reason"":""too_short_for_language_detection"",""detected"":null,""confidence"":null}",True,[],"[{""code"":""source_copy_suspected""}]",True,,"{""errors"":[]}",True,[],True,1,0,True,True,False,97,97,1238,9,1247,,,688.79,1287,8,1295,0,0,1122.98
87be44935c7398659d2a,696,deepseek-v3-2,managed-prompt,subtitle,nb,de,- Hvorfor ikke?,- Wieso nicht?,"{""c"":""Warum nicht?""}",Warum nicht?,True,1,0,True,True,False,True,,True,,True,"{""reason"":""detector_match"",""detected"":""de"",""confidence"":1.0}",True,[],[],True,,"{""errors"":[]}",True,[],True,1,0,True,True,False,100,100,1240,9,1249,,,968.88,1290,8,1298,0,0,1136.81
47e9cd70ac0941dfad80,697,deepseek-v3-2,managed-prompt,subtitle,nb,de,Kom igjen! Kom igjen! Fortsett!,"Los, vorwärts.","{""c"":""Komm schon! Komm schon! Mach weiter!""}",Komm schon! Komm schon! Mach weiter!,True,1,0,True,True,False,True,,True,,True,"{""reason"":""detector_match"",""detected"":""de"",""confidence"":1.0}",True,[],[],True,,"{""errors"":[]}",True,[],True,1,0,True,True,False,100,100,1245,16,1261,,,915.07,1310,8,1318,0,0,1119.62
7560f5c4c31312b35576,698,deepseek-v3-2,managed-prompt,subtitle,nb,de,Dette er bare begynnelsen.,Das ist erst der Anfang. - Alles klar.,"{""c"":""Das ist erst der Anfang.""}",Das ist erst der Anfang.,True,1,0,True,True,False,True,,True,,True,"{""reason"":""detector_match"",""detected"":""de"",""confidence"":1.0}",True,[],[],True,,"{""errors"":[]}",True,[],True,1,0,True,True,False,100,100,1242,11,1253,,,930.25,1302,8,1310,0,0,1159.14
ba51c432321a37331513,699,deepseek-v3-2,managed-prompt,subtitle,nb,de,Mamma? Er pappa der?,Mom... ist Dad da?,"{""c"":""Mamma? Ist Papa da?""}",Mamma? Ist Papa da?,True,1,0,True,True,False,True,,True,,,"{""reason"":""detector_mismatch_uncertain"",""detected"":""id"",""confidence"":1.0}",True,[],[],True,,"{""errors"":[]}",True,[],True,1,0,True,True,False,100,100,1242,12,1254,,,854.18,1297,8,1305,0,0,1293.26
88480847cac6ce780c0d,700,deepseek-v3-2,managed-prompt,subtitle,nb,en,Hvordan vet vi hvem som vinner?,How... How do we know who's won?,"{""c"":""How do we know who's winning?""}",How do we know who's winning?,True,1,0,True,True,False,True,,True,,True,"{""reason"":""detector_match"",""detected"":""en"",""confidence"":0.8571}",True,[],[],True,,"{""errors"":[{""category"":""accuracy"",""severity"":""minor""}]}",True,"[{""category"":""accuracy"",""severity"":""minor""}]",True,1,0,True,True,False,97,97,1245,13,1258,,,947.14,1303,17,1320,0,0,1318.5
da88c06532aaf73d8b90,701,deepseek-v3-2,managed-prompt,subtitle,nb,en,"Kom, Sonja!","Come, Sonja!","{""c"":""Come on, Sonja!""}","Come on, Sonja!",True,1,0,True,True,False,True,,True,,,"{""reason"":""detector_inconclusive"",""detected"":""hr"",""confidence"":0.5714}",True,[],[],True,,"{""errors"":[]}",True,[],True,1,0,True,True,False,100,100,1239,11,1250,,,629.01,1291,8,1299,0,0,1318.05
afb5eb014ed3891bdc3e,702,deepseek-v3-2,managed-prompt,subtitle,nb,en,"Pappa, når du kommer tilbake fra forretningsreisen, er jeg i Sør-Afrika.","Dad, by the time you get back from your business trip, I'll be in South Africa.","{""c"":""Dad, when you get back from the business trip, I'll be in South Africa.""}","Dad, when you get back from the business trip, I'll be in South Africa.",True,1,0,True,True,False,True,,True,,True,"{""reason"":""detector_match"",""detected"":""en"",""confidence"":1.0}",True,[],[],True,,"{""errors"":[]}",True,[],True,1,0,True,True,False,100,100,1259,23,1282,,,794.87,1335,8,1343,0,0,1107.19
1934e9e4b8b01eab53c5,703,deepseek-v3-2,managed-prompt,subtitle,nb,en,- Med oss alle fanget under denne tingen?,With all of us trapped under this thing? Isn't it? You don't know that.,"{""c"":""Are we all trapped under this thing?""}",Are we all trapped under this thing?,True,1,0,True,True,False,True,,True,,True,"{""reason"":""detector_match"",""detected"":""en"",""confidence"":1.0}",True,[],[],True,,"{""errors"":[]}",True,[],True,1,0,True,True,False,100,100,1246,13,1259,,,666.62,1313,8,1321,0,0,1256.21
3abc40faa151939805e4,704,deepseek-v3-2,managed-prompt,subtitle,nb,en,De udøde omgir meg.,The undead surround me.,"{""c"":""The undead surround me.""}",The undead surround me.,True,1,0,True,True,False,True,,True,,True,"{""reason"":""detector_match"",""detected"":""en"",""confidence"":1.0}",True,[],[],True,,"{""errors"":[]}",True,[],True,1,0,True,True,False,100,100,1243,11,1254,,,1141.81,1294,8,1302,0,0,1179.75
398492f06c4e9ed81cef,705,deepseek-v3-2,managed-prompt,subtitle,nb,en,Hjelp meg med å finne henne.,Please help me find her.,"{""c"":""Help me find her.""}",Help me find her.,True,1,0,True,True,False,True,,True,,,"{""reason"":""detector_mismatch_uncertain"",""detected"":""da"",""confidence"":1.0}",True,[],[],True,,"{""errors"":[]}",True,[],True,1,0,True,True,False,100,100,1245,10,1255,,,701.07,1294,8,1302,0,0,1123.44
81776c86b098a9c17b2b,706,deepseek-v3-2,managed-prompt,subtitle,nb,en,Noen har vokset litt siden sist.,Some have grown a bit since last time.,"{""c"":""Somebody's grown a bit since last time.""}",Somebody's grown a bit since last time.,True,1,0,True,True,False,True,,True,,True,"{""reason"":""detector_match"",""detected"":""en"",""confidence"":1.0}",True,[],[],True,,"{""errors"":[]}",True,[],True,1,0,True,True,False,100,100,1244,15,1259,,,723.6,1303,8,1311,0,0,1332.57
48e2438cb55b5e69df1c,707,deepseek-v3-2,managed-prompt,subtitle,nb,en,Så hvis noen vet hva som skjedde med Ronnie...,So if anybody knows what happened to ronnie...,"{""c"":""So if anyone knows what happened to Ronnie...""}",So if anyone knows what happened to Ronnie...,True,1,0,True,True,False,True,,True,,True,"{""reason"":""detector_match"",""detected"":""en"",""confidence"":1.0}",True,[],[],True,,"{""errors"":[]}",True,[],True,1,0,True,True,False,100,100,1250,14,1264,,,971.04,1312,8,1320,0,0,1179.25
0fc34b62210ce5bfb443,708,deepseek-v3-2,managed-prompt,subtitle,nb,en,Beklager.,- I'm sorry.,"{""c"":""Sorry.""}",Sorry.,True,1,0,True,True,False,True,,True,,,"{""reason"":""too_short_for_language_detection"",""detected"":null,""confidence"":null}",True,[],[],True,,"{""errors"":[]}",True,[],True,1,0,True,True,False,100,100,1239,7,1246,,,921.48,1283,8,1291,0,0,1230.88
beb7576327d4c38ec975,709,deepseek-v3-2,managed-prompt,subtitle,nb,en,"Nei , Inspector .","No, Inspector.","{""c"":""No , Inspector .""}","No , Inspector .",True,1,0,True,True,False,True,,True,,True,"{""reason"":""detector_match"",""detected"":""en"",""confidence"":1.0}",True,[],[],True,,"{""errors"":[]}",True,[],True,1,0,True,True,False,100,100,1239,9,1248,,,843.57,1286,8,1294,0,0,1273.75
bf109dcded3056534e31,710,deepseek-v3-2,managed-prompt,subtitle,nb,es,Vi er sammen om dette.,Estamos todos juntos en esto.,"{""c"":""Estamos juntos en esto.""}",Estamos juntos en esto.,True,1,0,True,True,False,True,,True,,True,"{""reason"":""detector_match"",""detected"":""es"",""confidence"":1.0}",True,[],[],True,,"{""errors"":[]}",True,[],True,1,0,True,True,False,100,100,1240,12,1252,,,1026.8,1294,8,1302,0,0,1138.18
ec56003686e8f02e8704,711,deepseek-v3-2,managed-prompt,subtitle,nb,es,- Du lot pappa komme hjem igjen!,¡Dejaste que papá volviera a casa!,"{""c"":""- ¡Ya no viene a casa papá!""}",- ¡Ya no viene a casa papá!,True,1,0,True,True,False,True,,True,,True,"{""reason"":""detector_match"",""detected"":""es"",""confidence"":0.8571}",True,[],[],True,,"{""errors"":[{""category"":""accuracy"",""severity"":""major""}]}",False,"[{""category"":""accuracy"",""severity"":""major""}]",True,1,0,True,True,False,85,85,1246,15,1261,,,1594.06,1309,17,1326,0,0,1142.43
545d19432c7970ec347f,712,deepseek-v3-2,managed-prompt,subtitle,nb,es,Det var feil av meg å si det.,Me equivoqué al decirte eso.,"{""c"":""Fue un error por mi parte decirlo.""}",Fue un error por mi parte decirlo.,True,1,0,True,True,False,True,,True,,True,"{""reason"":""detector_match"",""detected"":""es"",""confidence"":1.0}",True,[],[],True,,"{""errors"":[]}",True,[],True,1,0,True,True,False,100,100,1244,15,1259,,,968.83,1304,8,1312,0,0,1241.01
8d6d6491a1fc5b3244e7,713,deepseek-v3-2,managed-prompt,subtitle,nb,es,Jeg er forelsket i kona.,Estoy enamorado de mi esposa.,"{""c"":""Estoy enamorado de mi esposa.""}",Estoy enamorado de mi esposa.,True,1,0,True,True,False,True,,True,,True,"{""reason"":""detector_match"",""detected"":""es"",""confidence"":1.0}",True,[],[],True,,"{""errors"":[]}",True,[],True,1,0,True,True,False,100,100,1245,15,1260,,,747.87,1305,8,1313,0,0,1251.79
c0ae582fb0b1f7eb2628,714,deepseek-v3-2,managed-prompt,subtitle,nb,es,-La meg hjeIpe deg.,- Déjeme ayudarlo.,"{""c"":""La meg hjeIpe deg. -> es""}",La meg hjeIpe deg. -> es,True,1,0,True,True,False,True,,True,,,"{""reason"":""detector_inconclusive"",""detected"":""no"",""confidence"":0.8571}",True,[],[],True,,"{""errors"":[{""category"":""accuracy"",""severity"":""critical""},{""category"":""fluency"",""severity"":""critical""}]}",False,"[{""category"":""accuracy"",""severity"":""critical""},{""category"":""fluency"",""severity"":""critical""}]",True,1,0,True,True,False,20,20,1242,15,1257,,,848.67,1299,27,1326,0,0,1372.68
038168e6514692f68269,715,deepseek-v3-2,managed-prompt,subtitle,nb,es,Du forstår ikke.,No entiendes.,"{""c"":""No entiendes.""}",No entiendes.,True,1,0,True,True,False,True,,True,,True,"{""reason"":""detector_match"",""detected"":""es"",""confidence"":0.8571}",True,[],[],True,,"{""errors"":[]}",True,[],True,1,0,True,True,False,100,100,1240,10,1250,,,748.81,1287,8,1295,0,0,1149.38
b3fe9c613fcaadbbd66e,716,deepseek-v3-2,managed-prompt,subtitle,nb,es,Hun ser skrekkslagen ut.,Parece aterrada.,"{""c"":""Ella luce aterrorizada.""}",Ella luce aterrorizada.,True,1,0,True,True,False,True,,True,,True,"{""reason"":""detector_match"",""detected"":""es"",""confidence"":1.0}",True,[],[],True,,"{""errors"":[]}",True,[],True,1,0,True,True,False,100,100,1243,12,1255,,,718.63,1295,8,1303,0,0,1154.25
1d01937467fc3e70ab53,717,deepseek-v3-2,managed-prompt,subtitle,nb,es,Det er et menneske!,¡Es un hombre!,"{""c"":""¡Es un humano!""}",¡Es un humano!,True,1,0,True,True,False,True,,True,,True,"{""reason"":""detector_match"",""detected"":""es"",""confidence"":0.8571}",True,[],[],True,,"{""errors"":[]}",True,[],True,1,0,True,True,False,100,100,1241,10,1251,,,893.16,1291,8,1299,0,0,1232.77
817f32a37f58fbd0a4f2,718,deepseek-v3-2,managed-prompt,subtitle,nb,es,Slik du hjalp Gentry?,Vamos. ¿Como ayudaste a Gentry?,"{""c"":""¿Así cómo ayudaste a Gentry?""}",¿Así cómo ayudaste a Gentry?,True,1,0,True,True,False,True,,True,,True,"{""reason"":""detector_match"",""detected"":""es"",""confidence"":1.0}",True,[],[],True,,"{""errors"":[{""category"":""fluency"",""severity"":""minor""}]}",True,"[{""category"":""fluency"",""severity"":""minor""}]",True,1,0,True,True,False,97,97,1243,15,1258,,,824.83,1315,18,1333,0,0,2108.51
ccfed1ba5a774469f623,719,deepseek-v3-2,managed-prompt,subtitle,nb,es,-Har du ennå tannlegeplan og alt mulig?,- ¿Todavía tienes el plan dental?,"{""c"":""¿Todavía tienes Dentista y más?""}",¿Todavía tienes Dentista y más?,True,1,0,True,True,False,True,,True,,True,"{""reason"":""detector_match"",""detected"":""es"",""confidence"":1.0}",True,[],[],True,,"{""errors"":[{""category"":""accuracy"",""severity"":""major""}]}",False,"[{""category"":""accuracy"",""severity"":""major""}]",True,1,0,True,True,False,85,85,1247,16,1263,,,736.83,1317,17,1334,0,0,1274.47
e3af9c8e1c6ec0615c45,720,deepseek-v3-2,managed-prompt,subtitle,nb,fr,"-Problemer på psykiatrisk, Chuck.","Chuck, on a un problème sur la 7ème. Unité psychiatrique.","{""c"":""Problèmes au service psychiatrique, Chuck.""}","Problèmes au service psychiatrique, Chuck.",True,1,0,True,True,False,True,,True,,True,"{""reason"":""detector_match"",""detected"":""fr"",""confidence"":1.0}",True,[],[],True,,"{""errors"":[]}",True,[],True,1,0,True,True,False,100,100,1245,16,1261,,,758.41,1314,8,1322,0,0,1137.02
88b1f2d44ae3bc639571,721,deepseek-v3-2,managed-prompt,subtitle,nb,fr,Kom igjen. Jeg skal ikke ødelegge det for deg.,"Allez, je ferai pas foirer ton plan !","{""c"":""Viens là. Je ne vais pas vous gâcher le truc.""}",Viens là. Je ne vais pas vous gâcher le truc.,True,1,0,True,True,False,True,,True,,True,"{""reason"":""detector_match"",""detected"":""fr"",""confidence"":1.0}",True,[],[],True,,"{""errors"":[{""category"":""tone"",""severity"":""minor""}]}",True,"[{""category"":""tone"",""severity"":""minor""}]",True,1,0,True,True,False,97,97,1250,22,1272,,,812.05,1320,17,1337,0,0,1309.62
7ccf4cce67326b53b697,722,deepseek-v3-2,managed-prompt,subtitle,nb,fr,"Pass deg, gutt!","Fais gaffe, petit !","{""c"":""Tu passes, mon gars !""}","Tu passes, mon gars !",True,1,0,True,True,False,True,,True,,True,"{""reason"":""detector_match"",""detected"":""fr"",""confidence"":0.8571}",True,[],[],True,,"{""errors"":[{""category"":""accuracy"",""severity"":""major""}]}",False,"[{""category"":""accuracy"",""severity"":""major""}]",True,1,0,True,True,False,85,85,1240,12,1252,,,745.24,1294,17,1311,0,0,1367.6
caf18a9cfb9400548fa8,723,deepseek-v3-2,managed-prompt,subtitle,nb,fr,Morsomt?,Amusant ?,"{""c"":""Drôle ?""}",Drôle ?,True,1,0,True,True,False,True,,True,,,"{""reason"":""too_short_for_language_detection"",""detected"":null,""confidence"":null}",True,[],[],True,,"{""errors"":[]}",True,[],True,1,0,True,True,False,100,100,1239,8,1247,,,627.8,1289,8,1297,0,0,2532.76
c8592f3baa210682f624,724,deepseek-v3-2,managed-prompt,subtitle,nb,fr,"Og det gjør guvernøren, erkebiskopen og sjefene for noen amerikanske og japanske firmaer.","Ainsi que le gouverneur, l'archevêque, et des PDG américains et japonais.","{""c"":""C'est ce que font le gouverneur, l'archevêque et les PDG de plusieurs entreprises américaines et japonaises.""}","C'est ce que font le gouverneur, l'archevêque et les PDG de plusieurs entreprises américaines et japonaises.",True,1,0,True,True,False,True,,True,,True,"{""reason"":""detector_match"",""detected"":""fr"",""confidence"":1.0}",True,[],[],True,,"{""errors"":[]}",True,[],True,1,0,True,True,False,100,100,1263,33,1296,,,1322.02,1354,8,1362,0,0,1179.21
30d577cc4a14df7b471e,725,deepseek-v3-2,managed-prompt,subtitle,nb,fr,Hva skal vi liksom gi dem?,Qu'est-ce que vous voulez qu'on leur donne ?,"{""c"":""Qu'est-ce qu'on est censé leur donner ?""}",Qu'est-ce qu'on est censé leur donner ?,True,1,0,True,True,False,True,,True,,True,"{""reason"":""detector_match"",""detected"":""fr"",""confidence"":1.0}",True,[],[],True,,"{""errors"":[]}",True,[],True,1,0,True,True,False,100,100,1243,16,1259,,,872.76,1317,8,1325,0,0,1085.91
37eea2b4197388c1f37f,726,deepseek-v3-2,managed-prompt,subtitle,nb,fr,Hva har du?,Qu'est ce que t'as ?,"{""c"":""Qu'est-ce que tu as ?""}",Qu'est-ce que tu as ?,True,1,0,True,True,False,True,,True,,True,"{""reason"":""detector_match"",""detected"":""fr"",""confidence"":1.0}",True,[],[],True,,"{""errors"":[]}",True,[],True,1,0,True,True,False,100,100,1239,12,1251,,,689.35,1300,8,1308,0,0,1241.05
b3998b33215a45b2047c,727,deepseek-v3-2,managed-prompt,subtitle,nb,fr,-Bortsett fra det vet vi ingenting.,"- À part cela, nous ne savons rien.","{""c"":""À part ça, nous ne savons rien.""}","À part ça, nous ne savons rien.",True,1,0,True,True,False,True,,True,,True,"{""reason"":""detector_match"",""detected"":""fr"",""confidence"":1.0}",True,[],[],True,,"{""errors"":[]}",True,[],True,1,0,True,True,False,100,100,1244,15,1259,,,1244.17,1308,8,1316,0,0,1227.01
f06319bb315f3828518e,728,deepseek-v3-2,managed-prompt,subtitle,nb,fr,- Herregud.,- Mon dieu !,"{""c"":""- Mon Dieu.""}",- Mon Dieu.,True,1,0,True,True,False,True,,True,,,"{""reason"":""too_short_for_language_detection"",""detected"":null,""confidence"":null}",True,[],[],True,,"{""errors"":[]}",True,[],True,1,0,True,True,False,100,100,1239,9,1248,,,966.13,1289,8,1297,0,0,1308.85
d7a06de9e15186fb7274,729,deepseek-v3-2,managed-prompt,subtitle,nb,fr,Jeg holder ikke ut lenger.,Je n'en supporterai pas davantage.,"{""c"":""Je n'en peux plus.""}",Je n'en peux plus.,True,1,0,True,True,False,True,,True,,True,"{""reason"":""detector_match"",""detected"":""fr"",""confidence"":1.0}",True,[],[],True,,"{""errors"":[]}",True,[],True,1,0,True,True,False,100,100,1242,12,1254,,,934.82,1299,8,1307,0,0,1299.82
cfa1eaea01deb359e069,730,deepseek-v3-2,managed-prompt,subtitle,nb,it,"- Den? Nei, jo, vel...","Questo no, si, no.","{""c"":""- Den? No, sì, beh...""}","- Den? No, sì, beh...",True,1,0,True,True,False,True,,True,,,"{""reason"":""detector_mismatch_uncertain"",""detected"":""nl"",""confidence"":1.0}",True,[],[],True,,"{""errors"":[]}",True,[],True,1,0,True,True,False,100,100,1244,15,1259,,,681.45,1302,8,1310,0,0,1170.42
3727780363820b6067dc,731,deepseek-v3-2,managed-prompt,subtitle,nb,it,Politiet konsulterer ikke amatører.,La polizia non chiede aiuto ai dilettanti.,"{""c"":""La polizia non consulta gli amatori.""}",La polizia non consulta gli amatori.,True,1,0,True,True,False,True,,True,,True,"{""reason"":""detector_match"",""detected"":""it"",""confidence"":1.0}",True,[],[],True,,"{""errors"":[{""category"":""accuracy"",""severity"":""minor""}]}",True,"[{""category"":""accuracy"",""severity"":""minor""}]",True,1,0,True,True,False,97,97,1247,15,1262,,,970.93,1307,17,1324,0,0,1300.31
dd0f8e108ce3e4ebd164,732,deepseek-v3-2,managed-prompt,subtitle,nb,it,- Du vil ikke huske det.,- Non vuoi ricordarlo.,"{""c"":""Non te ne ricorderai.""}",Non te ne ricorderai.,True,1,0,True,True,False,True,,True,,True,"{""reason"":""detector_match"",""detected"":""it"",""confidence"":1.0}",True,[],[],True,,"{""errors"":[{""category"":""accuracy"",""severity"":""major""}]}",False,"[{""category"":""accuracy"",""severity"":""major""}]",True,1,0,True,True,False,85,85,1242,12,1254,,,636.12,1294,17,1311,0,0,1342.9
d9a0265971b455adcf87,733,deepseek-v3-2,managed-prompt,subtitle,nb,it,Hvordan er det mulig?,- Com'e' possibile?,"{""c"":""Come è possibile?""}",Come è possibile?,True,1,0,True,True,False,True,,True,,True,"{""reason"":""detector_match"",""detected"":""it"",""confidence"":1.0}",True,[],[],True,,"{""errors"":[]}",True,[],True,1,0,True,True,False,100,100,1242,9,1251,,,617.98,1294,8,1302,0,0,1192.49
9af530bc96a686aa539c,734,deepseek-v3-2,managed-prompt,subtitle,nb,it,- Sannheten om Terry Lennox.,- La verità su Terry Lennox.,"{""c"":""- La verità su Terry Lennox.""}",- La verità su Terry Lennox.,True,1,0,True,True,False,True,,True,,True,"{""reason"":""detector_match"",""detected"":""it"",""confidence"":1.0}",True,[],[],True,,"{""errors"":[]}",True,[],True,1,0,True,True,False,100,100,1243,14,1257,,,885.84,1303,8,1311,0,0,1118.38
ce94b06a6dba78e3178c,735,deepseek-v3-2,managed-prompt,subtitle,nb,it,Hvis vi fortsetter ettersøkningen så vil vi bruke opp alt drivstoffet vårt.,"Signore, per continuare le ricerche dovremo usare tutto il carburante.","{""c"":""Se continuiamo la ricerca consumeremo tutto il carburante.""}",Se continuiamo la ricerca consumeremo tutto il carburante.,True,1,0,True,True,False,True,,True,,True,"{""reason"":""detector_match"",""detected"":""it"",""confidence"":1.0}",True,[],[],True,,"{""errors"":[]}",True,[],True,1,0,True,True,False,100,100,1259,18,1277,,,724.55,1334,8,1342,0,0,1163.7
017589cdaf57105da4c2,736,deepseek-v3-2,managed-prompt,subtitle,nb,it,Tror du de er døde?,"Secondo te, sono morti?","{""c"":""Credi che siano morti?""}",Credi che siano morti?,True,1,0,True,True,False,True,,True,,True,"{""reason"":""detector_match"",""detected"":""it"",""confidence"":1.0}",True,[],[],True,,"{""errors"":[]}",True,[],True,1,0,True,True,False,100,100,1243,12,1255,,,1075.87,1297,8,1305,0,0,1226.17
bef73ad043759f6f4562,737,deepseek-v3-2,managed-prompt,subtitle,nb,it,Hva skjedde?,Cos'è successo?,"{""c"":""Cos'è successo?""}",Cos'è successo?,True,1,0,True,True,False,True,,True,,True,"{""reason"":""detector_match"",""detected"":""it"",""confidence"":1.0}",True,[],[],True,,"{""errors"":[]}",True,[],True,1,0,True,True,False,100,100,1240,11,1251,,,903.87,1294,8,1302,0,0,1133.98
beab473f5eca8e9cee8f,738,deepseek-v3-2,managed-prompt,subtitle,nb,it,Ja visst.,Certo.,"{""c"":""Certo che sì.""}",Certo che sì.,True,1,0,True,True,False,True,,True,,True,"{""reason"":""detector_match"",""detected"":""it"",""confidence"":1.0}",True,[],[],True,,"{""errors"":[]}",True,[],True,1,0,True,True,False,100,100,1238,11,1249,,,816.13,1287,8,1295,0,0,1146.19
c35689bdb09f308d5006,739,deepseek-v3-2,managed-prompt,subtitle,nb,it,Jeg er gift med en sexy Buzz Lightyear.,Praticamente sono sposata con un Buzz Lightyear sexy.,"{""c"":""Sono sposato con una Buzz Lightyear sexy.""}",Sono sposato con una Buzz Lightyear sexy.,True,1,0,True,True,False,True,,True,,True,"{""reason"":""detector_match"",""detected"":""it"",""confidence"":1.0}",True,[],[],True,,"{""errors"":[{""category"":""accuracy"",""severity"":""minor""}]}",True,"[{""category"":""accuracy"",""severity"":""minor""}]",True,1,0,True,True,False,97,97,1245,16,1261,,,671.02,1315,17,1332,0,0,1183.69
fbc7b278d04f48930c12,740,deepseek-v3-2,managed-prompt,subtitle,nb,jp,"Min far ble ikke drept, han...",父さんは殺ろされたんじゃない,"{""c"":""父は殺されていません、彼は...""}",父は殺されていません、彼は...,True,1,0,True,True,False,True,,True,,True,"{""reason"":""target_script_present"",""detected"":""ja"",""confidence"":1.0}",True,[],[],True,,"{""errors"":[{""category"":""tone"",""severity"":""minor""}]}",True,"[{""category"":""tone"",""severity"":""minor""}]",True,1,0,True,True,False,97,97,1244,15,1259,,,718.72,1311,17,1328,0,0,1148.95
6f1c0b30aad4297ea719,741,deepseek-v3-2,managed-prompt,subtitle,nb,jp,- Nei.,- いや,"{""c"":""- いいえ。""}",- いいえ。,True,1,0,True,True,False,True,,True,,True,"{""reason"":""target_script_present"",""detected"":""ja"",""confidence"":1.0}",True,[],[],True,,"{""errors"":[]}",True,[],True,1,0,True,True,False,100,100,1239,10,1249,,,703.09,1286,8,1294,0,0,1197.64
ce41150d4ef35f22c8e2,742,deepseek-v3-2,managed-prompt,subtitle,nb,jp,Det går bra nå.,もう大丈夫,"{""c"":""今、大丈夫です。""}",今、大丈夫です。,True,1,0,True,True,False,True,,True,,True,"{""reason"":""target_script_present"",""detected"":""ja"",""confidence"":1.0}",True,[],[],True,,"{""errors"":[]}",True,[],True,1,0,True,True,False,100,100,1240,11,1251,,,634.32,1296,8,1304,0,0,1555.44
3e577a78cf1da9fc39b6,743,deepseek-v3-2,managed-prompt,subtitle,nb,jp,Som meg Jeg er armener.,私のようにね 私はアルメニア人だ,"{""c"":""Som meg 私はアルメニア人です。""}",Som meg 私はアルメニア人です。,True,1,0,True,True,False,True,,True,,True,"{""reason"":""target_script_present"",""detected"":""ja"",""confidence"":1.0}",True,[],[],True,,"{""errors"":[{""category"":""accuracy"",""severity"":""major""},{""category"":""preservation"",""severity"":""minor""}]}",False,"[{""category"":""accuracy"",""severity"":""major""},{""category"":""preservation"",""severity"":""minor""}]",True,1,0,True,True,False,82,82,1243,15,1258,,,1087.91,1310,26,1336,0,0,2375.33
b86dc047268fa7dac012,744,deepseek-v3-2,managed-prompt,subtitle,nb,jp,-Kom igjen. Jeg fikk ikke nummeret ditt!,君の番号を聞いてない,"{""c"":""もう1回言ってくれ。あなたの電話番号聞き取れなかった！""}",もう1回言ってくれ。あなたの電話番号聞き取れなかった！,True,1,0,True,True,False,True,,True,,True,"{""reason"":""target_script_present"",""detected"":""ja"",""confidence"":1.0}",True,[],"[{""code"":""number_not_exact"",""expected"":{},""actual"":{""1"":1}}]",True,,"{""errors"":[{""category"":""accuracy"",""severity"":""major""}]}",False,"[{""category"":""accuracy"",""severity"":""major""}]",True,1,0,True,True,False,82,82,1250,23,1273,,,779.28,1328,17,1345,0,0,1170.52
22faab3e6b4d18d599d9,745,deepseek-v3-2,managed-prompt,subtitle,nb,jp,Og jeg er klar for det.,準備は出来てる,"{""c"":""よし、準備オッケー！""}",よし、準備オッケー！,True,1,0,True,True,False,True,,True,,True,"{""reason"":""target_script_present"",""detected"":""ja"",""confidence"":1.0}",True,[],[],True,,"{""errors"":[{""category"":""tone"",""severity"":""minor""}]}",True,"[{""category"":""tone"",""severity"":""minor""}]",True,1,0,True,True,False,97,97,1242,14,1256,,,688.19,1299,17,1316,0,0,1186.46
78ced820c250dca8309e,746,deepseek-v3-2,managed-prompt,subtitle,nb,jp,Stå på.,続けろ,"{""c"":""スタンドアップ。""}",スタンドアップ。,True,1,0,True,True,False,True,,True,,True,"{""reason"":""target_script_present"",""detected"":""ja"",""confidence"":1.0}",True,[],[],True,,"{""errors"":[{""category"":""accuracy"",""severity"":""major""}]}",False,"[{""category"":""accuracy"",""severity"":""major""}]",True,1,0,True,True,False,85,85,1239,9,1248,,,690.24,1290,17,1307,0,0,1062.2
7bbd9e280060e28fc709,747,deepseek-v3-2,managed-prompt,subtitle,nb,jp,Bare hyggelig.,礼ならいいよ,"{""c"":""どういたしまして。""}",どういたしまして。,True,1,0,True,True,False,True,,True,,True,"{""reason"":""target_script_present"",""detected"":""ja"",""confidence"":1.0}",True,[],[],True,,"{""errors"":[{""category"":""accuracy"",""severity"":""critical""}]}",False,"[{""category"":""accuracy"",""severity"":""critical""}]",True,1,0,True,True,False,60,60,1241,10,1251,,,692.19,1294,17,1311,0,0,1244.06
a76b6a1f78837c3248e9,748,deepseek-v3-2,managed-prompt,subtitle,nb,jp,Ingenting!,何も！,"{""c"":""何もないよ！""}",何もないよ！,True,1,0,True,True,False,True,,True,,True,"{""reason"":""target_script_present"",""detected"":""ja"",""confidence"":1.0}",True,[],[],True,,"{""errors"":[]}",True,[],True,1,0,True,True,False,100,100,1238,10,1248,,,830.51,1286,8,1294,0,0,1114.24
527bf14df1cd166fafda,749,deepseek-v3-2,managed-prompt,subtitle,nb,jp,"Jeg forutså ikke hvor vanskelig de siste 15 årene har vært for meg, hvor mye jeg ville komme til å elske å arbeide sammen med deg.",全く予想しなかった 15年前の失敗と同じくらい... 君と共に働くのが 好きになった,"{""c"":""この15年間がこんなに大変になるとは予想していなかったし、あなたと一緒に働くことをこんなにも愛するようになるとは思わなかった。""}",この15年間がこんなに大変になるとは予想していなかったし、あなたと一緒に働くことをこんなにも愛するようになるとは思わなかった。,True,1,0,True,True,False,True,,True,,True,"{""reason"":""target_script_present"",""detected"":""ja"",""confidence"":1.0}",True,[],[],True,,"{""errors"":[]}",True,[],True,1,0,True,True,False,100,100,1276,39,1315,,,1334.85,1406,8,1414,0,0,1247.47
1da7ba54404189c677cf,750,deepseek-v3-2,managed-prompt,subtitle,nb,nl,Jeg bare sier det.,Ik zeg het alleen maar.,"{""c"":""Ik zeg het alleen maar.""}",Ik zeg het alleen maar.,True,1,0,True,True,False,True,,True,,True,"{""reason"":""detector_match"",""detected"":""nl"",""confidence"":1.0}",True,[],[],True,,"{""errors"":[]}",True,[],True,1,0,True,True,False,100,100,1241,11,1252,,,782.45,1296,8,1304,0,0,1200.99
f0482f4c25223cc1374d,751,deepseek-v3-2,managed-prompt,subtitle,nb,nl,Ok.,Oké... oké.,"{""c"":""Oké.""}",Oké.,True,1,0,True,True,False,True,,True,,,"{""reason"":""too_short_for_language_detection"",""detected"":null,""confidence"":null}",True,[],[],True,,"{""errors"":[]}",True,[],True,1,0,True,True,False,100,100,1236,8,1244,,,679.75,1284,8,1292,0,0,1275.29
a2669af8ed7f2c26af60,752,deepseek-v3-2,managed-prompt,subtitle,nb,nl,Tror du at du har et svar nå?,Denk je nu dat je het antwoord hebt?,"{""c"":""Denk je dat je nu een antwoord hebt?""}",Denk je dat je nu een antwoord hebt?,True,1,0,True,True,False,True,,True,,True,"{""reason"":""detector_match"",""detected"":""nl"",""confidence"":1.0}",True,[],[],True,,"{""errors"":[]}",True,[],True,1,0,True,True,False,100,100,1245,16,1261,,,732.15,1314,8,1322,0,0,1197.05
346cc96255813d4fcc58,753,deepseek-v3-2,managed-prompt,subtitle,nb,nl,For skilsmissen min!,"Op mijn scheiding, ja.","{""c"":""Voor mijn scheiding!""}",Voor mijn scheiding!,True,1,0,True,True,False,True,,True,,True,"{""reason"":""detector_match"",""detected"":""nl"",""confidence"":1.0}",True,[],[],True,,"{""errors"":[]}",True,[],True,1,0,True,True,False,100,100,1241,10,1251,,,733.37,1291,8,1299,0,0,1210.81
c6b4226c07576545d43e,754,deepseek-v3-2,managed-prompt,subtitle,nb,nl,Føles det bra?,Voel je je goed?,"{""c"":""Voelt het goed?""}",Voelt het goed?,True,1,0,True,True,False,True,,True,,True,"{""reason"":""detector_match"",""detected"":""nl"",""confidence"":1.0}",True,[],[],True,,"{""errors"":[]}",True,[],True,1,0,True,True,False,100,100,1240,10,1250,,,749.76,1295,8,1303,0,0,1206.23
811797c59e7636a5ff61,755,deepseek-v3-2,managed-prompt,subtitle,nb,nl,For en tid siden ble det satt en belønning på Bill San Antonio.,Enige tijd geleden was er een beloning uit voor Bill San Antonio.,"{""c"":""Een tijdje terug was er een beloning voor Bill San Antonio.""}",Een tijdje terug was er een beloning voor Bill San Antonio.,True,1,0,True,True,False,True,,True,,True,"{""reason"":""detector_match"",""detected"":""nl"",""confidence"":1.0}",True,[],[],True,,"{""errors"":[]}",True,[],True,1,0,True,True,False,100,100,1251,19,1270,,,1053.14,1321,8,1329,0,0,1080.96
514ab6fded849ba78fed,756,deepseek-v3-2,managed-prompt,subtitle,nb,nl,Kom.,"Kom, dan gaan we.","{""c"":""Kom. ""}",Kom. ,True,1,0,True,True,False,True,,True,,,"{""reason"":""too_short_for_language_detection"",""detected"":null,""confidence"":null}",True,[],"[{""code"":""source_copy_suspected""}]",True,,"{""errors"":[]}",True,[],True,1,0,True,True,False,97,97,1236,8,1244,,,677.44,1286,8,1294,0,0,1226.44
3b3e833bd062a9cb57aa,757,deepseek-v3-2,managed-prompt,subtitle,nb,nl,Det skjer.,Het gebeurt.,"{""c"":""Het gebeurt.""}",Het gebeurt.,True,1,0,True,True,False,True,,True,,True,"{""reason"":""detector_match"",""detected"":""nl"",""confidence"":1.0}",True,[],[],True,,"{""errors"":[]}",True,[],True,1,0,True,True,False,100,100,1238,9,1247,,,661.95,1283,8,1291,0,0,1105.74
826982c2f9e10fa5912b,758,deepseek-v3-2,managed-prompt,subtitle,nb,nl,- Jamey?,- Jamey.,"{""c"":""Jamey?""}",Jamey?,True,1,0,True,True,False,True,,True,,,"{""reason"":""too_short_for_language_detection"",""detected"":null,""confidence"":null}",True,[],[],True,,"{""errors"":[{""category"":""preservation"",""severity"":""minor""}]}",True,"[{""category"":""preservation"",""severity"":""minor""}]",True,1,0,True,True,False,97,97,1239,9,1248,,,780.39,1287,17,1304,0,0,1256.62
b910567e0c3dea13206d,759,deepseek-v3-2,managed-prompt,subtitle,nb,nl,Ingen må hvile!,Niemand rust!,"{""c"":""Niemand mag rusten!""}",Niemand mag rusten!,True,1,0,True,True,False,True,,True,,True,"{""reason"":""detector_match"",""detected"":""nl"",""confidence"":0.8571}",True,[],[],True,,"{""errors"":[]}",True,[],True,1,0,True,True,False,100,100,1240,12,1252,,,985.13,1289,8,1297,0,0,1251.55
5327c4dc0652e9247ab6,760,deepseek-v3-2,managed-prompt,tatoeba,da,de,Anden Verdenskrig begyndte i 1939.,Der Zweite Weltkrieg begann 1939.,"{""c"":""Der Zweite Weltkrieg begann im Jahr 1939.""}",Der Zweite Weltkrieg begann im Jahr 1939.,True,1,0,True,True,False,True,,True,,True,"{""reason"":""detector_match"",""detected"":""de"",""confidence"":1.0}",True,[],[],True,,"{""errors"":[]}",True,[],True,1,0,True,True,False,100,100,1247,18,1265,,,961.41,1315,8,1323,0,0,1199.81
3eadbaee044e722b38d0,761,deepseek-v3-2,managed-prompt,tatoeba,da,de,På havet herskede der i går en voldsom søgang.,Auf dem Meer herrschte gestern starker Seegang.,"{""c"":""Gestern herrschte auf dem Meer eine gewaltige Dünung.""}",Gestern herrschte auf dem Meer eine gewaltige Dünung.,True,1,0,True,True,False,True,,True,,True,"{""reason"":""detector_match"",""detected"":""de"",""confidence"":1.0}",True,[],[],True,,"{""errors"":[{""category"":""accuracy"",""severity"":""minor""}]}",True,"[{""category"":""accuracy"",""severity"":""minor""}]",True,1,0,True,True,False,97,97,1250,22,1272,,,841.73,1322,17,1339,0,0,1345.44
d3e9d8c75dcd71e7c817,762,deepseek-v3-2,managed-prompt,tatoeba,da,de,Det er ingen hemmelighed at Tom ikke kan lide Maria.,"Es ist kein Geheimnis, dass Tom Mary nicht mag.","{""c"":""Es ist kein Geheimnis, dass Tom Maria nicht leiden kann.""}","Es ist kein Geheimnis, dass Tom Maria nicht leiden kann.",True,1,0,True,True,False,True,,True,,True,"{""reason"":""detector_match"",""detected"":""de"",""confidence"":1.0}",True,[],[],True,,"{""errors"":[]}",True,[],True,1,0,True,True,False,100,100,1249,19,1268,,,941.53,1318,8,1326,0,0,1130.41
4d34a4d0f451f9612309,763,deepseek-v3-2,managed-prompt,tatoeba,da,de,Han fik kørekort til lastbil mens han var inde som soldat.,Er hat bei der Bundeswehr seinen LKW-Führerschein gemacht.,"{""c"":""Er hat seinen Lkw-Führerschein bekommen, als er noch als Soldat im Dienst war.""}","Er hat seinen Lkw-Führerschein bekommen, als er noch als Soldat im Dienst war.",True,1,0,True,True,False,True,,True,,True,"{""reason"":""detector_match"",""detected"":""de"",""confidence"":1.0}",True,[],[],True,,"{""errors"":[]}",True,[],True,1,0,True,True,False,100,100,1252,28,1280,,,1287.58,1337,8,1345,0,0,1207.65
d91e396002ef301ec698,764,deepseek-v3-2,managed-prompt,tatoeba,da,de,Fransk er ikke mit modersmål.,Französisch ist nicht meine Muttersprache.,"{""c"":""Französisch ist nicht meine Muttersprache.""}",Französisch ist nicht meine Muttersprache.,True,1,0,True,True,False,True,,True,,True,"{""reason"":""detector_match"",""detected"":""de"",""confidence"":1.0}",True,[],[],True,,"{""errors"":[]}",True,[],True,1,0,True,True,False,100,100,1244,17,1261,,,762.95,1306,8,1314,0,0,1255.63
12941a84d0f2a3a34d20,765,deepseek-v3-2,managed-prompt,tatoeba,da,de,Vi har opdaget en hemmelig gang.,Wir haben einen Geheimgang entdeckt.,"{""c"":""Wir sind auf einen geheimen Tunnel gestoßen.""}",Wir sind auf einen geheimen Tunnel gestoßen.,True,1,0,True,True,False,True,,True,,True,"{""reason"":""detector_match"",""detected"":""de"",""confidence"":1.0}",True,[],[],True,,"{""errors"":[]}",True,[],True,1,0,True,True,False,100,100,1245,16,1261,,,922.41,1311,8,1319,0,0,1262.06
3b1a51d8a2e3a64f5fba,766,deepseek-v3-2,managed-prompt,tatoeba,da,de,Tom kunne ikke beslutte sig for om hans hund skulle hedde Cookie eller Pochi.,"Tom konnte sich nicht entscheiden, ob er seinen Hund Cookie oder Pochi nennen sollte.","{""c"":""Tom konnte sich nicht entscheiden, ob sein Hund Cookie oder Pochi heißen sollte.""}","Tom konnte sich nicht entscheiden, ob sein Hund Cookie oder Pochi heißen sollte.",True,1,0,True,True,False,True,,True,,True,"{""reason"":""detector_match"",""detected"":""de"",""confidence"":1.0}",True,[],[],True,,"{""errors"":[]}",True,[],True,1,0,True,True,False,100,100,1255,25,1280,,,983.64,1342,8,1350,0,0,1227.61
45b428c4e32d3477b424,767,deepseek-v3-2,managed-prompt,tatoeba,da,de,Jeg har plantet et æbletræ i min have.,Ich habe einen Apfelbaum in meinen Garten gepflanzt.,"{""c"":""Ich habe einen Apfelbaum in meinem Garten gepflanzt.""}",Ich habe einen Apfelbaum in meinem Garten gepflanzt.,True,1,0,True,True,False,True,,True,,True,"{""reason"":""detector_match"",""detected"":""de"",""confidence"":1.0}",True,[],[],True,,"{""errors"":[]}",True,[],True,1,0,True,True,False,100,100,1248,19,1267,,,790.37,1328,8,1336,0,0,1177.92
46622804ba5af92e7fac,768,deepseek-v3-2,managed-prompt,tatoeba,da,de,"Ved du hvad, Tom, du har ret!","Weißt du was, Tom? Du hast recht!","{""c"":""Weißt du was, Tom, du hast recht!""}","Weißt du was, Tom, du hast recht!",True,1,0,True,True,False,True,,True,,True,"{""reason"":""detector_match"",""detected"":""de"",""confidence"":1.0}",True,[],[],True,,"{""errors"":[]}",True,[],True,1,0,True,True,False,100,100,1246,17,1263,,,791.05,1312,8,1320,0,0,1202.73
f06d7f57d82badd4918d,769,deepseek-v3-2,managed-prompt,tatoeba,da,de,Maria kom sidst.,Maria kam zuletzt.,"{""c"":""Maria kam zuletzt.""}",Maria kam zuletzt.,True,1,0,True,True,False,True,,True,,,"{""reason"":""detector_inconclusive"",""detected"":""sw"",""confidence"":0.7143}",True,[],[],True,,"{""errors"":[]}",True,[],True,1,0,True,True,False,100,100,1239,11,1250,,,649.83,1288,8,1296,0,0,1188.63
436c03a14a17411f3b8f,770,deepseek-v3-2,managed-prompt,tatoeba,da,en,I Amerika er der højrekørsel.,In America traffic keeps to the right.,"{""c"":""In America, they drive on the right.""}","In America, they drive on the right.",True,1,0,True,True,False,True,,True,,True,"{""reason"":""detector_match"",""detected"":""en"",""confidence"":1.0}",True,[],[],True,,"{""errors"":[]}",True,[],True,1,0,True,True,False,100,100,1244,14,1258,,,720.36,1297,8,1305,0,0,1224.59
93e5831bbf92a9a48de9,771,deepseek-v3-2,managed-prompt,tatoeba,da,en,Tom tog imod udfordringen.,Tom accepted the challenge.,"{""c"":""Tom accepted the challenge.""}",Tom accepted the challenge.,True,1,0,True,True,False,True,,True,,True,"{""reason"":""detector_match"",""detected"":""en"",""confidence"":1.0}",True,[],[],True,,"{""errors"":[]}",True,[],True,1,0,True,True,False,100,100,1242,10,1252,,,787.45,1289,8,1297,0,0,1263.38
d7b16b84ccdb0818e906,772,deepseek-v3-2,managed-prompt,tatoeba,da,en,Tom har små hænder.,Tom has tiny hands.,"{""c"":""Tom has small hands.""}",Tom has small hands.,True,1,0,True,True,False,True,,True,,True,"{""reason"":""detector_match"",""detected"":""en"",""confidence"":1.0}",True,[],[],True,,"{""errors"":[]}",True,[],True,1,0,True,True,False,100,100,1242,10,1252,,,668.16,1288,8,1296,0,0,1187.0
8d7f64e570d290816ecc,773,deepseek-v3-2,managed-prompt,tatoeba,da,en,Hvad tid starter rodeoen?,What time does the rodeo start?,"{""c"":""What time does the rodeo start?""}",What time does the rodeo start?,True,1,0,True,True,False,True,,True,,True,"{""reason"":""detector_match"",""detected"":""en"",""confidence"":1.0}",True,[],[],True,,"{""errors"":[]}",True,[],True,1,0,True,True,False,100,100,1242,13,1255,,,712.82,1298,8,1306,0,0,1244.81
25cfc4c5edabafb32187,774,deepseek-v3-2,managed-prompt,tatoeba,da,en,Jeg troede at Tom var rig.,I thought that Tom was rich.,"{""c"":""I thought Tom was rich.""}",I thought Tom was rich.,True,1,0,True,True,False,True,,True,,True,"{""reason"":""detector_match"",""detected"":""en"",""confidence"":1.0}",True,[],[],True,,"{""errors"":[]}",True,[],True,1,0,True,True,False,100,100,1243,11,1254,,,641.04,1294,8,1302,0,0,1179.05
f4c47090151bb826fc20,775,deepseek-v3-2,managed-prompt,tatoeba,da,en,Er jeg i sikkerhed nu?,Am I safe now?,"{""c"":""Am I safe now?""}",Am I safe now?,True,1,0,True,True,False,True,,True,,True,"{""reason"":""detector_match"",""detected"":""en"",""confidence"":1.0}",True,[],[],True,,"{""errors"":[]}",True,[],True,1,0,True,True,False,100,100,1242,10,1252,,,958.45,1291,8,1299,0,0,1178.82
5cac1c6290cfe2b466ac,776,deepseek-v3-2,managed-prompt,tatoeba,da,en,Kan I ikke gøre det?,Can't you do that?,"{""c"":""I can't do it? No, you can do it!""}","I can't do it? No, you can do it!",True,1,0,True,True,False,True,,True,,,"{""reason"":""detector_inconclusive"",""detected"":""en"",""confidence"":0.5714}",True,[],[],True,,"{""errors"":[{""category"":""accuracy"",""severity"":""critical""}]}",False,"[{""category"":""accuracy"",""severity"":""critical""}]",True,1,0,True,True,False,60,60,1242,18,1260,,,851.52,1300,17,1317,0,0,1225.66
6ce16e5c7050fa7d3b20,777,deepseek-v3-2,managed-prompt,tatoeba,da,en,Åbn døren.,Open the door.,"{""c"":""Open the door.""}",Open the door.,True,1,0,True,True,False,True,,True,,,"{""reason"":""detector_mismatch_uncertain"",""detected"":""nl"",""confidence"":1.0}",True,[],[],True,,"{""errors"":[]}",True,[],True,1,0,True,True,False,100,100,1240,9,1249,,,675.17,1285,8,1293,0,0,1227.54
d8fc7ca45840dcfc7074,778,deepseek-v3-2,managed-prompt,tatoeba,da,en,Har du besluttet hvor du vil holde juleaften?,Have you decided where you're going to celebrate Christmas Eve?,"{""c"":""Have you decided where you'll spend Christmas Eve?""}",Have you decided where you'll spend Christmas Eve?,True,1,0,True,True,False,True,,True,,True,"{""reason"":""detector_match"",""detected"":""en"",""confidence"":1.0}",True,[],[],True,,"{""errors"":[]}",True,[],True,1,0,True,True,False,100,100,1249,15,1264,,,1758.57,1310,8,1318,0,0,1093.91
4d359ecf42d4baa41af8,779,deepseek-v3-2,managed-prompt,tatoeba,da,en,Alle har stemt.,Everyone has voted.,"{""c"":""Everyone has voted.""}",Everyone has voted.,True,1,0,True,True,False,True,,True,,True,"{""reason"":""detector_match"",""detected"":""en"",""confidence"":1.0}",True,[],[],True,,"{""errors"":[]}",True,[],True,1,0,True,True,False,100,100,1239,9,1248,,,670.28,1285,8,1293,0,0,1212.33
4f617d76e14eb1ef58ea,780,deepseek-v3-2,managed-prompt,tatoeba,da,es,Han har oversat Homer fra græsk til engelsk.,Él tradujo a Homero del griego al inglés.,"{""c"":""Ha traducido a Homero del griego al inglés.""}",Ha traducido a Homero del griego al inglés.,True,1,0,True,True,False,True,,True,,True,"{""reason"":""detector_match"",""detected"":""es"",""confidence"":1.0}",True,[],[],True,,"{""errors"":[]}",True,[],True,1,0,True,True,False,100,100,1247,18,1265,,,958.2,1311,8,1319,0,0,1251.38
d07e72df87e6b064b708,781,deepseek-v3-2,managed-prompt,tatoeba,da,es,Katten sover på en stol.,El gato duerme en una silla.,"{""c"":""El gato está durmiendo en una silla.""}",El gato está durmiendo en una silla.,True,1,0,True,True,False,True,,True,,True,"{""reason"":""detector_match"",""detected"":""es"",""confidence"":1.0}",True,[],[],True,,"{""errors"":[]}",True,[],True,1,0,True,True,False,100,100,1243,17,1260,,,1046.02,1304,8,1312,0,0,1348.81
9fbd728b8feadc5f5264,782,deepseek-v3-2,managed-prompt,tatoeba,da,es,Du kan spise morgenmaden mellem klokken syv og klokken ni.,Se puede desayunar entre las siete y las nueve.,"{""c"":""Puedes desayunar entre las siete y las nueve.""}",Puedes desayunar entre las siete y las nueve.,True,1,0,True,True,False,True,,True,,True,"{""reason"":""detector_match"",""detected"":""es"",""confidence"":1.0}",True,[],[],True,,"{""errors"":[]}",True,[],True,1,0,True,True,False,100,100,1256,19,1275,,,789.01,1321,8,1329,0,0,1284.17
5db70a59173d5de6d9f3,783,deepseek-v3-2,managed-prompt,tatoeba,da,es,Vand består af brint og ilt.,El agua está compuesta de hidrógeno y oxígeno.,"{""c"":""El agua está compuesta de hidrógeno y oxígeno.""}",El agua está compuesta de hidrógeno y oxígeno.,True,1,0,True,True,False,True,,True,,True,"{""reason"":""detector_match"",""detected"":""es"",""confidence"":1.0}",True,[],[],True,,"{""errors"":[]}",True,[],True,1,0,True,True,False,100,100,1245,19,1264,,,1088.21,1312,8,1320,0,0,1209.71
648740d4ff6a773ca988,784,deepseek-v3-2,managed-prompt,tatoeba,da,es,Vi mødes her en gang om ugen.,Nos reunimos aquí una vez por semana.,"{""c"":""Nos encontramos aquí una vez a la semana.""}",Nos encontramos aquí una vez a la semana.,True,1,0,True,True,False,True,,True,,True,"{""reason"":""detector_match"",""detected"":""es"",""confidence"":1.0}",True,[],[],True,,"{""errors"":[]}",True,[],True,1,0,True,True,False,100,100,1245,15,1260,,,921.32,1307,8,1315,0,0,1253.63
8de01c7afe783eeb4969,785,deepseek-v3-2,managed-prompt,tatoeba,da,es,Der blæste en kold vind.,Soplaba un viento frío.,"{""c"":""Soplaba un viento frío.""}",Soplaba un viento frío.,True,1,0,True,True,False,True,,True,,True,"{""reason"":""detector_match"",""detected"":""es"",""confidence"":1.0}",True,[],[],True,,"{""errors"":[]}",True,[],True,1,0,True,True,False,100,100,1243,14,1257,,,740.12,1301,8,1309,0,0,1274.9
a703729c1f583d51f308,786,deepseek-v3-2,managed-prompt,tatoeba,da,es,"Det er dig hun elsker, ikke mig.","Es a ti a quien ella ama, no a mí.","{""c"":""Eres tú a quien ella ama, no a mí.""}","Eres tú a quien ella ama, no a mí.",True,1,0,True,True,False,True,,True,,,"{""reason"":""detector_mismatch_uncertain"",""detected"":""ca"",""confidence"":1.0}",True,[],[],True,,"{""errors"":[]}",True,[],True,1,0,True,True,False,100,100,1245,17,1262,,,832.17,1312,8,1320,0,0,1160.8
3acdf9365b5ee1d55cd4,787,deepseek-v3-2,managed-prompt,tatoeba,da,es,Du er meget modig.,Eres muy valiente.,"{""c"":""Eres muy valiente.""}",Eres muy valiente.,True,1,0,True,True,False,True,,True,,,"{""reason"":""detector_inconclusive"",""detected"":""es"",""confidence"":0.7143}",True,[],[],True,,"{""errors"":[]}",True,[],True,1,0,True,True,False,100,100,1241,11,1252,,,720.43,1291,8,1299,0,0,1162.37
3c5e86de1aa6256f1a26,788,deepseek-v3-2,managed-prompt,tatoeba,da,es,Han stod med hænderne i lommen.,Él estaba parado con las manos en los bolsillos.,"{""c"":""Estaba de pie con las manos en los bolsillos.""}",Estaba de pie con las manos en los bolsillos.,True,1,0,True,True,False,True,,True,,True,"{""reason"":""detector_match"",""detected"":""es"",""confidence"":1.0}",True,[],[],True,,"{""errors"":[]}",True,[],True,1,0,True,True,False,100,100,1246,18,1264,,,922.63,1313,8,1321,0,0,1324.37
0073091707b6c420e65f,789,deepseek-v3-2,managed-prompt,tatoeba,da,es,Tag kniven og skær spidsen af.,Toma el cuchillo y córtale la punta.,"{""c"":""Etiqueta el cuchillo y corta la punta.""}",Etiqueta el cuchillo y corta la punta.,True,1,0,True,True,False,True,,True,,True,"{""reason"":""detector_match"",""detected"":""es"",""confidence"":1.0}",True,[],[],True,,"{""errors"":[{""category"":""accuracy"",""severity"":""major""}]}",False,"[{""category"":""accuracy"",""severity"":""major""}]",True,1,0,True,True,False,85,85,1245,19,1264,,,999.34,1312,17,1329,0,0,1343.97
cc892488fc28196a1686,790,deepseek-v3-2,managed-prompt,tatoeba,da,fr,Det er ikke nødvendigt.,Ce n'est pas nécessaire.,"{""c"":""Ce n'est pas nécessaire.""}",Ce n'est pas nécessaire.,True,1,0,True,True,False,True,,True,,True,"{""reason"":""detector_match"",""detected"":""fr"",""confidence"":1.0}",True,[],[],True,,"{""errors"":[]}",True,[],True,1,0,True,True,False,100,100,1242,11,1253,,,680.81,1297,8,1305,0,0,1310.58
f6b18694fa65843a3c58,791,deepseek-v3-2,managed-prompt,tatoeba,da,fr,Det er for varmt.,Il fait trop chaud.,"{""c"":""C'est trop chaud.""}",C'est trop chaud.,True,1,0,True,True,False,True,,True,,True,"{""reason"":""detector_match"",""detected"":""fr"",""confidence"":1.0}",True,[],[],True,,"{""errors"":[]}",True,[],True,1,0,True,True,False,100,100,1241,11,1252,,,871.29,1292,8,1300,0,0,1046.31
f7f813b216429309ecf4,792,deepseek-v3-2,managed-prompt,tatoeba,da,fr,Der er syv dage i en uge.,Il y a sept jours dans une semaine.,"{""c"":""Il y a sept jours dans une semaine.""}",Il y a sept jours dans une semaine.,True,1,0,True,True,False,True,,True,,True,"{""reason"":""detector_match"",""detected"":""fr"",""confidence"":1.0}",True,[],[],True,,"{""errors"":[]}",True,[],True,1,0,True,True,False,100,100,1245,14,1259,,,892.47,1304,8,1312,0,0,1147.06
a4c7c6c1469648cd55ba,793,deepseek-v3-2,managed-prompt,tatoeba,da,fr,I dag er himlen blå og skyfri.,"Aujourd'hui, le ciel est bleu et sans nuages.","{""c"":""Aujourd'hui, le ciel est bleu et sans nuages.""}","Aujourd'hui, le ciel est bleu et sans nuages.",True,1,0,True,True,False,True,,True,,True,"{""reason"":""detector_match"",""detected"":""fr"",""confidence"":1.0}",True,[],[],True,,"{""errors"":[]}",True,[],True,1,0,True,True,False,100,100,1245,19,1264,,,992.77,1315,8,1323,0,0,1337.85
5f9a25cd95fda06b8dae,794,deepseek-v3-2,managed-prompt,tatoeba,da,fr,Hvorfor stiller du spørgsmål som du allerede kender svaret på?,Pourquoi poses-tu cette question alors que tu connais déjà la réponse ?,"{""c"":""Pourquoi poses-tu des questions auxquelles tu connais déjà la réponse ?""}",Pourquoi poses-tu des questions auxquelles tu connais déjà la réponse ?,True,1,0,True,True,False,True,,True,,True,"{""reason"":""detector_match"",""detected"":""fr"",""confidence"":1.0}",True,[],[],True,,"{""errors"":[]}",True,[],True,1,0,True,True,False,100,100,1255,22,1277,,,1162.29,1340,8,1348,0,0,1124.3
5702b177f2ed4790fdb3,795,deepseek-v3-2,managed-prompt,tatoeba,da,fr,"Den Europæiske Union oprettes med det formål at gøre en ende på de mange blodige nabokrige, der kulminerede med den anden verdenskrig.",L'Union européenne a été créée dans le but de mettre fin aux guerres qui ont régulièrement ensanglanté le continent pour aboutir à la Seconde guerre mondiale.,"{""c"":""L'Union européenne est créée dans le but de mettre fin aux nombreuses guerres sanglantes entre voisins, culminant avec la Seconde Guerre mondiale.""}","L'Union européenne est créée dans le but de mettre fin aux nombreuses guerres sanglantes entre voisins, culminant avec la Seconde Guerre mondiale.",True,1,0,True,True,False,True,,True,,True,"{""reason"":""detector_match"",""detected"":""fr"",""confidence"":1.0}",True,[],[],True,,"{""errors"":[]}",True,[],True,1,0,True,True,False,100,100,1276,39,1315,,,960.58,1391,8,1399,0,0,1049.09
2dea9190748bc35ff5b6,796,deepseek-v3-2,managed-prompt,tatoeba,da,fr,Hun har en hund og seks katte.,Elle a un chien et six chats.,"{""c"":""Elle a un chien et six chats.""}",Elle a un chien et six chats.,True,1,0,True,True,False,True,,True,,True,"{""reason"":""detector_match"",""detected"":""fr"",""confidence"":1.0}",True,[],[],True,,"{""errors"":[]}",True,[],True,1,0,True,True,False,100,100,1244,14,1258,,,717.74,1302,8,1310,0,0,1283.2
e23084722c7699dee792,797,deepseek-v3-2,managed-prompt,tatoeba,da,fr,Selvfølgelig husker jeg dig.,Bien sûr que je me souviens de toi.,"{""c"":""Bien sûr, je me souviens de toi.""}","Bien sûr, je me souviens de toi.",True,1,0,True,True,False,True,,True,,True,"{""reason"":""detector_match"",""detected"":""fr"",""confidence"":1.0}",True,[],[],True,,"{""errors"":[]}",True,[],True,1,0,True,True,False,100,100,1245,18,1263,,,671.29,1312,8,1320,0,0,1173.21
6d5f72da41eb4faa7a87,798,deepseek-v3-2,managed-prompt,tatoeba,da,fr,Der er en klar forskel mellem de to.,Il y a une nette différence entre ces deux-là.,"{""c"":""Il y a une nette différence entre les deux.""}",Il y a une nette différence entre les deux.,True,1,0,True,True,False,True,,True,,True,"{""reason"":""detector_match"",""detected"":""fr"",""confidence"":1.0}",True,[],[],True,,"{""errors"":[]}",True,[],True,1,0,True,True,False,100,100,1246,16,1262,,,1048.45,1308,8,1316,0,0,1255.48
99d94cb74de9a64594b0,799,deepseek-v3-2,managed-prompt,tatoeba,da,fr,Katten leger med en levende mus.,Le chat joue avec une souris vivante.,"{""c"":""Le chat joue avec une souris vivante.""}",Le chat joue avec une souris vivante.,True,1,0,True,True,False,True,,True,,True,"{""reason"":""detector_match"",""detected"":""fr"",""confidence"":1.0}",True,[],[],True,,"{""errors"":[]}",True,[],True,1,0,True,True,False,100,100,1244,16,1260,,,900.36,1304,8,1312,0,0,2138.26
186727213001390e7dc7,800,deepseek-v3-2,managed-prompt,tatoeba,da,it,Ja.,Sì.,"{""c"":""Sì.""}",Sì.,True,1,0,True,True,False,True,,True,,,"{""reason"":""too_short_for_language_detection"",""detected"":null,""confidence"":null}",True,[],[],True,,"{""errors"":[]}",True,[],True,1,0,True,True,False,100,100,1236,8,1244,,,714.31,1282,8,1290,0,0,1232.54
f8ba782e14c0cc65d09a,801,deepseek-v3-2,managed-prompt,tatoeba,da,it,Han er bøsse.,È gay.,"{""c"":""E' gay.""}",E' gay.,True,1,0,True,True,False,True,,True,,,"{""reason"":""too_short_for_language_detection"",""detected"":null,""confidence"":null}",True,[],[],True,,"{""errors"":[{""category"":""fluency"",""severity"":""minor""}]}",True,"[{""category"":""fluency"",""severity"":""minor""}]",True,1,0,True,True,False,97,97,1241,9,1250,,,623.14,1284,18,1302,0,0,1177.05
0099ac8d4abfc0071166,802,deepseek-v3-2,managed-prompt,tatoeba,da,it,"De snakker ikke om det, men du kan se det.","Essi non ne parlano, ma si può vedere.","{""c"":""Non ne parlano, ma puoi vederlo.""}","Non ne parlano, ma puoi vederlo.",True,1,0,True,True,False,True,,True,,True,"{""reason"":""detector_match"",""detected"":""it"",""confidence"":1.0}",True,[],[],True,,"{""errors"":[]}",True,[],True,1,0,True,True,False,100,100,1248,17,1265,,,756.81,1310,8,1318,0,0,1260.32
d86ac7b236cf0c116064,803,deepseek-v3-2,managed-prompt,tatoeba,da,it,Jeg er et menneske.,Sono una persona.,"{""c"":""Io sono umano.""}",Io sono umano.,True,1,0,True,True,False,True,,True,,,"{""reason"":""detector_mismatch_uncertain"",""detected"":""pt"",""confidence"":1.0}",True,[],[],True,,"{""errors"":[{""category"":""accuracy"",""severity"":""minor""}]}",True,"[{""category"":""accuracy"",""severity"":""minor""}]",True,1,0,True,True,False,97,97,1242,10,1252,,,598.62,1289,17,1306,0,0,1177.49
4884db2a5b5325f2ff1c,804,deepseek-v3-2,managed-prompt,tatoeba,da,it,Han studerer fransk og webdesign.,Studia francese e web design.,"{""c"":""Lui studia il francese e il web design.""}",Lui studia il francese e il web design.,True,1,0,True,True,False,True,,True,,True,"{""reason"":""detector_match"",""detected"":""it"",""confidence"":1.0}",True,[],[],True,,"{""errors"":[]}",True,[],True,1,0,True,True,False,100,100,1243,17,1260,,,674.65,1301,8,1309,0,0,1175.76
112f160045a70c12ee14,805,deepseek-v3-2,managed-prompt,tatoeba,da,it,"Det er min skyld, ikke din.","È colpa mia, non vostra.","{""c"":""È colpa mia, non tua.""}","È colpa mia, non tua.",True,1,0,True,True,False,True,,True,,True,"{""reason"":""detector_match"",""detected"":""it"",""confidence"":1.0}",True,[],[],True,,"{""errors"":[]}",True,[],True,1,0,True,True,False,100,100,1243,13,1256,,,783.71,1300,8,1308,0,0,1156.09
d585f039fc7c0846d68b,806,deepseek-v3-2,managed-prompt,tatoeba,da,it,Dette er et varsel som vi må tage alvorligt.,Questo è un avvertimento che dobbiamo prendere sul serio.,"{""c"":""Questo è un avviso che dobbiamo prendere sul serio.""}",Questo è un avviso che dobbiamo prendere sul serio.,True,1,0,True,True,False,True,,True,,True,"{""reason"":""detector_match"",""detected"":""it"",""confidence"":1.0}",True,[],[],True,,"{""errors"":[]}",True,[],True,1,0,True,True,False,100,100,1249,22,1271,,,983.87,1321,8,1329,0,0,1244.6
79f17a58016291935200,807,deepseek-v3-2,managed-prompt,tatoeba,da,it,Vaccinen er særdeles effektiv.,Il vaccino è estremamente efficace.,"{""c"":""Il vaccino è estremamente efficace.""}",Il vaccino è estremamente efficace.,True,1,0,True,True,False,True,,True,,True,"{""reason"":""detector_match"",""detected"":""it"",""confidence"":1.0}",True,[],[],True,,"{""errors"":[]}",True,[],True,1,0,True,True,False,100,100,1246,14,1260,,,729.43,1302,8,1310,0,0,1166.17
e5e5958af7d6e3f15760,808,deepseek-v3-2,managed-prompt,tatoeba,da,it,Auckland er en by i New Zealand.,Auckland è una città della Nuova Zelanda.,"{""c"":""Auckland è una città della Nuova Zelanda.""}",Auckland è una città della Nuova Zelanda.,True,1,0,True,True,False,True,,True,,True,"{""reason"":""detector_match"",""detected"":""it"",""confidence"":1.0}",True,[],[],True,,"{""errors"":[]}",True,[],True,1,0,True,True,False,100,100,1243,16,1259,,,993.15,1303,8,1311,0,0,1107.36
ab3bb75e0cd5c413b7b9,809,deepseek-v3-2,managed-prompt,tatoeba,da,it,Hun er for gammel til ham.,Lei è troppo vecchia per lui.,"{""c"":""Lei è troppo vecchia per lui.""}",Lei è troppo vecchia per lui.,True,1,0,True,True,False,True,,True,,True,"{""reason"":""detector_match"",""detected"":""it"",""confidence"":1.0}",True,[],[],True,,"{""errors"":[]}",True,[],True,1,0,True,True,False,100,100,1244,14,1258,,,698.8,1297,8,1305,0,0,1129.4
23f52811a13d39ee18b2,810,deepseek-v3-2,managed-prompt,tatoeba,da,jp,Må jeg bruge denne ordbog?,この辞書を使っても良いですか。,"{""c"":""この辞書を使ってもいいですか？""}",この辞書を使ってもいいですか？,True,1,0,True,True,False,True,,True,,True,"{""reason"":""target_script_present"",""detected"":""ja"",""confidence"":1.0}",True,[],[],True,,"{""errors"":[]}",True,[],True,1,0,True,True,False,100,100,1245,13,1258,,,679.71,1311,8,1319,0,0,2856.49
0434962595a24c6213f8,811,deepseek-v3-2,managed-prompt,tatoeba,da,jp,Jeg kan ikke svare på så mange spørgsmål på én gang.,一度にそんなにたくさんの質問には答えられない。,"{""c"":""あまりにも多くの質問に一度には答えられません。""}",あまりにも多くの質問に一度には答えられません。,True,1,0,True,True,False,True,,True,,True,"{""reason"":""target_script_present"",""detected"":""ja"",""confidence"":1.0}",True,[],[],True,,"{""errors"":[]}",True,[],True,1,0,True,True,False,100,100,1252,16,1268,,,984.07,1330,8,1338,0,0,1140.78
c08fcd62570a0b2d6006,812,deepseek-v3-2,managed-prompt,tatoeba,da,jp,Dette er et billede af min mor.,これが私の母の写真です。,"{""c"":""これは私の母の写真です。""}",これは私の母の写真です。,True,1,0,True,True,False,True,,True,,True,"{""reason"":""target_script_present"",""detected"":""ja"",""confidence"":1.0}",True,[],[],True,,"{""errors"":[]}",True,[],True,1,0,True,True,False,100,100,1245,13,1258,,,719.67,1302,8,1310,0,0,1267.75
0d1975a6e08d3d124c45,813,deepseek-v3-2,managed-prompt,tatoeba,da,jp,Det er ikke os alle der kan tale engelsk.,我々全員が英語を話せるわけではない。,"{""c"":""私たち全員が英語を話せるわけではありません。""}",私たち全員が英語を話せるわけではありません。,True,1,0,True,True,False,True,,True,,True,"{""reason"":""target_script_present"",""detected"":""ja"",""confidence"":1.0}",True,[],[],True,,"{""errors"":[]}",True,[],True,1,0,True,True,False,100,100,1246,16,1262,,,888.12,1317,8,1325,0,0,1235.67
01121de9b1172ba4f92b,814,deepseek-v3-2,managed-prompt,tatoeba,da,jp,Luk dine øjne.,目を閉じて。,"{""c"":""Luk dine øjne.""}",Luk dine øjne.,True,1,0,True,True,False,True,,True,,False,"{""reason"":""target_script_missing"",""detected"":null,""confidence"":null}",True,[],"[{""code"":""source_copy_suspected""}]",True,,"{""errors"":[{""category"":""accuracy"",""severity"":""critical""}]}",False,"[{""category"":""accuracy"",""severity"":""critical""}]",True,1,0,True,True,False,57,57,1242,12,1254,,,788.85,1297,17,1314,0,0,1465.55
651d71b07f7a2b0cb97d,815,deepseek-v3-2,managed-prompt,tatoeba,da,jp,Jeg købte en masse bøger.,本をたくさん買った。,"{""c"":""俺、本をめっちゃ買っちゃった。""}",俺、本をめっちゃ買っちゃった。,True,1,0,True,True,False,True,,True,,True,"{""reason"":""target_script_present"",""detected"":""ja"",""confidence"":1.0}",True,[],[],True,,"{""errors"":[{""category"":""tone"",""severity"":""minor""}]}",True,"[{""category"":""tone"",""severity"":""minor""}]",True,1,0,True,True,False,97,97,1247,17,1264,,,997.03,1310,17,1327,0,0,1257.85
ce1eabc28a53a8a5f0d0,816,deepseek-v3-2,managed-prompt,tatoeba,da,jp,En dag mødte jeg ham.,ある日、私は彼に会った。,"{""c"":""ある日、私は彼に出会った。""}",ある日、私は彼に出会った。,True,1,0,True,True,False,True,,True,,True,"{""reason"":""target_script_present"",""detected"":""ja"",""confidence"":1.0}",True,[],[],True,,"{""errors"":[]}",True,[],True,1,0,True,True,False,100,100,1243,14,1257,,,695.15,1305,8,1313,0,0,1377.16
4f88a127d1a64a8fe955,817,deepseek-v3-2,managed-prompt,tatoeba,da,jp,I går var det torsdag.,昨日は木曜日だった。,"{""c"":""昨日は木曜日でした。""}",昨日は木曜日でした。,True,1,0,True,True,False,True,,True,,True,"{""reason"":""target_script_present"",""detected"":""ja"",""confidence"":1.0}",True,[],[],True,,"{""errors"":[]}",True,[],True,1,0,True,True,False,100,100,1242,12,1254,,,758.72,1303,8,1311,0,0,1192.28
56e1f2aa161b2d1372a8,818,deepseek-v3-2,managed-prompt,tatoeba,da,jp,Fugle lægger æg.,鳥は卵を産む。,"{""c"":""鳥が卵を産んでいる。""}",鳥が卵を産んでいる。,True,1,0,True,True,False,True,,True,,True,"{""reason"":""target_script_present"",""detected"":""ja"",""confidence"":1.0}",True,[],[],True,,"{""errors"":[{""category"":""accuracy"",""severity"":""minor""},{""category"":""fluency"",""severity"":""minor""}]}",True,"[{""category"":""accuracy"",""severity"":""minor""},{""category"":""fluency"",""severity"":""minor""}]",True,1,0,True,True,False,94,94,1244,12,1256,,,678.85,1305,27,1332,0,0,1246.34
6b0acffee2cc4ad25a89,819,deepseek-v3-2,managed-prompt,tatoeba,da,jp,Han leder efter et job.,彼は職を探している。,"{""c"":""彼は仕事を探しています。""}",彼は仕事を探しています。,True,1,0,True,True,False,True,,True,,True,"{""reason"":""target_script_present"",""detected"":""ja"",""confidence"":1.0}",True,[],[],True,,"{""errors"":[]}",True,[],True,1,0,True,True,False,100,100,1242,12,1254,,,847.86,1299,8,1307,0,0,1137.81
a914de610beae2c77b29,820,deepseek-v3-2,managed-prompt,tatoeba,da,nl,Stop!,Stop!,"{""c"":""Stop!""}",Stop!,True,1,0,True,True,False,True,,True,,,"{""reason"":""too_short_for_language_detection"",""detected"":null,""confidence"":null}",True,[],[],True,,"{""errors"":[]}",True,[],True,1,0,True,True,False,100,100,1236,7,1243,,,731.41,1277,8,1285,0,0,1332.93
71ca04326ebe2e31ce4f,821,deepseek-v3-2,managed-prompt,tatoeba,da,nl,"Han lader altid vinduet være åbent, når han sover.",Hij laat altijd het venster open als hij slaapt.,"{""c"":""Hij laat altijd het raam open wanneer hij slaapt.""}",Hij laat altijd het raam open wanneer hij slaapt.,True,1,0,True,True,False,True,,True,,True,"{""reason"":""detector_match"",""detected"":""nl"",""confidence"":1.0}",True,[],[],True,,"{""errors"":[]}",True,[],True,1,0,True,True,False,100,100,1253,18,1271,,,690.72,1320,8,1328,0,0,1277.1
b1d26c7dc97273870cef,822,deepseek-v3-2,managed-prompt,tatoeba,da,nl,De respekterer ham.,Ze respecteren hem.,"{""c"":""Ze respecteren hem.""}",Ze respecteren hem.,True,1,0,True,True,False,True,,True,,True,"{""reason"":""detector_match"",""detected"":""nl"",""confidence"":1.0}",True,[],[],True,,"{""errors"":[]}",True,[],True,1,0,True,True,False,100,100,1241,10,1251,,,800.22,1287,8,1295,0,0,1275.04
7cfcd04a3a849f967a24,823,deepseek-v3-2,managed-prompt,tatoeba,da,nl,Tom tager ikke sit arbejde ret alvorligt.,Tom neemt zijn baan niet erg serieus.,"{""c"":""Tom neemt zijn werk niet echt serieus.""}",Tom neemt zijn werk niet echt serieus.,True,1,0,True,True,False,True,,True,,True,"{""reason"":""detector_match"",""detected"":""nl"",""confidence"":1.0}",True,[],[],True,,"{""errors"":[]}",True,[],True,1,0,True,True,False,100,100,1247,15,1262,,,727.1,1308,8,1316,0,0,1314.73
9481f7775922e2f00bf3,824,deepseek-v3-2,managed-prompt,tatoeba,da,nl,Hun ryger 20 cigaretter om dagen.,Ze rookt twintig sigaretten per dag.,"{""c"":""Hij rookt 20 sigaretten per dag.""}",Hij rookt 20 sigaretten per dag.,True,1,0,True,True,False,True,,True,,True,"{""reason"":""detector_match"",""detected"":""nl"",""confidence"":0.8571}",True,[],[],True,,"{""errors"":[{""category"":""accuracy"",""severity"":""major""}]}",False,"[{""category"":""accuracy"",""severity"":""major""}]",True,1,0,True,True,False,85,85,1246,17,1263,,,906.68,1307,17,1324,0,0,1226.68
66939d960d7cd2be205a,825,deepseek-v3-2,managed-prompt,tatoeba,da,nl,Hvor er nærmeste bank?,Waar is de dichtstbijzijnde bank?,"{""c"":""Waar is de dichtstbijzijnde bank?""}",Waar is de dichtstbijzijnde bank?,True,1,0,True,True,False,True,,True,,True,"{""reason"":""detector_match"",""detected"":""nl"",""confidence"":1.0}",True,[],[],True,,"{""errors"":[]}",True,[],True,1,0,True,True,False,100,100,1243,17,1260,,,771.01,1307,8,1315,0,0,1314.22
9dc7ff6f9698387d7fb9,826,deepseek-v3-2,managed-prompt,tatoeba,da,nl,Jeg kan godt lide at skrive digte.,Ik schrijf graag gedichten.,"{""c"":""Ik houd ervan om gedichten te schrijven.""}",Ik houd ervan om gedichten te schrijven.,True,1,0,True,True,False,True,,True,,True,"{""reason"":""detector_match"",""detected"":""nl"",""confidence"":1.0}",True,[],[],True,,"{""errors"":[]}",True,[],True,1,0,True,True,False,100,100,1247,16,1263,,,887.88,1308,8,1316,0,0,1271.62
143c98599f0d52b32b3e,827,deepseek-v3-2,managed-prompt,tatoeba,da,nl,Jeg har hovedpine.,Ik heb hoofdpijn.,"{""c"":""Ik heb hoofdpijn.""}",Ik heb hoofdpijn.,True,1,0,True,True,False,True,,True,,True,"{""reason"":""detector_match"",""detected"":""nl"",""confidence"":1.0}",True,[],[],True,,"{""errors"":[]}",True,[],True,1,0,True,True,False,100,100,1241,11,1252,,,679.94,1296,8,1304,0,0,1223.95
e524190fed15acad1362,828,deepseek-v3-2,managed-prompt,tatoeba,da,nl,Hvordan har din kone det?,Hoe gaat het met je vrouw?,"{""c"":""Hoe gaat het met je vrouw?""}",Hoe gaat het met je vrouw?,True,1,0,True,True,False,True,,True,,True,"{""reason"":""detector_match"",""detected"":""nl"",""confidence"":1.0}",True,[],[],True,,"{""errors"":[]}",True,[],True,1,0,True,True,False,100,100,1243,14,1257,,,719.79,1304,8,1312,0,0,1366.88
dfd60d7e99a330418543,829,deepseek-v3-2,managed-prompt,tatoeba,da,nl,Han lovede mig at komme tidligt.,Hij beloofde me om vroeg te komen.,"{""c"":""Hij beloofde me dat hij vroeg zou komen.""}",Hij beloofde me dat hij vroeg zou komen.,True,1,0,True,True,False,True,,True,,True,"{""reason"":""detector_match"",""detected"":""nl"",""confidence"":1.0}",True,[],[],True,,"{""errors"":[]}",True,[],True,1,0,True,True,False,100,100,1244,18,1262,,,902.26,1307,8,1315,0,0,1284.22
3c9a7e5cee93a3b4b990,830,deepseek-v3-2,managed-prompt,tatoeba,da,nb,Han stiller hele tiden dumme spørgsmål.,Han spør stadig dumme spørsmål.,"{""c"":""Han stiller hele tiden dumme spørsmål.""}",Han stiller hele tiden dumme spørsmål.,True,1,0,True,True,False,True,,True,,,"{""reason"":""detector_mismatch_uncertain"",""detected"":""da"",""confidence"":1.0}",True,[],[],True,,"{""errors"":[]}",True,[],True,1,0,True,True,False,100,100,1247,18,1265,,,686.5,1308,8,1316,0,0,1090.2
7fdf5356c53cbb373acc,831,deepseek-v3-2,managed-prompt,tatoeba,da,nb,Hun begyndte at synge.,Hun begynte å synge.,"{""c"":""Hun begynte å synge.""}",Hun begynte å synge.,True,1,0,True,True,False,True,,True,,True,"{""reason"":""detector_match"",""detected"":""no"",""confidence"":1.0}",True,[],[],True,,"{""errors"":[]}",True,[],True,1,0,True,True,False,100,100,1243,14,1257,,,933.91,1295,8,1303,0,0,1242.12
8b7348ed7afd19acde60,832,deepseek-v3-2,managed-prompt,tatoeba,da,nb,Dette er et varsel som vi må tage alvorligt.,Dette er et varsel som vi må ta på alvor.,"{""c"":""Dette er en advarsel som vi må ta seriøst.""}",Dette er en advarsel som vi må ta seriøst.,True,1,0,True,True,False,True,,True,,True,"{""reason"":""detector_match"",""detected"":""no"",""confidence"":1.0}",True,[],[],True,,"{""errors"":[{""category"":""accuracy"",""severity"":""minor""}]}",True,"[{""category"":""accuracy"",""severity"":""minor""}]",True,1,0,True,True,False,97,97,1249,21,1270,,,996.65,1313,17,1330,0,0,1285.43
bd08814a42fc44e61a34,833,deepseek-v3-2,managed-prompt,tatoeba,da,nb,Hans barnlige latter er charmerende.,Hans barnslige latter er sjarmerende.,"{""c"":""Hans barnlige latter er sjarmerende.""}",Hans barnlige latter er sjarmerende.,True,1,0,True,True,False,True,,True,,True,"{""reason"":""detector_match"",""detected"":""no"",""confidence"":1.0}",True,[],[],True,,"{""errors"":[]}",True,[],True,1,0,True,True,False,100,100,1243,15,1258,,,924.08,1299,8,1307,0,0,2560.01
02a327c255af83d02e94,834,deepseek-v3-2,managed-prompt,tatoeba,da,nb,Denne by er kold og ensom uden dig.,Denne byen er kald og ensom uten deg.,"{""c"":""Denne byen er kald og ensom uten deg.""}",Denne byen er kald og ensom uten deg.,True,1,0,True,True,False,True,,True,,True,"{""reason"":""detector_match"",""detected"":""no"",""confidence"":1.0}",True,[],[],True,,"{""errors"":[]}",True,[],True,1,0,True,True,False,100,100,1246,18,1264,,,975.61,1309,8,1317,0,0,1201.96
14d84e0de3d6d52fbddd,835,deepseek-v3-2,managed-prompt,tatoeba,da,nb,Jeg stod sent op i dag til morgen.,Jeg sto opp sent i dag morges.,"{""c"":""Jeg stod sent opp i dag til morges.""}",Jeg stod sent opp i dag til morges.,True,1,0,True,True,False,True,,True,,True,"{""reason"":""detector_match"",""detected"":""no"",""confidence"":1.0}",True,[],[],True,,"{""errors"":[]}",True,[],True,1,0,True,True,False,100,100,1246,17,1263,,,1006.11,1308,8,1316,0,0,1176.69
0394db6117aa31c393a9,836,deepseek-v3-2,managed-prompt,tatoeba,da,nb,Jeg har altid ønsket at møde dig.,Jeg har alltid ville møte deg.,"{""c"":""Jeg har alltid ønsket å møte deg.""}",Jeg har alltid ønsket å møte deg.,True,1,0,True,True,False,True,,True,,True,"{""reason"":""detector_match"",""detected"":""no"",""confidence"":1.0}",True,[],[],True,,"{""errors"":[]}",True,[],True,1,0,True,True,False,100,100,1249,20,1269,,,1394.99,1307,8,1315,0,0,1259.54
f7eb03e62c829504ce5e,837,deepseek-v3-2,managed-prompt,tatoeba,da,nb,Du hjalp mig ikke.,Du hjalp meg ikke.,"{""c"":""Du hjalp meg ikke.""}",Du hjalp meg ikke.,True,1,0,True,True,False,True,,True,,,"{""reason"":""detector_inconclusive"",""detected"":""no"",""confidence"":0.5714}",True,[],[],True,,"{""errors"":[]}",True,[],True,1,0,True,True,False,100,100,1241,12,1253,,,853.7,1293,8,1301,0,0,1247.76
29b8102460e09efcbd50,838,deepseek-v3-2,managed-prompt,tatoeba,da,nb,Ankommer de klokken seks eller klokken syv?,Kommer du klokken seks eller klokken syv?,"{""c"":""Kommer de klokka seks eller klokka sju?""}",Kommer de klokka seks eller klokka sju?,True,1,0,True,True,False,True,,True,,True,"{""reason"":""detector_match"",""detected"":""no"",""confidence"":1.0}",True,[],[],True,,"{""errors"":[{""category"":""accuracy"",""severity"":""major""}]}",False,"[{""category"":""accuracy"",""severity"":""major""}]",True,1,0,True,True,False,85,85,1249,17,1266,,,749.16,1319,19,1338,0,0,1371.97
14c10ca363f12bbb50a5,839,deepseek-v3-2,managed-prompt,tatoeba,da,nb,"Tag den du bedst kan lide, lige meget hvilken det er.","Ta den du liker best, samme hvilken det er.","{""c"":""Tekst som du liker best, uansett hvilken det er.""}","Tekst som du liker best, uansett hvilken det er.",True,1,0,True,True,False,True,,True,,True,"{""reason"":""detector_match"",""detected"":""no"",""confidence"":1.0}",True,[],[],True,,"{""errors"":[{""category"":""accuracy"",""severity"":""major""}]}",False,"[{""category"":""accuracy"",""severity"":""major""}]",True,1,0,True,True,False,85,85,1253,22,1275,,,780.09,1317,17,1334,0,0,1264.77
5bc107f2e672e146cd24,840,deepseek-v3-2,managed-prompt,tatoeba,de,da,Der Zweite Weltkrieg begann 1939.,Anden Verdenskrig begyndte i 1939.,"{""c"":""Anden Verdenskrig begyndte i 1939.""}",Anden Verdenskrig begyndte i 1939.,True,1,0,True,True,False,True,,True,,True,"{""reason"":""detector_match"",""detected"":""da"",""confidence"":1.0}",True,[],[],True,,"{""errors"":[]}",True,[],True,1,0,True,True,False,100,100,1245,18,1263,,,993.96,1313,8,1321,0,0,1176.99
9f823aff9b5218ed6b16,841,deepseek-v3-2,managed-prompt,tatoeba,de,da,Auf dem Meer herrschte gestern starker Seegang.,På havet herskede der i går en voldsom søgang.,"{""c"":""På havet var der stærk søgang i går.""}",På havet var der stærk søgang i går.,True,1,0,True,True,False,True,,True,,True,"{""reason"":""detector_match"",""detected"":""da"",""confidence"":1.0}",True,[],[],True,,"{""errors"":[]}",True,[],True,1,0,True,True,False,100,100,1249,18,1267,,,1001.74,1317,8,1325,0,0,1145.2
a99948a416a960c898b1,842,deepseek-v3-2,managed-prompt,tatoeba,de,da,"Es ist kein Geheimnis, dass Tom Mary nicht mag.",Det er ingen hemmelighed at Tom ikke kan lide Maria.,"{""c"":""Det er ingen hemmelighed, at Tom ikke kan lide Mary.""}","Det er ingen hemmelighed, at Tom ikke kan lide Mary.",True,1,0,True,True,False,True,,True,,True,"{""reason"":""detector_match"",""detected"":""da"",""confidence"":1.0}",True,[],[],True,,"{""errors"":[]}",True,[],True,1,0,True,True,False,100,100,1247,21,1268,,,724.54,1316,8,1324,0,0,1181.06
4481c01d82eb187c8694,843,deepseek-v3-2,managed-prompt,tatoeba,de,da,Er hat bei der Bundeswehr seinen LKW-Führerschein gemacht.,Han fik kørekort til lastbil mens han var inde som soldat.,"{""c"":""Han har taget sit lastbilkørekort i Bundeswehr.""}",Han har taget sit lastbilkørekort i Bundeswehr.,True,1,0,True,True,False,True,,True,,,"{""reason"":""detector_inconclusive"",""detected"":""no"",""confidence"":0.6579}",True,[],[],True,,"{""errors"":[]}",True,[],True,1,0,True,True,False,100,100,1250,20,1270,,,814.18,1327,8,1335,0,0,1247.03
c976a3fc8b11a3b29d8a,844,deepseek-v3-2,managed-prompt,tatoeba,de,da,Französisch ist nicht meine Muttersprache.,Fransk er ikke mit modersmål.,"{""c"":""Fransk er ikke mit modersmål.""}",Fransk er ikke mit modersmål.,True,1,0,True,True,False,True,,True,,True,"{""reason"":""detector_match"",""detected"":""da"",""confidence"":1.0}",True,[],[],True,,"{""errors"":[]}",True,[],True,1,0,True,True,False,100,100,1246,15,1261,,,747.49,1302,8,1310,0,0,2397.49
8e223ca139f9a3ed5455,845,deepseek-v3-2,managed-prompt,tatoeba,de,da,Wir haben einen Geheimgang entdeckt.,Vi har opdaget en hemmelig gang.,"{""c"":""Vi har opdaget en hemmelig passage.""}",Vi har opdaget en hemmelig passage.,True,1,0,True,True,False,True,,True,,True,"{""reason"":""detector_match"",""detected"":""da"",""confidence"":1.0}",True,[],[],True,,"{""errors"":[]}",True,[],True,1,0,True,True,False,100,100,1245,16,1261,,,719.29,1305,8,1313,0,0,1256.08
0c2940f0dc33b56a8d2c,846,deepseek-v3-2,managed-prompt,tatoeba,de,da,"Tom konnte sich nicht entscheiden, ob er seinen Hund Cookie oder Pochi nennen sollte.",Tom kunne ikke beslutte sig for om hans hund skulle hedde Cookie eller Pochi.,"{""c"":""Tom kunne ikke beslutte, om han skulle kalde sin hund Cookie eller Pochi.""}","Tom kunne ikke beslutte, om han skulle kalde sin hund Cookie eller Pochi.",True,1,0,True,True,False,True,,True,,,"{""reason"":""detector_mismatch_uncertain"",""detected"":""no"",""confidence"":1.0}",True,[],[],True,,"{""errors"":[]}",True,[],True,1,0,True,True,False,100,100,1254,26,1280,,,937.48,1338,8,1346,0,0,1263.29
677995c4f158d3821da0,847,deepseek-v3-2,managed-prompt,tatoeba,de,da,Ich habe einen Apfelbaum in meinen Garten gepflanzt.,Jeg har plantet et æbletræ i min have.,"{""c"":""Jeg har plantet et æbletræ i min have.""}",Jeg har plantet et æbletræ i min have.,True,1,0,True,True,False,True,,True,,True,"{""reason"":""detector_match"",""detected"":""da"",""confidence"":1.0}",True,[],[],True,,"{""errors"":[]}",True,[],True,1,0,True,True,False,100,100,1248,19,1267,,,694.73,1322,8,1330,0,0,1243.69
21782847ee9ed2231836,848,deepseek-v3-2,managed-prompt,tatoeba,de,da,"Weißt du was, Tom? Du hast recht!","Ved du hvad, Tom, du har ret!","{""c"":""Ved du hvad, Tom? Du har ret!""}","Ved du hvad, Tom? Du har ret!",True,1,0,True,True,False,True,,True,,,"{""reason"":""detector_inconclusive"",""detected"":""da"",""confidence"":0.5977}",True,[],[],True,,"{""errors"":[]}",True,[],True,1,0,True,True,False,100,100,1246,17,1263,,,812.2,1308,8,1316,0,0,1237.01
e6eca2defed4244a20fb,849,deepseek-v3-2,managed-prompt,tatoeba,de,da,Maria kam zuletzt.,Maria kom sidst.,"{""c"":""Maria kom sidst til.""}",Maria kom sidst til.,True,1,0,True,True,False,True,,True,,,"{""reason"":""detector_inconclusive"",""detected"":""no"",""confidence"":0.6006}",True,[],[],True,,"{""errors"":[{""category"":""fluency"",""severity"":""minor""}]}",True,"[{""category"":""fluency"",""severity"":""minor""}]",True,1,0,True,True,False,97,97,1240,11,1251,,,669.93,1288,18,1306,0,0,1209.95
60bb4236484af9897a88,850,deepseek-v3-2,managed-prompt,tatoeba,de,en,"Ich verstehe nicht, warum er sie nicht einfach fragt, ob sie mit ihm ausgeht.",I don't see why he doesn't just ask her out.,"{""c"":""I don't understand why he doesn't just ask her out.""}",I don't understand why he doesn't just ask her out.,True,1,0,True,True,False,True,,True,,True,"{""reason"":""detector_match"",""detected"":""en"",""confidence"":1.0}",True,[],[],True,,"{""errors"":[]}",True,[],True,1,0,True,True,False,100,100,1256,18,1274,,,714.31,1322,8,1330,0,0,1161.2
b935a3cce66dacef017c,851,deepseek-v3-2,managed-prompt,tatoeba,de,en,Wir haben dort niemanden gesehen.,We didn't see anybody there.,"{""c"":""We didn't see anyone there.""}",We didn't see anyone there.,True,1,0,True,True,False,True,,True,,True,"{""reason"":""detector_match"",""detected"":""en"",""confidence"":1.0}",True,[],[],True,,"{""errors"":[]}",True,[],True,1,0,True,True,False,100,100,1243,12,1255,,,840.01,1295,8,1303,0,0,1240.23
cd37d72bc8ad09f553a2,852,deepseek-v3-2,managed-prompt,tatoeba,de,en,Die Lebensqualität in München ist sehr hoch.,The quality of life in Munich is very high.,"{""c"":""The quality of life in Munich is very high.""}",The quality of life in Munich is very high.,True,1,0,True,True,False,True,,True,,True,"{""reason"":""detector_match"",""detected"":""en"",""confidence"":1.0}",True,[],[],True,,"{""errors"":[]}",True,[],True,1,0,True,True,False,100,100,1244,15,1259,,,759.8,1304,8,1312,0,0,1272.85
e2d45ba623e341931004,853,deepseek-v3-2,managed-prompt,tatoeba,de,en,Wir mussten unsere Schulden abschreiben.,We had to write off the debt.,"{""c"":""We had to write off our debts.""}",We had to write off our debts.,True,1,0,True,True,False,True,,True,,True,"{""reason"":""detector_match"",""detected"":""en"",""confidence"":1.0}",True,[],[],True,,"{""errors"":[]}",True,[],True,1,0,True,True,False,100,100,1244,13,1257,,,701.81,1303,8,1311,0,0,1261.89
a0aba4a0df0de6afcc4c,854,deepseek-v3-2,managed-prompt,tatoeba,de,en,Tom ist letztlich doch nicht nach Boston gefahren.,Tom didn't go to Boston after all.,"{""c"":""Tom ended up not going to Boston after all.""}",Tom ended up not going to Boston after all.,True,1,0,True,True,False,True,,True,,True,"{""reason"":""detector_match"",""detected"":""en"",""confidence"":0.8571}",True,[],[],True,,"{""errors"":[]}",True,[],True,1,0,True,True,False,100,100,1246,15,1261,,,1602.78,1304,8,1312,0,0,1079.8
d7eefd0d3f11222efedd,855,deepseek-v3-2,managed-prompt,tatoeba,de,en,Ich arbeite als Busfahrerin.,I work as a bus driver.,"{""c"":""I work as a bus driver.""}",I work as a bus driver.,True,1,0,True,True,False,True,,True,,True,"{""reason"":""detector_match"",""detected"":""en"",""confidence"":0.8571}",True,[],[],True,,"{""errors"":[]}",True,[],True,1,0,True,True,False,100,100,1242,12,1254,,,708.51,1296,8,1304,0,0,1228.38
2ba1edcf12e9a653f8fe,856,deepseek-v3-2,managed-prompt,tatoeba,de,en,In dieser Straße kannst du deinen Wagen nicht parken.,You can't park your car in this road.,"{""c"":""You can't park in this street.""}",You can't park in this street.,True,1,0,True,True,False,True,,True,,True,"{""reason"":""detector_match"",""detected"":""en"",""confidence"":1.0}",True,[],[],True,,"{""errors"":[]}",True,[],True,1,0,True,True,False,100,100,1248,13,1261,,,734.58,1306,8,1314,0,0,1227.98
77f6107ba87566582bf1,857,deepseek-v3-2,managed-prompt,tatoeba,de,en,"Ich glaube Naomi nicht. Ich glaube, sie lügt.",I don't believe Naomi. I think she's lying.,"{""c"":""I don't believe Naomi. I think she's lying.""}",I don't believe Naomi. I think she's lying.,True,1,0,True,True,False,True,,True,,True,"{""reason"":""detector_match"",""detected"":""en"",""confidence"":1.0}",True,[],[],True,,"{""errors"":[]}",True,[],True,1,0,True,True,False,100,100,1249,17,1266,,,689.79,1320,8,1328,0,0,1226.26
e70b99b46c552b46a7b7,858,deepseek-v3-2,managed-prompt,tatoeba,de,en,Dienstliche Angelegenheiten sind niemals dringend.,Official business is never urgent.,"{""c"":""Official matters are never urgent.""}",Official matters are never urgent.,True,1,0,True,True,False,True,,True,,True,"{""reason"":""detector_match"",""detected"":""en"",""confidence"":1.0}",True,[],[],True,,"{""errors"":[]}",True,[],True,1,0,True,True,False,100,100,1248,11,1259,,,820.29,1300,8,1308,0,0,1200.05
829a429fd44d4093a895,859,deepseek-v3-2,managed-prompt,tatoeba,de,en,Halt die Klappe und küss mich.,Shut up and kiss me.,"{""c"":""Shut up and kiss me.""}",Shut up and kiss me.,True,1,0,True,True,False,True,,True,,True,"{""reason"":""detector_match"",""detected"":""en"",""confidence"":1.0}",True,[],[],True,,"{""errors"":[]}",True,[],True,1,0,True,True,False,100,100,1244,12,1256,,,720.11,1298,8,1306,0,0,1263.2
a91e2e6ef6638374587a,860,deepseek-v3-2,managed-prompt,tatoeba,de,es,"Wie kann ich einem Freund helfen, mit dem Rauchen aufzuhören?",¿Cómo puedo ayudar a un amigo a dejar de fumar?,"{""c"":""¿Cómo puedo ayudar a un amigo a dejar de fumar?""}",¿Cómo puedo ayudar a un amigo a dejar de fumar?,True,1,0,True,True,False,True,,True,,True,"{""reason"":""detector_match"",""detected"":""es"",""confidence"":1.0}",True,[],[],True,,"{""errors"":[]}",True,[],True,1,0,True,True,False,100,100,1251,20,1271,,,759.09,1339,8,1347,0,0,1130.35
2dbecd2f0578903a64e9,861,deepseek-v3-2,managed-prompt,tatoeba,de,es,Wie viele Bücher liest du pro Monat?,¿Cuántos libros lees al mes?,"{""c"":""¿Cuántos libros lees por mes?""}",¿Cuántos libros lees por mes?,True,1,0,True,True,False,True,,True,,True,"{""reason"":""detector_match"",""detected"":""es"",""confidence"":1.0}",True,[],[],True,,"{""errors"":[]}",True,[],True,1,0,True,True,False,100,100,1245,15,1260,,,722.01,1314,8,1322,0,0,1162.14
a5ec18d4efd352885ced,862,deepseek-v3-2,managed-prompt,tatoeba,de,es,Wir sind nicht jung.,No somos jóvenes.,"{""c"":""Ya no somos jóvenes.""}",Ya no somos jóvenes.,True,1,0,True,True,False,True,,True,,True,"{""reason"":""detector_match"",""detected"":""es"",""confidence"":1.0}",True,[],[],True,,"{""errors"":[{""category"":""accuracy"",""severity"":""major""}]}",False,"[{""category"":""accuracy"",""severity"":""major""}]",True,1,0,True,True,False,85,85,1239,10,1249,,,699.64,1295,17,1312,0,0,1284.5
3ff88d0f675e2dbb4ad3,863,deepseek-v3-2,managed-prompt,tatoeba,de,es,Damals waren wir reich.,Entonces éramos ricos.,"{""c"":""En aquel entonces éramos ricos.""}",En aquel entonces éramos ricos.,True,1,0,True,True,False,True,,True,,True,"{""reason"":""detector_match"",""detected"":""es"",""confidence"":1.0}",True,[],[],True,,"{""errors"":[]}",True,[],True,1,0,True,True,False,100,100,1241,14,1255,,,668.18,1295,8,1303,0,0,1347.29
8fd8ba60b97b5f1438fb,864,deepseek-v3-2,managed-prompt,tatoeba,de,es,"Der Mann, den ich besuchte, war Herr Doi.",El hombre que visité era el señor Doi.,"{""c"":""El hombre que estaba visitando era el señor Doi.""}",El hombre que estaba visitando era el señor Doi.,True,1,0,True,True,False,True,,True,,True,"{""reason"":""detector_match"",""detected"":""es"",""confidence"":1.0}",True,[],[],True,,"{""errors"":[]}",True,[],True,1,0,True,True,False,100,100,1248,18,1266,,,703.19,1315,8,1323,0,0,1229.7
dedce3af8c203ce22d94,865,deepseek-v3-2,managed-prompt,tatoeba,de,es,Hast du den Hund heute Morgen gefüttert?,¿Alimentaste al perro esta mañana?,"{""c"":""¿Le diste de comer al perro esta mañana?""}",¿Le diste de comer al perro esta mañana?,True,1,0,True,True,False,True,,True,,True,"{""reason"":""detector_match"",""detected"":""es"",""confidence"":1.0}",True,[],[],True,,"{""errors"":[]}",True,[],True,1,0,True,True,False,100,100,1247,18,1265,,,1677.63,1319,8,1327,0,0,1232.49
10638cf80b0b433f47da,866,deepseek-v3-2,managed-prompt,tatoeba,de,es,Mein Hobby ist Gitarre spielen.,Mi pasatiempo es tocar la guitarra.,"{""c"":""Mi hobby es tocar la guitarra.""}",Mi hobby es tocar la guitarra.,True,1,0,True,True,False,True,,True,,,"{""reason"":""detector_inconclusive"",""detected"":""ca"",""confidence"":0.7143}",True,[],[],True,,"{""errors"":[]}",True,[],True,1,0,True,True,False,100,100,1245,14,1259,,,728.29,1303,8,1311,0,0,1226.03
8e882df20293056b3b30,867,deepseek-v3-2,managed-prompt,tatoeba,de,es,Ändere bitte die Flagge.,"Por favor, cambia la bandera.","{""c"":""Por favor, cambia la bandera.""}","Por favor, cambia la bandera.",True,1,0,True,True,False,True,,True,,True,"{""reason"":""detector_match"",""detected"":""es"",""confidence"":1.0}",True,[],[],True,,"{""errors"":[]}",True,[],True,1,0,True,True,False,100,100,1243,14,1257,,,718.59,1300,8,1308,0,0,1171.49
7100275da4689022b486,868,deepseek-v3-2,managed-prompt,tatoeba,de,es,Ich kenne hier niemanden.,Aquí no conozco a nadie.,"{""c"":""No conozco a nadie aquí.""}",No conozco a nadie aquí.,True,1,0,True,True,False,True,,True,,True,"{""reason"":""detector_match"",""detected"":""es"",""confidence"":0.9971}",True,[],[],True,,"{""errors"":[]}",True,[],True,1,0,True,True,False,100,100,1242,14,1256,,,916.11,1300,8,1308,0,0,1136.56
1a659a54c481f4f4962d,869,deepseek-v3-2,managed-prompt,tatoeba,de,es,Sie wurde rot vor Scham.,Ella se ruborizó de vergüenza.,"{""c"":""Se puso roja de vergüenza.""}",Se puso roja de vergüenza.,True,1,0,True,True,False,True,,True,,,"{""reason"":""detector_mismatch_uncertain"",""detected"":""sl"",""confidence"":1.0}",True,[],[],True,,"{""errors"":[]}",True,[],True,1,0,True,True,False,100,100,1241,15,1256,,,721.7,1300,8,1308,0,0,1046.96
9f81e8e94ccfc6b36448,870,deepseek-v3-2,managed-prompt,tatoeba,de,fr,Tom hat mir nicht zugehört.,Tom ne m'a pas écouté.,"{""c"":""Tom ne m'a pas écouté.""}",Tom ne m'a pas écouté.,True,1,0,True,True,False,True,,True,,True,"{""reason"":""detector_match"",""detected"":""fr"",""confidence"":1.0}",True,[],[],True,,"{""errors"":[]}",True,[],True,1,0,True,True,False,100,100,1243,14,1257,,,709.21,1299,8,1307,0,0,1233.33
a3f605cd858687c47502,871,deepseek-v3-2,managed-prompt,tatoeba,de,fr,Ihr könnt genauso gut Ski fahren wie euer Bruder.,Vous pouvez skier aussi bien que votre frère.,"{""c"":""Vous pourriez aussi bien aller faire du ski comme votre frère.""}",Vous pourriez aussi bien aller faire du ski comme votre frère.,True,1,0,True,True,False,True,,True,,True,"{""reason"":""detector_match"",""detected"":""fr"",""confidence"":1.0}",True,[],[],True,,"{""errors"":[{""category"":""accuracy"",""severity"":""minor""},{""category"":""fluency"",""severity"":""minor""}]}",True,"[{""category"":""accuracy"",""severity"":""minor""},{""category"":""fluency"",""severity"":""minor""}]",True,1,0,True,True,False,94,94,1251,20,1271,,,936.9,1323,27,1350,0,0,1337.16
4fafda977081dd08732d,872,deepseek-v3-2,managed-prompt,tatoeba,de,fr,Wie wird ein weiches Ei anständig gegessen?,Comment mange-t-on un œuf à la coque convenablement ?,"{""c"":""Comment mange-t-on correctement un œuf à la coque ?""}",Comment mange-t-on correctement un œuf à la coque ?,True,1,0,True,True,False,True,,True,,True,"{""reason"":""detector_match"",""detected"":""fr"",""confidence"":1.0}",True,[],[],True,,"{""errors"":[]}",True,[],True,1,0,True,True,False,100,100,1246,19,1265,,,972.5,1322,8,1330,0,0,1221.41
bea5486cdf2a1d499804,873,deepseek-v3-2,managed-prompt,tatoeba,de,fr,Wann kommt ihr?,Quand viendrez-vous ?,"{""c"":""Quand arrivez-vous ?""}",Quand arrivez-vous ?,True,1,0,True,True,False,True,,True,,True,"{""reason"":""detector_match"",""detected"":""fr"",""confidence"":0.8571}",True,[],[],True,,"{""errors"":[]}",True,[],True,1,0,True,True,False,100,100,1239,11,1250,,,692.41,1299,8,1307,0,0,1219.89
5214ab29c02a3ab378ca,874,deepseek-v3-2,managed-prompt,tatoeba,de,fr,Haben Sie schon mal etwas von dieser Person gehört?,Avez-vous déjà entendu parler de cette personne ?,"{""c"":""Avez-vous déjà entendu parler de cette personne ?""}",Avez-vous déjà entendu parler de cette personne ?,True,1,0,True,True,False,True,,True,,True,"{""reason"":""detector_match"",""detected"":""fr"",""confidence"":1.0}",True,[],[],True,,"{""errors"":[]}",True,[],True,1,0,True,True,False,100,100,1245,16,1261,,,763.13,1325,8,1333,0,0,1198.04
59d5e67e0d39cb92abab,875,deepseek-v3-2,managed-prompt,tatoeba,de,fr,Die Innenstadt ist laut.,Le centre-ville est bruyant.,"{""c"":""Le centre-ville est bruyant.""}",Le centre-ville est bruyant.,True,1,0,True,True,False,True,,True,,True,"{""reason"":""detector_match"",""detected"":""fr"",""confidence"":1.0}",True,[],[],True,,"{""errors"":[]}",True,[],True,1,0,True,True,False,100,100,1241,14,1255,,,853.62,1298,8,1306,0,0,1192.35
fcc588668933e0d6497f,876,deepseek-v3-2,managed-prompt,tatoeba,de,fr,Ihr gebt selten Zucker in euren Kaffee.,Vous mettez rarement du sucre dans votre café.,"{""c"":""Vous donnez rarement du sucre à votre café.""}",Vous donnez rarement du sucre à votre café.,True,1,0,True,True,False,True,,True,,True,"{""reason"":""detector_match"",""detected"":""fr"",""confidence"":1.0}",True,[],[],True,,"{""errors"":[{""category"":""accuracy"",""severity"":""minor""},{""category"":""fluency"",""severity"":""minor""}]}",True,"[{""category"":""accuracy"",""severity"":""minor""},{""category"":""fluency"",""severity"":""minor""}]",True,1,0,True,True,False,94,94,1248,17,1265,,,6877.71,1317,27,1344,0,0,1640.05
c14cdd53daa4a0c870b8,877,deepseek-v3-2,managed-prompt,tatoeba,de,fr,Sie wissen es noch nicht.,Elles l'ignorent encore.,"{""c"":""Vous ne savez pas encore.""}",Vous ne savez pas encore.,True,1,0,True,True,False,True,,True,,True,"{""reason"":""detector_match"",""detected"":""fr"",""confidence"":0.8571}",True,[],[],True,,"{""errors"":[]}",True,[],True,1,0,True,True,False,100,100,1240,12,1252,,,828.27,1295,8,1303,0,0,1205.7
45bade454ce5e17fa1fb,878,deepseek-v3-2,managed-prompt,tatoeba,de,fr,Bitte rauchen Sie nicht drinnen.,Veuillez ne pas fumer à l'intérieur.,"{""c"":""S'il vous plaît, ne fumez pas à l'intérieur.""}","S'il vous plaît, ne fumez pas à l'intérieur.",True,1,0,True,True,False,True,,True,,True,"{""reason"":""detector_match"",""detected"":""fr"",""confidence"":1.0}",True,[],[],True,,"{""errors"":[]}",True,[],True,1,0,True,True,False,100,100,1243,21,1264,,,1072.98,1316,8,1324,0,0,1295.85
0d75bbb9cf6b02af4af0,879,deepseek-v3-2,managed-prompt,tatoeba,de,fr,Ich will ihn nicht verärgern.,Je ne veux pas l'énerver.,"{""c"":""Je ne veux pas le mettre en colère.""}",Je ne veux pas le mettre en colère.,True,1,0,True,True,False,True,,True,,True,"{""reason"":""detector_match"",""detected"":""fr"",""confidence"":1.0}",True,[],[],True,,"{""errors"":[]}",True,[],True,1,0,True,True,False,100,100,1243,16,1259,,,942.91,1304,8,1312,0,0,1357.9
b53e15b49dadb0dd18ba,880,deepseek-v3-2,managed-prompt,tatoeba,de,it,Du bist eine Verdächtige.,Sei una sospettata.,"{""c"":""Sei un sospettato.""}",Sei un sospettato.,True,1,0,True,True,False,True,,True,,True,"{""reason"":""detector_match"",""detected"":""it"",""confidence"":1.0}",True,[],[],True,,"{""errors"":[{""category"":""accuracy"",""severity"":""major""}]}",False,"[{""category"":""accuracy"",""severity"":""major""}]",True,1,0,True,True,False,85,85,1241,13,1254,,,728.16,1296,17,1313,0,0,1202.43
b0cfdd7eb8a78a14eae0,881,deepseek-v3-2,managed-prompt,tatoeba,de,it,"Ich weiß, dass Sie Lehrer sind.",So che sei un maestro.,"{""c"":""So che sei un insegnante.""}",So che sei un insegnante.,True,1,0,True,True,False,True,,True,,True,"{""reason"":""detector_match"",""detected"":""it"",""confidence"":1.0}",True,[],[],True,,"{""errors"":[{""category"":""terminology"",""severity"":""minor""}]}",True,"[{""category"":""terminology"",""severity"":""minor""}]",True,1,0,True,True,False,97,97,1242,12,1254,,,661.47,1299,17,1316,0,0,1142.41
90ec45fa2788df47d539,882,deepseek-v3-2,managed-prompt,tatoeba,de,it,Ich stehe um sieben Uhr auf.,Mi alzo alle 7:00.,"{""c"":""Mi alzo alle sette.""}",Mi alzo alle sette.,True,1,0,True,True,False,True,,True,,True,"{""reason"":""detector_match"",""detected"":""it"",""confidence"":1.0}",True,[],[],True,,"{""errors"":[]}",True,[],True,1,0,True,True,False,100,100,1243,12,1255,,,769.57,1299,8,1307,0,0,1244.66
d7b1d83f90ceba1e5b57,883,deepseek-v3-2,managed-prompt,tatoeba,de,it,"Wisst ihr, Tom ist intelligenter als ihr.","Tom è più intelligente di voi, sapete.","{""c"":""Sappiate, Tom è più intelligente di voi.""}","Sappiate, Tom è più intelligente di voi.",True,1,0,True,True,False,True,,True,,True,"{""reason"":""detector_match"",""detected"":""it"",""confidence"":1.0}",True,[],[],True,,"{""errors"":[]}",True,[],True,1,0,True,True,False,100,100,1245,17,1262,,,837.91,1309,8,1317,0,0,1051.2
2cd483e5234ea064ac85,884,deepseek-v3-2,managed-prompt,tatoeba,de,it,Ich brauche Ihre Hilfe nicht.,Non ho bisogno del suo aiuto.,"{""c"":""Non ho bisogno del tuo aiuto.""}",Non ho bisogno del tuo aiuto.,True,1,0,True,True,False,True,,True,,True,"{""reason"":""detector_match"",""detected"":""it"",""confidence"":1.0}",True,[],[],True,,"{""errors"":[{""category"":""tone"",""severity"":""minor""}]}",True,"[{""category"":""tone"",""severity"":""minor""}]",True,1,0,True,True,False,97,97,1241,13,1254,,,882.12,1304,17,1321,0,0,1159.71
34185487c5ee29570c96,885,deepseek-v3-2,managed-prompt,tatoeba,de,it,Die Scheinheiligkeit ist der Tod der Demokratie.,L'ipocrisia è la morte della democrazia.,"{""c"":""L'ipocrisia è la morte della democrazia.""}",L'ipocrisia è la morte della democrazia.,True,1,0,True,True,False,True,,True,,True,"{""reason"":""detector_match"",""detected"":""it"",""confidence"":1.0}",True,[],[],True,,"{""errors"":[]}",True,[],True,1,0,True,True,False,100,100,1246,19,1265,,,912.25,1313,8,1321,0,0,1204.55
7031895d910485502876,886,deepseek-v3-2,managed-prompt,tatoeba,de,it,Nicht an meine alte Adresse schreiben! Ich bin umgezogen.,"Non scrivermi al vecchio indirizzo, mi sono trasferito.","{""c"":""Non scrivermi al mio vecchio indirizzo! Mi sono trasferita.""}",Non scrivermi al mio vecchio indirizzo! Mi sono trasferita.,True,1,0,True,True,False,True,,True,,True,"{""reason"":""detector_match"",""detected"":""it"",""confidence"":1.0}",True,[],[],True,,"{""errors"":[]}",True,[],True,1,0,True,True,False,100,100,1251,24,1275,,,770.08,1328,8,1336,0,0,1177.27
2ba5c0a1d7eb05ccd8e1,887,deepseek-v3-2,managed-prompt,tatoeba,de,it,"Lass uns abwarten und schauen, wie sich die Dinge entwickeln.",Cerchiamo di aspettare e vedere come si sviluppano le cose.,"{""c"":""Aspettiamo e vediamo come si svilupperanno le cose.""}",Aspettiamo e vediamo come si svilupperanno le cose.,True,1,0,True,True,False,True,,True,,True,"{""reason"":""detector_match"",""detected"":""it"",""confidence"":1.0}",True,[],[],True,,"{""errors"":[]}",True,[],True,1,0,True,True,False,100,100,1252,19,1271,,,955.63,1330,8,1338,0,0,1206.62
8af777e463ee1cd31461,888,deepseek-v3-2,managed-prompt,tatoeba,de,it,Wer hat das gesagt? Das ist völlig falsch!,Chi l'ha detto? È assolutamente falso!,"{""c"":""Chi l'ha detto? È completamente sbagliato!""}",Chi l'ha detto? È completamente sbagliato!,True,1,0,True,True,False,True,,True,,True,"{""reason"":""detector_match"",""detected"":""it"",""confidence"":1.0}",True,[],[],True,,"{""errors"":[]}",True,[],True,1,0,True,True,False,100,100,1248,18,1266,,,975.13,1315,8,1323,0,0,1188.5
5fb9549475ffe5fe4cc4,889,deepseek-v3-2,managed-prompt,tatoeba,de,it,"Tom hatte Angst davor, einen Fehler zu machen.",Tom temeva di commettere un errore.,"{""c"":""Tom aveva paura di fare un errore.""}",Tom aveva paura di fare un errore.,True,1,0,True,True,False,True,,True,,True,"{""reason"":""detector_match"",""detected"":""it"",""confidence"":1.0}",True,[],[],True,,"{""errors"":[]}",True,[],True,1,0,True,True,False,100,100,1246,15,1261,,,802.42,1308,8,1316,0,0,1250.21
7b70d3478554109fff13,890,deepseek-v3-2,managed-prompt,tatoeba,de,jp,Du hättest mich anrufen sollen!,電話してくれればよかったのに。,"{""c"":""あなたは私を呼び出すべきだった！""}",あなたは私を呼び出すべきだった！,True,1,0,True,True,False,True,,True,,True,"{""reason"":""target_script_present"",""detected"":""ja"",""confidence"":1.0}",True,[],[],True,,"{""errors"":[{""category"":""accuracy"",""severity"":""major""}]}",False,"[{""category"":""accuracy"",""severity"":""major""}]",True,1,0,True,True,False,85,85,1245,15,1260,,,737.25,1313,17,1330,0,0,1303.01
de9194cd89dcfbcf1c95,891,deepseek-v3-2,managed-prompt,tatoeba,de,jp,Gab es eigentlich Pandas im Zoo von Ueno?,上野動物園にパンダっていたっけ？,"{""c"":""実際、上野動物園にパンダはいましたか？""}",実際、上野動物園にパンダはいましたか？,True,1,0,True,True,False,True,,True,,True,"{""reason"":""target_script_present"",""detected"":""ja"",""confidence"":1.0}",True,[],[],True,,"{""errors"":[{""category"":""tone"",""severity"":""minor""}]}",True,"[{""category"":""tone"",""severity"":""minor""}]",True,1,0,True,True,False,97,97,1246,18,1264,,,759.87,1324,17,1341,0,0,1566.38
a15add03cb67494d04c2,892,deepseek-v3-2,managed-prompt,tatoeba,de,jp,"Wenn ich am Bahnhof ankomme, rufe ich dich sofort an.",駅に着いたらすぐ電話するよ。,"{""c"":""駅に着いたらすぐに電話するね。""}",駅に着いたらすぐに電話するね。,True,1,0,True,True,False,True,,True,,True,"{""reason"":""target_script_present"",""detected"":""ja"",""confidence"":1.0}",True,[],[],True,,"{""errors"":[]}",True,[],True,1,0,True,True,False,100,100,1253,16,1269,,,754.93,1328,8,1336,0,0,1119.16
57ce8fa28162e9b5f129,893,deepseek-v3-2,managed-prompt,tatoeba,de,jp,Sie schickt zweimal im Monat einen Brief an ihre Brieffreundin in London.,彼女は月に２回ロンドンのペンフレンドに手紙を出します。,"{""c"":""彼女は月に2回、ロンドンのペンフレンドに手紙を送ります。""}",彼女は月に2回、ロンドンのペンフレンドに手紙を送ります。,True,1,0,True,True,False,True,,True,,True,"{""reason"":""target_script_present"",""detected"":""ja"",""confidence"":1.0}",True,[],"[{""code"":""number_not_exact"",""expected"":{},""actual"":{""2"":1}}]",True,,"{""errors"":[]}",True,[],True,1,0,True,True,False,97,97,1257,28,1285,,,1058.8,1353,8,1361,0,0,1169.03
17e14065b6930c4e037e,894,deepseek-v3-2,managed-prompt,tatoeba,de,jp,Ich lese.,私は読みます。,"{""c"":""私は読んでいます。""}",私は読んでいます。,True,1,0,True,True,False,True,,True,,True,"{""reason"":""target_script_present"",""detected"":""ja"",""confidence"":1.0}",True,[],[],True,,"{""errors"":[]}",True,[],True,1,0,True,True,False,100,100,1239,10,1249,,,682.49,1292,8,1300,0,0,1274.98
d949ac05fcb7d5cfc6cf,895,deepseek-v3-2,managed-prompt,tatoeba,de,jp,Tom ist Politiker.,トムは政治家です。,"{""c"":""トムは政治家です。""}",トムは政治家です。,True,1,0,True,True,False,True,,True,,True,"{""reason"":""target_script_present"",""detected"":""ja"",""confidence"":1.0}",True,[],[],True,,"{""errors"":[]}",True,[],True,1,0,True,True,False,100,100,1240,11,1251,,,809.83,1294,8,1302,0,0,1228.42
316840d2a0ad7ebbafce,896,deepseek-v3-2,managed-prompt,tatoeba,de,jp,"Tom wusste zwar, dass man sich aufgrund seiner Körpergröße über ihn lustig machen würde, aber er beschloss dennoch, sich um einen Platz in der Basketballmannschaft zu bemühen.",トムは自分の身長についてからかわれることを知ってたけど、バスケットチームにトライアウトすることに決めた。,"{""c"":""Tomは自分の背が低いことでからかわれることを知っていたが、それでもバスケットボール部に入部することを決意した。""}",Tomは自分の背が低いことでからかわれることを知っていたが、それでもバスケットボール部に入部することを決意した。,True,1,0,True,True,False,True,,True,,True,"{""reason"":""target_script_present"",""detected"":""ja"",""confidence"":1.0}",True,[],[],True,,"{""errors"":[{""category"":""accuracy"",""severity"":""minor""}]}",True,"[{""category"":""accuracy"",""severity"":""minor""}]",True,1,0,True,True,False,97,97,1279,38,1317,,,1271.87,1413,17,1430,0,0,1188.18
98f3af50e11a3c3de9d7,897,deepseek-v3-2,managed-prompt,tatoeba,de,jp,Ist ein Brief von ihm gekommen?,彼から便りはあった？,"{""c"":""彼からの手紙が届いていますか？""}",彼からの手紙が届いていますか？,True,1,0,True,True,False,True,,True,,True,"{""reason"":""target_script_present"",""detected"":""ja"",""confidence"":1.0}",True,[],[],True,,"{""errors"":[]}",True,[],True,1,0,True,True,False,100,100,1243,15,1258,,,911.73,1306,8,1314,0,0,1211.56
88819f229e89bacf2ecb,898,deepseek-v3-2,managed-prompt,tatoeba,de,jp,"Ich wünschte, ich wäre größer.",もっと背が高ければいいのになあ。,"{""c"":""もっと背が高くなりたいな。""}",もっと背が高くなりたいな。,True,1,0,True,True,False,True,,True,,True,"{""reason"":""target_script_present"",""detected"":""ja"",""confidence"":1.0}",True,[],[],True,,"{""errors"":[]}",True,[],True,1,0,True,True,False,100,100,1246,15,1261,,,648.26,1315,8,1323,0,0,1146.84
af56470407fc2af26789,899,deepseek-v3-2,managed-prompt,tatoeba,de,jp,"Es soll gesünder sein, Obst vor den Mahlzeiten anstatt danach zu essen.",果物は食後よりも食前に食べた方が体にいいらしいよ。,"{""c"":""果物は食後に食べるより食前に食べる方が健康的だと言われる。""}",果物は食後に食べるより食前に食べる方が健康的だと言われる。,True,1,0,True,True,False,True,,True,,True,"{""reason"":""target_script_present"",""detected"":""ja"",""confidence"":1.0}",True,[],[],True,,"{""errors"":[]}",True,[],True,1,0,True,True,False,100,100,1257,23,1280,,,891.42,1353,8,1361,0,0,1422.31
ff196c09108a6e7ba773,900,deepseek-v3-2,managed-prompt,tatoeba,de,nl,Tom öffnete eine Thunfischdose.,Tom opende een blik tonijn.,"{""c"":""Tom açte een blikje tonijn.""}",Tom açte een blikje tonijn.,True,1,0,True,True,False,True,,True,,True,"{""reason"":""detector_match"",""detected"":""nl"",""confidence"":1.0}",True,[],[],True,,"{""errors"":[{""category"":""fluency"",""severity"":""critical""}]}",False,"[{""category"":""fluency"",""severity"":""critical""}]",True,1,0,True,True,False,60,60,1246,15,1261,,,726.78,1304,18,1322,0,0,1275.01
1ab4506ac1a29065978c,901,deepseek-v3-2,managed-prompt,tatoeba,de,nl,David ist sehr attraktiv.,David is erg aantrekkelijk.,"{""c"":""David is heel aantrekkelijk.""}",David is heel aantrekkelijk.,True,1,0,True,True,False,True,,True,,True,"{""reason"":""detector_match"",""detected"":""nl"",""confidence"":1.0}",True,[],[],True,,"{""errors"":[]}",True,[],True,1,0,True,True,False,100,100,1240,14,1254,,,715.8,1297,8,1305,0,0,1185.81
98330d9100388b5c58ae,902,deepseek-v3-2,managed-prompt,tatoeba,de,nl,Das passiert schon mal.,Dat gebeurt wel eens.,"{""c"":""Dat gebeurt wel eens.""}",Dat gebeurt wel eens.,True,1,0,True,True,False,True,,True,,True,"{""reason"":""detector_match"",""detected"":""nl"",""confidence"":0.8571}",True,[],[],True,,"{""errors"":[]}",True,[],True,1,0,True,True,False,100,100,1240,11,1251,,,628.83,1294,8,1302,0,0,1265.97
4f8962340a46524fdf89,903,deepseek-v3-2,managed-prompt,tatoeba,de,nl,Eine Lungenentzündung verursacht Atembeschwerden.,Een longontsteking veroorzaakt ademhalingsproblemen.,"{""c"":""Een longontsteking veroorzaakt ademhalingsproblemen.""}",Een longontsteking veroorzaakt ademhalingsproblemen.,True,1,0,True,True,False,True,,True,,True,"{""reason"":""detector_match"",""detected"":""nl"",""confidence"":1.0}",True,[],[],True,,"{""errors"":[]}",True,[],True,1,0,True,True,False,100,100,1249,20,1269,,,938.32,1320,8,1328,0,0,1219.05
d26cfa9c2c54ff212211,904,deepseek-v3-2,managed-prompt,tatoeba,de,nl,Ich war jung und unschuldig.,Ik was jong en onschuldig.,"{""c"":""Ik was jong en onschuldig.""}",Ik was jong en onschuldig.,True,1,0,True,True,False,True,,True,,True,"{""reason"":""detector_match"",""detected"":""nl"",""confidence"":0.8571}",True,[],[],True,,"{""errors"":[]}",True,[],True,1,0,True,True,False,100,100,1243,14,1257,,,858.94,1303,8,1311,0,0,1250.82
743a84c99b0ceaee79c6,905,deepseek-v3-2,managed-prompt,tatoeba,de,nl,Ich wasche mir fast täglich die Haare.,Ik was mijn haar bijna elke dag.,"{""c"":""Ik was mijn haar bijna dagelijks.""}",Ik was mijn haar bijna dagelijks.,True,1,0,True,True,False,True,,True,,True,"{""reason"":""detector_match"",""detected"":""nl"",""confidence"":1.0}",True,[],[],True,,"{""errors"":[]}",True,[],True,1,0,True,True,False,100,100,1245,15,1260,,,737.62,1310,8,1318,0,0,1212.95
2715ed838b5b75280210,906,deepseek-v3-2,managed-prompt,tatoeba,de,nl,Der König neigte zu Schwermut und Langerweile.,De koning had last van zwaarmoedigheid en verveling.,"{""c"":""De koning neigde naar melancholie en verveling.""}",De koning neigde naar melancholie en verveling.,True,1,0,True,True,False,True,,True,,True,"{""reason"":""detector_match"",""detected"":""nl"",""confidence"":1.0}",True,[],[],True,,"{""errors"":[]}",True,[],True,1,0,True,True,False,100,100,1247,20,1267,,,1060.63,1316,8,1324,0,0,1173.76
b6e66eb0ce9cfc58d3b3,907,deepseek-v3-2,managed-prompt,tatoeba,de,nl,Die Finnen trinken viel Kaffee.,De Finnen drinken veel koffie.,"{""c"":""Finnen drinken veel koffie.""}",Finnen drinken veel koffie.,True,1,0,True,True,False,True,,True,,,"{""reason"":""detector_inconclusive"",""detected"":""nl"",""confidence"":0.5714}",True,[],[],True,,"{""errors"":[{""category"":""fluency"",""severity"":""minor""}]}",True,"[{""category"":""fluency"",""severity"":""minor""}]",True,1,0,True,True,False,97,97,1244,14,1258,,,897.27,1307,18,1325,0,0,1356.66
32fa54ad56bbf0d93b9f,908,deepseek-v3-2,managed-prompt,tatoeba,de,nl,Es hat nur geringen Wert.,Het heeft weinig waarde.,"{""c"":""Het heeft maar weinig waarde.""}",Het heeft maar weinig waarde.,True,1,0,True,True,False,True,,True,,True,"{""reason"":""detector_match"",""detected"":""nl"",""confidence"":1.0}",True,[],[],True,,"{""errors"":[]}",True,[],True,1,0,True,True,False,100,100,1241,12,1253,,,625.65,1295,8,1303,0,0,1170.78
c0e29fcd51a8a93dd3a4,909,deepseek-v3-2,managed-prompt,tatoeba,de,nl,Rumänien ist ein Balkanstaat. Seine Hauptstadt ist Bukarest.,Roemenië is een Balkanland. Zijn hoofdstad is Boekarest.,"{""c"":""Roemenië is een land op de Balkan. De hoofdstad is Boekarest.""}",Roemenië is een land op de Balkan. De hoofdstad is Boekarest.,True,1,0,True,True,False,True,,True,,True,"{""reason"":""detector_match"",""detected"":""nl"",""confidence"":1.0}",True,[],[],True,,"{""errors"":[]}",True,[],True,1,0,True,True,False,100,100,1251,23,1274,,,791.05,1335,8,1343,0,0,1196.56
a0631f403e1a38cd5d16,910,deepseek-v3-2,managed-prompt,tatoeba,de,nb,Ich fühlte mich schlecht.,Jeg følte meg dårlig.,"{""c"":""Jeg følte meg dårlig.""}",Jeg følte meg dårlig.,True,1,0,True,True,False,True,,True,,True,"{""reason"":""detector_match"",""detected"":""no"",""confidence"":1.0}",True,[],[],True,,"{""errors"":[]}",True,[],True,1,0,True,True,False,100,100,1242,15,1257,,,925.67,1299,8,1307,0,0,1282.21
3f41a6999d8bc799947e,911,deepseek-v3-2,managed-prompt,tatoeba,de,nb,Das glaube ich nicht.,Det tror jeg ikke.,"{""c"":""Det tror jeg ikke på.""}",Det tror jeg ikke på.,True,1,0,True,True,False,True,,True,,True,"{""reason"":""detector_match"",""detected"":""no"",""confidence"":1.0}",True,[],[],True,,"{""errors"":[]}",True,[],True,1,0,True,True,False,100,100,1240,12,1252,,,645.09,1291,8,1299,0,0,1305.17
50f5bdde9d6a0508d1a2,912,deepseek-v3-2,managed-prompt,tatoeba,de,nb,Warum erzählst du uns das?,Hvorfor forteller du oss dette?,"{""c"":""Hvorfor forteller du oss dette?""}",Hvorfor forteller du oss dette?,True,1,0,True,True,False,True,,True,,True,"{""reason"":""detector_match"",""detected"":""no"",""confidence"":1.0}",True,[],[],True,,"{""errors"":[]}",True,[],True,1,0,True,True,False,100,100,1243,14,1257,,,1303.01,1304,8,1312,0,0,1194.42
e00d62122581a1b2136b,913,deepseek-v3-2,managed-prompt,tatoeba,de,nb,Tom ist noch nicht zurückgekommen.,Tom har ikke kommet tilbake ennå.,"{""c"":""Tom har ikke kommet tilbake ennå.""}",Tom har ikke kommet tilbake ennå.,True,1,0,True,True,False,True,,True,,True,"{""reason"":""detector_match"",""detected"":""no"",""confidence"":1.0}",True,[],[],True,,"{""errors"":[]}",True,[],True,1,0,True,True,False,100,100,1242,16,1258,,,869.35,1305,8,1313,0,0,1216.05
1dbf24150f3c79e0b16b,914,deepseek-v3-2,managed-prompt,tatoeba,de,nb,"Äpfel sind gewöhnlich grün, gelb oder rot.","Epler er vanligvis grønne, gule eller røde.","{""c"":""Eple er vanligvis grønne, gule eller røde.""}","Eple er vanligvis grønne, gule eller røde.",True,1,0,True,True,False,True,,True,,True,"{""reason"":""detector_match"",""detected"":""no"",""confidence"":1.0}",True,[],[],True,,"{""errors"":[]}",True,[],True,1,0,True,True,False,100,100,1249,22,1271,,,860.77,1322,8,1330,0,0,1125.39
89767d41d259a7dc51e4,915,deepseek-v3-2,managed-prompt,tatoeba,de,nb,Kannst du ein gutes Buch empfehlen?,Kan du anbefale en god bok?,"{""c"":""Kan du anbefale en god bok?""}",Kan du anbefale en god bok?,True,1,0,True,True,False,True,,True,,,"{""reason"":""detector_inconclusive"",""detected"":""af"",""confidence"":0.7143}",True,[],[],True,,"{""errors"":[]}",True,[],True,1,0,True,True,False,100,100,1246,14,1260,,,720.03,1312,8,1320,0,0,1104.42
62dc44253b337018bdb6,916,deepseek-v3-2,managed-prompt,tatoeba,de,nb,Sie taten alles für ihn.,De gjorde alt for ham.,"{""c"":""De gjorde alt for ham.""}",De gjorde alt for ham.,True,1,0,True,True,False,True,,True,,True,"{""reason"":""detector_match"",""detected"":""no"",""confidence"":1.0}",True,[],[],True,,"{""errors"":[]}",True,[],True,1,0,True,True,False,100,100,1241,12,1253,,,877.73,1292,8,1300,0,0,1252.88
98a3f83af44e7172742d,917,deepseek-v3-2,managed-prompt,tatoeba,de,nb,Algerien ist einer unserer Partner im Mittelmeerraum.,Algerie er en av våre partnere i Middelhavsregionen.,"{""c"":""Algerie er én av våre partnere i Middelhavsregionen.""}",Algerie er én av våre partnere i Middelhavsregionen.,True,1,0,True,True,False,True,,True,,True,"{""reason"":""detector_match"",""detected"":""no"",""confidence"":1.0}",True,[],[],True,,"{""errors"":[]}",True,[],True,1,0,True,True,False,100,100,1247,25,1272,,,776.32,1326,8,1334,0,0,1178.16
468e776143366b963a2e,918,deepseek-v3-2,managed-prompt,tatoeba,de,nb,Er ist viel geschickter als ich.,Han er mye flinkere enn meg.,"{""c"":""Han er mye mer dyktig enn meg.""}",Han er mye mer dyktig enn meg.,True,1,0,True,True,False,True,,True,,True,"{""reason"":""detector_match"",""detected"":""no"",""confidence"":1.0}",True,[],[],True,,"{""errors"":[]}",True,[],True,1,0,True,True,False,100,100,1243,16,1259,,,986.44,1304,8,1312,0,0,1270.94
4b1c674ccaafd6511b71,919,deepseek-v3-2,managed-prompt,tatoeba,de,nb,Hast du was gesagt?,Sa du noko?,"{""c"":""Sa du noe?""}",Sa du noe?,True,1,0,True,True,False,True,,True,,,"{""reason"":""too_short_for_language_detection"",""detected"":null,""confidence"":null}",True,[],[],True,,"{""errors"":[]}",True,[],True,1,0,True,True,False,100,100,1241,10,1251,,,670.73,1291,8,1299,0,0,1148.13
72d5d1fcbcee3271f244,920,deepseek-v3-2,managed-prompt,tatoeba,en,da,In America traffic keeps to the right.,I Amerika er der højrekørsel.,"{""c"":""I Amerika holder trafikken sig til højre.""}",I Amerika holder trafikken sig til højre.,True,1,0,True,True,False,True,,True,,True,"{""reason"":""detector_match"",""detected"":""da"",""confidence"":1.0}",True,[],[],True,,"{""errors"":[]}",True,[],True,1,0,True,True,False,100,100,1242,17,1259,,,888.46,1299,8,1307,0,0,1202.19
e79786e5600a3123b7f6,921,deepseek-v3-2,managed-prompt,tatoeba,en,da,Tom accepted the challenge.,Tom tog imod udfordringen.,"{""c"":""Tom accepterede udfordringen.""}",Tom accepterede udfordringen.,True,1,0,True,True,False,True,,True,,True,"{""reason"":""detector_match"",""detected"":""da"",""confidence"":1.0}",True,[],[],True,,"{""errors"":[]}",True,[],True,1,0,True,True,False,100,100,1239,14,1253,,,741.14,1291,8,1299,0,0,1029.81
99c4edd0d2f71c3c3060,922,deepseek-v3-2,managed-prompt,tatoeba,en,da,Tom has tiny hands.,Tom har små hænder.,"{""c"":""Tom har små hænder.""}",Tom har små hænder.,True,1,0,True,True,False,True,,True,,True,"{""reason"":""detector_match"",""detected"":""da"",""confidence"":1.0}",True,[],[],True,,"{""errors"":[]}",True,[],True,1,0,True,True,False,100,100,1239,13,1252,,,820.75,1290,8,1298,0,0,1182.5
63961cbde72265d404c9,923,deepseek-v3-2,managed-prompt,tatoeba,en,da,What time does the rodeo start?,Hvad tid starter rodeoen?,"{""c"":""Hvornår begynder rodeoen?""}",Hvornår begynder rodeoen?,True,1,0,True,True,False,True,,True,,True,"{""reason"":""detector_match"",""detected"":""da"",""confidence"":1.0}",True,[],[],True,,"{""errors"":[]}",True,[],True,1,0,True,True,False,100,100,1242,15,1257,,,717.95,1301,8,1309,0,0,1122.72
1e8114bf56c4122f9688,924,deepseek-v3-2,managed-prompt,tatoeba,en,da,I thought that Tom was rich.,Jeg troede at Tom var rig.,"{""c"":""Jeg troede, at Tom var rig.""}","Jeg troede, at Tom var rig.",True,1,0,True,True,False,True,,True,,,"{""reason"":""detector_inconclusive"",""detected"":""af"",""confidence"":0.5714}",True,[],[],True,,"{""errors"":[]}",True,[],True,1,0,True,True,False,100,100,1241,15,1256,,,938.24,1299,8,1307,0,0,1274.88
904ceef8591766a0b0f0,925,deepseek-v3-2,managed-prompt,tatoeba,en,da,Am I safe now?,Er jeg i sikkerhed nu?,"{""c"":""Er jeg sikker nu?""}",Er jeg sikker nu?,True,1,0,True,True,False,True,,True,,,"{""reason"":""detector_mismatch_uncertain"",""detected"":""no"",""confidence"":1.0}",True,[],[],True,,"{""errors"":[]}",True,[],True,1,0,True,True,False,100,100,1239,11,1250,,,704.06,1292,8,1300,0,0,1312.01
976a7eae514f614004b7,926,deepseek-v3-2,managed-prompt,tatoeba,en,da,Can't you do that?,Kan I ikke gøre det?,"{""c"":""Kan du ikke gøre det?""}",Kan du ikke gøre det?,True,1,0,True,True,False,True,,True,,True,"{""reason"":""detector_match"",""detected"":""da"",""confidence"":1.0}",True,[],[],True,,"{""errors"":[]}",True,[],True,1,0,True,True,False,100,100,1240,13,1253,,,846.86,1297,8,1305,0,0,1519.64
fa5c078fc6a229ee3388,927,deepseek-v3-2,managed-prompt,tatoeba,en,da,Open the door.,Åbn døren.,"{""c"":""Åbn døren.""}",Åbn døren.,True,1,0,True,True,False,True,,True,,,"{""reason"":""detector_mismatch_uncertain"",""detected"":""no"",""confidence"":1.0}",True,[],[],True,,"{""errors"":[]}",True,[],True,1,0,True,True,False,100,100,1238,11,1249,,,697.4,1287,8,1295,0,0,1207.94
946b985726c5568cd66f,928,deepseek-v3-2,managed-prompt,tatoeba,en,da,Have you decided where you're going to celebrate Christmas Eve?,Har du besluttet hvor du vil holde juleaften?,"{""c"":""Har du besluttet, hvor du skal fejre juleaften?""}","Har du besluttet, hvor du skal fejre juleaften?",True,1,0,True,True,False,True,,True,,True,"{""reason"":""detector_match"",""detected"":""da"",""confidence"":0.9887}",True,[],[],True,,"{""errors"":[]}",True,[],True,1,0,True,True,False,100,100,1246,22,1268,,,857.61,1316,8,1324,0,0,1117.14
8e305deec07f513cdd52,929,deepseek-v3-2,managed-prompt,tatoeba,en,da,Everyone has voted.,Alle har stemt.,"{""c"":""Alle har stemt.""}",Alle har stemt.,True,1,0,True,True,False,True,,True,,True,"{""reason"":""detector_match"",""detected"":""da"",""confidence"":1.0}",True,[],[],True,,"{""errors"":[]}",True,[],True,1,0,True,True,False,100,100,1238,10,1248,,,705.57,1287,8,1295,0,0,1204.5
fc636a3d4d881f97280f,930,deepseek-v3-2,managed-prompt,tatoeba,en,de,I don't see why he doesn't just ask her out.,"Ich verstehe nicht, warum er sie nicht einfach fragt, ob sie mit ihm ausgeht.","{""c"":""Ich verstehe nicht, warum er sie nicht einfach fragt, ob sie mit ihm ausgehen will.""}","Ich verstehe nicht, warum er sie nicht einfach fragt, ob sie mit ihm ausgehen will.",True,1,0,True,True,False,True,,True,,True,"{""reason"":""detector_match"",""detected"":""de"",""confidence"":1.0}",True,[],[],True,,"{""errors"":[]}",True,[],True,1,0,True,True,False,100,100,1247,28,1275,,,6282.13,1334,8,1342,0,0,1158.23
c86cb441513a01477655,931,deepseek-v3-2,managed-prompt,tatoeba,en,de,We didn't see anybody there.,Wir haben dort niemanden gesehen.,"{""c"":""Wir haben dort niemanden gesehen.""}",Wir haben dort niemanden gesehen.,True,1,0,True,True,False,True,,True,,True,"{""reason"":""detector_match"",""detected"":""de"",""confidence"":1.0}",True,[],[],True,,"{""errors"":[]}",True,[],True,1,0,True,True,False,100,100,1241,14,1255,,,950.08,1298,8,1306,0,0,1243.07
f33435c71bee80570942,932,deepseek-v3-2,managed-prompt,tatoeba,en,de,The quality of life in Munich is very high.,Die Lebensqualität in München ist sehr hoch.,"{""c"":""Die Lebensqualität in München ist sehr hoch.""}",Die Lebensqualität in München ist sehr hoch.,True,1,0,True,True,False,True,,True,,True,"{""reason"":""detector_match"",""detected"":""de"",""confidence"":1.0}",True,[],[],True,,"{""errors"":[]}",True,[],True,1,0,True,True,False,100,100,1244,15,1259,,,905.84,1307,8,1315,0,0,1219.64
91703cd55ea4fb29ed0f,933,deepseek-v3-2,managed-prompt,tatoeba,en,de,We had to write off the debt.,Wir mussten unsere Schulden abschreiben.,"{""c"":""Wir mussten die Schulden abschreiben.""}",Wir mussten die Schulden abschreiben.,True,1,0,True,True,False,True,,True,,True,"{""reason"":""detector_match"",""detected"":""de"",""confidence"":1.0}",True,[],[],True,,"{""errors"":[]}",True,[],True,1,0,True,True,False,100,100,1242,15,1257,,,932.23,1308,8,1316,0,0,1177.33
b875ce00d680491cb94d,934,deepseek-v3-2,managed-prompt,tatoeba,en,de,Tom didn't go to Boston after all.,Tom ist letztlich doch nicht nach Boston gefahren.,"{""c"":""Tom ist letztendlich doch nicht nach Boston gegangen.""}",Tom ist letztendlich doch nicht nach Boston gegangen.,True,1,0,True,True,False,True,,True,,True,"{""reason"":""detector_match"",""detected"":""de"",""confidence"":1.0}",True,[],[],True,,"{""errors"":[]}",True,[],True,1,0,True,True,False,100,100,1243,18,1261,,,1147.82,1308,8,1316,0,0,1230.93
3657aba3a90ae98150b8,935,deepseek-v3-2,managed-prompt,tatoeba,en,de,I work as a bus driver.,Ich arbeite als Busfahrerin.,"{""c"":""Ich arbeite als Busfahrer.""}",Ich arbeite als Busfahrer.,True,1,0,True,True,False,True,,True,,True,"{""reason"":""detector_match"",""detected"":""de"",""confidence"":1.0}",True,[],[],True,,"{""errors"":[]}",True,[],True,1,0,True,True,False,100,100,1241,13,1254,,,796.71,1299,8,1307,0,0,1259.19
4ef01f75f5cf341e3d8e,936,deepseek-v3-2,managed-prompt,tatoeba,en,de,You can't park your car in this road.,In dieser Straße kannst du deinen Wagen nicht parken.,"{""c"":""Auf dieser Straße kannst du nicht parken.""}",Auf dieser Straße kannst du nicht parken.,True,1,0,True,True,False,True,,True,,True,"{""reason"":""detector_match"",""detected"":""de"",""confidence"":1.0}",True,[],[],True,,"{""errors"":[]}",True,[],True,1,0,True,True,False,100,100,1244,15,1259,,,928.45,1311,8,1319,0,0,1207.58
1c703f6cfab4b72e0d7b,937,deepseek-v3-2,managed-prompt,tatoeba,en,de,I don't believe Naomi. I think she's lying.,"Ich glaube Naomi nicht. Ich glaube, sie lügt.","{""c"":""Ich glaube Naomi nicht. Ich denke, sie lügt.""}","Ich glaube Naomi nicht. Ich denke, sie lügt.",True,1,0,True,True,False,True,,True,,True,"{""reason"":""detector_match"",""detected"":""de"",""confidence"":1.0}",True,[],[],True,,"{""errors"":[]}",True,[],True,1,0,True,True,False,100,100,1246,20,1266,,,791.97,1326,8,1334,0,0,1293.48
faa9c73e015c564614fa,938,deepseek-v3-2,managed-prompt,tatoeba,en,de,Official business is never urgent.,Dienstliche Angelegenheiten sind niemals dringend.,"{""c"":""Offizielle Geschäfte haben es nie eilig.""}",Offizielle Geschäfte haben es nie eilig.,True,1,0,True,True,False,True,,True,,True,"{""reason"":""detector_match"",""detected"":""de"",""confidence"":1.0}",True,[],[],True,,"{""errors"":[]}",True,[],True,1,0,True,True,False,100,100,1240,17,1257,,,938.23,1308,8,1316,0,0,1200.68
d755d752ee51bd5803b4,939,deepseek-v3-2,managed-prompt,tatoeba,en,de,Shut up and kiss me.,Halt die Klappe und küss mich.,"{""c"":""Halt die Klappe und küss mich.""}",Halt die Klappe und küss mich.,True,1,0,True,True,False,True,,True,,True,"{""reason"":""detector_match"",""detected"":""de"",""confidence"":1.0}",True,[],[],True,,"{""errors"":[]}",True,[],True,1,0,True,True,False,100,100,1241,15,1256,,,954.23,1304,8,1312,0,0,1319.62
85db1eb114ebad0ee006,940,deepseek-v3-2,managed-prompt,tatoeba,en,es,I want to be as happy as Tom.,Quiero ser tan feliz como Tom.,"{""c"":""Quiero ser tan feliz como Tom.""}",Quiero ser tan feliz como Tom.,True,1,0,True,True,False,True,,True,,,"{""reason"":""detector_inconclusive"",""detected"":""pt"",""confidence"":0.8571}",True,[],[],True,,"{""errors"":[]}",True,[],True,1,0,True,True,False,100,100,1243,14,1257,,,795.55,1300,8,1308,0,0,1049.01
6de15c409e5eb824fbcc,941,deepseek-v3-2,managed-prompt,tatoeba,en,es,The new year will begin.,Va a comenzar el año nuevo.,"{""c"":""El año nuevo va a empezar.""}",El año nuevo va a empezar.,True,1,0,True,True,False,True,,True,,True,"{""reason"":""detector_match"",""detected"":""es"",""confidence"":1.0}",True,[],[],True,,"{""errors"":[]}",True,[],True,1,0,True,True,False,100,100,1240,13,1253,,,702.49,1294,8,1302,0,0,1129.4
bc5221d32ec5471ba70b,942,deepseek-v3-2,managed-prompt,tatoeba,en,es,How are you doing that with your hand?,¿Cómo estás haciendo eso con tu mano?,"{""c"":""¿Cómo estás haciendo eso con tu mano?""}",¿Cómo estás haciendo eso con tu mano?,True,1,0,True,True,False,True,,True,,True,"{""reason"":""detector_match"",""detected"":""es"",""confidence"":1.0}",True,[],[],True,,"{""errors"":[]}",True,[],True,1,0,True,True,False,100,100,1243,15,1258,,,720.76,1316,8,1324,0,0,1282.32
d305b21c52e467a3d600,943,deepseek-v3-2,managed-prompt,tatoeba,en,es,I'm not surprised to hear that.,No me sorprende oír eso.,"{""c"":""No me sorprende escuchar eso.""}",No me sorprende escuchar eso.,True,1,0,True,True,False,True,,True,,True,"{""reason"":""detector_match"",""detected"":""es"",""confidence"":1.0}",True,[],[],True,,"{""errors"":[]}",True,[],True,1,0,True,True,False,100,100,1242,14,1256,,,745.48,1300,8,1308,0,0,1243.05
e3d6b21cab6bb9fcccb3,944,deepseek-v3-2,managed-prompt,tatoeba,en,es,Tom put the frying pan on the stove.,Tom puso la sartén sobre la estufa.,"{""c"":""Tom puso la sartén en la estufa.""}",Tom puso la sartén en la estufa.,True,1,0,True,True,False,True,,True,,True,"{""reason"":""detector_match"",""detected"":""es"",""confidence"":0.8571}",True,[],[],True,,"{""errors"":[]}",True,[],True,1,0,True,True,False,100,100,1243,18,1261,,,755.82,1308,8,1316,0,0,1234.61
fda1f9306e1d038cb561,945,deepseek-v3-2,managed-prompt,tatoeba,en,es,They are looking up the meaning of the word in the dictionary.,Buscan el significado de la palabra en el diccionario.,"{""c"":""Están buscando el significado de la palabra en el diccionario.""}",Están buscando el significado de la palabra en el diccionario.,True,1,0,True,True,False,True,,True,,True,"{""reason"":""detector_match"",""detected"":""es"",""confidence"":1.0}",True,[],[],True,,"{""errors"":[]}",True,[],True,1,0,True,True,False,100,100,1247,20,1267,,,1008.17,1316,8,1324,0,0,1145.87
b0029ef626a022614261,946,deepseek-v3-2,managed-prompt,tatoeba,en,es,Are you never content?,¿Nunca estarás contento?,"{""c"":""¿Es que jamás te conformas?""}",¿Es que jamás te conformas?,True,1,0,True,True,False,True,,True,,True,"{""reason"":""detector_match"",""detected"":""es"",""confidence"":1.0}",True,[],[],True,,"{""errors"":[]}",True,[],True,1,0,True,True,False,100,100,1239,14,1253,,,813.28,1299,8,1307,0,0,1055.29
2e7fd931c403a40eac08,947,deepseek-v3-2,managed-prompt,tatoeba,en,es,Do you want some vodka?,¿Quieres vodka?,"{""c"":""¿Quieres un poco de vodka?""}",¿Quieres un poco de vodka?,True,1,0,True,True,False,True,,True,,True,"{""reason"":""detector_match"",""detected"":""es"",""confidence"":1.0}",True,[],[],True,,"{""errors"":[]}",True,[],True,1,0,True,True,False,100,100,1240,13,1253,,,897.53,1301,8,1309,0,0,1239.11
7d4e98b470f0b83b4da7,948,deepseek-v3-2,managed-prompt,tatoeba,en,es,'A' comes before 'B' in the alphabet.,"En el alfabeto, la ""A"" viene antes que la ""B"".","{""c"":""\""A\"" viene antes que \""B\"" en el alfabeto.""}","""A"" viene antes que ""B"" en el alfabeto.",True,1,0,True,True,False,True,,True,,True,"{""reason"":""detector_match"",""detected"":""es"",""confidence"":1.0}",True,[],[],True,,"{""errors"":[]}",True,[],True,1,0,True,True,False,100,100,1245,20,1265,,,793.09,1314,8,1322,0,0,1244.78
6f069adab559973dc472,949,deepseek-v3-2,managed-prompt,tatoeba,en,es,You have one hour to get this done.,Dispones de una hora para terminar esto.,"{""c"":""Tienes una hora para terminar esto.""}",Tienes una hora para terminar esto.,True,1,0,True,True,False,True,,True,,True,"{""reason"":""detector_match"",""detected"":""es"",""confidence"":1.0}",True,[],[],True,,"{""errors"":[]}",True,[],True,1,0,True,True,False,100,100,1243,15,1258,,,900.45,1301,8,1309,0,0,1181.68
15843006fd578794fc54,950,deepseek-v3-2,managed-prompt,tatoeba,en,fr,I just heard that Tom and Mary are moving to Boston.,Je viens d'apprendre que Tom et Mary déménagent à Boston.,"{""c"":""Je viens d'apprendre que Tom et Mary déménagent à Boston.""}",Je viens d'apprendre que Tom et Mary déménagent à Boston.,True,1,0,True,True,False,True,,True,,True,"{""reason"":""detector_match"",""detected"":""fr"",""confidence"":1.0}",True,[],[],True,,"{""errors"":[]}",True,[],True,1,0,True,True,False,100,100,1246,22,1268,,,928.35,1321,8,1329,0,0,1092.26
243f1b897a01324010d4,951,deepseek-v3-2,managed-prompt,tatoeba,en,fr,He told the truth.,Il disait la vérité.,"{""c"":""Il a dit la vérité.""}",Il a dit la vérité.,True,1,0,True,True,False,True,,True,,True,"{""reason"":""detector_match"",""detected"":""fr"",""confidence"":1.0}",True,[],[],True,,"{""errors"":[]}",True,[],True,1,0,True,True,False,100,100,1239,12,1251,,,773.77,1292,8,1300,0,0,1139.85
08f4538dbe22e6cd8578,952,deepseek-v3-2,managed-prompt,tatoeba,en,fr,"Horrible helicopter accident in a Belgian cemetery, the rescuers have already salvaged more than 500 corpses.","Terrible accident d'hélicoptère dans un cimetière belge, les sauveteurs ont déjà dégagé plus de 500 corps.","{""c"":""Terrible accident d'hélicoptère dans un cimetière belge, les secouristes ont déjà récupéré plus de 500 corps.""}","Terrible accident d'hélicoptère dans un cimetière belge, les secouristes ont déjà récupéré plus de 500 corps.",True,1,0,True,True,False,True,,True,,True,"{""reason"":""detector_match"",""detected"":""fr"",""confidence"":1.0}",True,[],[],True,,"{""errors"":[]}",True,[],True,1,0,True,True,False,100,100,1257,37,1294,,,940.13,1371,8,1379,0,0,1152.57
ee4c15b0dde868ad704f,953,deepseek-v3-2,managed-prompt,tatoeba,en,fr,She served us a good meal.,Elle nous a servi un bon repas.,"{""c"":""Elle nous a servi un bon repas.""}",Elle nous a servi un bon repas.,True,1,0,True,True,False,True,,True,,,"{""reason"":""detector_inconclusive"",""detected"":""fr"",""confidence"":0.7143}",True,[],[],True,,"{""errors"":[]}",True,[],True,1,0,True,True,False,100,100,1241,14,1255,,,824.76,1298,8,1306,0,0,1276.81
96c9adf599172b444397,954,deepseek-v3-2,managed-prompt,tatoeba,en,fr,How did you lose your arm?,Comment as-tu perdu ton bras ?,"{""c"":""Comment as-tu perdu ton bras ?""}",Comment as-tu perdu ton bras ?,True,1,0,True,True,False,True,,True,,,"{""reason"":""detector_inconclusive"",""detected"":""fr"",""confidence"":0.5714}",True,[],[],True,,"{""errors"":[]}",True,[],True,1,0,True,True,False,100,100,1241,14,1255,,,714.01,1301,8,1309,0,0,1258.38
247c344bd2531b17f626,955,deepseek-v3-2,managed-prompt,tatoeba,en,fr,Get to bed.,Allez au lit !,"{""c"":""Va dormir.""}",Va dormir.,True,1,0,True,True,False,True,,True,,,"{""reason"":""detector_inconclusive"",""detected"":""pt"",""confidence"":0.8571}",True,[],[],True,,"{""errors"":[]}",True,[],True,1,0,True,True,False,100,100,1238,9,1247,,,643.03,1286,8,1294,0,0,1297.23
2324a7c946c6311f5f45,956,deepseek-v3-2,managed-prompt,tatoeba,en,fr,Your house is for sale.,Ta maison est en vente.,"{""c"":""Votre maison est à vendre.""}",Votre maison est à vendre.,True,1,0,True,True,False,True,,True,,True,"{""reason"":""detector_match"",""detected"":""fr"",""confidence"":1.0}",True,[],[],True,,"{""errors"":[]}",True,[],True,1,0,True,True,False,100,100,1240,13,1253,,,877.15,1295,8,1303,0,0,1144.42
e0680ae388dcb009a49f,957,deepseek-v3-2,managed-prompt,tatoeba,en,fr,Where are you heading?,Où te diriges-tu ?,"{""c"":""Où allez-vous ?""}",Où allez-vous ?,True,1,0,True,True,False,True,,True,,,"{""reason"":""detector_inconclusive"",""detected"":""hu"",""confidence"":0.7143}",True,[],[],True,,"{""errors"":[]}",True,[],True,1,0,True,True,False,100,100,1239,11,1250,,,815.61,1294,8,1302,0,0,1220.67
175cdcc117f86f70664a,958,deepseek-v3-2,managed-prompt,tatoeba,en,fr,You won't believe what just happened!,Vous ne croirez pas ce qui vient d'arriver !,"{""c"":""Tu ne vas pas croire ce qui vient de se passer !""}",Tu ne vas pas croire ce qui vient de se passer !,True,1,0,True,True,False,True,,True,,True,"{""reason"":""detector_match"",""detected"":""fr"",""confidence"":1.0}",True,[],[],True,,"{""errors"":[]}",True,[],True,1,0,True,True,False,100,100,1242,18,1260,,,771.95,1312,8,1320,0,0,1212.31
da5eff2f4abe57cfb585,959,deepseek-v3-2,managed-prompt,tatoeba,en,fr,There is a flower on the table.,Il y a une fleur sur la table.,"{""c"":""Il y a une fleur sur la table.""}",Il y a une fleur sur la table.,True,1,0,True,True,False,True,,True,,True,"{""reason"":""detector_match"",""detected"":""fr"",""confidence"":1.0}",True,[],[],True,,"{""errors"":[]}",True,[],True,1,0,True,True,False,100,100,1242,15,1257,,,701.6,1299,8,1307,0,0,1145.29
6052c30f433bd8723d79,960,deepseek-v3-2,managed-prompt,tatoeba,en,it,Tom's girlfriend saw him with another girl.,La fidanzata di Tom l'ha visto con un'altra ragazza.,"{""c"":""La fidanzata di Tom l'ha visto con un'altra ragazza.""}",La fidanzata di Tom l'ha visto con un'altra ragazza.,True,1,0,True,True,False,True,,True,,True,"{""reason"":""detector_match"",""detected"":""it"",""confidence"":1.0}",True,[],[],True,,"{""errors"":[]}",True,[],True,1,0,True,True,False,100,100,1243,23,1266,,,1064.41,1316,8,1324,0,0,1354.16
fcdf2b3886d71cbda4c7,961,deepseek-v3-2,managed-prompt,tatoeba,en,it,"You can talk to me, you know?","Puoi parlarmi, sai?","{""c"":""Puoi parlare con me, sai?""}","Puoi parlare con me, sai?",True,1,0,True,True,False,True,,True,,,"{""reason"":""detector_inconclusive"",""detected"":""it"",""confidence"":0.627}",True,[],[],True,,"{""errors"":[]}",True,[],True,1,0,True,True,False,100,100,1243,14,1257,,,710.21,1303,8,1311,0,0,1178.14
4de59b4bc0c8eadcb460,962,deepseek-v3-2,managed-prompt,tatoeba,en,it,Tom asked Mary where John was.,Tom chiese a Mary dove fosse John.,"{""c"":""Tom ha chiesto a Mary dove fosse John.""}",Tom ha chiesto a Mary dove fosse John.,True,1,0,True,True,False,True,,True,,,"{""reason"":""detector_mismatch_uncertain"",""detected"":""en"",""confidence"":1.0}",True,[],[],True,,"{""errors"":[]}",True,[],True,1,0,True,True,False,100,100,1241,16,1257,,,933.79,1299,8,1307,0,0,1196.35
dfce0864e294e5cbc174,963,deepseek-v3-2,managed-prompt,tatoeba,en,it,Are you really a foreigner?,È veramente una straniera?,"{""c"":""Sei veramente uno straniero?""}",Sei veramente uno straniero?,True,1,0,True,True,False,True,,True,,True,"{""reason"":""detector_match"",""detected"":""it"",""confidence"":1.0}",True,[],[],True,,"{""errors"":[]}",True,[],True,1,0,True,True,False,100,100,1241,13,1254,,,862.15,1295,8,1303,0,0,1374.31
96a1df42c0166700720e,964,deepseek-v3-2,managed-prompt,tatoeba,en,it,Don't open the doors.,Non aprire le porte.,"{""c"":""Non aprire le porte.""}",Non aprire le porte.,True,1,0,True,True,False,True,,True,,,"{""reason"":""detector_mismatch_uncertain"",""detected"":""fr"",""confidence"":1.0}",True,[],[],True,,"{""errors"":[]}",True,[],True,1,0,True,True,False,100,100,1240,11,1251,,,627.6,1291,8,1299,0,0,1278.01
df48707ca30063a7c607,965,deepseek-v3-2,managed-prompt,tatoeba,en,it,Lock all the doors.,Chiuda a chiave tutte le porte.,"{""c"":""Blocca tutte le porte.""}",Blocca tutte le porte.,True,1,0,True,True,False,True,,True,,True,"{""reason"":""detector_match"",""detected"":""it"",""confidence"":1.0}",True,[],[],True,,"{""errors"":[]}",True,[],True,1,0,True,True,False,100,100,1239,12,1251,,,637.61,1297,8,1305,0,0,1254.03
eb0c6d6beb09819b0d29,966,deepseek-v3-2,managed-prompt,tatoeba,en,it,The location has changed.,Il luogo è cambiato.,"{""c"":""Il luogo è cambiato.""}",Il luogo è cambiato.,True,1,0,True,True,False,True,,True,,True,"{""reason"":""detector_match"",""detected"":""it"",""confidence"":1.0}",True,[],[],True,,"{""errors"":[]}",True,[],True,1,0,True,True,False,100,100,1239,11,1250,,,836.42,1292,8,1300,0,0,1319.67
9ce2de18dc7b9ac88222,967,deepseek-v3-2,managed-prompt,tatoeba,en,it,Is this legal?,È legale?,"{""c"":""È legale?""}",È legale?,True,1,0,True,True,False,True,,True,,,"{""reason"":""too_short_for_language_detection"",""detected"":null,""confidence"":null}",True,[],[],True,,"{""errors"":[]}",True,[],True,1,0,True,True,False,100,100,1238,9,1247,,,790.37,1285,8,1293,0,0,1317.34
c1d33665de7fbd056811,968,deepseek-v3-2,managed-prompt,tatoeba,en,it,Can I speak to a lawyer?,Posso parlare con un avvocato?,"{""c"":""Posso parlare con un avvocato?""}",Posso parlare con un avvocato?,True,1,0,True,True,False,True,,True,,True,"{""reason"":""detector_match"",""detected"":""it"",""confidence"":1.0}",True,[],[],True,,"{""errors"":[]}",True,[],True,1,0,True,True,False,100,100,1241,15,1256,,,743.21,1304,8,1312,0,0,1278.76
8b8b1252b16a1c9ea708,969,deepseek-v3-2,managed-prompt,tatoeba,en,it,"An excellent man: he has no enemies, and none of his friends like him.",Un uomo eccellente: non ha nemici e non piace a nessun amico.,"{""c"":""Un uomo eccellente: non ha nemici, e nessuno dei suoi amici gli è amico.""}","Un uomo eccellente: non ha nemici, e nessuno dei suoi amici gli è amico.",True,1,0,True,True,False,True,,True,,True,"{""reason"":""detector_match"",""detected"":""it"",""confidence"":1.0}",True,[],[],True,,"{""errors"":[{""category"":""accuracy"",""severity"":""major""}]}",False,"[{""category"":""accuracy"",""severity"":""major""}]",True,1,0,True,True,False,85,85,1251,29,1280,,,1173.48,1335,17,1352,0,0,1373.19
69e1179e926859bd89b9,970,deepseek-v3-2,managed-prompt,tatoeba,en,jp,I study French and English.,フランス語と英語を勉強しています。,"{""c"":""フランス語と英語を勉強しています。""}",フランス語と英語を勉強しています。,True,1,0,True,True,False,True,,True,,True,"{""reason"":""target_script_present"",""detected"":""ja"",""confidence"":1.0}",True,[],[],True,,"{""errors"":[]}",True,[],True,1,0,True,True,False,100,100,1241,14,1255,,,2523.48,1307,8,1315,0,0,1183.97
1d91da31bbeeaeec8ccb,971,deepseek-v3-2,managed-prompt,tatoeba,en,jp,I think it necessary that you should do so.,私は君がそうすることは必要だと思う。,"{""c"":""そうする必要があると思います。""}",そうする必要があると思います。,True,1,0,True,True,False,True,,True,,True,"{""reason"":""target_script_present"",""detected"":""ja"",""confidence"":1.0}",True,[],[],True,,"{""errors"":[{""category"":""accuracy"",""severity"":""major""}]}",False,"[{""category"":""accuracy"",""severity"":""major""}]",True,1,0,True,True,False,85,85,1245,11,1256,,,862.07,1309,17,1326,0,0,1217.89
f1ff96753db06d7fd96c,972,deepseek-v3-2,managed-prompt,tatoeba,en,jp,His story turned out to be false.,彼の話はうそであることがわかった。,"{""c"":""彼の話は結局嘘だった。""}",彼の話は結局嘘だった。,True,1,0,True,True,False,True,,True,,True,"{""reason"":""target_script_present"",""detected"":""ja"",""confidence"":1.0}",True,[],[],True,,"{""errors"":[]}",True,[],True,1,0,True,True,False,100,100,1243,14,1257,,,2564.68,1308,8,1316,0,0,1150.89
96f0f36ecf147433194c,973,deepseek-v3-2,managed-prompt,tatoeba,en,jp,It's time to go to bed.,寝る時間ですよ。,"{""c"":""もう寝る時間だよ。""}",もう寝る時間だよ。,True,1,0,True,True,False,True,,True,,True,"{""reason"":""target_script_present"",""detected"":""ja"",""confidence"":1.0}",True,[],[],True,,"{""errors"":[]}",True,[],True,1,0,True,True,False,100,100,1243,12,1255,,,809.64,1302,8,1310,0,0,1176.24
b5aada33a3ab63557aa6,974,deepseek-v3-2,managed-prompt,tatoeba,en,jp,Our team was in high spirits because of the victory.,その勝利で私たちのチームは意気が上がった。,"{""c"":""勝利のおかげで、私たちのチームは大いに盛り上がっていました。""}",勝利のおかげで、私たちのチームは大いに盛り上がっていました。,True,1,0,True,True,False,True,,True,,True,"{""reason"":""target_script_present"",""detected"":""ja"",""confidence"":1.0}",True,[],[],True,,"{""errors"":[]}",True,[],True,1,0,True,True,False,100,100,1246,24,1270,,,789.08,1331,8,1339,0,0,1216.19
22c7ec18676edfdabe64,975,deepseek-v3-2,managed-prompt,tatoeba,en,jp,She is reluctant to marry him.,彼女は彼と結婚するのを嫌がっている。,"{""c"":""彼女は彼との結婚をためらっている。""}",彼女は彼との結婚をためらっている。,True,1,0,True,True,False,True,,True,,True,"{""reason"":""target_script_present"",""detected"":""ja"",""confidence"":1.0}",True,[],[],True,,"{""errors"":[]}",True,[],True,1,0,True,True,False,100,100,1242,16,1258,,,750.23,1317,8,1325,0,0,1255.38
40116da6298805439fd8,976,deepseek-v3-2,managed-prompt,tatoeba,en,jp,She seems to have known the secret.,彼女はその秘密を知っていたようだ。,"{""c"":""彼女はその秘密を知っているようだ。""}",彼女はその秘密を知っているようだ。,True,1,0,True,True,False,True,,True,,True,"{""reason"":""target_script_present"",""detected"":""ja"",""confidence"":1.0}",True,[],[],True,,"{""errors"":[{""category"":""accuracy"",""severity"":""major""}]}",False,"[{""category"":""accuracy"",""severity"":""major""}]",True,1,0,True,True,False,85,85,1243,15,1258,,,727.14,1314,17,1331,0,0,1186.86
403a39512e5d8bf44dbc,977,deepseek-v3-2,managed-prompt,tatoeba,en,jp,Don't come back again.,もう二度と戻って来るな。,"{""c"":""もう戻ってこないで。""}",もう戻ってこないで。,True,1,0,True,True,False,True,,True,,True,"{""reason"":""target_script_present"",""detected"":""ja"",""confidence"":1.0}",True,[],[],True,,"{""errors"":[]}",True,[],True,1,0,True,True,False,100,100,1241,12,1253,,,1127.39,1301,8,1309,0,0,1247.93
9c1efc034532e7ed162e,978,deepseek-v3-2,managed-prompt,tatoeba,en,jp,I can hardly see anything.,ほとんど何も見えないんだ。,"{""c"":""何も見えないよ。""}",何も見えないよ。,True,1,0,True,True,False,True,,True,,True,"{""reason"":""target_script_present"",""detected"":""ja"",""confidence"":1.0}",True,[],[],True,,"{""errors"":[{""category"":""accuracy"",""severity"":""major""}]}",False,"[{""category"":""accuracy"",""severity"":""major""}]",True,1,0,True,True,False,85,85,1241,11,1252,,,862.68,1301,17,1318,0,0,1226.28
fafafcbc73e980d5b94a,979,deepseek-v3-2,managed-prompt,tatoeba,en,jp,Due to unavoidable circumstances this summer I can't stay in my holiday cottage.,よんどころない事情で、今年の夏は別荘で過ごせないんだ。,"{""c"":""夏の不可抗力な事情で、私の休暇用コテージに滞在できなくなりました。""}",夏の不可抗力な事情で、私の休暇用コテージに滞在できなくなりました。,True,1,0,True,True,False,True,,True,,True,"{""reason"":""target_script_present"",""detected"":""ja"",""confidence"":1.0}",True,[],[],True,,"{""errors"":[{""category"":""fluency"",""severity"":""minor""},{""category"":""tone"",""severity"":""minor""}]}",True,"[{""category"":""fluency"",""severity"":""minor""},{""category"":""tone"",""severity"":""minor""}]",True,1,0,True,True,False,94,94,1250,29,1279,,,1245.45,1351,27,1378,0,0,1329.34
9f16e2ea81326cd3fd36,980,deepseek-v3-2,managed-prompt,tatoeba,en,nl,Tom is dying.,Tom sterft.,"{""c"":""Tom is stervende.""}",Tom is stervende.,True,1,0,True,True,False,True,,True,,,"{""reason"":""detector_inconclusive"",""detected"":""nl"",""confidence"":0.7143}",True,[],[],True,,"{""errors"":[]}",True,[],True,1,0,True,True,False,100,100,1238,11,1249,,,808.64,1285,8,1293,0,0,1189.66
8070705f038db79fe40e,981,deepseek-v3-2,managed-prompt,tatoeba,en,nl,Mary bites her nails.,Maria bijt op haar nagels.,"{""c"":""Mary bijt op haar nagels.""}",Mary bijt op haar nagels.,True,1,0,True,True,False,True,,True,,True,"{""reason"":""detector_match"",""detected"":""nl"",""confidence"":1.0}",True,[],[],True,,"{""errors"":[]}",True,[],True,1,0,True,True,False,100,100,1239,13,1252,,,712.46,1294,8,1302,0,0,1135.94
858d399b6e4d8de325f7,982,deepseek-v3-2,managed-prompt,tatoeba,en,nl,He's allergic to cats.,Hij is allergisch voor katten.,"{""c"":""Hij is allergisch voor katten.""}",Hij is allergisch voor katten.,True,1,0,True,True,False,True,,True,,True,"{""reason"":""detector_match"",""detected"":""nl"",""confidence"":1.0}",True,[],[],True,,"{""errors"":[]}",True,[],True,1,0,True,True,False,100,100,1240,14,1254,,,910.89,1294,8,1302,0,0,2481.5
2e59f0916fa506521868,983,deepseek-v3-2,managed-prompt,tatoeba,en,nl,He can't run very fast.,Hij kan niet erg snel rennen.,"{""c"":""Hij kan niet erg snel rennen.""}",Hij kan niet erg snel rennen.,True,1,0,True,True,False,True,,True,,True,"{""reason"":""detector_match"",""detected"":""nl"",""confidence"":1.0}",True,[],[],True,,"{""errors"":[]}",True,[],True,1,0,True,True,False,100,100,1241,14,1255,,,794.93,1298,8,1306,0,0,1197.46
e8f5839e17fe68eae7c9,984,deepseek-v3-2,managed-prompt,tatoeba,en,nl,Stop Tom.,Stop Tom.,"{""c"":""Stop Tom.""}",Stop Tom.,True,1,0,True,True,False,True,,True,,,"{""reason"":""too_short_for_language_detection"",""detected"":null,""confidence"":null}",True,[],[],True,,"{""errors"":[]}",True,[],True,1,0,True,True,False,100,100,1237,8,1245,,,832.9,1280,8,1288,0,0,1183.5
a9d858469e3258b9b93f,985,deepseek-v3-2,managed-prompt,tatoeba,en,nl,How much is 300 euros in Canadian dollars?,Hoeveel is 300 euro in Canadese dollars?,"{""c"":""Hoeveel is 300 euro in Canadese dollars?""}",Hoeveel is 300 euro in Canadese dollars?,True,1,0,True,True,False,True,,True,,True,"{""reason"":""detector_match"",""detected"":""nl"",""confidence"":1.0}",True,[],[],True,,"{""errors"":[]}",True,[],True,1,0,True,True,False,100,100,1244,18,1262,,,782.83,1314,8,1322,0,0,1207.59
aae155b31b4e1ea57425,986,deepseek-v3-2,managed-prompt,tatoeba,en,nl,Tom can't stand being interrupted.,Tom kan het niet uitstaan onderbroken te worden.,"{""c"":""Tom kan er niet tegen om onderbroken te worden.""}",Tom kan er niet tegen om onderbroken te worden.,True,1,0,True,True,False,True,,True,,True,"{""reason"":""detector_match"",""detected"":""nl"",""confidence"":0.9999}",True,[],[],True,,"{""errors"":[]}",True,[],True,1,0,True,True,False,100,100,1241,16,1257,,,1193.68,1303,8,1311,0,0,1120.12
abe517c05e436988e0b5,987,deepseek-v3-2,managed-prompt,tatoeba,en,nl,I don't want to continue pressing the issue.,Ik wil niet blijven aandringen.,"{""c"":""Ik wil de kwestie niet verder aansnijden.""}",Ik wil de kwestie niet verder aansnijden.,True,1,0,True,True,False,True,,True,,True,"{""reason"":""detector_match"",""detected"":""nl"",""confidence"":1.0}",True,[],[],True,,"{""errors"":[]}",True,[],True,1,0,True,True,False,100,100,1244,19,1263,,,839.11,1309,8,1317,0,0,1179.77
4071d2ae3e112013e48e,988,deepseek-v3-2,managed-prompt,tatoeba,en,nl,"According to the Bible, God created the world in six days.",Volgens de bijbel schiep God de wereld in zes dagen.,"{""c"":""Volgens de Bijbel schiep God de wereld in zes dagen.""}",Volgens de Bijbel schiep God de wereld in zes dagen.,True,1,0,True,True,False,True,,True,,True,"{""reason"":""detector_match"",""detected"":""nl"",""confidence"":1.0}",True,[],[],True,,"{""errors"":[]}",True,[],True,1,0,True,True,False,100,100,1247,20,1267,,,847.25,1321,8,1329,0,0,1100.52
c43d5698fda7ed3157dd,989,deepseek-v3-2,managed-prompt,tatoeba,en,nl,I'll arrive on Christmas Day.,Ik zal op kerstdag aankomen.,"{""c"":""Ik kom op Kerstdag aan.""}",Ik kom op Kerstdag aan.,True,1,0,True,True,False,True,,True,,,"{""reason"":""detector_mismatch_uncertain"",""detected"":""af"",""confidence"":1.0}",True,[],[],True,,"{""errors"":[]}",True,[],True,1,0,True,True,False,100,100,1241,13,1254,,,851.26,1302,8,1310,0,0,1129.83
b9afe430d97ce8aa9dc7,990,deepseek-v3-2,managed-prompt,tatoeba,en,nb,I think that she is from Germany.,Jeg tror at hun er fra Tyskland.,"{""c"":""Jeg tror at hun er fra Tyskland.""}",Jeg tror at hun er fra Tyskland.,True,1,0,True,True,False,True,,True,,,"{""reason"":""detector_mismatch_uncertain"",""detected"":""da"",""confidence"":1.0}",True,[],[],True,,"{""errors"":[]}",True,[],True,1,0,True,True,False,100,100,1242,16,1258,,,1159.05,1299,8,1307,0,0,1229.05
711e5bd89e0414093f08,991,deepseek-v3-2,managed-prompt,tatoeba,en,nb,He's putting himself in debt.,Han setter seg i gjeld.,"{""c"":""Han setter seg i gjeld.""}",Han setter seg i gjeld.,True,1,0,True,True,False,True,,True,,True,"{""reason"":""detector_match"",""detected"":""no"",""confidence"":1.0}",True,[],[],True,,"{""errors"":[]}",True,[],True,1,0,True,True,False,100,100,1241,13,1254,,,1400.46,1292,8,1300,0,0,1181.21
100e6b27a0f8c6ae90b3,992,deepseek-v3-2,managed-prompt,tatoeba,en,nb,Tom works as a used car salesman.,Tom har jobb som bruktbilforhandlar.,"{""c"":""Tom jobber som bruktbilsalgmann.""}",Tom jobber som bruktbilsalgmann.,True,1,0,True,True,False,True,,True,,True,"{""reason"":""detector_match"",""detected"":""no"",""confidence"":1.0}",True,[],[],True,,"{""errors"":[{""category"":""fluency"",""severity"":""minor""}]}",True,"[{""category"":""fluency"",""severity"":""minor""}]",True,1,0,True,True,False,97,97,1242,16,1258,,,846.9,1305,18,1323,0,0,1141.02
c481e28867a957366539,993,deepseek-v3-2,managed-prompt,tatoeba,en,nb,I like your article.,Jeg liker din artikkel.,"{""c"":""Jeg liker artikkelen din.""}",Jeg liker artikkelen din.,True,1,0,True,True,False,True,,True,,,"{""reason"":""detector_inconclusive"",""detected"":""no"",""confidence"":0.7143}",True,[],[],True,,"{""errors"":[]}",True,[],True,1,0,True,True,False,100,100,1239,13,1252,,,764.03,1293,8,1301,0,0,1249.11
fb4eb72a5e8e81f3b069,994,deepseek-v3-2,managed-prompt,tatoeba,en,nb,We accept all major credit cards.,Vi tar alle større kredittkort.,"{""c"":""Vi aksepterer alle store kredittkort.""}",Vi aksepterer alle store kredittkort.,True,1,0,True,True,False,True,,True,,True,"{""reason"":""detector_match"",""detected"":""no"",""confidence"":1.0}",True,[],[],True,,"{""errors"":[{""category"":""accuracy"",""severity"":""minor""}]}",True,"[{""category"":""accuracy"",""severity"":""minor""}]",True,1,0,True,True,False,97,97,1241,18,1259,,,990.72,1298,17,1315,0,0,1140.86
51d845072c679525bcb6,995,deepseek-v3-2,managed-prompt,tatoeba,en,nb,Write me a message.,Skriv meg en melding.,"{""c"":""Skriv en beskjed til meg.""}",Skriv en beskjed til meg.,True,1,0,True,True,False,True,,True,,True,"{""reason"":""detector_match"",""detected"":""no"",""confidence"":1.0}",True,[],[],True,,"{""errors"":[]}",True,[],True,1,0,True,True,False,100,100,1239,13,1252,,,920.12,1296,8,1304,0,0,1211.63
ed1718f210e826d19562,996,deepseek-v3-2,managed-prompt,tatoeba,en,nb,Tom's living room was tastefully furnished.,Toms stue var smakefullt innredet.,"{""c"":""Tom's stue var smakfullt innredet.""}",Tom's stue var smakfullt innredet.,True,1,0,True,True,False,True,,True,,,"{""reason"":""detector_inconclusive"",""detected"":""no"",""confidence"":0.6207}",True,[],[],True,,"{""errors"":[]}",True,[],True,1,0,True,True,False,100,100,1243,18,1261,,,933.91,1307,8,1315,0,0,1263.57
6abd767ab1c81b0e47e1,997,deepseek-v3-2,managed-prompt,tatoeba,en,nb,We have more important things that need to be dealt with.,Vi har viktigere ting som må gjøres.,"{""c"":""Vi har viktigere ting som må ordnes.""}",Vi har viktigere ting som må ordnes.,True,1,0,True,True,False,True,,True,,True,"{""reason"":""detector_match"",""detected"":""no"",""confidence"":1.0}",True,[],[],True,,"{""errors"":[]}",True,[],True,1,0,True,True,False,100,100,1246,17,1263,,,724.34,1308,8,1316,0,0,1405.29
1c7d69dddb3a6d1a5ea9,998,deepseek-v3-2,managed-prompt,tatoeba,en,nb,Now eat your supper.,Spis middagen din nå.,"{""c"":""Nå spiser du middagen din.""}",Nå spiser du middagen din.,True,1,0,True,True,False,True,,True,,,"{""reason"":""detector_inconclusive"",""detected"":""da"",""confidence"":0.8571}",True,[],[],True,,"{""errors"":[{""category"":""accuracy"",""severity"":""major""}]}",False,"[{""category"":""accuracy"",""severity"":""major""}]",True,1,0,True,True,False,85,85,1239,14,1253,,,1005.79,1296,17,1313,0,0,1325.68
c00003bd002d9987a6eb,999,deepseek-v3-2,managed-prompt,tatoeba,en,nb,Tom works out in a gym near his house.,Tom trener på et treningssenter nært huset hans.,"{""c"":""Tom trener på et treningssenter i nærheten av huset sitt.""}",Tom trener på et treningssenter i nærheten av huset sitt.,True,1,0,True,True,False,True,,True,,True,"{""reason"":""detector_match"",""detected"":""no"",""confidence"":1.0}",True,[],[],True,,"{""errors"":[]}",True,[],True,1,0,True,True,False,100,100,1244,23,1267,,,789.43,1314,8,1322,0,0,1310.82
cbdc756a3fd690b1b8ae,1000,deepseek-v3-2,managed-prompt,tatoeba,es,da,Él tradujo a Homero del griego al inglés.,Han har oversat Homer fra græsk til engelsk.,"{""c"":""Han oversætte Homer fra græsk til engelsk.""}",Han oversætte Homer fra græsk til engelsk.,True,1,0,True,True,False,True,,True,,True,"{""reason"":""detector_match"",""detected"":""da"",""confidence"":1.0}",True,[],[],True,,"{""errors"":[{""category"":""fluency"",""severity"":""major""}]}",False,"[{""category"":""fluency"",""severity"":""major""}]",True,1,0,True,True,False,85,85,1247,18,1265,,,737.44,1308,18,1326,0,0,1298.31
2f7c46066e2ee19a6d4e,1001,deepseek-v3-2,managed-prompt,tatoeba,es,da,El gato duerme en una silla.,Katten sover på en stol.,"{""c"":""Katten sover i en stol.""}",Katten sover i en stol.,True,1,0,True,True,False,True,,True,,,"{""reason"":""detector_mismatch_uncertain"",""detected"":""no"",""confidence"":1.0}",True,[],[],True,,"{""errors"":[{""category"":""accuracy"",""severity"":""minor""}]}",True,"[{""category"":""accuracy"",""severity"":""minor""}]",True,1,0,True,True,False,97,97,1244,14,1258,,,657.56,1302,17,1319,0,0,1295.17
b2eb0b4592d8bcd53799,1002,deepseek-v3-2,managed-prompt,tatoeba,es,da,Se puede desayunar entre las siete y las nueve.,Du kan spise morgenmaden mellem klokken syv og klokken ni.,"{""c"":""Du kan spise morgenmad mellem syv og ni.""}",Du kan spise morgenmad mellem syv og ni.,True,1,0,True,True,False,True,,True,,True,"{""reason"":""detector_match"",""detected"":""da"",""confidence"":1.0}",True,[],[],True,,"{""errors"":[]}",True,[],True,1,0,True,True,False,100,100,1247,20,1267,,,765.85,1318,8,1326,0,0,1144.64
97843540f7615a7de9f5,1003,deepseek-v3-2,managed-prompt,tatoeba,es,da,El agua está compuesta de hidrógeno y oxígeno.,Vand består af brint og ilt.,"{""c"":""Vand består af brint og ilt.""}",Vand består af brint og ilt.,True,1,0,True,True,False,True,,True,,True,"{""reason"":""detector_match"",""detected"":""da"",""confidence"":1.0}",True,[],[],True,,"{""errors"":[]}",True,[],True,1,0,True,True,False,100,100,1248,16,1264,,,750.87,1308,8,1316,0,0,1292.6
f1ba23004ddf08cb6cb8,1004,deepseek-v3-2,managed-prompt,tatoeba,es,da,Nos reunimos aquí una vez por semana.,Vi mødes her en gang om ugen.,"{""c"":""Vi mødes her én gang om ugen.""}",Vi mødes her én gang om ugen.,True,1,0,True,True,False,True,,True,,True,"{""reason"":""detector_match"",""detected"":""da"",""confidence"":1.0}",True,[],[],True,,"{""errors"":[]}",True,[],True,1,0,True,True,False,100,100,1243,16,1259,,,776.25,1303,8,1311,0,0,1205.46
7ff9fa862c7d7eb789c5,1005,deepseek-v3-2,managed-prompt,tatoeba,es,da,Soplaba un viento frío.,Der blæste en kold vind.,"{""c"":""Det blæste en kold vind.""}",Det blæste en kold vind.,True,1,0,True,True,False,True,,True,,True,"{""reason"":""detector_match"",""detected"":""da"",""confidence"":1.0}",True,[],[],True,,"{""errors"":[{""category"":""fluency"",""severity"":""minor""}]}",True,"[{""category"":""fluency"",""severity"":""minor""}]",True,1,0,True,True,False,97,97,1243,14,1257,,,733.31,1301,18,1319,0,0,1140.43
43681663c26404f36e45,1006,deepseek-v3-2,managed-prompt,tatoeba,es,da,"Es a ti a quien ella ama, no a mí.","Det er dig hun elsker, ikke mig.","{""c"":""Det er dig, hun elsker, ikke mig.""}","Det er dig, hun elsker, ikke mig.",True,1,0,True,True,False,True,,True,,,"{""reason"":""detector_inconclusive"",""detected"":""no"",""confidence"":0.9253}",True,[],[],True,,"{""errors"":[]}",True,[],True,1,0,True,True,False,100,100,1246,17,1263,,,6320.13,1308,8,1316,0,0,1133.99
0d1a12dacd7808ee7986,1007,deepseek-v3-2,managed-prompt,tatoeba,es,da,Eres muy valiente.,Du er meget modig.,"{""c"":""Du er meget modig.""}",Du er meget modig.,True,1,0,True,True,False,True,,True,,True,"{""reason"":""detector_match"",""detected"":""da"",""confidence"":1.0}",True,[],[],True,,"{""errors"":[]}",True,[],True,1,0,True,True,False,100,100,1240,12,1252,,,679.68,1290,8,1298,0,0,1123.93
6fc126191ae0ae3e92b9,1008,deepseek-v3-2,managed-prompt,tatoeba,es,da,Él estaba parado con las manos en los bolsillos.,Han stod med hænderne i lommen.,"{""c"":""Han stod med hænderne i lommerne.""}",Han stod med hænderne i lommerne.,True,1,0,True,True,False,True,,True,,True,"{""reason"":""detector_match"",""detected"":""da"",""confidence"":1.0}",True,[],[],True,,"{""errors"":[]}",True,[],True,1,0,True,True,False,100,100,1248,19,1267,,,1035.82,1310,8,1318,0,0,1289.65
e37887bc00efc4b5ace7,1009,deepseek-v3-2,managed-prompt,tatoeba,es,da,Toma el cuchillo y córtale la punta.,Tag kniven og skær spidsen af.,"{""c"":""Tag kniven og skær spidsen af den.""}",Tag kniven og skær spidsen af den.,True,1,0,True,True,False,True,,True,,True,"{""reason"":""detector_match"",""detected"":""da"",""confidence"":1.0}",True,[],[],True,,"{""errors"":[]}",True,[],True,1,0,True,True,False,100,100,1248,17,1265,,,1012.09,1309,8,1317,0,0,1252.25
c4c62c88f657ef3bf6db,1010,deepseek-v3-2,managed-prompt,tatoeba,es,de,¿Cómo puedo ayudar a un amigo a dejar de fumar?,"Wie kann ich einem Freund helfen, mit dem Rauchen aufzuhören?","{""c"":""Wie kann ich einem Freund helfen, mit dem Rauchen aufzuhören?""}","Wie kann ich einem Freund helfen, mit dem Rauchen aufzuhören?",True,1,0,True,True,False,True,,True,,True,"{""reason"":""detector_match"",""detected"":""de"",""confidence"":1.0}",True,[],[],True,,"{""errors"":[]}",True,[],True,1,0,True,True,False,100,100,1249,22,1271,,,793.98,1339,8,1347,0,0,1215.64
a7643dff7eff2dcd3160,1011,deepseek-v3-2,managed-prompt,tatoeba,es,de,¿Cuántos libros lees al mes?,Wie viele Bücher liest du pro Monat?,"{""c"":""Wie viele Bücher liest du pro Monat?""}",Wie viele Bücher liest du pro Monat?,True,1,0,True,True,False,True,,True,,,"{""reason"":""detector_inconclusive"",""detected"":""de"",""confidence"":0.7143}",True,[],[],True,,"{""errors"":[]}",True,[],True,1,0,True,True,False,100,100,1244,16,1260,,,1025.65,1316,8,1324,0,0,1226.15
68a7e82e0317c42e2de8,1012,deepseek-v3-2,managed-prompt,tatoeba,es,de,No somos jóvenes.,Wir sind nicht jung.,"{""c"":""Wir sind nicht mehr die Jüngsten.""}",Wir sind nicht mehr die Jüngsten.,True,1,0,True,True,False,True,,True,,True,"{""reason"":""detector_match"",""detected"":""de"",""confidence"":1.0}",True,[],[],True,,"{""errors"":[{""category"":""accuracy"",""severity"":""minor""}]}",True,"[{""category"":""accuracy"",""severity"":""minor""}]",True,1,0,True,True,False,97,97,1238,14,1252,,,1017.65,1299,17,1316,0,0,1701.67
db97cb3223eb5cdacbda,1013,deepseek-v3-2,managed-prompt,tatoeba,es,de,Entonces éramos ricos.,Damals waren wir reich.,"{""c"":""Dann waren wir reich.""}",Dann waren wir reich.,True,1,0,True,True,False,True,,True,,True,"{""reason"":""detector_match"",""detected"":""de"",""confidence"":1.0}",True,[],[],True,,"{""errors"":[{""category"":""accuracy"",""severity"":""minor""}]}",True,"[{""category"":""accuracy"",""severity"":""minor""}]",True,1,0,True,True,False,97,97,1241,12,1253,,,985.97,1293,17,1310,0,0,1240.64
277d65fcef29403dcc58,1014,deepseek-v3-2,managed-prompt,tatoeba,es,de,El hombre que visité era el señor Doi.,"Der Mann, den ich besuchte, war Herr Doi.","{""c"":""Der Mann, den ich besucht habe, war Herr Doi.""}","Der Mann, den ich besucht habe, war Herr Doi.",True,1,0,True,True,False,True,,True,,True,"{""reason"":""detector_match"",""detected"":""de"",""confidence"":1.0}",True,[],[],True,,"{""errors"":[]}",True,[],True,1,0,True,True,False,100,100,1246,19,1265,,,854.78,1318,8,1326,0,0,1214.73
81848e66039518001535,1015,deepseek-v3-2,managed-prompt,tatoeba,es,de,¿Alimentaste al perro esta mañana?,Hast du den Hund heute Morgen gefüttert?,"{""c"":""Hast du den Hund heute Morgen gefüttert?""}",Hast du den Hund heute Morgen gefüttert?,True,1,0,True,True,False,True,,True,,True,"{""reason"":""detector_match"",""detected"":""de"",""confidence"":1.0}",True,[],[],True,,"{""errors"":[]}",True,[],True,1,0,True,True,False,100,100,1245,18,1263,,,811.5,1320,8,1328,0,0,1179.43
5f887147833fd0c91e10,1016,deepseek-v3-2,managed-prompt,tatoeba,es,de,Mi pasatiempo es tocar la guitarra.,Mein Hobby ist Gitarre spielen.,"{""c"":""Mein Hobby ist Gitarre spielen.""}",Mein Hobby ist Gitarre spielen.,True,1,0,True,True,False,True,,True,,True,"{""reason"":""detector_match"",""detected"":""de"",""confidence"":1.0}",True,[],[],True,,"{""errors"":[]}",True,[],True,1,0,True,True,False,100,100,1245,16,1261,,,1050.29,1306,8,1314,0,0,1236.2
3fb00469a7ff120f5a34,1017,deepseek-v3-2,managed-prompt,tatoeba,es,de,"Por favor, cambia la bandera.",Ändere bitte die Flagge.,"{""c"":""Bitte, ändere die Flagge.""}","Bitte, ändere die Flagge.",True,1,0,True,True,False,True,,True,,True,"{""reason"":""detector_match"",""detected"":""de"",""confidence"":1.0}",True,[],[],True,,"{""errors"":[]}",True,[],True,1,0,True,True,False,100,100,1243,14,1257,,,923.04,1303,8,1311,0,0,1113.72
4d373f63c494d5b4225f,1018,deepseek-v3-2,managed-prompt,tatoeba,es,de,Aquí no conozco a nadie.,Ich kenne hier niemanden.,"{""c"":""Ich kenne hier niemanden.""}",Ich kenne hier niemanden.,True,1,0,True,True,False,True,,True,,True,"{""reason"":""detector_match"",""detected"":""de"",""confidence"":0.8571}",True,[],[],True,,"{""errors"":[]}",True,[],True,1,0,True,True,False,100,100,1244,13,1257,,,1084.16,1298,8,1306,0,0,1216.17
78ff399822afad83ae9f,1019,deepseek-v3-2,managed-prompt,tatoeba,es,de,Ella se ruborizó de vergüenza.,Sie wurde rot vor Scham.,"{""c"":""Sie errötete vor Verlegenheit.""}",Sie errötete vor Verlegenheit.,True,1,0,True,True,False,True,,True,,True,"{""reason"":""detector_match"",""detected"":""de"",""confidence"":1.0}",True,[],[],True,,"{""errors"":[]}",True,[],True,1,0,True,True,False,100,100,1246,14,1260,,,1088.49,1301,8,1309,0,0,1204.38
f0a8c030c430c110df9d,1020,deepseek-v3-2,managed-prompt,tatoeba,es,en,Quiero ser tan feliz como Tom.,I want to be as happy as Tom.,"{""c"":""I want to be as happy as Tom.""}",I want to be as happy as Tom.,True,1,0,True,True,False,True,,True,,True,"{""reason"":""detector_match"",""detected"":""en"",""confidence"":1.0}",True,[],[],True,,"{""errors"":[]}",True,[],True,1,0,True,True,False,100,100,1243,14,1257,,,884.2,1299,8,1307,0,0,1191.31
f62487d1878972eea2c5,1021,deepseek-v3-2,managed-prompt,tatoeba,es,en,Va a comenzar el año nuevo.,The new year will begin.,"{""c"":""The new year is about to begin.""}",The new year is about to begin.,True,1,0,True,True,False,True,,True,,True,"{""reason"":""detector_match"",""detected"":""en"",""confidence"":1.0}",True,[],[],True,,"{""errors"":[]}",True,[],True,1,0,True,True,False,100,100,1242,13,1255,,,850.79,1293,8,1301,0,0,1188.49
9ced2e7cbce2b55235e3,1022,deepseek-v3-2,managed-prompt,tatoeba,es,en,¿Cómo estás haciendo eso con tu mano?,How are you doing that with your hand?,"{""c"":""How are you doing that with your hand?""}",How are you doing that with your hand?,True,1,0,True,True,False,True,,True,,True,"{""reason"":""detector_match"",""detected"":""en"",""confidence"":1.0}",True,[],[],True,,"{""errors"":[]}",True,[],True,1,0,True,True,False,100,100,1244,14,1258,,,871.34,1308,8,1316,0,0,1089.5
9ecb906d6ac1ed900bcc,1023,deepseek-v3-2,managed-prompt,tatoeba,es,en,No me sorprende oír eso.,I'm not surprised to hear that.,"{""c"":""I'm not surprised to hear that.""}",I'm not surprised to hear that.,True,1,0,True,True,False,True,,True,,True,"{""reason"":""detector_match"",""detected"":""en"",""confidence"":1.0}",True,[],[],True,,"{""errors"":[]}",True,[],True,1,0,True,True,False,100,100,1243,13,1256,,,838.74,1297,8,1305,0,0,1266.26
c36d181c641c710f9a3f,1024,deepseek-v3-2,managed-prompt,tatoeba,es,en,Tom puso la sartén sobre la estufa.,Tom put the frying pan on the stove.,"{""c"":""Tom put the pan on the stove.""}",Tom put the pan on the stove.,True,1,0,True,True,False,True,,True,,True,"{""reason"":""detector_match"",""detected"":""en"",""confidence"":1.0}",True,[],[],True,,"{""errors"":[]}",True,[],True,1,0,True,True,False,100,100,1247,13,1260,,,3962.24,1304,8,1312,0,0,1208.12
119b04eec42137ea326c,1025,deepseek-v3-2,managed-prompt,tatoeba,es,en,Buscan el significado de la palabra en el diccionario.,They are looking up the meaning of the word in the dictionary.,"{""c"":""They look up the meaning of the word in the dictionary.""}",They look up the meaning of the word in the dictionary.,True,1,0,True,True,False,True,,True,,True,"{""reason"":""detector_match"",""detected"":""en"",""confidence"":1.0}",True,[],[],True,,"{""errors"":[]}",True,[],True,1,0,True,True,False,100,100,1247,17,1264,,,725.22,1311,8,1319,0,0,1089.98
39ebd9f9390cb3ba7463,1026,deepseek-v3-2,managed-prompt,tatoeba,es,en,¿Nunca estarás contento?,Are you never content?,"{""c"":""Will you never be content?""}",Will you never be content?,True,1,0,True,True,False,True,,True,,,"{""reason"":""detector_inconclusive"",""detected"":""en"",""confidence"":0.7143}",True,[],[],True,,"{""errors"":[]}",True,[],True,1,0,True,True,False,100,100,1243,11,1254,,,3796.48,1295,8,1303,0,0,1101.92
9b911237b3930ad8ea2e,1027,deepseek-v3-2,managed-prompt,tatoeba,es,en,¿Quieres vodka?,Do you want some vodka?,"{""c"":""Do you want vodka?""}",Do you want vodka?,True,1,0,True,True,False,True,,True,,,"{""reason"":""detector_mismatch_uncertain"",""detected"":""sw"",""confidence"":1.0}",True,[],[],True,,"{""errors"":[]}",True,[],True,1,0,True,True,False,100,100,1239,10,1249,,,624.38,1295,8,1303,0,0,1254.61
7587c89bd0c23df9fa05,1028,deepseek-v3-2,managed-prompt,tatoeba,es,en,"En el alfabeto, la ""A"" viene antes que la ""B"".",'A' comes before 'B' in the alphabet.,"{""c"":""In the alphabet, the \""A\"" comes before the \""B\"".""}","In the alphabet, the ""A"" comes before the ""B"".",True,1,0,True,True,False,True,,True,,True,"{""reason"":""detector_match"",""detected"":""en"",""confidence"":1.0}",True,[],[],True,,"{""errors"":[]}",True,[],True,1,0,True,True,False,100,100,1251,20,1271,,,824.2,1315,8,1323,0,0,1241.19
aa67ab2af2c2fc4daba9,1029,deepseek-v3-2,managed-prompt,tatoeba,es,en,Dispones de una hora para terminar esto.,You have one hour to get this done.,"{""c"":""You have one hour to finish this.""}",You have one hour to finish this.,True,1,0,True,True,False,True,,True,,True,"{""reason"":""detector_match"",""detected"":""en"",""confidence"":1.0}",True,[],[],True,,"{""errors"":[]}",True,[],True,1,0,True,True,False,100,100,1245,13,1258,,,808.99,1299,8,1307,0,0,2495.1
9b92d236bfdc31ed47d0,1030,deepseek-v3-2,managed-prompt,tatoeba,es,fr,Prometiste no volver a hacerlo.,Tu avais promis de ne pas recommencer.,"{""c"":""Tu avais promis de ne plus jamais le faire.""}",Tu avais promis de ne plus jamais le faire.,True,1,0,True,True,False,True,,True,,True,"{""reason"":""detector_match"",""detected"":""fr"",""confidence"":1.0}",True,[],[],True,,"{""errors"":[]}",True,[],True,1,0,True,True,False,100,100,1244,17,1261,,,759.29,1306,8,1314,0,0,1161.08
8002dc4d43f05195d2bf,1031,deepseek-v3-2,managed-prompt,tatoeba,es,fr,¿Cómo se escribe vuestro apellido?,Comment votre nom de famille s'écrit-il ?,"{""c"":""Comment écrivez-vous votre nom de famille ?""}",Comment écrivez-vous votre nom de famille ?,True,1,0,True,True,False,True,,True,,True,"{""reason"":""detector_match"",""detected"":""fr"",""confidence"":1.0}",True,[],[],True,,"{""errors"":[]}",True,[],True,1,0,True,True,False,100,100,1246,16,1262,,,950.15,1314,8,1322,0,0,1147.9
ed0fb553a14da9551b58,1032,deepseek-v3-2,managed-prompt,tatoeba,es,fr,Él tiene un hermano y dos hermanas.,Il a un frère et deux sœurs.,"{""c"":""Il a un frère et deux sœurs.""}",Il a un frère et deux sœurs.,True,1,0,True,True,False,True,,True,,True,"{""reason"":""detector_match"",""detected"":""fr"",""confidence"":1.0}",True,[],[],True,,"{""errors"":[]}",True,[],True,1,0,True,True,False,100,100,1245,16,1261,,,674.85,1304,8,1312,0,0,1277.41
407ded6b89a0f6165fb7,1033,deepseek-v3-2,managed-prompt,tatoeba,es,fr,Necesitamos una forma de trabajar completamente diferente.,Il nous faut une méthode de travail complètement différente.,"{""c"":""Nous avons besoin d'une façon de travailler complètement différente.""}",Nous avons besoin d'une façon de travailler complètement différente.,True,1,0,True,True,False,True,,True,,True,"{""reason"":""detector_match"",""detected"":""fr"",""confidence"":1.0}",True,[],[],True,,"{""errors"":[]}",True,[],True,1,0,True,True,False,100,100,1245,19,1264,,,950.47,1323,8,1331,0,0,1187.55
ba5d451e1da5c1f70601,1034,deepseek-v3-2,managed-prompt,tatoeba,es,fr,"Esperé durante una hora, pero él no apareció.","J'ai attendu pendant une heure, mais il n'est pas apparu.","{""c"":""J'ai attendu pendant une heure, mais il ne s'est pas présenté.""}","J'ai attendu pendant une heure, mais il ne s'est pas présenté.",True,1,0,True,True,False,True,,True,,True,"{""reason"":""detector_match"",""detected"":""fr"",""confidence"":1.0}",True,[],[],True,,"{""errors"":[]}",True,[],True,1,0,True,True,False,100,100,1247,22,1269,,,800.0,1324,8,1332,0,0,1182.76
b656bae13ae6c4145105,1035,deepseek-v3-2,managed-prompt,tatoeba,es,fr,¿Qué clase de deportes practicas?,Quelle sorte de sports pratiques-tu ?,"{""c"":""Quel genre de sports pratiques-tu ?""}",Quel genre de sports pratiques-tu ?,True,1,0,True,True,False,True,,True,,True,"{""reason"":""detector_match"",""detected"":""fr"",""confidence"":1.0}",True,[],[],True,,"{""errors"":[]}",True,[],True,1,0,True,True,False,100,100,1243,14,1257,,,677.62,1309,8,1317,0,0,1226.92
f1bc2900e4c1cba4ba3c,1036,deepseek-v3-2,managed-prompt,tatoeba,es,fr,Nunca le doy de comer carne cruda a mi perro.,Je ne donne jamais de viande crue à manger à mon chien.,"{""c"":""Je ne donne jamais de viande crue à manger à mon chien.""}",Je ne donne jamais de viande crue à manger à mon chien.,True,1,0,True,True,False,True,,True,,True,"{""reason"":""detector_match"",""detected"":""fr"",""confidence"":1.0}",True,[],[],True,,"{""errors"":[]}",True,[],True,1,0,True,True,False,100,100,1250,21,1271,,,1048.61,1327,8,1335,0,0,1332.24
e54a610bd2ff44ee7c85,1037,deepseek-v3-2,managed-prompt,tatoeba,es,fr,¡No me contradigas! Sé lo que es mejor para tí.,Ne me contredis pas ! Je sais ce qui est le mieux pour toi.,"{""c"":""Ne me contredis pas ! Je sais ce qui est le mieux pour toi.""}",Ne me contredis pas ! Je sais ce qui est le mieux pour toi.,True,1,0,True,True,False,True,,True,,True,"{""reason"":""detector_match"",""detected"":""fr"",""confidence"":1.0}",True,[],[],True,,"{""errors"":[]}",True,[],True,1,0,True,True,False,100,100,1249,22,1271,,,757.67,1330,8,1338,0,0,1142.53
cc8ec74cd87488d331f6,1038,deepseek-v3-2,managed-prompt,tatoeba,es,fr,Quítese la chaqueta si tiene calor.,Enlevez votre veste si vous avez chaud.,"{""c"":""Enleve ta veste si tu as chaud.""}",Enleve ta veste si tu as chaud.,True,1,0,True,True,False,True,,True,,,"{""reason"":""detector_mismatch_uncertain"",""detected"":""et"",""confidence"":1.0}",True,[],[],True,,"{""errors"":[{""category"":""tone"",""severity"":""minor""}]}",True,"[{""category"":""tone"",""severity"":""minor""}]",True,1,0,True,True,False,97,97,1245,17,1262,,,1157.22,1311,17,1328,0,0,1245.8
b437f7edc9e92bebc014,1039,deepseek-v3-2,managed-prompt,tatoeba,es,fr,Tom se preocupa demasiado.,Tom s'inquiète de trop.,"{""c"":""Tom s'inquiète trop.""}",Tom s'inquiète trop.,True,1,0,True,True,False,True,,True,,True,"{""reason"":""detector_match"",""detected"":""fr"",""confidence"":1.0}",True,[],[],True,,"{""errors"":[]}",True,[],True,1,0,True,True,False,100,100,1242,13,1255,,,879.82,1300,8,1308,0,0,1250.04
701c9bb13a3b5915021b,1040,deepseek-v3-2,managed-prompt,tatoeba,es,it,Vení conmigo a la oficina así te explico.,Vieni da me in ufficio così ti spiego.,"{""c"":""Vieni con me in ufficio così ti spiego.""}",Vieni con me in ufficio così ti spiego.,True,1,0,True,True,False,True,,True,,True,"{""reason"":""detector_match"",""detected"":""it"",""confidence"":1.0}",True,[],[],True,,"{""errors"":[]}",True,[],True,1,0,True,True,False,100,100,1248,18,1266,,,696.43,1314,8,1322,0,0,1193.3
b6568a466c345e7b1a13,1041,deepseek-v3-2,managed-prompt,tatoeba,es,it,Mi hermana toca el piano cada día.,Mia sorella suona il piano ogni giorno.,"{""c"":""Mia sorella suona il piano ogni giorno.""}",Mia sorella suona il piano ogni giorno.,True,1,0,True,True,False,True,,True,,True,"{""reason"":""detector_match"",""detected"":""it"",""confidence"":1.0}",True,[],[],True,,"{""errors"":[]}",True,[],True,1,0,True,True,False,100,100,1244,16,1260,,,967.84,1307,8,1315,0,0,1213.2
9593ea1ed0fa9d72d9de,1042,deepseek-v3-2,managed-prompt,tatoeba,es,it,Creo que deberíamos ir allí.,Credo che dovremmo andarci.,"{""c"":""Penso che dovremmo andare lì.""}",Penso che dovremmo andare lì.,True,1,0,True,True,False,True,,True,,True,"{""reason"":""detector_match"",""detected"":""it"",""confidence"":0.8571}",True,[],[],True,,"{""errors"":[]}",True,[],True,1,0,True,True,False,100,100,1242,16,1258,,,791.22,1306,8,1314,0,0,1216.35
dee53bcbb2164fbc5eee,1043,deepseek-v3-2,managed-prompt,tatoeba,es,it,Los peces son animales de sangre fría.,I pesci sono animali a sangue freddo.,"{""c"":""I pesci sono animali a sangue freddo.""}",I pesci sono animali a sangue freddo.,True,1,0,True,True,False,True,,True,,True,"{""reason"":""detector_match"",""detected"":""it"",""confidence"":1.0}",True,[],[],True,,"{""errors"":[]}",True,[],True,1,0,True,True,False,100,100,1244,15,1259,,,706.38,1307,8,1315,0,0,1206.87
27f67bdad75d674cb4e2,1044,deepseek-v3-2,managed-prompt,tatoeba,es,it,¿Cuál es tu trago favorito para un día frío?,Qual è la tua bevanda preferita in un giorno freddo?,"{""c"":""Qual è la tua bevanda preferita per una giornata fredda?""}",Qual è la tua bevanda preferita per una giornata fredda?,True,1,0,True,True,False,True,,True,,True,"{""reason"":""detector_match"",""detected"":""it"",""confidence"":1.0}",True,[],[],True,,"{""errors"":[]}",True,[],True,1,0,True,True,False,100,100,1249,20,1269,,,698.82,1325,8,1333,0,0,1058.26
c19b1ee6746c0d72fc12,1045,deepseek-v3-2,managed-prompt,tatoeba,es,it,El gato parece muy feliz.,Il gatto sembra estremamente felice.,"{""c"":""Il gatto sembra molto felice.""}",Il gatto sembra molto felice.,True,1,0,True,True,False,True,,True,,True,"{""reason"":""detector_match"",""detected"":""it"",""confidence"":1.0}",True,[],[],True,,"{""errors"":[]}",True,[],True,1,0,True,True,False,100,100,1242,14,1256,,,732.27,1300,8,1308,0,0,1255.41
74946e1827f69a1da62e,1046,deepseek-v3-2,managed-prompt,tatoeba,es,it,"Cuando estaba por salir de casa, recibí una llamada de ella.","Quando stavo per uscire di casa, ho ricevuto una chiamata da lei.","{""c"":""Quando stavo per uscire di casa, ho ricevuto una sua telefonata.""}","Quando stavo per uscire di casa, ho ricevuto una sua telefonata.",True,1,0,True,True,False,True,,True,,True,"{""reason"":""detector_match"",""detected"":""it"",""confidence"":1.0}",True,[],[],True,,"{""errors"":[]}",True,[],True,1,0,True,True,False,100,100,1250,24,1274,,,877.91,1332,8,1340,0,0,1098.16
3158503c4f3b40ea7a12,1047,deepseek-v3-2,managed-prompt,tatoeba,es,it,No sabemos si él vendrá o no.,Non sappiamo se verrà o no.,"{""c"":""Non sappiamo se verrà o no.""}",Non sappiamo se verrà o no.,True,1,0,True,True,False,True,,True,,True,"{""reason"":""detector_match"",""detected"":""it"",""confidence"":1.0}",True,[],[],True,,"{""errors"":[]}",True,[],True,1,0,True,True,False,100,100,1243,14,1257,,,707.65,1304,8,1312,0,0,1285.87
a0bcf188917b3e2e4a1b,1048,deepseek-v3-2,managed-prompt,tatoeba,es,it,No soy racista.,Io non sono razzista.,"{""c"":""Non sono razzista.""}",Non sono razzista.,True,1,0,True,True,False,True,,True,,True,"{""reason"":""detector_match"",""detected"":""it"",""confidence"":1.0}",True,[],[],True,,"{""errors"":[]}",True,[],True,1,0,True,True,False,100,100,1239,11,1250,,,742.24,1291,8,1299,0,0,1243.91
36f9dfbb291d1435688d,1049,deepseek-v3-2,managed-prompt,tatoeba,es,it,Tendrás que aprender mucho.,Dovrai imparare molto.,"{""c"":""Dovrai imparare molte cose.""}",Dovrai imparare molte cose.,True,1,0,True,True,False,True,,True,,True,"{""reason"":""detector_match"",""detected"":""it"",""confidence"":1.0}",True,[],[],True,,"{""errors"":[{""category"":""accuracy"",""severity"":""minor""}]}",True,"[{""category"":""accuracy"",""severity"":""minor""}]",True,1,0,True,True,False,97,97,1241,13,1254,,,868.38,1300,17,1317,0,0,1350.54
207544904f9dfde4fe5b,1050,deepseek-v3-2,managed-prompt,tatoeba,es,jp,Voy a exponer dos piezas en la galería de ella.,彼女のギャラリーに２点ほど出展するのよ。,"{""c"":""彼女のギャラリーで作品2点を出品します。""}",彼女のギャラリーで作品2点を出品します。,True,1,0,True,True,False,True,,True,,True,"{""reason"":""target_script_present"",""detected"":""ja"",""confidence"":1.0}",True,[],"[{""code"":""number_not_exact"",""expected"":{},""actual"":{""2"":1}}]",True,,"{""errors"":[]}",True,[],True,1,0,True,True,False,97,97,1251,20,1271,,,1115.72,1331,8,1339,0,0,1139.08
4c63f648c91776885345,1051,deepseek-v3-2,managed-prompt,tatoeba,es,jp,No os excuséis.,謝らないで。,"{""c"":""言い訳しないでください。""}",言い訳しないでください。,True,1,0,True,True,False,True,,True,,True,"{""reason"":""target_script_present"",""detected"":""ja"",""confidence"":1.0}",True,[],[],True,,"{""errors"":[{""category"":""accuracy"",""severity"":""major""}]}",False,"[{""category"":""accuracy"",""severity"":""major""}]",True,1,0,True,True,False,85,85,1241,12,1253,,,879.97,1295,17,1312,0,0,1289.16
1205b9badd9a673b8dfe,1052,deepseek-v3-2,managed-prompt,tatoeba,es,jp,Mi hermana mayor no me deja en paz.,姉ちゃんが僕のこと放っとかないんだよ。,"{""c"":""姉貴がうるさくてたまらない。""}",姉貴がうるさくてたまらない。,True,1,0,True,True,False,True,,True,,True,"{""reason"":""target_script_present"",""detected"":""ja"",""confidence"":1.0}",True,[],[],True,,"{""errors"":[{""category"":""accuracy"",""severity"":""minor""}]}",True,"[{""category"":""accuracy"",""severity"":""minor""}]",True,1,0,True,True,False,97,97,1246,18,1264,,,1041.67,1322,17,1339,0,0,1275.95
a3ff4c9c0c3f3536bc78,1053,deepseek-v3-2,managed-prompt,tatoeba,es,jp,Justo acaba de empezar a nevar ahora.,ちょうど今雪が降り始めた。,"{""c"":""Justo apenas empezó a nevar ahora.""}",Justo apenas empezó a nevar ahora.,True,1,0,True,True,False,True,,True,,False,"{""reason"":""target_script_missing"",""detected"":null,""confidence"":null}",True,[],[],True,,"{""errors"":[{""category"":""fluency"",""severity"":""critical""}]}",False,"[{""category"":""fluency"",""severity"":""critical""}]",True,1,0,True,True,False,60,60,1247,15,1262,,,646.46,1315,18,1333,0,0,1362.16
fd9920a82075a6eb205c,1054,deepseek-v3-2,managed-prompt,tatoeba,es,jp,Hay suficiente base para creer que él es sincero.,彼が正直だと信じる根拠は十分ある。,"{""c"":""彼が誠実だと信じる十分な根拠がある。""}",彼が誠実だと信じる十分な根拠がある。,True,1,0,True,True,False,True,,True,,True,"{""reason"":""target_script_present"",""detected"":""ja"",""confidence"":1.0}",True,[],[],True,,"{""errors"":[]}",True,[],True,1,0,True,True,False,100,100,1247,20,1267,,,815.7,1327,8,1335,0,0,1164.37
6ceb0d40b25dc3fc4944,1055,deepseek-v3-2,managed-prompt,tatoeba,es,jp,Es absolutamente imposible.,そんなことは絶対に不可能です。,"{""c"":""絶対に無理だ。""}",絶対に無理だ。,True,1,0,True,True,False,True,,True,,True,"{""reason"":""target_script_present"",""detected"":""ja"",""confidence"":1.0}",True,[],[],True,,"{""errors"":[{""category"":""tone"",""severity"":""minor""}]}",True,"[{""category"":""tone"",""severity"":""minor""}]",True,1,0,True,True,False,97,97,1241,12,1253,,,1310.09,1302,17,1319,0,0,2698.0
3e6e83c7d08682a1771a,1056,deepseek-v3-2,managed-prompt,tatoeba,es,jp,Él no va a estar en casa a la hora de almuerzo.,彼は昼食時に家にいないでしょう。,"{""c"":""彼は昼食の時間には家にいないんだ。""}",彼は昼食の時間には家にいないんだ。,True,1,0,True,True,False,True,,True,,True,"{""reason"":""target_script_present"",""detected"":""ja"",""confidence"":1.0}",True,[],[],True,,"{""errors"":[]}",True,[],True,1,0,True,True,False,100,100,1251,18,1269,,,973.35,1324,8,1332,0,0,1219.59
ef63a8aafbed47a9178e,1057,deepseek-v3-2,managed-prompt,tatoeba,es,jp,Hacía mucho frío ayer por la mañana.,昨日の朝はとても寒かった。,"{""c"":""昨日の朝はとても寒かったです。""}",昨日の朝はとても寒かったです。,True,1,0,True,True,False,True,,True,,True,"{""reason"":""target_script_present"",""detected"":""ja"",""confidence"":1.0}",True,[],[],True,,"{""errors"":[]}",True,[],True,1,0,True,True,False,100,100,1248,14,1262,,,747.23,1317,8,1325,0,0,1408.96
2343d1ba95718854c0b7,1058,deepseek-v3-2,managed-prompt,tatoeba,es,jp,La lectura es útil para incrementar el vocabulario.,読書は語彙を増やすのに役に立つ。,"{""c"":""読書は語彙を増やすのに役立ちます。""}",読書は語彙を増やすのに役立ちます。,True,1,0,True,True,False,True,,True,,True,"{""reason"":""target_script_present"",""detected"":""ja"",""confidence"":1.0}",True,[],[],True,,"{""errors"":[]}",True,[],True,1,0,True,True,False,100,100,1247,18,1265,,,704.1,1322,8,1330,0,0,1197.14
ede2788f0fd6e209d525,1059,deepseek-v3-2,managed-prompt,tatoeba,es,jp,Este es mi escritorio.,これは私の机です。,"{""c"":""これは私のデスクです。""}",これは私のデスクです。,True,1,0,True,True,False,True,,True,,True,"{""reason"":""target_script_present"",""detected"":""ja"",""confidence"":1.0}",True,[],[],True,,"{""errors"":[{""category"":""terminology"",""severity"":""minor""}]}",True,"[{""category"":""terminology"",""severity"":""minor""}]",True,1,0,True,True,False,97,97,1241,12,1253,,,681.33,1295,17,1312,0,0,1183.5
fce24259307a92a916c2,1060,deepseek-v3-2,managed-prompt,tatoeba,es,nl,El problema más grande es cuándo comenzar.,Wanneer te beginnen is het grootste probleem.,"{""c"":""Het grootste probleem is wanneer je moet beginnen.""}",Het grootste probleem is wanneer je moet beginnen.,True,1,0,True,True,False,True,,True,,True,"{""reason"":""detector_match"",""detected"":""nl"",""confidence"":1.0}",True,[],[],True,,"{""errors"":[]}",True,[],True,1,0,True,True,False,100,100,1245,16,1261,,,1140.3,1306,8,1314,0,0,1248.51
0fbcca44b9bed6c42a2c,1061,deepseek-v3-2,managed-prompt,tatoeba,es,nl,Yo crecí en Boston.,Ik groeide op in Boston.,"{""c"":""Ik ben opgegroeid in Boston.""}",Ik ben opgegroeid in Boston.,True,1,0,True,True,False,True,,True,,,"{""reason"":""detector_mismatch_uncertain"",""detected"":""af"",""confidence"":1.0}",True,[],[],True,,"{""errors"":[]}",True,[],True,1,0,True,True,False,100,100,1240,15,1255,,,704.95,1300,8,1308,0,0,1161.47
124c9e478b2c72c4f3b2,1062,deepseek-v3-2,managed-prompt,tatoeba,es,nl,Tengo una familia numerosa.,Ik heb een grote familie.,"{""c"":""Ik heb een groot gezin.""}",Ik heb een groot gezin.,True,1,0,True,True,False,True,,True,,True,"{""reason"":""detector_match"",""detected"":""nl"",""confidence"":1.0}",True,[],[],True,,"{""errors"":[]}",True,[],True,1,0,True,True,False,100,100,1241,12,1253,,,817.93,1298,8,1306,0,0,1247.56
a176103ccd912dd3b879,1063,deepseek-v3-2,managed-prompt,tatoeba,es,nl,Es capaz de enseñar francés.,Hij kan Frans onderwijzen.,"{""c"":""Kan Frans onderwijzen.""}",Kan Frans onderwijzen.,True,1,0,True,True,False,True,,True,,True,"{""reason"":""detector_match"",""detected"":""nl"",""confidence"":1.0}",True,[],[],True,,"{""errors"":[]}",True,[],True,1,0,True,True,False,100,100,1242,11,1253,,,678.95,1296,8,1304,0,0,1219.44
901d19e8aa8d50fe51fe,1064,deepseek-v3-2,managed-prompt,tatoeba,es,nl,¿Por qué no te quitas el abrigo?,Waarom doe je je jas niet uit?,"{""c"":""Waarom trek je je jas niet uit?""}",Waarom trek je je jas niet uit?,True,1,0,True,True,False,True,,True,,,"{""reason"":""detector_inconclusive"",""detected"":""hr"",""confidence"":0.8571}",True,[],[],True,,"{""errors"":[]}",True,[],True,1,0,True,True,False,100,100,1246,14,1260,,,851.07,1309,8,1317,0,0,1234.17
b864e7195b6047dc0325,1065,deepseek-v3-2,managed-prompt,tatoeba,es,nl,Creen que Jane es sincera.,Ze geloven dat Jane eerlijk is.,"{""c"":""Denken jullie dat Jane oprecht is.""}",Denken jullie dat Jane oprecht is.,True,1,0,True,True,False,True,,True,,True,"{""reason"":""detector_match"",""detected"":""nl"",""confidence"":1.0}",True,[],[],True,,"{""errors"":[{""category"":""accuracy"",""severity"":""major""}]}",False,"[{""category"":""accuracy"",""severity"":""major""}]",True,1,0,True,True,False,85,85,1242,16,1258,,,775.94,1300,17,1317,0,0,1175.15
d1c47eea88620bdfcb3c,1066,deepseek-v3-2,managed-prompt,tatoeba,es,nl,"A mi hermana le gustan los melones, y a mí también.",Mijn zus houdt van meloenen en ik ook.,"{""c"":""Mijn zus houdt van meloenen en ik ook.""}",Mijn zus houdt van meloenen en ik ook.,True,1,0,True,True,False,True,,True,,True,"{""reason"":""detector_match"",""detected"":""nl"",""confidence"":1.0}",True,[],[],True,,"{""errors"":[]}",True,[],True,1,0,True,True,False,100,100,1250,19,1269,,,701.98,1320,8,1328,0,0,1118.57
e3bee097daf728183ab1,1067,deepseek-v3-2,managed-prompt,tatoeba,es,nl,Se tomó una semana libre.,Hij heeft een week vrij genomen.,"{""c"":""Ze heeft een week vrij genomen.""}",Ze heeft een week vrij genomen.,True,1,0,True,True,False,True,,True,,True,"{""reason"":""detector_match"",""detected"":""nl"",""confidence"":1.0}",True,[],[],True,,"{""errors"":[]}",True,[],True,1,0,True,True,False,100,100,1241,13,1254,,,718.36,1297,8,1305,0,0,1285.48
52859bf4d39a3ee0afff,1068,deepseek-v3-2,managed-prompt,tatoeba,es,nl,Su único deseo era volver a ver a su hijo por última vez.,Haar enige wens was haar enige zoon een laatste keer terug te zien.,"{""c"":""Haar enige wens was om haar zoon nog een keer te zien.""}",Haar enige wens was om haar zoon nog een keer te zien.,True,1,0,True,True,False,True,,True,,True,"{""reason"":""detector_match"",""detected"":""nl"",""confidence"":1.0}",True,[],[],True,,"{""errors"":[{""category"":""accuracy"",""severity"":""major""}]}",False,"[{""category"":""accuracy"",""severity"":""major""}]",True,1,0,True,True,False,85,85,1250,21,1271,,,693.52,1326,17,1343,0,0,1340.92
491db90f6abb2771982b,1069,deepseek-v3-2,managed-prompt,tatoeba,es,nl,Hay mucho que hacer.,Er blijft nog veel te doen.,"{""c"":""Er is veel te doen.""}",Er is veel te doen.,True,1,0,True,True,False,True,,True,,True,"{""reason"":""detector_match"",""detected"":""nl"",""confidence"":1.0}",True,[],[],True,,"{""errors"":[]}",True,[],True,1,0,True,True,False,100,100,1239,11,1250,,,1186.74,1294,8,1302,0,0,1093.87
8e10bb0eff6c98acd9ec,1070,deepseek-v3-2,managed-prompt,tatoeba,es,nb,¿Tu pieza tiene dos ventanas?,Har rommet ditt to vinduer?,"{""c"":""Har du to vinduer på brikken?""}",Har du to vinduer på brikken?,True,1,0,True,True,False,True,,True,,True,"{""reason"":""detector_match"",""detected"":""no"",""confidence"":0.8578}",True,[],[],True,,"{""errors"":[{""category"":""accuracy"",""severity"":""major""}]}",False,"[{""category"":""accuracy"",""severity"":""major""}]",True,1,0,True,True,False,85,85,1243,15,1258,,,936.52,1304,17,1321,0,0,1137.46
2f1c5b13b5d915cb25ed,1071,deepseek-v3-2,managed-prompt,tatoeba,es,nb,Interlingua es una herramienta moderna para la comunicación internacional.,Interlingua er et moderne redskap for internasjonal kommunikasjon.,"{""c"":""Interlingua er et moderne verktøy for internasjonal kommunikasjon.""}",Interlingua er et moderne verktøy for internasjonal kommunikasjon.,True,1,0,True,True,False,True,,True,,True,"{""reason"":""detector_match"",""detected"":""no"",""confidence"":1.0}",True,[],[],True,,"{""errors"":[]}",True,[],True,1,0,True,True,False,100,100,1247,22,1269,,,819.96,1328,8,1336,0,0,1239.58
527ec66a6e1b3acb6a65,1072,deepseek-v3-2,managed-prompt,tatoeba,es,nb,Escribir una carta de amor en inglés no es fácil.,Det er ikke lett å skrive et kjærlighetsbrev på engelsk.,"{""c"":""Å skrive et kjærlighetsbrev på engelsk er ikke lett.""}",Å skrive et kjærlighetsbrev på engelsk er ikke lett.,True,1,0,True,True,False,True,,True,,True,"{""reason"":""detector_match"",""detected"":""no"",""confidence"":1.0}",True,[],[],True,,"{""errors"":[]}",True,[],True,1,0,True,True,False,100,100,1247,22,1269,,,730.52,1321,8,1329,0,0,1133.73
091bcd8109f0464dbc5a,1073,deepseek-v3-2,managed-prompt,tatoeba,es,nb,Yumi es buena jugando tenis.,Yumi er flink til å spille tennis.,"{""c"":""Yumi er flink til å spille tennis.""}",Yumi er flink til å spille tennis.,True,1,0,True,True,False,True,,True,,True,"{""reason"":""detector_match"",""detected"":""no"",""confidence"":1.0}",True,[],[],True,,"{""errors"":[]}",True,[],True,1,0,True,True,False,100,100,1243,16,1259,,,869.98,1306,8,1314,0,0,1218.76
df989b37868216b1af43,1074,deepseek-v3-2,managed-prompt,tatoeba,es,nb,He leído que el presidente de Brasil es una mujer. Se llama Dilma.,Jeg leste at presidenten i Brasil er en kvinne. Hun heter Dilma.,"{""c"":""Jeg har lest at presidenten i Brasil er en kvinne. Hun heter Dilma.""}",Jeg har lest at presidenten i Brasil er en kvinne. Hun heter Dilma.,True,1,0,True,True,False,True,,True,,True,"{""reason"":""detector_match"",""detected"":""no"",""confidence"":1.0}",True,[],[],True,,"{""errors"":[]}",True,[],True,1,0,True,True,False,100,100,1251,25,1276,,,1027.98,1334,8,1342,0,0,1149.17
97baa0367e5e03afc754,1075,deepseek-v3-2,managed-prompt,tatoeba,es,nb,Yo hablé con el embajador polaco.,Jeg snakket med den polske ambassadøren.,"{""c"":""Jeg snakket med den polske ambassadøren.""}",Jeg snakket med den polske ambassadøren.,True,1,0,True,True,False,True,,True,,True,"{""reason"":""detector_match"",""detected"":""no"",""confidence"":1.0}",True,[],[],True,,"{""errors"":[]}",True,[],True,1,0,True,True,False,100,100,1245,21,1266,,,1436.47,1312,8,1320,0,0,1857.51
8b88c12196ca116aadad,1076,deepseek-v3-2,managed-prompt,tatoeba,es,nb,Él llegó sano y salvo.,Han kom i god behold.,"{""c"":""Han kom helskjennet.""}",Han kom helskjennet.,True,1,0,True,True,False,True,,True,,True,"{""reason"":""detector_match"",""detected"":""no"",""confidence"":1.0}",True,[],[],True,,"{""errors"":[{""category"":""accuracy"",""severity"":""major""}]}",False,"[{""category"":""accuracy"",""severity"":""major""}]",True,1,0,True,True,False,85,85,1244,13,1257,,,714.61,1295,17,1312,0,0,1094.79
f6f2557c1aac78b25e20,1077,deepseek-v3-2,managed-prompt,tatoeba,es,nb,Él se comporta como si estuviera loco.,Han oppfører seg som om han var gal.,"{""c"":""Han oppfører seg som om han er gal.""}",Han oppfører seg som om han er gal.,True,1,0,True,True,False,True,,True,,True,"{""reason"":""detector_match"",""detected"":""no"",""confidence"":1.0}",True,[],[],True,,"{""errors"":[]}",True,[],True,1,0,True,True,False,100,100,1247,17,1264,,,1003.38,1308,8,1316,0,0,1328.13
2a168bc454da6bf1ef34,1078,deepseek-v3-2,managed-prompt,tatoeba,es,nb,Tengo tanta hambre como un lobo.,Jeg er sulten som en ulv.,"{""c"":""Jeg er så sulten som en ulv.""}",Jeg er så sulten som en ulv.,True,1,0,True,True,False,True,,True,,True,"{""reason"":""detector_match"",""detected"":""no"",""confidence"":1.0}",True,[],[],True,,"{""errors"":[]}",True,[],True,1,0,True,True,False,100,100,1245,17,1262,,,815.39,1304,8,1312,0,0,1263.64
598a9f5696f9c360143c,1079,deepseek-v3-2,managed-prompt,tatoeba,es,nb,Vive en un apartamento de lujo cerca de Central Park.,Han bor i en luksusleilighet i nærheten av Central Park.,"{""c"":""Bor i en luksusleilighet nær Central Park.""}",Bor i en luksusleilighet nær Central Park.,True,1,0,True,True,False,True,,True,,True,"{""reason"":""detector_match"",""detected"":""no"",""confidence"":1.0}",True,[],[],True,,"{""errors"":[]}",True,[],True,1,0,True,True,False,100,100,1248,19,1267,,,970.87,1319,8,1327,0,0,1156.52
982c3a52c5e54f13673d,1080,deepseek-v3-2,managed-prompt,tatoeba,fr,da,Ce n'est pas nécessaire.,Det er ikke nødvendigt.,"{""c"":""Det er ikke nødvendigt.""}",Det er ikke nødvendigt.,True,1,0,True,True,False,True,,True,,True,"{""reason"":""detector_match"",""detected"":""da"",""confidence"":1.0}",True,[],[],True,,"{""errors"":[]}",True,[],True,1,0,True,True,False,100,100,1240,13,1253,,,766.57,1296,8,1304,0,0,1139.54
3e8f6daaa0ceb024be71,1081,deepseek-v3-2,managed-prompt,tatoeba,fr,da,Il fait trop chaud.,Det er for varmt.,"{""c"":""Det er for varmt.""}",Det er for varmt.,True,1,0,True,True,False,True,,True,,True,"{""reason"":""detector_match"",""detected"":""da"",""confidence"":0.8476}",True,[],[],True,,"{""errors"":[]}",True,[],True,1,0,True,True,False,100,100,1240,12,1252,,,742.34,1290,8,1298,0,0,1229.12
599aee4b3c1a21de3c24,1082,deepseek-v3-2,managed-prompt,tatoeba,fr,da,Il y a sept jours dans une semaine.,Der er syv dage i en uge.,"{""c"":""Der er syv dage i en uge.""}",Der er syv dage i en uge.,True,1,0,True,True,False,True,,True,,True,"{""reason"":""detector_match"",""detected"":""da"",""confidence"":1.0}",True,[],[],True,,"{""errors"":[]}",True,[],True,1,0,True,True,False,100,100,1243,16,1259,,,699.05,1304,8,1312,0,0,1065.24
0e1bb7bc970dd1a11c5a,1083,deepseek-v3-2,managed-prompt,tatoeba,fr,da,"Aujourd'hui, le ciel est bleu et sans nuages.",I dag er himlen blå og skyfri.,"{""c"":""I dag er himlen blå og skyfri.""}",I dag er himlen blå og skyfri.,True,1,0,True,True,False,True,,True,,True,"{""reason"":""detector_match"",""detected"":""da"",""confidence"":0.9945}",True,[],[],True,,"{""errors"":[]}",True,[],True,1,0,True,True,False,100,100,1248,16,1264,,,670.28,1311,8,1319,0,0,1306.56
40701d9de8d2c1d3dd78,1084,deepseek-v3-2,managed-prompt,tatoeba,fr,da,Pourquoi poses-tu cette question alors que tu connais déjà la réponse ?,Hvorfor stiller du spørgsmål som du allerede kender svaret på?,"{""c"":""Hvorfor stiller du det spørgsmål, når du allerede kender svaret?""}","Hvorfor stiller du det spørgsmål, når du allerede kender svaret?",True,1,0,True,True,False,True,,True,,True,"{""reason"":""detector_match"",""detected"":""da"",""confidence"":1.0}",True,[],[],True,,"{""errors"":[]}",True,[],True,1,0,True,True,False,100,100,1250,28,1278,,,1114.28,1338,8,1346,0,0,1182.33
1b6170e6794429e59be9,1085,deepseek-v3-2,managed-prompt,tatoeba,fr,da,L'Union européenne a été créée dans le but de mettre fin aux guerres qui ont régulièrement ensanglanté le continent pour aboutir à la Seconde guerre mondiale.,"Den Europæiske Union oprettes med det formål at gøre en ende på de mange blodige nabokrige, der kulminerede med den anden verdenskrig.","{""c"":""Den Europæiske Union blev oprettet med det formål at bringe en ende på krigene, der regelmæssigt havde overskygget kontinentet og ledt frem til Anden Verdenskrig.""}","Den Europæiske Union blev oprettet med det formål at bringe en ende på krigene, der regelmæssigt havde overskygget kontinentet og ledt frem til Anden Verdenskrig.",True,1,0,True,True,False,True,,True,,True,"{""reason"":""detector_match"",""detected"":""da"",""confidence"":1.0}",True,[],[],True,,"{""errors"":[{""category"":""accuracy"",""severity"":""major""}]}",False,"[{""category"":""accuracy"",""severity"":""major""}]",True,1,0,True,True,False,85,85,1271,54,1325,,,1101.63,1401,17,1418,0,0,1256.32
6cc5362ced43b9a2bfa1,1086,deepseek-v3-2,managed-prompt,tatoeba,fr,da,Elle a un chien et six chats.,Hun har en hund og seks katte.,"{""c"":""Hun har en hund og seks katte.""}",Hun har en hund og seks katte.,True,1,0,True,True,False,True,,True,,,"{""reason"":""detector_mismatch_uncertain"",""detected"":""no"",""confidence"":1.0}",True,[],[],True,,"{""errors"":[]}",True,[],True,1,0,True,True,False,100,100,1243,15,1258,,,918.21,1303,8,1311,0,0,1040.69
2fdc8feab17fdf956427,1087,deepseek-v3-2,managed-prompt,tatoeba,fr,da,Bien sûr que je me souviens de toi.,Selvfølgelig husker jeg dig.,"{""c"":""Selvfølgelig husker jeg dig.""}",Selvfølgelig husker jeg dig.,True,1,0,True,True,False,True,,True,,,"{""reason"":""detector_inconclusive"",""detected"":""da"",""confidence"":0.5717}",True,[],[],True,,"{""errors"":[]}",True,[],True,1,0,True,True,False,100,100,1247,16,1263,,,876.7,1308,8,1316,0,0,1246.03
d4cc1b2de305b6146a2f,1088,deepseek-v3-2,managed-prompt,tatoeba,fr,da,Il y a une nette différence entre ces deux-là.,Der er en klar forskel mellem de to.,"{""c"":""Der er en tydelig forskel mellem de to.""}",Der er en tydelig forskel mellem de to.,True,1,0,True,True,False,True,,True,,True,"{""reason"":""detector_match"",""detected"":""da"",""confidence"":1.0}",True,[],[],True,,"{""errors"":[]}",True,[],True,1,0,True,True,False,100,100,1247,19,1266,,,920.92,1308,8,1316,0,0,1213.66
310d99dbd6aaf0a0b475,1089,deepseek-v3-2,managed-prompt,tatoeba,fr,da,Le chat joue avec une souris vivante.,Katten leger med en levende mus.,"{""c"":""Katten leger med en levende mus.""}",Katten leger med en levende mus.,True,1,0,True,True,False,True,,True,,True,"{""reason"":""detector_match"",""detected"":""da"",""confidence"":1.0}",True,[],[],True,,"{""errors"":[]}",True,[],True,1,0,True,True,False,100,100,1245,15,1260,,,886.11,1304,8,1312,0,0,1139.63
0bf985c007035893a745,1090,deepseek-v3-2,managed-prompt,tatoeba,fr,de,Tom ne m'a pas écouté.,Tom hat mir nicht zugehört.,"{""c"":""Tom hat mir nicht zugehört.""}",Tom hat mir nicht zugehört.,True,1,0,True,True,False,True,,True,,True,"{""reason"":""detector_match"",""detected"":""de"",""confidence"":1.0}",True,[],[],True,,"{""errors"":[]}",True,[],True,1,0,True,True,False,100,100,1243,14,1257,,,980.83,1297,8,1305,0,0,1193.01
debd54306c515a7b7f2f,1091,deepseek-v3-2,managed-prompt,tatoeba,fr,de,Vous pouvez skier aussi bien que votre frère.,Ihr könnt genauso gut Ski fahren wie euer Bruder.,"{""c"":""Du kannst genauso gut Ski fahren wie dein Bruder.""}",Du kannst genauso gut Ski fahren wie dein Bruder.,True,1,0,True,True,False,True,,True,,True,"{""reason"":""detector_match"",""detected"":""de"",""confidence"":1.0}",True,[],[],True,,"{""errors"":[]}",True,[],True,1,0,True,True,False,100,100,1245,20,1265,,,1150.54,1323,8,1331,0,0,1258.67
2f62814fddf5eb0c73a9,1092,deepseek-v3-2,managed-prompt,tatoeba,fr,de,Comment mange-t-on un œuf à la coque convenablement ?,Wie wird ein weiches Ei anständig gegessen?,"{""c"":""Wie isst man ein ganz normales Frühstücksei richtig?""}",Wie isst man ein ganz normales Frühstücksei richtig?,True,1,0,True,True,False,True,,True,,True,"{""reason"":""detector_match"",""detected"":""de"",""confidence"":1.0}",True,[],[],True,,"{""errors"":[{""category"":""accuracy"",""severity"":""major""}]}",False,"[{""category"":""accuracy"",""severity"":""major""}]",True,1,0,True,True,False,85,85,1249,19,1268,,,1187.54,1324,17,1341,0,0,1263.62
b045fdd47c9d71dc605a,1093,deepseek-v3-2,managed-prompt,tatoeba,fr,de,Quand viendrez-vous ?,Wann kommt ihr?,"{""c"":""Wann kommst du?""}",Wann kommst du?,True,1,0,True,True,False,True,,True,,,"{""reason"":""detector_mismatch_uncertain"",""detected"":""no"",""confidence"":1.0}",True,[],[],True,,"{""errors"":[{""category"":""accuracy"",""severity"":""major""}]}",False,"[{""category"":""accuracy"",""severity"":""major""}]",True,1,0,True,True,False,85,85,1241,11,1252,,,798.97,1296,17,1313,0,0,1216.25
b9098a5ffd5ca52ca42b,1094,deepseek-v3-2,managed-prompt,tatoeba,fr,de,Avez-vous déjà entendu parler de cette personne ?,Haben Sie schon mal etwas von dieser Person gehört?,"{""c"":""Haben Sie schon von dieser Person gehört?""}",Haben Sie schon von dieser Person gehört?,True,1,0,True,True,False,True,,True,,True,"{""reason"":""detector_match"",""detected"":""de"",""confidence"":1.0}",True,[],[],True,,"{""errors"":[]}",True,[],True,1,0,True,True,False,100,100,1245,14,1259,,,1100.25,1317,8,1325,0,0,1009.01
fd4eb560ad29541c7485,1095,deepseek-v3-2,managed-prompt,tatoeba,fr,de,Le centre-ville est bruyant.,Die Innenstadt ist laut.,"{""c"":""Die Innenstadt ist laut.""}",Die Innenstadt ist laut.,True,1,0,True,True,False,True,,True,,True,"{""reason"":""detector_match"",""detected"":""de"",""confidence"":1.0}",True,[],[],True,,"{""errors"":[]}",True,[],True,1,0,True,True,False,100,100,1243,12,1255,,,720.81,1298,8,1306,0,0,1262.61
ad891ccee5e12af922c3,1096,deepseek-v3-2,managed-prompt,tatoeba,fr,de,Vous mettez rarement du sucre dans votre café.,Ihr gebt selten Zucker in euren Kaffee.,"{""c"":""Sie geben selten Zucker in Ihren Kaffee.""}",Sie geben selten Zucker in Ihren Kaffee.,True,1,0,True,True,False,True,,True,,True,"{""reason"":""detector_match"",""detected"":""de"",""confidence"":1.0}",True,[],[],True,,"{""errors"":[]}",True,[],True,1,0,True,True,False,100,100,1247,17,1264,,,748.84,1320,8,1328,0,0,1233.71
21d4b0c8c31fd197f79d,1097,deepseek-v3-2,managed-prompt,tatoeba,fr,de,Elles l'ignorent encore.,Sie wissen es noch nicht.,"{""c"":""Sie ignorieren es immer noch.""}",Sie ignorieren es immer noch.,True,1,0,True,True,False,True,,True,,True,"{""reason"":""detector_match"",""detected"":""de"",""confidence"":1.0}",True,[],[],True,,"{""errors"":[{""category"":""accuracy"",""severity"":""major""}]}",False,"[{""category"":""accuracy"",""severity"":""major""}]",True,1,0,True,True,False,85,85,1242,12,1254,,,709.84,1295,19,1314,0,0,1446.36
9c4803dbf171219bd146,1098,deepseek-v3-2,managed-prompt,tatoeba,fr,de,Veuillez ne pas fumer à l'intérieur.,Bitte rauchen Sie nicht drinnen.,"{""c"":""Bitte nicht im Inneren rauchen.""}",Bitte nicht im Inneren rauchen.,True,1,0,True,True,False,True,,True,,True,"{""reason"":""detector_match"",""detected"":""de"",""confidence"":1.0}",True,[],[],True,,"{""errors"":[]}",True,[],True,1,0,True,True,False,100,100,1247,14,1261,,,746.6,1310,8,1318,0,0,1090.25
1e54a42d00527ad4be9a,1099,deepseek-v3-2,managed-prompt,tatoeba,fr,de,Je ne veux pas l'énerver.,Ich will ihn nicht verärgern.,"{""c"":""Ich will ihn nicht verärgern.""}",Ich will ihn nicht verärgern.,True,1,0,True,True,False,True,,True,,True,"{""reason"":""detector_match"",""detected"":""de"",""confidence"":1.0}",True,[],[],True,,"{""errors"":[]}",True,[],True,1,0,True,True,False,100,100,1245,14,1259,,,771.2,1303,8,1311,0,0,1228.91
41a68123b289401a1044,1100,deepseek-v3-2,managed-prompt,tatoeba,fr,en,Je viens d'apprendre que Tom et Mary déménagent à Boston.,I just heard that Tom and Mary are moving to Boston.,"{""c"":""I just found out Tom and Mary are moving to Boston.""}",I just found out Tom and Mary are moving to Boston.,True,1,0,True,True,False,True,,True,,True,"{""reason"":""detector_match"",""detected"":""en"",""confidence"":1.0}",True,[],[],True,,"{""errors"":[]}",True,[],True,1,0,True,True,False,100,100,1251,17,1268,,,757.99,1314,8,1322,0,0,1222.22
bd532b3583e4ed7d21d4,1101,deepseek-v3-2,managed-prompt,tatoeba,fr,en,Il disait la vérité.,He told the truth.,"{""c"":""He was telling the truth.""}",He was telling the truth.,True,1,0,True,True,False,True,,True,,True,"{""reason"":""detector_match"",""detected"":""en"",""confidence"":1.0}",True,[],[],True,,"{""errors"":[]}",True,[],True,1,0,True,True,False,100,100,1241,11,1252,,,765.66,1290,8,1298,0,0,1038.28
499ac2b5313957f1af11,1102,deepseek-v3-2,managed-prompt,tatoeba,fr,en,"Terrible accident d'hélicoptère dans un cimetière belge, les sauveteurs ont déjà dégagé plus de 500 corps.","Horrible helicopter accident in a Belgian cemetery, the rescuers have already salvaged more than 500 corpses.","{""c"":""Terrible helicopter accident in a Belgian cemetery, rescuers have already cleared more than 500 bodies.""}","Terrible helicopter accident in a Belgian cemetery, rescuers have already cleared more than 500 bodies.",True,1,0,True,True,False,True,,True,,True,"{""reason"":""detector_match"",""detected"":""en"",""confidence"":1.0}",True,[],[],True,,"{""errors"":[]}",True,[],True,1,0,True,True,False,100,100,1268,26,1294,,,1086.76,1356,8,1364,0,0,1134.36
588a3bb44d6feaca5bd5,1103,deepseek-v3-2,managed-prompt,tatoeba,fr,en,Elle nous a servi un bon repas.,She served us a good meal.,"{""c"":""She served us a good meal.""}",She served us a good meal.,True,1,0,True,True,False,True,,True,,True,"{""reason"":""detector_match"",""detected"":""en"",""confidence"":1.0}",True,[],[],True,,"{""errors"":[]}",True,[],True,1,0,True,True,False,100,100,1243,12,1255,,,803.38,1295,8,1303,0,0,1232.42
649992ea3d189e33536d,1104,deepseek-v3-2,managed-prompt,tatoeba,fr,en,Comment as-tu perdu ton bras ?,How did you lose your arm?,"{""c"":""How did you lose your arm?""}",How did you lose your arm?,True,1,0,True,True,False,True,,True,,,"{""reason"":""detector_inconclusive"",""detected"":""en"",""confidence"":0.5714}",True,[],[],True,,"{""errors"":[]}",True,[],True,1,0,True,True,False,100,100,1243,12,1255,,,805.06,1297,8,1305,0,0,1207.63
5b38897248f268821354,1105,deepseek-v3-2,managed-prompt,tatoeba,fr,en,Allez au lit !,Get to bed.,"{""c"":""Go to bed!""}",Go to bed!,True,1,0,True,True,False,True,,True,,,"{""reason"":""too_short_for_language_detection"",""detected"":null,""confidence"":null}",True,[],[],True,,"{""errors"":[]}",True,[],True,1,0,True,True,False,100,100,1239,9,1248,,,845.01,1286,8,1294,0,0,1134.03
099bd125bcda9a86bfdc,1106,deepseek-v3-2,managed-prompt,tatoeba,fr,en,Ta maison est en vente.,Your house is for sale.,"{""c"":""Your house is for sale.""}",Your house is for sale.,True,1,0,True,True,False,True,,True,,True,"{""reason"":""detector_match"",""detected"":""en"",""confidence"":1.0}",True,[],[],True,,"{""errors"":[]}",True,[],True,1,0,True,True,False,100,100,1241,11,1252,,,740.89,1291,8,1299,0,0,2240.68
33ca70d46ef7b3b789eb,1107,deepseek-v3-2,managed-prompt,tatoeba,fr,en,Où te diriges-tu ?,Where are you heading?,"{""c"":""Where you headed?""}",Where you headed?,True,1,0,True,True,False,True,,True,,True,"{""reason"":""detector_match"",""detected"":""en"",""confidence"":1.0}",True,[],[],True,,"{""errors"":[]}",True,[],True,1,0,True,True,False,100,100,1242,9,1251,,,761.07,1290,8,1298,0,0,1212.73
fa628c64cac6fc3b9f5e,1108,deepseek-v3-2,managed-prompt,tatoeba,fr,en,Vous ne croirez pas ce qui vient d'arriver !,You won't believe what just happened!,"{""c"":""You won't believe what just happened!""}",You won't believe what just happened!,True,1,0,True,True,False,True,,True,,,"{""reason"":""detector_inconclusive"",""detected"":""en"",""confidence"":0.5714}",True,[],[],True,,"{""errors"":[]}",True,[],True,1,0,True,True,False,100,100,1247,13,1260,,,655.49,1304,8,1312,0,0,1191.99
b1a01efd60c6b385b468,1109,deepseek-v3-2,managed-prompt,tatoeba,fr,en,Il y a une fleur sur la table.,There is a flower on the table.,"{""c"":""There is a flower on the table.""}",There is a flower on the table.,True,1,0,True,True,False,True,,True,,True,"{""reason"":""detector_match"",""detected"":""en"",""confidence"":1.0}",True,[],[],True,,"{""errors"":[]}",True,[],True,1,0,True,True,False,100,100,1244,13,1257,,,904.18,1297,8,1305,0,0,1213.01
6e0364812ea57c84838f,1110,deepseek-v3-2,managed-prompt,tatoeba,fr,es,Tu avais promis de ne pas recommencer.,Prometiste no volver a hacerlo.,"{""c"":""Habías prometido no volver a empezar.""}",Habías prometido no volver a empezar.,True,1,0,True,True,False,True,,True,,,"{""reason"":""detector_mismatch_uncertain"",""detected"":""pt"",""confidence"":1.0}",True,[],[],True,,"{""errors"":[]}",True,[],True,1,0,True,True,False,100,100,1245,17,1262,,,677.93,1306,8,1314,0,0,1247.53
775e98132d7a528e837c,1111,deepseek-v3-2,managed-prompt,tatoeba,fr,es,Comment votre nom de famille s'écrit-il ?,¿Cómo se escribe vuestro apellido?,"{""c"":""¿Cómo se escribe tu apellido?""}",¿Cómo se escribe tu apellido?,True,1,0,True,True,False,True,,True,,True,"{""reason"":""detector_match"",""detected"":""es"",""confidence"":1.0}",True,[],[],True,,"{""errors"":[]}",True,[],True,1,0,True,True,False,100,100,1245,15,1260,,,753.34,1314,8,1322,0,0,1247.36
4edccfdeacfbd73077b2,1112,deepseek-v3-2,managed-prompt,tatoeba,fr,es,Il a un frère et deux sœurs.,Él tiene un hermano y dos hermanas.,"{""c"":""Él tiene un hermano y dos hermanas.""}",Él tiene un hermano y dos hermanas.,True,1,0,True,True,False,True,,True,,True,"{""reason"":""detector_match"",""detected"":""es"",""confidence"":1.0}",True,[],[],True,,"{""errors"":[]}",True,[],True,1,0,True,True,False,100,100,1245,16,1261,,,1590.3,1304,8,1312,0,0,1231.16
320165aab06ebd537804,1113,deepseek-v3-2,managed-prompt,tatoeba,fr,es,Il nous faut une méthode de travail complètement différente.,Necesitamos una forma de trabajar completamente diferente.,"{""c"":""Necesitamos un método de trabajo completamente diferente.""}",Necesitamos un método de trabajo completamente diferente.,True,1,0,True,True,False,True,,True,,True,"{""reason"":""detector_match"",""detected"":""es"",""confidence"":1.0}",True,[],[],True,,"{""errors"":[]}",True,[],True,1,0,True,True,False,100,100,1247,16,1263,,,738.33,1315,8,1323,0,0,1072.63
3be1c0c42a7dcc6e83cc,1114,deepseek-v3-2,managed-prompt,tatoeba,fr,es,"J'ai attendu pendant une heure, mais il n'est pas apparu.","Esperé durante una hora, pero él no apareció.","{""c"":""Esperé durante una hora, pero no apareció.""}","Esperé durante una hora, pero no apareció.",True,1,0,True,True,False,True,,True,,True,"{""reason"":""detector_match"",""detected"":""es"",""confidence"":1.0}",True,[],[],True,,"{""errors"":[]}",True,[],True,1,0,True,True,False,100,100,1250,17,1267,,,704.27,1315,8,1323,0,0,1125.14
993569da350da7ce5f71,1115,deepseek-v3-2,managed-prompt,tatoeba,fr,es,Quelle sorte de sports pratiques-tu ?,¿Qué clase de deportes practicas?,"{""c"":""¿Qué tipos de deportes practicas?""}",¿Qué tipos de deportes practicas?,True,1,0,True,True,False,True,,True,,True,"{""reason"":""detector_match"",""detected"":""es"",""confidence"":1.0}",True,[],[],True,,"{""errors"":[]}",True,[],True,1,0,True,True,False,100,100,1243,14,1257,,,720.3,1309,8,1317,0,0,1371.79
2f8dcf2da2a4f18744dd,1116,deepseek-v3-2,managed-prompt,tatoeba,fr,es,Je ne donne jamais de viande crue à manger à mon chien.,Nunca le doy de comer carne cruda a mi perro.,"{""c"":""Nunca le doy carne cruda de comer a mi perro.""}",Nunca le doy carne cruda de comer a mi perro.,True,1,0,True,True,False,True,,True,,True,"{""reason"":""detector_match"",""detected"":""es"",""confidence"":1.0}",True,[],[],True,,"{""errors"":[]}",True,[],True,1,0,True,True,False,100,100,1250,21,1271,,,1146.85,1326,8,1334,0,0,1142.77
ca75e690c9a591e87f33,1117,deepseek-v3-2,managed-prompt,tatoeba,fr,es,Ne me contredis pas ! Je sais ce qui est le mieux pour toi.,¡No me contradigas! Sé lo que es mejor para tí.,"{""c"":""¡No me lleves la contraria! Yo sé lo que es mejor para ti.""}",¡No me lleves la contraria! Yo sé lo que es mejor para ti.,True,1,0,True,True,False,True,,True,,True,"{""reason"":""detector_match"",""detected"":""es"",""confidence"":1.0}",True,[],[],True,,"{""errors"":[]}",True,[],True,1,0,True,True,False,100,100,1251,23,1274,,,1101.61,1331,8,1339,0,0,1088.29
44384403f4192ef416bb,1118,deepseek-v3-2,managed-prompt,tatoeba,fr,es,Enlevez votre veste si vous avez chaud.,Quítese la chaqueta si tiene calor.,"{""c"":""Quítate la chaqueta si tienes calor.""}",Quítate la chaqueta si tienes calor.,True,1,0,True,True,False,True,,True,,True,"{""reason"":""detector_match"",""detected"":""es"",""confidence"":0.842}",True,[],[],True,,"{""errors"":[{""category"":""tone"",""severity"":""minor""}]}",True,"[{""category"":""tone"",""severity"":""minor""}]",True,1,0,True,True,False,97,97,1246,17,1263,,,768.5,1313,17,1330,0,0,1275.47
666eaed004ab5754babf,1119,deepseek-v3-2,managed-prompt,tatoeba,fr,es,Tom s'inquiète de trop.,Tom se preocupa demasiado.,"{""c"":""Tom está demasiado preocupado.""}",Tom está demasiado preocupado.,True,1,0,True,True,False,True,,True,,,"{""reason"":""detector_mismatch_uncertain"",""detected"":""pt"",""confidence"":1.0}",True,[],[],True,,"{""errors"":[]}",True,[],True,1,0,True,True,False,100,100,1243,12,1255,,,730.21,1302,8,1310,0,0,1203.42
21b81a25e4120db6745a,1120,deepseek-v3-2,managed-prompt,tatoeba,fr,it,Fumer peut tuer.,Fumare può uccidere.,"{""c"":""Fumare uccide.""}",Fumare uccide.,True,1,0,True,True,False,True,,True,,,"{""reason"":""detector_inconclusive"",""detected"":""es"",""confidence"":0.7143}",True,[],[],True,,"{""errors"":[{""category"":""accuracy"",""severity"":""major""}]}",False,"[{""category"":""accuracy"",""severity"":""major""}]",True,1,0,True,True,False,85,85,1240,12,1252,,,801.87,1294,17,1311,0,0,1187.86
2734c659befe01a0eeba,1121,deepseek-v3-2,managed-prompt,tatoeba,fr,it,Linda va t'énucléer !,Linda sta per cavarti gli occhi!,"{""c"":""Linda ti sta per strappare via i bulbi oculari!""}",Linda ti sta per strappare via i bulbi oculari!,True,1,0,True,True,False,True,,True,,True,"{""reason"":""detector_match"",""detected"":""it"",""confidence"":0.8571}",True,[],[],True,,"{""errors"":[]}",True,[],True,1,0,True,True,False,100,100,1243,20,1263,,,991.35,1306,8,1314,0,0,1127.19
04a7f47edd962d63db5c,1122,deepseek-v3-2,managed-prompt,tatoeba,fr,it,C'est mon premier amour.,Lui è il mio primo amore.,"{""c"":""È il mio primo amore.""}",È il mio primo amore.,True,1,0,True,True,False,True,,True,,True,"{""reason"":""detector_match"",""detected"":""it"",""confidence"":1.0}",True,[],[],True,,"{""errors"":[]}",True,[],True,1,0,True,True,False,100,100,1241,12,1253,,,707.7,1297,8,1305,0,0,1215.33
63d438f56c05c5982979,1123,deepseek-v3-2,managed-prompt,tatoeba,fr,it,Je vais à New York la semaine prochaine.,Io vado a New York la settimana prossima.,"{""c"":""Vado a New York la prossima settimana.""}",Vado a New York la prossima settimana.,True,1,0,True,True,False,True,,True,,True,"{""reason"":""detector_match"",""detected"":""it"",""confidence"":0.8571}",True,[],[],True,,"{""errors"":[]}",True,[],True,1,0,True,True,False,100,100,1246,17,1263,,,700.26,1313,8,1321,0,0,1245.92
25cb00306e1a88bd4f2d,1124,deepseek-v3-2,managed-prompt,tatoeba,fr,it,Vous aviez les dents cariées.,Voi avevate i denti cariati.,"{""c"":""Era un goloso.""}",Era un goloso.,True,1,0,True,True,False,True,,True,,,"{""reason"":""detector_mismatch_uncertain"",""detected"":""es"",""confidence"":1.0}",True,[],[],True,,"{""errors"":[{""category"":""accuracy"",""severity"":""critical""}]}",False,"[{""category"":""accuracy"",""severity"":""critical""}]",True,1,0,True,True,False,60,60,1244,11,1255,,,659.35,1300,17,1317,0,0,1162.55
79b05e6b5535b74bdb1f,1125,deepseek-v3-2,managed-prompt,tatoeba,fr,it,Tu es passée par la fenêtre.,Tu sei passata dalla finestra.,"{""c"":""Sei passata attraverso la finestra.""}",Sei passata attraverso la finestra.,True,1,0,True,True,False,True,,True,,True,"{""reason"":""detector_match"",""detected"":""it"",""confidence"":1.0}",True,[],[],True,,"{""errors"":[]}",True,[],True,1,0,True,True,False,100,100,1243,14,1257,,,702.19,1299,8,1307,0,0,3132.54
4413677c2a3d6b532477,1126,deepseek-v3-2,managed-prompt,tatoeba,fr,it,Connaît-elle le vrai nom de Tom ?,Lei conosce il vero nome di Tom?,"{""c"":""Conosce il vero nome di Tom?""}",Conosce il vero nome di Tom?,True,1,0,True,True,False,True,,True,,True,"{""reason"":""detector_match"",""detected"":""it"",""confidence"":1.0}",True,[],[],True,,"{""errors"":[]}",True,[],True,1,0,True,True,False,100,100,1244,14,1258,,,938.02,1308,8,1316,0,0,1223.86
9607a4288aaf41101f69,1127,deepseek-v3-2,managed-prompt,tatoeba,fr,it,Je n'ai pas encore de contrat.,Non ho ancora un contratto.,"{""c"":""Non ho ancora un contratto.""}",Non ho ancora un contratto.,True,1,0,True,True,False,True,,True,,True,"{""reason"":""detector_match"",""detected"":""it"",""confidence"":1.0}",True,[],[],True,,"{""errors"":[]}",True,[],True,1,0,True,True,False,100,100,1242,12,1254,,,881.74,1295,8,1303,0,0,1662.29
268a644b7b63fc301cf9,1128,deepseek-v3-2,managed-prompt,tatoeba,fr,it,La chatte n'a pas l'air heureuse de nous voir.,La gatta non sembra felice di vederci.,"{""c"":""La gatta non sembra felice di vederci.""}",La gatta non sembra felice di vederci.,True,1,0,True,True,False,True,,True,,True,"{""reason"":""detector_match"",""detected"":""it"",""confidence"":1.0}",True,[],[],True,,"{""errors"":[]}",True,[],True,1,0,True,True,False,100,100,1249,18,1267,,,722.26,1314,8,1322,0,0,1267.69
adf0526c9507817ee446,1129,deepseek-v3-2,managed-prompt,tatoeba,fr,it,Il a affamé les chiens.,Lui ha affamato i cani.,"{""c"":""Affamò i cani.""}",Affamò i cani.,True,1,0,True,True,False,True,,True,,,"{""reason"":""detector_inconclusive"",""detected"":""cy"",""confidence"":0.5714}",True,[],[],True,,"{""errors"":[]}",True,[],True,1,0,True,True,False,100,100,1243,12,1255,,,696.65,1298,8,1306,0,0,1290.54
189473446deca1e5bf35,1130,deepseek-v3-2,managed-prompt,tatoeba,fr,jp,Noël est un jour férié à part.,クリスマスは特別な休日だ。,"{""c"":"" ノエルは別の休日です。""}", ノエルは別の休日です。,True,1,0,True,True,False,True,,True,,True,"{""reason"":""target_script_present"",""detected"":""ja"",""confidence"":1.0}",True,[],[],True,,"{""errors"":[{""category"":""terminology"",""severity"":""major""},{""category"":""accuracy"",""severity"":""major""}]}",False,"[{""category"":""terminology"",""severity"":""major""},{""category"":""accuracy"",""severity"":""major""}]",True,1,0,True,True,False,70,70,1246,16,1262,,,761.1,1309,26,1335,0,0,1218.19
0be440844b3d2dd71ad0,1131,deepseek-v3-2,managed-prompt,tatoeba,fr,jp,Je me rappelle l'événement aussi clairement que s'il avait eu lieu hier.,この事件の事はまるで昨日の事のようにはっきり覚えています。,"{""c"":""その出来事は、まるで昨日のことのように今でも鮮明に覚えている。""}",その出来事は、まるで昨日のことのように今でも鮮明に覚えている。,True,1,0,True,True,False,True,,True,,True,"{""reason"":""target_script_present"",""detected"":""ja"",""confidence"":1.0}",True,[],[],True,,"{""errors"":[]}",True,[],True,1,0,True,True,False,100,100,1256,24,1280,,,1262.04,1349,8,1357,0,0,1686.36
e5ff88189a5380d50b02,1132,deepseek-v3-2,managed-prompt,tatoeba,fr,jp,Sa clinique a perdu de nombreux patients depuis le scandale.,彼の診療所は、そのスキャンダル以来多くの患者を失った。,"{""c"":""スキャンダル以来、彼のクリニックは多くの患者を失った。""}",スキャンダル以来、彼のクリニックは多くの患者を失った。,True,1,0,True,True,False,True,,True,,True,"{""reason"":""target_script_present"",""detected"":""ja"",""confidence"":1.0}",True,[],[],True,,"{""errors"":[]}",True,[],True,1,0,True,True,False,100,100,1249,23,1272,,,7077.42,1341,8,1349,0,0,1198.7
6c62618ebdc1ee5d7e8a,1133,deepseek-v3-2,managed-prompt,tatoeba,fr,jp,En 1943 le Japon était en guerre.,１９４３年に日本は戦争をしていた。,"{""c"":""1943年、日本は戦争をしていた。""}",1943年、日本は戦争をしていた。,True,1,0,True,True,False,True,,True,,True,"{""reason"":""target_script_present"",""detected"":""ja"",""confidence"":1.0}",True,[],[],True,,"{""errors"":[]}",True,[],True,1,0,True,True,False,100,100,1245,16,1261,,,935.94,1318,8,1326,0,0,1225.28
5597cb43e249f01a1f02,1134,deepseek-v3-2,managed-prompt,tatoeba,fr,jp,Par dessus tout je veux être en bonne santé.,何ものにもまして私は健康になりたい。,"{""c"":""何よりも私は健康でいたい。""}",何よりも私は健康でいたい。,True,1,0,True,True,False,True,,True,,True,"{""reason"":""target_script_present"",""detected"":""ja"",""confidence"":1.0}",True,[],[],True,,"{""errors"":[]}",True,[],True,1,0,True,True,False,100,100,1247,13,1260,,,753.64,1316,8,1324,0,0,1189.57
a6ad6bbf6d8cb2a2cb17,1135,deepseek-v3-2,managed-prompt,tatoeba,fr,jp,"Généralement, je vais à pied à l'école.",私はたいてい歩いて学校へ行く。,"{""c"":""一般的に、私は徒歩で学校に行きます。""}",一般的に、私は徒歩で学校に行きます。,True,1,0,True,True,False,True,,True,,True,"{""reason"":""target_script_present"",""detected"":""ja"",""confidence"":1.0}",True,[],[],True,,"{""errors"":[]}",True,[],True,1,0,True,True,False,100,100,1250,16,1266,,,764.31,1324,8,1332,0,0,1145.99
2294ada3a19d04ff3fec,1136,deepseek-v3-2,managed-prompt,tatoeba,fr,jp,Mon loisir est de jouer de la guitare.,私の趣味はギターを弾くことです。,"{""c"":""俺の趣味はギターを弾くことです。""}",俺の趣味はギターを弾くことです。,True,1,0,True,True,False,True,,True,,True,"{""reason"":""target_script_present"",""detected"":""ja"",""confidence"":1.0}",True,[],[],True,,"{""errors"":[{""category"":""tone"",""severity"":""minor""}]}",True,"[{""category"":""tone"",""severity"":""minor""}]",True,1,0,True,True,False,97,97,1248,18,1266,,,711.77,1317,17,1334,0,0,1232.71
d368c61e84d9e7e6784f,1137,deepseek-v3-2,managed-prompt,tatoeba,fr,jp,Un récent sondage montre que le nombre de fumeurs diminue.,最近のある調査によると喫煙者の数は減少しつつある。,"{""c"":""最近の世論調査によると、喫煙者の数は減少している。""}",最近の世論調査によると、喫煙者の数は減少している。,True,1,0,True,True,False,True,,True,,True,"{""reason"":""target_script_present"",""detected"":""ja"",""confidence"":1.0}",True,[],[],True,,"{""errors"":[]}",True,[],True,1,0,True,True,False,100,100,1251,22,1273,,,789.26,1335,8,1343,0,0,1134.89
639aa25f2add7a48411a,1138,deepseek-v3-2,managed-prompt,tatoeba,fr,jp,Il est finalement devenu le président d'IBM.,彼はついにＩＢＭの社長になった。,"{""c"":""彼はついにIBMの社長になりました。""}",彼はついにIBMの社長になりました。,True,1,0,True,True,False,True,,True,,True,"{""reason"":""target_script_present"",""detected"":""ja"",""confidence"":1.0}",True,[],[],True,,"{""errors"":[]}",True,[],True,1,0,True,True,False,100,100,1247,16,1263,,,901.07,1320,8,1328,0,0,1200.37
91df6e5b0a1d38cafe36,1139,deepseek-v3-2,managed-prompt,tatoeba,fr,jp,Je suis stressé.,ストレスがたまってきたよ。,"{""c"":""イライラするわ。""}",イライラするわ。,True,1,0,True,True,False,True,,True,,True,"{""reason"":""target_script_present"",""detected"":""ja"",""confidence"":1.0}",True,[],[],True,,"{""errors"":[{""category"":""accuracy"",""severity"":""major""},{""category"":""tone"",""severity"":""minor""}]}",False,"[{""category"":""accuracy"",""severity"":""major""},{""category"":""tone"",""severity"":""minor""}]",True,1,0,True,True,False,82,82,1240,11,1251,,,865.41,1300,26,1326,0,0,2635.55
56286b14bc1fd76bfa9e,1140,deepseek-v3-2,managed-prompt,tatoeba,fr,nl,J'ai entendu un bruit étrange.,Ik heb een raar geluid gehoord.,"{""c"":""Ik hoorde een vreemd geluid.""}",Ik hoorde een vreemd geluid.,True,1,0,True,True,False,True,,True,,True,"{""reason"":""detector_match"",""detected"":""nl"",""confidence"":1.0}",True,[],[],True,,"{""errors"":[]}",True,[],True,1,0,True,True,False,100,100,1244,15,1259,,,786.1,1309,8,1317,0,0,1935.6
ae1e4fa9e6d735cea888,1141,deepseek-v3-2,managed-prompt,tatoeba,fr,nl,La vie c'est ce qui se passe pendant que tu es occupée à faire d'autres plans.,Leven is wat je gebeurt terwijl je andere plannen maakt.,"{""c"":""Het leven is wat er gebeurt terwijl jij bezig bent met andere plannen.""}",Het leven is wat er gebeurt terwijl jij bezig bent met andere plannen.,True,1,0,True,True,False,True,,True,,True,"{""reason"":""detector_match"",""detected"":""nl"",""confidence"":1.0}",True,[],[],True,,"{""errors"":[]}",True,[],True,1,0,True,True,False,100,100,1254,24,1278,,,941.25,1331,8,1339,0,0,1145.49
b9e10e9da5eb4d1ba9c4,1142,deepseek-v3-2,managed-prompt,tatoeba,fr,nl,J'espère te voir vite.,Ik hoop je snel te zien.,"{""c"":""Ik hoop je snel te zien.""}",Ik hoop je snel te zien.,True,1,0,True,True,False,True,,True,,True,"{""reason"":""detector_match"",""detected"":""nl"",""confidence"":1.0}",True,[],[],True,,"{""errors"":[]}",True,[],True,1,0,True,True,False,100,100,1241,12,1253,,,775.81,1304,8,1312,0,0,1224.01
9e2eb2c5416390d9ca34,1143,deepseek-v3-2,managed-prompt,tatoeba,fr,nl,Le Japon est un pays insulaire.,Japan is een land van eilanden.,"{""c"":""Japan is een eilandstaat.""}",Japan is een eilandstaat.,True,1,0,True,True,False,True,,True,,True,"{""reason"":""detector_match"",""detected"":""nl"",""confidence"":1.0}",True,[],[],True,,"{""errors"":[]}",True,[],True,1,0,True,True,False,100,100,1242,13,1255,,,779.22,1297,8,1305,0,0,1219.65
0ce2c0a4aea4ae0166c5,1144,deepseek-v3-2,managed-prompt,tatoeba,fr,nl,La Chine est beaucoup plus grande que le Japon.,China is veel groter dan Japan.,"{""c"":""China is veel groter dan Japan.""}",China is veel groter dan Japan.,True,1,0,True,True,False,True,,True,,True,"{""reason"":""detector_match"",""detected"":""nl"",""confidence"":1.0}",True,[],[],True,,"{""errors"":[]}",True,[],True,1,0,True,True,False,100,100,1244,13,1257,,,842.57,1303,8,1311,0,0,1290.62
15aae12d85ca629b1eb3,1145,deepseek-v3-2,managed-prompt,tatoeba,fr,nl,Signe ici !,Teken hier!,"{""c"":""Teek hier!""}",Teek hier!,True,1,0,True,True,False,True,,True,,,"{""reason"":""detector_mismatch_uncertain"",""detected"":""af"",""confidence"":1.0}",True,[],[],True,,"{""errors"":[{""category"":""accuracy"",""severity"":""major""}]}",False,"[{""category"":""accuracy"",""severity"":""major""}]",True,1,0,True,True,False,85,85,1238,9,1247,,,692.4,1288,17,1305,0,0,1104.5
625f0a86ca89584cffcc,1146,deepseek-v3-2,managed-prompt,tatoeba,fr,nl,Je ne devrais pas manger de nourriture contenant du sucre.,Ik zou geen voedsel moeten eten dat suiker bevat.,"{""c"":""Ik zou geen voedsel moeten eten dat suiker bevat.""}",Ik zou geen voedsel moeten eten dat suiker bevat.,True,1,0,True,True,False,True,,True,,True,"{""reason"":""detector_match"",""detected"":""nl"",""confidence"":1.0}",True,[],[],True,,"{""errors"":[]}",True,[],True,1,0,True,True,False,100,100,1249,16,1265,,,956.4,1325,8,1333,0,0,1220.97
574b8e9fcec737c23878,1147,deepseek-v3-2,managed-prompt,tatoeba,fr,nl,Nous nous tenions devant la porte et attendions.,We stonden voor de deur en wachtten.,"{""c"":""We stonden voor de deur en wachtten.""}",We stonden voor de deur en wachtten.,True,1,0,True,True,False,True,,True,,True,"{""reason"":""detector_match"",""detected"":""nl"",""confidence"":1.0}",True,[],[],True,,"{""errors"":[]}",True,[],True,1,0,True,True,False,100,100,1245,17,1262,,,773.64,1309,8,1317,0,0,1229.68
140cac4bb077f9fdfa05,1148,deepseek-v3-2,managed-prompt,tatoeba,fr,nl,Joan s'est cassé son bras gauche dans l'accident.,Joan brak haar linkerarm in het ongeluk.,"{""c"":""Joan heeft zijn linkerarm gebroken bij het ongeluk.""}",Joan heeft zijn linkerarm gebroken bij het ongeluk.,True,1,0,True,True,False,True,,True,,True,"{""reason"":""detector_match"",""detected"":""nl"",""confidence"":1.0}",True,[],[],True,,"{""errors"":[{""category"":""accuracy"",""severity"":""major""}]}",False,"[{""category"":""accuracy"",""severity"":""major""}]",True,1,0,True,True,False,85,85,1248,20,1268,,,1369.13,1315,17,1332,0,0,1184.81
50397f3a917c30fffdb7,1149,deepseek-v3-2,managed-prompt,tatoeba,fr,nl,J'ai été étonné d'entendre ce qui s'était passé.,Ik was verwonderd wanneer ik hoorde wat er gebeurd was.,"{""c"":""Ik was echt verrast toen ik hoorde wat er was gebeurd.""}",Ik was echt verrast toen ik hoorde wat er was gebeurd.,True,1,0,True,True,False,True,,True,,,"{""reason"":""detector_inconclusive"",""detected"":""af"",""confidence"":0.8571}",True,[],[],True,,"{""errors"":[{""category"":""accuracy"",""severity"":""minor""}]}",True,"[{""category"":""accuracy"",""severity"":""minor""}]",True,1,0,True,True,False,97,97,1250,21,1271,,,1080.25,1329,17,1346,0,0,1210.95
e3455934e86050dac782,1150,deepseek-v3-2,managed-prompt,tatoeba,fr,nb,L'orbite de Sirius est elliptique.,Banen rundt Sirius er elliptisk.,"{""c"":""Sirius' baneform er elliptisk.""}",Sirius' baneform er elliptisk.,True,1,0,True,True,False,True,,True,,,"{""reason"":""detector_mismatch_uncertain"",""detected"":""da"",""confidence"":1.0}",True,[],[],True,,"{""errors"":[]}",True,[],True,1,0,True,True,False,100,100,1244,15,1259,,,826.66,1309,8,1317,0,0,1396.12
84b0f07cfd6bc732d6c1,1151,deepseek-v3-2,managed-prompt,tatoeba,fr,nb,Le garçon et l'homme boivent de l'eau.,Guten og mannen drikk vatn.,"{""c"":""Gutten og mannen drikker vann.""}",Gutten og mannen drikker vann.,True,1,0,True,True,False,True,,True,,True,"{""reason"":""detector_match"",""detected"":""no"",""confidence"":1.0}",True,[],[],True,,"{""errors"":[]}",True,[],True,1,0,True,True,False,100,100,1246,16,1262,,,758.0,1311,8,1319,0,0,1305.53
7c0de5eb553546cab1f3,1152,deepseek-v3-2,managed-prompt,tatoeba,fr,nb,C'est mon cheval.,Dette er hesten min.,"{""c"":""Det er hesten min.""}",Det er hesten min.,True,1,0,True,True,False,True,,True,,,"{""reason"":""detector_inconclusive"",""detected"":""de"",""confidence"":0.4286}",True,[],[],True,,"{""errors"":[]}",True,[],True,1,0,True,True,False,100,100,1240,11,1251,,,648.12,1290,8,1298,0,0,1173.26
7fe5b58bcec5a65b586f,1153,deepseek-v3-2,managed-prompt,tatoeba,fr,nb,Il a deux fois plus de livres que moi.,Han har dobbelt so mange bøker som meg.,"{""c"":""Han har dobbelt så mange bøker som jeg.""}",Han har dobbelt så mange bøker som jeg.,True,1,0,True,True,False,True,,True,,True,"{""reason"":""detector_match"",""detected"":""no"",""confidence"":1.0}",True,[],[],True,,"{""errors"":[{""category"":""fluency"",""severity"":""minor""}]}",True,"[{""category"":""fluency"",""severity"":""minor""}]",True,1,0,True,True,False,97,97,1244,18,1262,,,701.7,1309,18,1327,0,0,1224.35
cd69b01334ac7f01e3a0,1154,deepseek-v3-2,managed-prompt,tatoeba,fr,nb,"Il va bientôt pleuvoir, regarde ces nuages noirs.","Det kommer til å regne snart, bare se på de mørke skyene.","{""c"":""Det kommer snart til å regne, se på de mørke skyene.""}","Det kommer snart til å regne, se på de mørke skyene.",True,1,0,True,True,False,True,,True,,True,"{""reason"":""detector_match"",""detected"":""no"",""confidence"":1.0}",True,[],[],True,,"{""errors"":[]}",True,[],True,1,0,True,True,False,100,100,1251,23,1274,,,1390.64,1324,8,1332,0,0,1231.57
37d6425497c64a2af791,1155,deepseek-v3-2,managed-prompt,tatoeba,fr,nb,Je m'appelle Jack.,Jeg heter Jack.,"{""c"":""Jeg heter Jack.""}",Jeg heter Jack.,True,1,0,True,True,False,True,,True,,,"{""reason"":""detector_inconclusive"",""detected"":""nl"",""confidence"":0.7143}",True,[],[],True,,"{""errors"":[]}",True,[],True,1,0,True,True,False,100,100,1240,10,1250,,,618.17,1290,8,1298,0,0,1314.98
e42acc55e7e481ff0eeb,1156,deepseek-v3-2,managed-prompt,tatoeba,fr,nb,Nous avons vu le match de football à la télévision.,Vi såg fotballkampen på TV.,"{""c"":""Vi så fotballkampen på TV.""}",Vi så fotballkampen på TV.,True,1,0,True,True,False,True,,True,,True,"{""reason"":""detector_match"",""detected"":""no"",""confidence"":1.0}",True,[],[],True,,"{""errors"":[]}",True,[],True,1,0,True,True,False,100,100,1246,14,1260,,,803.64,1308,8,1316,0,0,1182.34
a2c02155853c9b14895f,1157,deepseek-v3-2,managed-prompt,tatoeba,fr,nb,Mettez le jeu en pause.,Sett spillet på pause.,"{""c"":""Sett spillet på pause.""}",Sett spillet på pause.,True,1,0,True,True,False,True,,True,,True,"{""reason"":""detector_match"",""detected"":""no"",""confidence"":1.0}",True,[],[],True,,"{""errors"":[]}",True,[],True,1,0,True,True,False,100,100,1242,12,1254,,,819.82,1297,8,1305,0,0,1214.6
bdf31dc7c053c915035e,1158,deepseek-v3-2,managed-prompt,tatoeba,fr,nb,Elle est juste derrière toi.,Ho er rett bak deg.,"{""c"":""Hun er rett bak deg.""}",Hun er rett bak deg.,True,1,0,True,True,False,True,,True,,True,"{""reason"":""detector_match"",""detected"":""no"",""confidence"":1.0}",True,[],[],True,,"{""errors"":[]}",True,[],True,1,0,True,True,False,100,100,1242,13,1255,,,653.89,1297,8,1305,0,0,1244.93
930b6a127ac9abb1ae17,1159,deepseek-v3-2,managed-prompt,tatoeba,fr,nb,Il y a peu d’étudiants qui comprennent le latin.,Få studenter kan forstå latin.,"{""c"":""Det er få studenter som forstår latin.""}",Det er få studenter som forstår latin.,True,1,0,True,True,False,True,,True,,,"{""reason"":""detector_mismatch_uncertain"",""detected"":""da"",""confidence"":0.9997}",True,[],[],True,,"{""errors"":[]}",True,[],True,1,0,True,True,False,100,100,1250,16,1266,,,861.29,1309,8,1317,0,0,1258.71
5d23fb82e5cfcfdb625b,1160,deepseek-v3-2,managed-prompt,tatoeba,it,da,Sì.,Ja.,"{""c"":""Ja.""}",Ja.,True,1,0,True,True,False,True,,True,,,"{""reason"":""too_short_for_language_detection"",""detected"":null,""confidence"":null}",True,[],[],True,,"{""errors"":[]}",True,[],True,1,0,True,True,False,100,100,1237,7,1244,,,715.87,1281,8,1289,0,0,1202.68
a5c33228e7de30a205ac,1161,deepseek-v3-2,managed-prompt,tatoeba,it,da,È gay.,Han er bøsse.,"{""c"":""Han er bøsse.""}",Han er bøsse.,True,1,0,True,True,False,True,,True,,True,"{""reason"":""detector_match"",""detected"":""da"",""confidence"":1.0}",True,[],[],True,,"{""errors"":[]}",True,[],True,1,0,True,True,False,100,100,1237,12,1249,,,763.88,1286,8,1294,0,0,2472.71
7bf64f5c8437177c2ea3,1162,deepseek-v3-2,managed-prompt,tatoeba,it,da,"Essi non ne parlano, ma si può vedere.","De snakker ikke om det, men du kan se det.","{""c"":""De taler ikke om det, men det kan ses.""}","De taler ikke om det, men det kan ses.",True,1,0,True,True,False,True,,True,,,"{""reason"":""detector_inconclusive"",""detected"":""no"",""confidence"":0.9006}",True,[],[],True,,"{""errors"":[]}",True,[],True,1,0,True,True,False,100,100,1246,17,1263,,,1544.67,1310,8,1318,0,0,1215.61
5aa2ec79a9422086f60c,1163,deepseek-v3-2,managed-prompt,tatoeba,it,da,Sono una persona.,Jeg er et menneske.,"{""c"":""Jeg er et menneske.""}",Jeg er et menneske.,True,1,0,True,True,False,True,,True,,,"{""reason"":""detector_mismatch_uncertain"",""detected"":""no"",""confidence"":1.0}",True,[],[],True,,"{""errors"":[]}",True,[],True,1,0,True,True,False,100,100,1239,13,1252,,,831.28,1290,8,1298,0,0,1195.43
5e291b74b49fc7e1f887,1164,deepseek-v3-2,managed-prompt,tatoeba,it,da,Studia francese e web design.,Han studerer fransk og webdesign.,"{""c"":""Lærer fransk og webdesign.""}",Lærer fransk og webdesign.,True,1,0,True,True,False,True,,True,,True,"{""reason"":""detector_match"",""detected"":""da"",""confidence"":1.0}",True,[],[],True,,"{""errors"":[]}",True,[],True,1,0,True,True,False,100,100,1242,14,1256,,,663.44,1298,8,1306,0,0,1316.32
0dda9ceaf49c61bb5aff,1165,deepseek-v3-2,managed-prompt,tatoeba,it,da,"È colpa mia, non vostra.","Det er min skyld, ikke din.","{""c"":""Det er min egen skyld, ikke jeres.""}","Det er min egen skyld, ikke jeres.",True,1,0,True,True,False,True,,True,,,"{""reason"":""detector_mismatch_uncertain"",""detected"":""no"",""confidence"":1.0}",True,[],[],True,,"{""errors"":[]}",True,[],True,1,0,True,True,False,100,100,1243,17,1260,,,900.34,1301,8,1309,0,0,1994.36
2d450f39f18bd884fc19,1166,deepseek-v3-2,managed-prompt,tatoeba,it,da,Questo è un avvertimento che dobbiamo prendere sul serio.,Dette er et varsel som vi må tage alvorligt.,"{""c"":""Dette er en advarsel, som vi er nødt til at tage alvorligt.""}","Dette er en advarsel, som vi er nødt til at tage alvorligt.",True,1,0,True,True,False,True,,True,,True,"{""reason"":""detector_match"",""detected"":""da"",""confidence"":1.0}",True,[],[],True,,"{""errors"":[]}",True,[],True,1,0,True,True,False,100,100,1251,26,1277,,,1103.76,1324,8,1332,0,0,1304.66
40fb2187d193e4146003,1167,deepseek-v3-2,managed-prompt,tatoeba,it,da,Il vaccino è estremamente efficace.,Vaccinen er særdeles effektiv.,"{""c"":""Vaccinen er utrolig effektiv.""}",Vaccinen er utrolig effektiv.,True,1,0,True,True,False,True,,True,,,"{""reason"":""detector_mismatch_uncertain"",""detected"":""no"",""confidence"":1.0}",True,[],[],True,,"{""errors"":[{""category"":""accuracy"",""severity"":""minor""}]}",True,"[{""category"":""accuracy"",""severity"":""minor""}]",True,1,0,True,True,False,97,97,1243,16,1259,,,812.91,1303,17,1320,0,0,1287.88
37e8251f804b03adab8a,1168,deepseek-v3-2,managed-prompt,tatoeba,it,da,Auckland è una città della Nuova Zelanda.,Auckland er en by i New Zealand.,"{""c"":""Auckland er en by i New Zealand.""}",Auckland er en by i New Zealand.,True,1,0,True,True,False,True,,True,,,"{""reason"":""detector_inconclusive"",""detected"":""en"",""confidence"":0.7143}",True,[],[],True,,"{""errors"":[]}",True,[],True,1,0,True,True,False,100,100,1245,14,1259,,,719.16,1299,8,1307,0,0,1263.28
5d5b650dbf0f66625eb3,1169,deepseek-v3-2,managed-prompt,tatoeba,it,da,Lei è troppo vecchia per lui.,Hun er for gammel til ham.,"{""c"":""Hun er for gammel til ham.""}",Hun er for gammel til ham.,True,1,0,True,True,False,True,,True,,True,"{""reason"":""detector_match"",""detected"":""da"",""confidence"":1.0}",True,[],[],True,,"{""errors"":[]}",True,[],True,1,0,True,True,False,100,100,1243,15,1258,,,756.28,1296,8,1304,0,0,1448.14
1be64fccfea9e082603f,1170,deepseek-v3-2,managed-prompt,tatoeba,it,de,Sei una sospettata.,Du bist eine Verdächtige.,"{""c"":""Du bist eine Verdächtige.""}",Du bist eine Verdächtige.,True,1,0,True,True,False,True,,True,,True,"{""reason"":""detector_match"",""detected"":""de"",""confidence"":1.0}",True,[],[],True,,"{""errors"":[]}",True,[],True,1,0,True,True,False,100,100,1242,12,1254,,,797.86,1297,8,1305,0,0,1340.88
e010b6420c2c4703f58b,1171,deepseek-v3-2,managed-prompt,tatoeba,it,de,So che sei un maestro.,"Ich weiß, dass Sie Lehrer sind.","{""c"":""Ich weiß, dass du ein Meister bist.""}","Ich weiß, dass du ein Meister bist.",True,1,0,True,True,False,True,,True,,True,"{""reason"":""detector_match"",""detected"":""de"",""confidence"":1.0}",True,[],[],True,,"{""errors"":[{""category"":""accuracy"",""severity"":""major""}]}",False,"[{""category"":""accuracy"",""severity"":""major""}]",True,1,0,True,True,False,85,85,1240,15,1255,,,1071.07,1306,17,1323,0,0,1237.06
ea76c5d51d8f18cf9006,1172,deepseek-v3-2,managed-prompt,tatoeba,it,de,Mi alzo alle 7:00.,Ich stehe um sieben Uhr auf.,"{""c"":""Ich stehe um 7:00 Uhr auf.""}",Ich stehe um 7:00 Uhr auf.,True,1,0,True,True,False,True,,True,,True,"{""reason"":""detector_match"",""detected"":""de"",""confidence"":1.0}",True,[],[],True,,"{""errors"":[]}",True,[],True,1,0,True,True,False,100,100,1243,16,1259,,,996.6,1307,8,1315,0,0,1089.41
9a6262de65527534c5db,1173,deepseek-v3-2,managed-prompt,tatoeba,it,de,"Tom è più intelligente di voi, sapete.","Wisst ihr, Tom ist intelligenter als ihr.","{""c"":""Tom ist schlauer als ihr, wisst ihr.""}","Tom ist schlauer als ihr, wisst ihr.",True,1,0,True,True,False,True,,True,,True,"{""reason"":""detector_match"",""detected"":""de"",""confidence"":1.0}",True,[],[],True,,"{""errors"":[]}",True,[],True,1,0,True,True,False,100,100,1245,17,1262,,,723.15,1306,8,1314,0,0,1268.63
592f45b90c16ca0d437f,1174,deepseek-v3-2,managed-prompt,tatoeba,it,de,Non ho bisogno del suo aiuto.,Ich brauche Ihre Hilfe nicht.,"{""c"":""Ich brauche deine Hilfe nicht.""}",Ich brauche deine Hilfe nicht.,True,1,0,True,True,False,True,,True,,True,"{""reason"":""detector_match"",""detected"":""de"",""confidence"":1.0}",True,[],[],True,,"{""errors"":[{""category"":""accuracy"",""severity"":""major""}]}",False,"[{""category"":""accuracy"",""severity"":""major""}]",True,1,0,True,True,False,85,85,1242,13,1255,,,902.0,1305,17,1322,0,0,1087.74
f4175f232f1f8cfbfb69,1175,deepseek-v3-2,managed-prompt,tatoeba,it,de,L'ipocrisia è la morte della democrazia.,Die Scheinheiligkeit ist der Tod der Demokratie.,"{""c"":""Heuchelei ist der Tod der Demokratie.""}",Heuchelei ist der Tod der Demokratie.,True,1,0,True,True,False,True,,True,,True,"{""reason"":""detector_match"",""detected"":""de"",""confidence"":1.0}",True,[],[],True,,"{""errors"":[]}",True,[],True,1,0,True,True,False,100,100,1248,15,1263,,,688.87,1312,8,1320,0,0,1044.76
e4a9815b88a828b64b33,1176,deepseek-v3-2,managed-prompt,tatoeba,it,de,"Non scrivermi al vecchio indirizzo, mi sono trasferito.",Nicht an meine alte Adresse schreiben! Ich bin umgezogen.,"{""c"":""Schreib mir nicht an die alte Adresse, ich bin umgezogen.""}","Schreib mir nicht an die alte Adresse, ich bin umgezogen.",True,1,0,True,True,False,True,,True,,True,"{""reason"":""detector_match"",""detected"":""de"",""confidence"":1.0}",True,[],[],True,,"{""errors"":[]}",True,[],True,1,0,True,True,False,100,100,1252,22,1274,,,790.3,1329,8,1337,0,0,1223.11
32677195b3aba94f98ce,1177,deepseek-v3-2,managed-prompt,tatoeba,it,de,Cerchiamo di aspettare e vedere come si sviluppano le cose.,"Lass uns abwarten und schauen, wie sich die Dinge entwickeln.","{""c"":""Versuchen wir abzuwarten und zu sehen, wie sich die Dinge entwickeln.""}","Versuchen wir abzuwarten und zu sehen, wie sich die Dinge entwickeln.",True,1,0,True,True,False,True,,True,,True,"{""reason"":""detector_match"",""detected"":""de"",""confidence"":1.0}",True,[],[],True,,"{""errors"":[]}",True,[],True,1,0,True,True,False,100,100,1250,24,1274,,,754.87,1334,8,1342,0,0,1100.68
288dd433aa8806e6218d,1178,deepseek-v3-2,managed-prompt,tatoeba,it,de,Chi l'ha detto? È assolutamente falso!,Wer hat das gesagt? Das ist völlig falsch!,"{""c"":""Wer hat das gesagt? Das ist absoluter Blödsinn!""}",Wer hat das gesagt? Das ist absoluter Blödsinn!,True,1,0,True,True,False,True,,True,,True,"{""reason"":""detector_match"",""detected"":""de"",""confidence"":1.0}",True,[],[],True,,"{""errors"":[{""category"":""accuracy"",""severity"":""major""}]}",False,"[{""category"":""accuracy"",""severity"":""major""}]",True,1,0,True,True,False,85,85,1247,20,1267,,,730.62,1318,17,1335,0,0,1299.97
c059d31436577b66ba82,1179,deepseek-v3-2,managed-prompt,tatoeba,it,de,Tom temeva di commettere un errore.,"Tom hatte Angst davor, einen Fehler zu machen.","{""c"":""Tom hatte Angst, einen Fehler zu begehen.""}","Tom hatte Angst, einen Fehler zu begehen.",True,1,0,True,True,False,True,,True,,True,"{""reason"":""detector_match"",""detected"":""de"",""confidence"":1.0}",True,[],[],True,,"{""errors"":[]}",True,[],True,1,0,True,True,False,100,100,1245,17,1262,,,691.7,1312,8,1320,0,0,1268.15
2576175e11910ee71690,1180,deepseek-v3-2,managed-prompt,tatoeba,it,en,La fidanzata di Tom l'ha visto con un'altra ragazza.,Tom's girlfriend saw him with another girl.,"{""c"":""Tom's fiancée saw him with another girl.""}",Tom's fiancée saw him with another girl.,True,1,0,True,True,False,True,,True,,True,"{""reason"":""detector_match"",""detected"":""en"",""confidence"":1.0}",True,[],[],True,,"{""errors"":[{""category"":""accuracy"",""severity"":""major""}]}",False,"[{""category"":""accuracy"",""severity"":""major""}]",True,1,0,True,True,False,85,85,1252,15,1267,,,691.22,1309,17,1326,0,0,1285.83
8e583581d84a839867b3,1181,deepseek-v3-2,managed-prompt,tatoeba,it,en,"Puoi parlarmi, sai?","You can talk to me, you know?","{""c"":""Can you speak to me, you know?""}","Can you speak to me, you know?",True,1,0,True,True,False,True,,True,,True,"{""reason"":""detector_match"",""detected"":""en"",""confidence"":1.0}",True,[],[],True,,"{""errors"":[]}",True,[],True,1,0,True,True,False,100,100,1242,14,1256,,,740.76,1301,8,1309,0,0,1124.35
d180c87544c40a77cfdf,1182,deepseek-v3-2,managed-prompt,tatoeba,it,en,Tom chiese a Mary dove fosse John.,Tom asked Mary where John was.,"{""c"":""Tom asked Mary where John was.""}",Tom asked Mary where John was.,True,1,0,True,True,False,True,,True,,True,"{""reason"":""detector_match"",""detected"":""en"",""confidence"":1.0}",True,[],[],True,,"{""errors"":[]}",True,[],True,1,0,True,True,False,100,100,1243,12,1255,,,1087.48,1295,8,1303,0,0,1226.92
a6b2a8070274fb0f0d5a,1183,deepseek-v3-2,managed-prompt,tatoeba,it,en,È veramente una straniera?,Are you really a foreigner?,"{""c"":""Is she really a foreigner?""}",Is she really a foreigner?,True,1,0,True,True,False,True,,True,,True,"{""reason"":""detector_match"",""detected"":""en"",""confidence"":1.0}",True,[],[],True,,"{""errors"":[{""category"":""accuracy"",""severity"":""major""}]}",False,"[{""category"":""accuracy"",""severity"":""major""}]",True,1,0,True,True,False,85,85,1241,12,1253,,,1001.17,1294,17,1311,0,0,1611.54
24f18b8b26fa7d80919d,1184,deepseek-v3-2,managed-prompt,tatoeba,it,en,Non aprire le porte.,Don't open the doors.,"{""c"":""Do not open the door.""}",Do not open the door.,True,1,0,True,True,False,True,,True,,,"{""reason"":""detector_inconclusive"",""detected"":""nl"",""confidence"":0.5714}",True,[],[],True,,"{""errors"":[{""category"":""accuracy"",""severity"":""minor""}]}",True,"[{""category"":""accuracy"",""severity"":""minor""}]",True,1,0,True,True,False,97,97,1240,11,1251,,,639.58,1290,17,1307,0,0,1232.28
64c7589133a897bd4159,1185,deepseek-v3-2,managed-prompt,tatoeba,it,en,Chiuda a chiave tutte le porte.,Lock all the doors.,"{""c"":""Lock all doors with a key.""}",Lock all doors with a key.,True,1,0,True,True,False,True,,True,,True,"{""reason"":""detector_match"",""detected"":""en"",""confidence"":1.0}",True,[],[],True,,"{""errors"":[]}",True,[],True,1,0,True,True,False,100,100,1243,12,1255,,,702.63,1295,8,1303,0,0,1044.04
254e5982e59a5b94d545,1186,deepseek-v3-2,managed-prompt,tatoeba,it,en,Il luogo è cambiato.,The location has changed.,"{""c"":""The room has changed.""}",The room has changed.,True,1,0,True,True,False,True,,True,,True,"{""reason"":""detector_match"",""detected"":""en"",""confidence"":1.0}",True,[],[],True,,"{""errors"":[{""category"":""accuracy"",""severity"":""major""}]}",False,"[{""category"":""accuracy"",""severity"":""major""}]",True,1,0,True,True,False,85,85,1240,10,1250,,,1062.94,1289,17,1306,0,0,1265.64
2a445df48e83e1e09081,1187,deepseek-v3-2,managed-prompt,tatoeba,it,en,È legale?,Is this legal?,"{""c"":""Is it allowed?""}",Is it allowed?,True,1,0,True,True,False,True,,True,,True,"{""reason"":""detector_match"",""detected"":""en"",""confidence"":1.0}",True,[],[],True,,"{""errors"":[{""category"":""accuracy"",""severity"":""minor""}]}",True,"[{""category"":""accuracy"",""severity"":""minor""}]",True,1,0,True,True,False,97,97,1238,9,1247,,,714.52,1285,17,1302,0,0,1251.63
1d0511aca7e60115294e,1188,deepseek-v3-2,managed-prompt,tatoeba,it,en,Posso parlare con un avvocato?,Can I speak to a lawyer?,"{""c"":""Can I speak to a lawyer?""}",Can I speak to a lawyer?,True,1,0,True,True,False,True,,True,,True,"{""reason"":""detector_match"",""detected"":""en"",""confidence"":1.0}",True,[],[],True,,"{""errors"":[]}",True,[],True,1,0,True,True,False,100,100,1244,12,1256,,,930.4,1299,8,1307,0,0,1155.75
803ef1b3a9a46689ed99,1189,deepseek-v3-2,managed-prompt,tatoeba,it,en,Un uomo eccellente: non ha nemici e non piace a nessun amico.,"An excellent man: he has no enemies, and none of his friends like him.","{""c"":""An excellent man: he has no enemies, but no friend likes him.""}","An excellent man: he has no enemies, but no friend likes him.",True,1,0,True,True,False,True,,True,,True,"{""reason"":""detector_match"",""detected"":""en"",""confidence"":1.0}",True,[],[],True,,"{""errors"":[]}",True,[],True,1,0,True,True,False,100,100,1256,20,1276,,,816.13,1325,8,1333,0,0,1263.95
f565bef67c546c22f22f,1190,deepseek-v3-2,managed-prompt,tatoeba,it,es,Vieni da me in ufficio così ti spiego.,Vení conmigo a la oficina así te explico.,"{""c"":""Ven a mi oficina para que te explique.""}",Ven a mi oficina para que te explique.,True,1,0,True,True,False,True,,True,,,"{""reason"":""detector_mismatch_uncertain"",""detected"":""ca"",""confidence"":1.0}",True,[],[],True,,"{""errors"":[]}",True,[],True,1,0,True,True,False,100,100,1247,15,1262,,,874.56,1313,8,1321,0,0,1175.08
cb75b6f7b50fde1b884a,1191,deepseek-v3-2,managed-prompt,tatoeba,it,es,Mia sorella suona il piano ogni giorno.,Mi hermana toca el piano cada día.,"{""c"":""Mi hermana toca el piano todos los días.""}",Mi hermana toca el piano todos los días.,True,1,0,True,True,False,True,,True,,True,"{""reason"":""detector_match"",""detected"":""es"",""confidence"":1.0}",True,[],[],True,,"{""errors"":[]}",True,[],True,1,0,True,True,False,100,100,1245,16,1261,,,979.83,1305,8,1313,0,0,1156.36
73a1f212db5caafb84c9,1192,deepseek-v3-2,managed-prompt,tatoeba,it,es,Credo che dovremmo andarci.,Creo que deberíamos ir allí.,"{""c"":""Creo que deberíamos ir allí.""}",Creo que deberíamos ir allí.,True,1,0,True,True,False,True,,True,,True,"{""reason"":""detector_match"",""detected"":""es"",""confidence"":1.0}",True,[],[],True,,"{""errors"":[]}",True,[],True,1,0,True,True,False,100,100,1244,13,1257,,,1242.79,1306,8,1314,0,0,1162.97
24d5b40f132b4c958180,1193,deepseek-v3-2,managed-prompt,tatoeba,it,es,I pesci sono animali a sangue freddo.,Los peces son animales de sangre fría.,"{""c"":""Los peces son animales de sangre fría.""}",Los peces son animales de sangre fría.,True,1,0,True,True,False,True,,True,,True,"{""reason"":""detector_match"",""detected"":""es"",""confidence"":1.0}",True,[],[],True,,"{""errors"":[]}",True,[],True,1,0,True,True,False,100,100,1244,15,1259,,,960.87,1307,8,1315,0,0,1142.38
1977c7387acfc8c76d29,1194,deepseek-v3-2,managed-prompt,tatoeba,it,es,Qual è la tua bevanda preferita in un giorno freddo?,¿Cuál es tu trago favorito para un día frío?,"{""c"":""¿Cuál es tu bebida favorita en un día frío?""}",¿Cuál es tu bebida favorita en un día frío?,True,1,0,True,True,False,True,,True,,True,"{""reason"":""detector_match"",""detected"":""es"",""confidence"":1.0}",True,[],[],True,,"{""errors"":[]}",True,[],True,1,0,True,True,False,100,100,1248,20,1268,,,725.36,1324,8,1332,0,0,1060.64
f0cadd97728e553aa512,1195,deepseek-v3-2,managed-prompt,tatoeba,it,es,Il gatto sembra estremamente felice.,El gato parece muy feliz.,"{""c"":""El gato parece muy feliz.""}",El gato parece muy feliz.,True,1,0,True,True,False,True,,True,,True,"{""reason"":""detector_match"",""detected"":""es"",""confidence"":1.0}",True,[],[],True,,"{""errors"":[]}",True,[],True,1,0,True,True,False,100,100,1245,13,1258,,,841.91,1300,8,1308,0,0,1258.27
38baf336f5254f5d2f11,1196,deepseek-v3-2,managed-prompt,tatoeba,it,es,"Quando stavo per uscire di casa, ho ricevuto una chiamata da lei.","Cuando estaba por salir de casa, recibí una llamada de ella.","{""c"":""Cuando estaba a punto de salir de casa, recibí una llamada suya.""}","Cuando estaba a punto de salir de casa, recibí una llamada suya.",True,1,0,True,True,False,True,,True,,True,"{""reason"":""detector_match"",""detected"":""es"",""confidence"":1.0}",True,[],[],True,,"{""errors"":[]}",True,[],True,1,0,True,True,False,100,100,1254,23,1277,,,1028.36,1332,8,1340,0,0,1160.21
134862dacc3938550776,1197,deepseek-v3-2,managed-prompt,tatoeba,it,es,Non sappiamo se verrà o no.,No sabemos si él vendrá o no.,"{""c"":""No sabemos si vendrá o no.""}",No sabemos si vendrá o no.,True,1,0,True,True,False,True,,True,,,"{""reason"":""detector_inconclusive"",""detected"":""pt"",""confidence"":0.8571}",True,[],[],True,,"{""errors"":[]}",True,[],True,1,0,True,True,False,100,100,1243,13,1256,,,841.24,1303,8,1311,0,0,1214.66
cccaa5c4c47d4a236763,1198,deepseek-v3-2,managed-prompt,tatoeba,it,es,Io non sono razzista.,No soy racista.,"{""c"":""No soy racista.""}",No soy racista.,True,1,0,True,True,False,True,,True,,True,"{""reason"":""detector_match"",""detected"":""es"",""confidence"":1.0}",True,[],[],True,,"{""errors"":[]}",True,[],True,1,0,True,True,False,100,100,1241,10,1251,,,749.16,1291,8,1299,0,0,1173.44
4efce98a5b4cbcd61dd8,1199,deepseek-v3-2,managed-prompt,tatoeba,it,es,Dovrai imparare molto.,Tendrás que aprender mucho.,"{""c"":""Deberás aprender mucho.""}",Deberás aprender mucho.,True,1,0,True,True,False,True,,True,,,"{""reason"":""detector_inconclusive"",""detected"":""de"",""confidence"":0.4286}",True,[],[],True,,"{""errors"":[]}",True,[],True,1,0,True,True,False,100,100,1241,11,1252,,,908.72,1298,8,1306,0,0,1249.55
dd006631017970d10af1,1200,deepseek-v3-2,managed-prompt,tatoeba,it,fr,Fumare può uccidere.,Fumer peut tuer.,"{""c"":""Fumer peut tuer.""}",Fumer peut tuer.,True,1,0,True,True,False,True,,True,,True,"{""reason"":""detector_match"",""detected"":""fr"",""confidence"":0.8571}",True,[],[],True,,"{""errors"":[]}",True,[],True,1,0,True,True,False,100,100,1243,11,1254,,,821.06,1294,8,1302,0,0,1303.58
7178fa2f143fa9a1561f,1201,deepseek-v3-2,managed-prompt,tatoeba,it,fr,Linda sta per cavarti gli occhi!,Linda va t'énucléer !,"{""c"":""Linda est sur le point de t'arracher les yeux !""}",Linda est sur le point de t'arracher les yeux !,True,1,0,True,True,False,True,,True,,True,"{""reason"":""detector_match"",""detected"":""fr"",""confidence"":1.0}",True,[],[],True,,"{""errors"":[]}",True,[],True,1,0,True,True,False,100,100,1243,18,1261,,,920.69,1306,8,1314,0,0,1038.93
ee9b7ec93124192db920,1202,deepseek-v3-2,managed-prompt,tatoeba,it,fr,Lui è il mio primo amore.,C'est mon premier amour.,"{""c"":""C'est mon premier amour.""}",C'est mon premier amour.,True,1,0,True,True,False,True,,True,,True,"{""reason"":""detector_match"",""detected"":""fr"",""confidence"":1.0}",True,[],[],True,,"{""errors"":[]}",True,[],True,1,0,True,True,False,100,100,1243,12,1255,,,820.5,1297,8,1305,0,0,1204.47
75a56a878918edab20c6,1203,deepseek-v3-2,managed-prompt,tatoeba,it,fr,Io vado a New York la settimana prossima.,Je vais à New York la semaine prochaine.,"{""c"":""Je vais à New York la semaine prochaine.""}",Je vais à New York la semaine prochaine.,True,1,0,True,True,False,True,,True,,True,"{""reason"":""detector_match"",""detected"":""fr"",""confidence"":1.0}",True,[],[],True,,"{""errors"":[]}",True,[],True,1,0,True,True,False,100,100,1247,17,1264,,,771.04,1312,8,1320,0,0,1075.34
9909612ac7010bbaf587,1204,deepseek-v3-2,managed-prompt,tatoeba,it,fr,Voi avevate i denti cariati.,Vous aviez les dents cariées.,"{""c"":""Vous avez eu des caries.""}",Vous avez eu des caries.,True,1,0,True,True,False,True,,True,,True,"{""reason"":""detector_match"",""detected"":""fr"",""confidence"":1.0}",True,[],[],True,,"{""errors"":[{""category"":""accuracy"",""severity"":""minor""},{""category"":""fluency"",""severity"":""minor""}]}",True,"[{""category"":""accuracy"",""severity"":""minor""},{""category"":""fluency"",""severity"":""minor""}]",True,1,0,True,True,False,94,94,1245,11,1256,,,712.89,1304,27,1331,0,0,1444.61
a76d15ec4b8e4f8ac159,1205,deepseek-v3-2,managed-prompt,tatoeba,it,fr,Tu sei passata dalla finestra.,Tu es passée par la fenêtre.,"{""c"":""Tu es passée par la fenêtre.""}",Tu es passée par la fenêtre.,True,1,0,True,True,False,True,,True,,True,"{""reason"":""detector_match"",""detected"":""fr"",""confidence"":1.0}",True,[],[],True,,"{""errors"":[]}",True,[],True,1,0,True,True,False,100,100,1242,14,1256,,,916.06,1299,8,1307,0,0,1251.79
e48a50a36adf420bd789,1206,deepseek-v3-2,managed-prompt,tatoeba,it,fr,Lei conosce il vero nome di Tom?,Connaît-elle le vrai nom de Tom ?,"{""c"":""Lei conosce il vero nome di Tom?""}",Lei conosce il vero nome di Tom?,True,1,0,True,True,False,True,,True,,,"{""reason"":""detector_mismatch_uncertain"",""detected"":""it"",""confidence"":1.0}",False,"[{""code"":""source_copied""}]",[],True,,"{""errors"":[{""category"":""accuracy"",""severity"":""critical""}]}",False,"[{""category"":""accuracy"",""severity"":""critical""}]",True,1,0,True,True,False,60,60,1245,16,1261,,,914.64,1309,17,1326,0,0,1234.21
d8901c05c76e6c9773e9,1207,deepseek-v3-2,managed-prompt,tatoeba,it,fr,Non ho ancora un contratto.,Je n'ai pas encore de contrat.,"{""c"":""Je n'ai pas encore de contrat.""}",Je n'ai pas encore de contrat.,True,1,0,True,True,False,True,,True,,True,"{""reason"":""detector_match"",""detected"":""fr"",""confidence"":1.0}",True,[],[],True,,"{""errors"":[]}",True,[],True,1,0,True,True,False,100,100,1241,13,1254,,,673.97,1298,8,1306,0,0,1277.48
351f4d4d992e4302e5c4,1208,deepseek-v3-2,managed-prompt,tatoeba,it,fr,La gatta non sembra felice di vederci.,La chatte n'a pas l'air heureuse de nous voir.,"{""c"":""La chatte ne semble pas heureuse de nous voir.""}",La chatte ne semble pas heureuse de nous voir.,True,1,0,True,True,False,True,,True,,True,"{""reason"":""detector_match"",""detected"":""fr"",""confidence"":1.0}",True,[],[],True,,"{""errors"":[]}",True,[],True,1,0,True,True,False,100,100,1247,17,1264,,,842.71,1315,8,1323,0,0,1129.34
4671aecedb20182fd9a3,1209,deepseek-v3-2,managed-prompt,tatoeba,it,fr,Lui ha affamato i cani.,Il a affamé les chiens.,"{""c"":""Lui a affamé les chiens.""}",Lui a affamé les chiens.,True,1,0,True,True,False,True,,True,,True,"{""reason"":""detector_match"",""detected"":""fr"",""confidence"":1.0}",True,[],[],True,,"{""errors"":[]}",True,[],True,1,0,True,True,False,100,100,1244,15,1259,,,871.49,1300,8,1308,0,0,1073.76
967a65378933a579be73,1210,deepseek-v3-2,managed-prompt,tatoeba,it,jp,Per il mio orologio sono le 4.,私の時計では４時です。,"{""c"":""私の時計では 4時です。""}",私の時計では 4時です。,True,1,0,True,True,False,True,,True,,True,"{""reason"":""target_script_present"",""detected"":""ja"",""confidence"":1.0}",True,[],[],True,,"{""errors"":[{""category"":""preservation"",""severity"":""minor""}]}",True,"[{""category"":""preservation"",""severity"":""minor""}]",True,1,0,True,True,False,97,97,1246,15,1261,,,959.27,1304,17,1321,0,0,1116.76
d4e76b88494963ea6e75,1211,deepseek-v3-2,managed-prompt,tatoeba,it,jp,I dentisti utilizzano i raggi X per esaminare i vostri denti.,歯科医は歯を調べるためにレントゲンを利用する。,"{""c"":""歯科医はあなたの歯を調べるためにX線を使用します。""}",歯科医はあなたの歯を調べるためにX線を使用します。,True,1,0,True,True,False,True,,True,,True,"{""reason"":""target_script_present"",""detected"":""ja"",""confidence"":1.0}",True,[],[],True,,"{""errors"":[{""category"":""terminology"",""severity"":""minor""}]}",True,"[{""category"":""terminology"",""severity"":""minor""}]",True,1,0,True,True,False,97,97,1253,22,1275,,,819.21,1340,17,1357,0,0,1222.27
75fa8d2c0dcdca8f4a03,1212,deepseek-v3-2,managed-prompt,tatoeba,it,jp,Per quale motivo suo padre è andato in Giappone?,何のために彼女のお父さんは日本へ行ったの。,"{""c"":""なぜあなたのお父さんは日本に行ったのですか？""}",なぜあなたのお父さんは日本に行ったのですか？,True,1,0,True,True,False,True,,True,,True,"{""reason"":""target_script_present"",""detected"":""ja"",""confidence"":1.0}",True,[],[],True,,"{""errors"":[]}",True,[],True,1,0,True,True,False,100,100,1249,17,1266,,,803.54,1332,8,1340,0,0,1150.57
4b74480177d033cfd133,1213,deepseek-v3-2,managed-prompt,tatoeba,it,jp,Davanti a me c'è una macchina gialla.,私の前に黄色い車がある。,"{""c"":""目の前に黄色い車が一台あります。""}",目の前に黄色い車が一台あります。,True,1,0,True,True,False,True,,True,,True,"{""reason"":""target_script_present"",""detected"":""ja"",""confidence"":1.0}",True,[],[],True,,"{""errors"":[]}",True,[],True,1,0,True,True,False,100,100,1249,14,1263,,,1230.78,1315,8,1323,0,0,1439.2
b427746e01c91c07ab6e,1214,deepseek-v3-2,managed-prompt,tatoeba,it,jp,"Appena abbiamo un'opportunità, andiamo a parlargli.",機会のあり次第彼にお話ししよう。,"{""c"":""チャンスを見つけたら、すぐに彼に話に行きましょう。""}",チャンスを見つけたら、すぐに彼に話に行きましょう。,True,1,0,True,True,False,True,,True,,True,"{""reason"":""target_script_present"",""detected"":""ja"",""confidence"":1.0}",True,[],[],True,,"{""errors"":[]}",True,[],True,1,0,True,True,False,100,100,1251,21,1272,,,990.22,1335,8,1343,0,0,1178.58
79f15dfcb0c929d17d95,1215,deepseek-v3-2,managed-prompt,tatoeba,it,jp,"Grazie al suo elevato reddito, ogni anno si può permettere un viaggio a Parigi.",彼女は収入がたくさんあるので毎年パリに行くことが出来る。,"{""c"":""彼女は収入が高いため、毎年パリへの旅行を楽しむことができる。""}",彼女は収入が高いため、毎年パリへの旅行を楽しむことができる。,True,1,0,True,True,False,True,,True,,True,"{""reason"":""target_script_present"",""detected"":""ja"",""confidence"":1.0}",True,[],[],True,,"{""errors"":[]}",True,[],True,1,0,True,True,False,100,100,1259,25,1284,,,759.49,1356,8,1364,0,0,1142.12
18c2f76c399cdd7e5c9a,1216,deepseek-v3-2,managed-prompt,tatoeba,it,jp,Erano molto emozionate.,彼らは非常に興奮していた。,"{""c"":""とても興奮していました。""}",とても興奮していました。,True,1,0,True,True,False,True,,True,,True,"{""reason"":""target_script_present"",""detected"":""ja"",""confidence"":1.0}",True,[],[],True,,"{""errors"":[]}",True,[],True,1,0,True,True,False,100,100,1242,10,1252,,,746.06,1301,8,1309,0,0,1034.29
396d797cad223fcebd6a,1217,deepseek-v3-2,managed-prompt,tatoeba,it,jp,È troppo caro.,それは高過ぎる。,"{""c"":""気が遠くなるほど高いね。""}",気が遠くなるほど高いね。,True,1,0,True,True,False,True,,True,,True,"{""reason"":""target_script_present"",""detected"":""ja"",""confidence"":1.0}",True,[],[],True,,"{""errors"":[{""category"":""accuracy"",""severity"":""major""}]}",False,"[{""category"":""accuracy"",""severity"":""major""}]",True,1,0,True,True,False,85,85,1240,13,1253,,,707.08,1301,17,1318,0,0,1095.18
ea2102f1cca943a62f50,1218,deepseek-v3-2,managed-prompt,tatoeba,it,jp,Non ho argomenti in comune con Tom percui non so proprio di cosa parlare con lui.,トムとは共通の話題がないから何話せばいいか分かんないんだよね。,"{""c"":""Tomとは共通の話題がまったくなくて、彼と何を話せばいいか全くわからない。""}",Tomとは共通の話題がまったくなくて、彼と何を話せばいいか全くわからない。,True,1,0,True,True,False,True,,True,,True,"{""reason"":""target_script_present"",""detected"":""ja"",""confidence"":1.0}",True,[],[],True,,"{""errors"":[{""category"":""preservation"",""severity"":""minor""}]}",True,"[{""category"":""preservation"",""severity"":""minor""}]",True,1,0,True,True,False,97,97,1256,30,1286,,,876.69,1356,17,1373,0,0,1201.45
1e72ac95ec349c4ec40f,1219,deepseek-v3-2,managed-prompt,tatoeba,it,jp,Lui è il mio primo amore.,彼は私の初恋の人です。,"{""c"":""彼は私の初恋です。""}",彼は私の初恋です。,True,1,0,True,True,False,True,,True,,True,"{""reason"":""target_script_present"",""detected"":""ja"",""confidence"":1.0}",True,[],[],True,,"{""errors"":[]}",True,[],True,1,0,True,True,False,100,100,1244,12,1256,,,857.45,1305,8,1313,0,0,1152.52
571de04bb8ce92601521,1220,deepseek-v3-2,managed-prompt,tatoeba,it,nl,Io sono fiera dei miei figli.,Ik ben trots op mijn kinderen.,"{""c"":""Ik ben trots op mijn kinderen.""}",Ik ben trots op mijn kinderen.,True,1,0,True,True,False,True,,True,,True,"{""reason"":""detector_match"",""detected"":""nl"",""confidence"":1.0}",True,[],[],True,,"{""errors"":[]}",True,[],True,1,0,True,True,False,100,100,1244,13,1257,,,974.2,1306,8,1314,0,0,1253.28
804b57618d95bb49012c,1221,deepseek-v3-2,managed-prompt,tatoeba,it,nl,A che serve questo?,Waartoe dient dit?,"{
  ""c"": ""Waar is dit voor nodig?""
}",Waar is dit voor nodig?,True,1,0,True,True,False,True,,True,,,"{""reason"":""detector_mismatch_uncertain"",""detected"":""af"",""confidence"":1.0}",True,[],[],True,,"{""errors"":[]}",True,[],True,1,0,True,True,False,100,100,1239,15,1254,,,919.42,1294,8,1302,0,0,1129.15
f76f85fca2d8a4bd4a23,1222,deepseek-v3-2,managed-prompt,tatoeba,it,nl,Questo è un fiore?,Dit is een bloem?,"{""c"":""Is dit een bloem?""}",Is dit een bloem?,True,1,0,True,True,False,True,,True,,True,"{""reason"":""detector_match"",""detected"":""nl"",""confidence"":0.8592}",True,[],[],True,,"{""errors"":[]}",True,[],True,1,0,True,True,False,100,100,1241,11,1252,,,634.4,1292,8,1300,0,0,1300.36
8aac3c57d3ff13d90bd4,1223,deepseek-v3-2,managed-prompt,tatoeba,it,nl,Lui legge molto.,Hij leest veel.,"{""c"":""Lui leest veel.""}",Lui leest veel.,True,1,0,True,True,False,True,,True,,,"{""reason"":""detector_inconclusive"",""detected"":""et"",""confidence"":0.8571}",True,[],[],True,,"{""errors"":[{""category"":""fluency"",""severity"":""critical""}]}",False,"[{""category"":""fluency"",""severity"":""critical""}]",True,1,0,True,True,False,60,60,1239,11,1250,,,620.82,1288,18,1306,0,0,1301.31
d71afcc023df0944831d,1224,deepseek-v3-2,managed-prompt,tatoeba,it,nl,Tom disse il perché?,Heeft Tom gezegd waarom?,"{""c"":""Tom zei waarom?""}",Tom zei waarom?,True,1,0,True,True,False,True,,True,,True,"{""reason"":""detector_match"",""detected"":""nl"",""confidence"":1.0}",True,[],[],True,,"{""errors"":[{""category"":""fluency"",""severity"":""minor""}]}",True,"[{""category"":""fluency"",""severity"":""minor""}]",True,1,0,True,True,False,97,97,1239,11,1250,,,769.2,1293,18,1311,0,0,1208.86
f0990988c37e2a9b9a53,1225,deepseek-v3-2,managed-prompt,tatoeba,it,nl,Noi siamo felici.,We zijn gelukkig.,"{""c"":""Wij zijn blij.""}",Wij zijn blij.,True,1,0,True,True,False,True,,True,,True,"{""reason"":""detector_match"",""detected"":""nl"",""confidence"":1.0}",True,[],[],True,,"{""errors"":[]}",True,[],True,1,0,True,True,False,100,100,1240,10,1250,,,942.18,1293,8,1301,0,0,1204.71
1e13b1dd1bf0a2d19899,1226,deepseek-v3-2,managed-prompt,tatoeba,it,nl,"Il Nepal si chiama ""Nepal"" in nepalese.",Nepal wordt ''Nepal'' genoemd in het Nepalees.,"{""c"":""Nepal heet \""Nepal\"" in het Nepalees.""}","Nepal heet ""Nepal"" in het Nepalees.",True,1,0,True,True,False,True,,True,,True,"{""reason"":""detector_match"",""detected"":""nl"",""confidence"":1.0}",True,[],[],True,,"{""errors"":[]}",True,[],True,1,0,True,True,False,100,100,1248,21,1269,,,994.19,1310,8,1318,0,0,1145.34
fe11243f3cadcb930a3b,1227,deepseek-v3-2,managed-prompt,tatoeba,it,nl,Io sono cieco.,Ik ben blind.,"{""c"":""Ik ben blind.""}",Ik ben blind.,True,1,0,True,True,False,True,,True,,,"{""reason"":""detector_mismatch_uncertain"",""detected"":""da"",""confidence"":1.0}",True,[],[],True,,"{""errors"":[]}",True,[],True,1,0,True,True,False,100,100,1239,9,1248,,,870.33,1289,8,1297,0,0,1241.39
b31220d24d309c5eabbd,1228,deepseek-v3-2,managed-prompt,tatoeba,it,nl,Quali sono i lati positivi?,Welke zijn de positieve kanten?,"{""c"":""Wat zijn de positieve kanten?""}",Wat zijn de positieve kanten?,True,1,0,True,True,False,True,,True,,True,"{""reason"":""detector_match"",""detected"":""nl"",""confidence"":1.0}",True,[],[],True,,"{""errors"":[]}",True,[],True,1,0,True,True,False,100,100,1243,13,1256,,,714.95,1301,8,1309,0,0,1098.04
9f816c6ea87c2ab04520,1229,deepseek-v3-2,managed-prompt,tatoeba,it,nl,Io sono il fratello maggiore di Tom.,Ik ben Toms oudste broer.,"{""c"":""Ik ben de oudere broer van Tom.""}",Ik ben de oudere broer van Tom.,True,1,0,True,True,False,True,,True,,True,"{""reason"":""detector_match"",""detected"":""nl"",""confidence"":1.0}",True,[],[],True,,"{""errors"":[]}",True,[],True,1,0,True,True,False,100,100,1243,15,1258,,,1457.72,1306,8,1314,0,0,1187.71
dacc2c508f2e0e2cc101,1230,deepseek-v3-2,managed-prompt,tatoeba,it,nb,Il mondo non ha bisogno di me.,Verden trenger meg ikke.,"{""c"":""Verden trenger ikke meg.""}",Verden trenger ikke meg.,True,1,0,True,True,False,True,,True,,True,"{""reason"":""detector_match"",""detected"":""no"",""confidence"":1.0}",True,[],[],True,,"{""errors"":[]}",True,[],True,1,0,True,True,False,100,100,1242,13,1255,,,705.39,1295,8,1303,0,0,1201.11
1d081b5646b79e522778,1231,deepseek-v3-2,managed-prompt,tatoeba,it,nb,Quattro occhi vedono più di due.,Fire øyne ser mer enn to.,"{""c"":""Fire øyne ser mer enn to.""}",Fire øyne ser mer enn to.,True,1,0,True,True,False,True,,True,,True,"{""reason"":""detector_match"",""detected"":""no"",""confidence"":1.0}",True,[],[],True,,"{""errors"":[]}",True,[],True,1,0,True,True,False,100,100,1244,13,1257,,,671.07,1300,8,1308,0,0,1203.49
6f5045f65ce1b43fb7e3,1232,deepseek-v3-2,managed-prompt,tatoeba,it,nb,Puoi venire alla festa?,Kan du komme på festen?,"{""c"":""Kan du komme til festen?""}",Kan du komme til festen?,True,1,0,True,True,False,True,,True,,True,"{""reason"":""detector_match"",""detected"":""no"",""confidence"":0.8571}",True,[],[],True,,"{""errors"":[]}",True,[],True,1,0,True,True,False,100,100,1242,13,1255,,,880.82,1299,8,1307,0,0,1076.38
0d6464cbded5dfd80031,1233,deepseek-v3-2,managed-prompt,tatoeba,it,nb,Mi piacciono le onde del Mar Nero.,Jeg liker bølgene i Svartehavet.,"{""c"":""Jeg liker Svartehavets bølger.""}",Jeg liker Svartehavets bølger.,True,1,0,True,True,False,True,,True,,True,"{""reason"":""detector_match"",""detected"":""no"",""confidence"":1.0}",True,[],[],True,,"{""errors"":[]}",True,[],True,1,0,True,True,False,100,100,1244,18,1262,,,762.29,1310,8,1318,0,0,1163.04
2b60c6be8203e7916075,1234,deepseek-v3-2,managed-prompt,tatoeba,it,nb,Non so come abbia fatto questo. Questo era un miracolo.,Jeg begriper ikke hvordan hun gjorde det. Det var et mirakel.,"{""c"":""Jeg vet ikke hvordan jeg fikk til dette. Dette var et mirakel.""}",Jeg vet ikke hvordan jeg fikk til dette. Dette var et mirakel.,True,1,0,True,True,False,True,,True,,True,"{""reason"":""detector_match"",""detected"":""no"",""confidence"":1.0}",True,[],[],True,,"{""errors"":[{""category"":""accuracy"",""severity"":""major""}]}",False,"[{""category"":""accuracy"",""severity"":""major""}]",True,1,0,True,True,False,85,85,1249,24,1273,,,1067.73,1325,17,1342,0,0,1233.77
b36f71573aab871a2a02,1235,deepseek-v3-2,managed-prompt,tatoeba,it,nb,Questo è un paradosso. Ma gli scienziati hanno certamente una spiegazione.,Dette er et paradoks. Men forskerne har sikkert en forklaring.,"{""c"":""Dette er et paradoks. Men forskerne må ha en forklaring.""}",Dette er et paradoks. Men forskerne må ha en forklaring.,True,1,0,True,True,False,True,,True,,True,"{""reason"":""detector_match"",""detected"":""no"",""confidence"":1.0}",True,[],[],True,,"{""errors"":[{""category"":""accuracy"",""severity"":""minor""}]}",True,"[{""category"":""accuracy"",""severity"":""minor""}]",True,1,0,True,True,False,97,97,1254,21,1275,,,850.75,1327,17,1344,0,0,1421.45
f8f4a106c11d1b448760,1236,deepseek-v3-2,managed-prompt,tatoeba,it,nb,Il sentiero della foresta è stato completamente coperto di neve.,Skogsstien var helt dekket med snø.,"{""c"":""Skogstien har blitt fullstendig dekket av snø.""}",Skogstien har blitt fullstendig dekket av snø.,True,1,0,True,True,False,True,,True,,True,"{""reason"":""detector_match"",""detected"":""no"",""confidence"":1.0}",True,[],[],True,,"{""errors"":[]}",True,[],True,1,0,True,True,False,100,100,1249,22,1271,,,865.19,1317,8,1325,0,0,1246.31
07a9303c7e651f085a45,1237,deepseek-v3-2,managed-prompt,tatoeba,it,nb,Mia nonna aveva opinioni molto ragionevoli.,Min bestemor hadde veldig fornuftige synspunkter.,"{""c"":""Bestemoren min hadde veldig fornuftige meninger.""}",Bestemoren min hadde veldig fornuftige meninger.,True,1,0,True,True,False,True,,True,,,"{""reason"":""detector_mismatch_uncertain"",""detected"":""da"",""confidence"":0.998}",True,[],[],True,,"{""errors"":[]}",True,[],True,1,0,True,True,False,100,100,1247,19,1266,,,1022.65,1316,8,1324,0,0,1189.72
d213e9760488f84fb246,1238,deepseek-v3-2,managed-prompt,tatoeba,it,nb,"Quasi non posso dire nulla, posso solo dire che il tempo qui è bello e che un residente del nord, colpito dal gelo, sta facendo bene alla luce del sole e all'aria calda.","Jeg kan nesten ikke si noe. Jeg kan bare si at været her er vakkert og at folk fra nord, rammet av frost, gjør det bra her, fordi solen skinner flott og luften er varm.","{""c"":""Quasi ingenting jeg kan si, jeg kan bare si at været her er fint, og at en nordbo, svekket av frost, trives godt i sollyset og den varme luften.""}","Quasi ingenting jeg kan si, jeg kan bare si at været her er fint, og at en nordbo, svekket av frost, trives godt i sollyset og den varme luften.",True,1,0,True,True,False,True,,True,,True,"{""reason"":""detector_match"",""detected"":""no"",""confidence"":1.0}",True,[],[],True,,"{""errors"":[{""category"":""accuracy"",""severity"":""minor""},{""category"":""fluency"",""severity"":""minor""}]}",True,"[{""category"":""accuracy"",""severity"":""minor""},{""category"":""fluency"",""severity"":""minor""}]",True,1,0,True,True,False,94,94,1283,52,1335,,,1819.21,1423,27,1450,0,0,1257.14
cd43d9fb8d15c0ff070e,1239,deepseek-v3-2,managed-prompt,tatoeba,it,nb,Tom esitò a lungo prima di rispondere.,Tom nølte lenge før han svarte.,"{""c"":""Tom nølet lenge før han svarte.""}",Tom nølet lenge før han svarte.,True,1,0,True,True,False,True,,True,,True,"{""reason"":""detector_match"",""detected"":""no"",""confidence"":1.0}",True,[],[],True,,"{""errors"":[]}",True,[],True,1,0,True,True,False,100,100,1246,16,1262,,,990.66,1304,8,1312,0,0,1186.08
e2dbf697609b9a23344e,1240,deepseek-v3-2,managed-prompt,tatoeba,jp,da,この辞書を使っても良いですか。,Må jeg bruge denne ordbog?,"{""c"":""Må jeg bruge denne ordbog?""}",Må jeg bruge denne ordbog?,True,1,0,True,True,False,True,,True,,True,"{""reason"":""detector_match"",""detected"":""da"",""confidence"":1.0}",True,[],[],True,,"{""errors"":[]}",True,[],True,1,0,True,True,False,100,100,1242,15,1257,,,718.6,1306,8,1314,0,0,1251.73
eb5d80d783b418798846,1241,deepseek-v3-2,managed-prompt,tatoeba,jp,da,一度にそんなにたくさんの質問には答えられない。,Jeg kan ikke svare på så mange spørgsmål på én gang.,"{""c"":""Jeg kan ikke besvare så mange spørgsmål på én gang.""}",Jeg kan ikke besvare så mange spørgsmål på én gang.,True,1,0,True,True,False,True,,True,,,"{""reason"":""detector_mismatch_uncertain"",""detected"":""no"",""confidence"":1.0}",True,[],[],True,,"{""errors"":[]}",True,[],True,1,0,True,True,False,100,100,1246,21,1267,,,1096.67,1328,8,1336,0,0,1222.35
05096d169696075b0e3d,1242,deepseek-v3-2,managed-prompt,tatoeba,jp,da,これが私の母の写真です。,Dette er et billede af min mor.,"{""c"":""Dette er et billede af min mor.""}",Dette er et billede af min mor.,True,1,0,True,True,False,True,,True,,True,"{""reason"":""detector_match"",""detected"":""da"",""confidence"":1.0}",True,[],[],True,,"{""errors"":[]}",True,[],True,1,0,True,True,False,100,100,1243,15,1258,,,905.7,1300,8,1308,0,0,1170.44
504b55aaf0efd44e1a96,1243,deepseek-v3-2,managed-prompt,tatoeba,jp,da,我々全員が英語を話せるわけではない。,Det er ikke os alle der kan tale engelsk.,"{""c"":""Ikke alle af os taler engelsk.""}",Ikke alle af os taler engelsk.,True,1,0,True,True,False,True,,True,,True,"{""reason"":""detector_match"",""detected"":""da"",""confidence"":1.0}",True,[],[],True,,"{""errors"":[]}",True,[],True,1,0,True,True,False,100,100,1246,15,1261,,,848.47,1307,8,1315,0,0,1329.81
2cc4e4d6fa342102d7f2,1244,deepseek-v3-2,managed-prompt,tatoeba,jp,da,目を閉じて。,Luk dine øjne.,"{""c"":""Luk øjnene.""}",Luk øjnene.,True,1,0,True,True,False,True,,True,,,"{""reason"":""detector_mismatch_uncertain"",""detected"":""no"",""confidence"":1.0}",True,[],[],True,,"{""errors"":[]}",True,[],True,1,0,True,True,False,100,100,1239,11,1250,,,735.08,1296,8,1304,0,0,1042.86
2c8fab1b41b5dfd084d9,1245,deepseek-v3-2,managed-prompt,tatoeba,jp,da,本をたくさん買った。,Jeg købte en masse bøger.,"{""c"":""Jeg købte en masse bøger.""}",Jeg købte en masse bøger.,True,1,0,True,True,False,True,,True,,True,"{""reason"":""detector_match"",""detected"":""da"",""confidence"":1.0}",True,[],[],True,,"{""errors"":[]}",True,[],True,1,0,True,True,False,100,100,1241,17,1258,,,903.51,1301,8,1309,0,0,1230.51
a55597b78adae2d6b7db,1246,deepseek-v3-2,managed-prompt,tatoeba,jp,da,ある日、私は彼に会った。,En dag mødte jeg ham.,"{""c"":""En dag mødte jeg ham.""}",En dag mødte jeg ham.,True,1,0,True,True,False,True,,True,,,"{""reason"":""detector_inconclusive"",""detected"":""no"",""confidence"":0.9323}",True,[],[],True,,"{""errors"":[]}",True,[],True,1,0,True,True,False,100,100,1243,13,1256,,,742.6,1298,8,1306,0,0,1199.93
7f1ac50eedef36f90a9d,1247,deepseek-v3-2,managed-prompt,tatoeba,jp,da,昨日は木曜日だった。,I går var det torsdag.,"{""c"":""I går var det torsdag.""}",I går var det torsdag.,True,1,0,True,True,False,True,,True,,,"{""reason"":""detector_mismatch_uncertain"",""detected"":""no"",""confidence"":0.9689}",True,[],[],True,,"{""errors"":[]}",True,[],True,1,0,True,True,False,100,100,1241,12,1253,,,709.76,1299,8,1307,0,0,1048.83
779f8bbf03db54cf973a,1248,deepseek-v3-2,managed-prompt,tatoeba,jp,da,鳥は卵を産む。,Fugle lægger æg.,"{""c"":""Fugle lægger æg.""}",Fugle lægger æg.,True,1,0,True,True,False,True,,True,,True,"{""reason"":""detector_match"",""detected"":""da"",""confidence"":1.0}",True,[],[],True,,"{""errors"":[]}",True,[],True,1,0,True,True,False,100,100,1241,14,1255,,,824.15,1300,8,1308,0,0,1283.94
b25dfeffc3b2916c5d1e,1249,deepseek-v3-2,managed-prompt,tatoeba,jp,da,彼は職を探している。,Han leder efter et job.,"{""c"":""Han er på udkig efter et job.""}",Han er på udkig efter et job.,True,1,0,True,True,False,True,,True,,True,"{""reason"":""detector_match"",""detected"":""da"",""confidence"":1.0}",True,[],[],True,,"{""errors"":[]}",True,[],True,1,0,True,True,False,100,100,1241,15,1256,,,1298.5,1297,8,1305,0,0,1237.16
50f274419894add768b0,1250,deepseek-v3-2,managed-prompt,tatoeba,jp,de,電話してくれればよかったのに。,Du hättest mich anrufen sollen!,"{""c"":""Wäre schön gewesen, wenn du mich angerufen hättest.""}","Wäre schön gewesen, wenn du mich angerufen hättest.",True,1,0,True,True,False,True,,True,,True,"{""reason"":""detector_match"",""detected"":""de"",""confidence"":1.0}",True,[],[],True,,"{""errors"":[]}",True,[],True,1,0,True,True,False,100,100,1242,21,1263,,,1198.79,1317,8,1325,0,0,1212.51
8bc937faf8912d87bdf1,1251,deepseek-v3-2,managed-prompt,tatoeba,jp,de,上野動物園にパンダっていたっけ？,Gab es eigentlich Pandas im Zoo von Ueno?,"{""c"":""Gab es im Ueno-Zoo Pandas?""}",Gab es im Ueno-Zoo Pandas?,True,1,0,True,True,False,True,,True,,,"{""reason"":""detector_mismatch_uncertain"",""detected"":""pt"",""confidence"":1.0}",True,[],[],True,,"{""errors"":[]}",True,[],True,1,0,True,True,False,100,100,1245,15,1260,,,685.23,1318,8,1326,0,0,1182.8
ef85d3f6780cc8ee2646,1252,deepseek-v3-2,managed-prompt,tatoeba,jp,de,駅に着いたらすぐ電話するよ。,"Wenn ich am Bahnhof ankomme, rufe ich dich sofort an.","{""c"":""Ich rufe dich sofort an, wenn ich am Bahnhof ankomme.""}","Ich rufe dich sofort an, wenn ich am Bahnhof ankomme.",True,1,0,True,True,False,True,,True,,,"{""reason"":""detector_inconclusive"",""detected"":""de"",""confidence"":0.7143}",True,[],[],True,,"{""errors"":[]}",True,[],True,1,0,True,True,False,100,100,1244,23,1267,,,1007.18,1333,8,1341,0,0,1228.19
78bf969e57d32872ab3a,1253,deepseek-v3-2,managed-prompt,tatoeba,jp,de,彼女は月に２回ロンドンのペンフレンドに手紙を出します。,Sie schickt zweimal im Monat einen Brief an ihre Brieffreundin in London.,"{""c"":""Sie schreibt zweimal im Monat Briefe an ihren Londoner Brieffreund.""}",Sie schreibt zweimal im Monat Briefe an ihren Londoner Brieffreund.,True,1,0,True,True,False,True,,True,,True,"{""reason"":""detector_match"",""detected"":""de"",""confidence"":1.0}",True,[],"[{""code"":""number_not_exact"",""expected"":{""２"":1},""actual"":{}}]",True,,"{""errors"":[{""category"":""accuracy"",""severity"":""minor""},{""category"":""accuracy"",""severity"":""minor""}]}",True,"[{""category"":""accuracy"",""severity"":""minor""},{""category"":""accuracy"",""severity"":""minor""}]",True,1,0,True,True,False,91,91,1256,25,1281,,,931.82,1346,26,1372,0,0,1527.44
5d58069c444d80f5736c,1254,deepseek-v3-2,managed-prompt,tatoeba,jp,de,私は読みます。,Ich lese.,"{""c"":""Ich lese.""}",Ich lese.,True,1,0,True,True,False,True,,True,,,"{""reason"":""too_short_for_language_detection"",""detected"":null,""confidence"":null}",True,[],[],True,,"{""errors"":[]}",True,[],True,1,0,True,True,False,100,100,1238,9,1247,,,804.88,1288,8,1296,0,0,1137.58
af07a208c5dee88a6666,1255,deepseek-v3-2,managed-prompt,tatoeba,jp,de,トムは政治家です。,Tom ist Politiker.,"{""c"":""Tom ist ein Politiker.""}",Tom ist ein Politiker.,True,1,0,True,True,False,True,,True,,True,"{""reason"":""detector_match"",""detected"":""de"",""confidence"":1.0}",True,[],[],True,,"{""errors"":[]}",True,[],True,1,0,True,True,False,100,100,1240,11,1251,,,935.45,1291,8,1299,0,0,1263.62
5939e30e9d4bc380c4c0,1256,deepseek-v3-2,managed-prompt,tatoeba,jp,de,トムは自分の身長についてからかわれることを知ってたけど、バスケットチームにトライアウトすることに決めた。,"Tom wusste zwar, dass man sich aufgrund seiner Körpergröße über ihn lustig machen würde, aber er beschloss dennoch, sich um einen Platz in der Basketballmannschaft zu bemühen.","{""c"":""Tom wusste, dass er wegen seiner Größe ausgelacht würde, aber er entschied sich trotzdem, für die Basketballmannschaftsauswahl zu probieren.""}","Tom wusste, dass er wegen seiner Größe ausgelacht würde, aber er entschied sich trotzdem, für die Basketballmannschaftsauswahl zu probieren.",True,1,0,True,True,False,True,,True,,True,"{""reason"":""detector_match"",""detected"":""de"",""confidence"":1.0}",True,[],[],True,,"{""errors"":[{""category"":""fluency"",""severity"":""minor""}]}",True,"[{""category"":""fluency"",""severity"":""minor""}]",True,1,0,True,True,False,97,97,1267,43,1310,,,1513.13,1413,18,1431,0,0,1155.92
670edd455548fa81d31e,1257,deepseek-v3-2,managed-prompt,tatoeba,jp,de,彼から便りはあった？,Ist ein Brief von ihm gekommen?,"{""c"":""Hast du Nachricht von ihm gehört?""}",Hast du Nachricht von ihm gehört?,True,1,0,True,True,False,True,,True,,True,"{""reason"":""detector_match"",""detected"":""de"",""confidence"":1.0}",True,[],[],True,,"{""errors"":[]}",True,[],True,1,0,True,True,False,100,100,1241,14,1255,,,959.86,1303,8,1311,0,0,1251.1
b1d1186692dd1cbd8a4a,1258,deepseek-v3-2,managed-prompt,tatoeba,jp,de,もっと背が高ければいいのになあ。,"Ich wünschte, ich wäre größer.","{""c"":""Ich wünschte ich wäre größer.""}",Ich wünschte ich wäre größer.,True,1,0,True,True,False,True,,True,,True,"{""reason"":""detector_match"",""detected"":""de"",""confidence"":1.0}",True,[],[],True,,"{""errors"":[{""category"":""fluency"",""severity"":""minor""}]}",True,"[{""category"":""fluency"",""severity"":""minor""}]",True,1,0,True,True,False,97,97,1245,15,1260,,,931.13,1314,18,1332,0,0,1133.38
88f06dbbbaafc4cfaf7d,1259,deepseek-v3-2,managed-prompt,tatoeba,jp,de,果物は食後よりも食前に食べた方が体にいいらしいよ。,"Es soll gesünder sein, Obst vor den Mahlzeiten anstatt danach zu essen.","{""c"":""Anscheinend ist es besser für den Körper, Obst vor als nach dem Essen zu essen.""}","Anscheinend ist es besser für den Körper, Obst vor als nach dem Essen zu essen.",True,1,0,True,True,False,True,,True,,True,"{""reason"":""detector_match"",""detected"":""de"",""confidence"":1.0}",True,[],[],True,,"{""errors"":[]}",True,[],True,1,0,True,True,False,100,100,1252,26,1278,,,915.59,1354,8,1362,0,0,1157.06
49a13a5d7f5f81928847,1260,deepseek-v3-2,managed-prompt,tatoeba,jp,en,フランス語と英語を勉強しています。,I study French and English.,"{""c"":""I am studying French and English.""}",I am studying French and English.,True,1,0,True,True,False,True,,True,,True,"{""reason"":""detector_match"",""detected"":""en"",""confidence"":1.0}",True,[],[],True,,"{""errors"":[]}",True,[],True,1,0,True,True,False,100,100,1243,12,1255,,,779.56,1299,8,1307,0,0,1333.46
46d4b6f85c31cdec9782,1261,deepseek-v3-2,managed-prompt,tatoeba,jp,en,私は君がそうすることは必要だと思う。,I think it necessary that you should do so.,"{""c"":""I think you need to do that.""}",I think you need to do that.,True,1,0,True,True,False,True,,True,,True,"{""reason"":""detector_match"",""detected"":""en"",""confidence"":1.0}",True,[],[],True,,"{""errors"":[]}",True,[],True,1,0,True,True,False,100,100,1244,13,1257,,,907.33,1306,8,1314,0,0,1262.1
d3bc241c5834c5d6e65d,1262,deepseek-v3-2,managed-prompt,tatoeba,jp,en,彼の話はうそであることがわかった。,His story turned out to be false.,"{""c"":""His story turned out to be a lie.""}",His story turned out to be a lie.,True,1,0,True,True,False,True,,True,,True,"{""reason"":""detector_match"",""detected"":""en"",""confidence"":1.0}",True,[],[],True,,"{""errors"":[]}",True,[],True,1,0,True,True,False,100,100,1245,14,1259,,,901.99,1303,8,1311,0,0,1250.65
12eb116f153f1da7cd8c,1263,deepseek-v3-2,managed-prompt,tatoeba,jp,en,寝る時間ですよ。,It's time to go to bed.,"{""c"":""It's bedtime.""}",It's bedtime.,True,1,0,True,True,False,True,,True,,True,"{""reason"":""detector_match"",""detected"":""en"",""confidence"":1.0}",True,[],[],True,,"{""errors"":[]}",True,[],True,1,0,True,True,False,100,100,1240,9,1249,,,784.59,1295,8,1303,0,0,1150.88
7aaafb791a27501c668a,1264,deepseek-v3-2,managed-prompt,tatoeba,jp,en,その勝利で私たちのチームは意気が上がった。,Our team was in high spirits because of the victory.,"{""c"":""That win really boosted our team's morale.""}",That win really boosted our team's morale.,True,1,0,True,True,False,True,,True,,True,"{""reason"":""detector_match"",""detected"":""en"",""confidence"":1.0}",True,[],[],True,,"{""errors"":[]}",True,[],True,1,0,True,True,False,100,100,1248,14,1262,,,660.77,1313,8,1321,0,0,1145.52
695b63b1023c0bfa80ea,1265,deepseek-v3-2,managed-prompt,tatoeba,jp,en,彼女は彼と結婚するのを嫌がっている。,She is reluctant to marry him.,"{""c"":""She doesn't want to marry him.""}",She doesn't want to marry him.,True,1,0,True,True,False,True,,True,,True,"{""reason"":""detector_match"",""detected"":""en"",""confidence"":1.0}",True,[],[],True,,"{""errors"":[]}",True,[],True,1,0,True,True,False,100,100,1247,13,1260,,,807.46,1308,8,1316,0,0,1203.34
2b28bdf67e6a3ebe36ff,1266,deepseek-v3-2,managed-prompt,tatoeba,jp,en,彼女はその秘密を知っていたようだ。,She seems to have known the secret.,"{""c"":""It seemed like she knew the secret.""}",It seemed like she knew the secret.,True,1,0,True,True,False,True,,True,,True,"{""reason"":""detector_match"",""detected"":""en"",""confidence"":1.0}",True,[],[],True,,"{""errors"":[]}",True,[],True,1,0,True,True,False,100,100,1244,13,1257,,,1590.68,1305,8,1313,0,0,1102.57
fa3ffb8d643853b451f4,1267,deepseek-v3-2,managed-prompt,tatoeba,jp,en,もう二度と戻って来るな。,Don't come back again.,"{""c"":""Don't you ever come back again.""}",Don't you ever come back again.,True,1,0,True,True,False,True,,True,,True,"{""reason"":""detector_match"",""detected"":""en"",""confidence"":1.0}",True,[],[],True,,"{""errors"":[]}",True,[],True,1,0,True,True,False,100,100,1244,13,1257,,,648.56,1298,8,1306,0,0,1946.4
979c27607b1b1cc37b85,1268,deepseek-v3-2,managed-prompt,tatoeba,jp,en,ほとんど何も見えないんだ。,I can hardly see anything.,"{""c"":""I can barely see anything.""}",I can barely see anything.,True,1,0,True,True,False,True,,True,,True,"{""reason"":""detector_match"",""detected"":""en"",""confidence"":1.0}",True,[],[],True,,"{""errors"":[]}",True,[],True,1,0,True,True,False,100,100,1241,11,1252,,,790.63,1298,8,1306,0,0,1201.58
83b5c0fd0d5f40d7199d,1269,deepseek-v3-2,managed-prompt,tatoeba,jp,en,よんどころない事情で、今年の夏は別荘で過ごせないんだ。,Due to unavoidable circumstances this summer I can't stay in my holiday cottage.,"{""c"":""Due to unavoidable circumstances, I won't be able to spend this summer at the villa.""}","Due to unavoidable circumstances, I won't be able to spend this summer at the villa.",True,1,0,True,True,False,True,,True,,True,"{""reason"":""detector_match"",""detected"":""en"",""confidence"":1.0}",True,[],[],True,,"{""errors"":[]}",True,[],True,1,0,True,True,False,100,100,1255,23,1278,,,737.81,1337,8,1345,0,0,1121.06
b3b315cba584830e028c,1270,deepseek-v3-2,managed-prompt,tatoeba,jp,es,彼女のギャラリーに２点ほど出展するのよ。,Voy a exponer dos piezas en la galería de ella.,"{""c"":""Voy a exponer un par de obras en su galería.""}",Voy a exponer un par de obras en su galería.,True,1,0,True,True,False,True,,True,,True,"{""reason"":""detector_match"",""detected"":""es"",""confidence"":1.0}",True,[],"[{""code"":""number_not_exact"",""expected"":{""２"":1},""actual"":{}}]",True,,"{""errors"":[]}",True,[],True,1,0,True,True,False,97,97,1251,20,1271,,,780.84,1326,8,1334,0,0,1002.56
851a75c45cdc1ac6271a,1271,deepseek-v3-2,managed-prompt,tatoeba,jp,es,謝らないで。,No os excuséis.,"{""c"":""No te disculpes.""}",No te disculpes.,True,1,0,True,True,False,True,,True,,True,"{""reason"":""detector_match"",""detected"":""es"",""confidence"":1.0}",True,[],[],True,,"{""errors"":[]}",True,[],True,1,0,True,True,False,100,100,1238,11,1249,,,870.82,1291,8,1299,0,0,1145.82
d660b7bf544dfeca431c,1272,deepseek-v3-2,managed-prompt,tatoeba,jp,es,姉ちゃんが僕のこと放っとかないんだよ。,Mi hermana mayor no me deja en paz.,"{""c"":""Mi hermana mayor no me deja en paz.""}",Mi hermana mayor no me deja en paz.,True,1,0,True,True,False,True,,True,,True,"{""reason"":""detector_match"",""detected"":""es"",""confidence"":1.0}",True,[],[],True,,"{""errors"":[]}",True,[],True,1,0,True,True,False,100,100,1246,16,1262,,,1697.49,1317,8,1325,0,0,1165.06
f33cb090a8c973d34801,1273,deepseek-v3-2,managed-prompt,tatoeba,jp,es,ちょうど今雪が降り始めた。,Justo acaba de empezar a nevar ahora.,"{""c"":""Justo acaba de empezar a nevar.""}",Justo acaba de empezar a nevar.,True,1,0,True,True,False,True,,True,,True,"{""reason"":""detector_match"",""detected"":""es"",""confidence"":1.0}",True,[],[],True,,"{""errors"":[]}",True,[],True,1,0,True,True,False,100,100,1245,16,1261,,,935.36,1315,8,1323,0,0,1180.49
60849d717b4e18452c5b,1274,deepseek-v3-2,managed-prompt,tatoeba,jp,es,彼が正直だと信じる根拠は十分ある。,Hay suficiente base para creer que él es sincero.,"{""c"":""Hay suficientes razones para creer que es sincero.""}",Hay suficientes razones para creer que es sincero.,True,1,0,True,True,False,True,,True,,True,"{""reason"":""detector_match"",""detected"":""es"",""confidence"":1.0}",True,[],[],True,,"{""errors"":[]}",True,[],True,1,0,True,True,False,100,100,1248,18,1266,,,6169.18,1321,8,1329,0,0,1301.49
9e9b6351072ec50e7093,1275,deepseek-v3-2,managed-prompt,tatoeba,jp,es,そんなことは絶対に不可能です。,Es absolutamente imposible.,"{""c"":""Eso es absolutamente imposible.""}",Eso es absolutamente imposible.,True,1,0,True,True,False,True,,True,,True,"{""reason"":""detector_match"",""detected"":""es"",""confidence"":1.0}",True,[],[],True,,"{""errors"":[]}",True,[],True,1,0,True,True,False,100,100,1242,13,1255,,,779.91,1301,8,1309,0,0,1324.04
dd9db5cb41dcf3b3929a,1276,deepseek-v3-2,managed-prompt,tatoeba,jp,es,彼は昼食時に家にいないでしょう。,Él no va a estar en casa a la hora de almuerzo.,"{""c"":""Él no estará en casa durante el almuerzo.""}",Él no estará en casa durante el almuerzo.,True,1,0,True,True,False,True,,True,,True,"{""reason"":""detector_match"",""detected"":""es"",""confidence"":1.0}",True,[],[],True,,"{""errors"":[]}",True,[],True,1,0,True,True,False,100,100,1245,18,1263,,,741.64,1318,8,1326,0,0,1217.9
ec57fe6157391b392070,1277,deepseek-v3-2,managed-prompt,tatoeba,jp,es,昨日の朝はとても寒かった。,Hacía mucho frío ayer por la mañana.,"{""c"":""Ayer por la mañana hacía mucho frío.""}",Ayer por la mañana hacía mucho frío.,True,1,0,True,True,False,True,,True,,True,"{""reason"":""detector_match"",""detected"":""es"",""confidence"":1.0}",True,[],[],True,,"{""errors"":[]}",True,[],True,1,0,True,True,False,100,100,1242,17,1259,,,697.36,1316,8,1324,0,0,1172.82
60fbd0a28d0440ea7f9d,1278,deepseek-v3-2,managed-prompt,tatoeba,jp,es,読書は語彙を増やすのに役に立つ。,La lectura es útil para incrementar el vocabulario.,"{""c"":""Leer ayuda a aumentar el vocabulario.""}",Leer ayuda a aumentar el vocabulario.,True,1,0,True,True,False,True,,True,,True,"{""reason"":""detector_match"",""detected"":""es"",""confidence"":0.8571}",True,[],[],True,,"{""errors"":[]}",True,[],True,1,0,True,True,False,100,100,1248,15,1263,,,945.17,1315,8,1323,0,0,2546.53
746fade9c435d7ec8fbf,1279,deepseek-v3-2,managed-prompt,tatoeba,jp,es,これは私の机です。,Este es mi escritorio.,"{""c"":""Este es mi escritorio.""}",Este es mi escritorio.,True,1,0,True,True,False,True,,True,,True,"{""reason"":""detector_match"",""detected"":""es"",""confidence"":1.0}",True,[],[],True,,"{""errors"":[]}",True,[],True,1,0,True,True,False,100,100,1240,11,1251,,,792.53,1291,8,1299,0,0,1125.35
d657dc21d96b11af6498,1280,deepseek-v3-2,managed-prompt,tatoeba,jp,fr,クリスマスは特別な休日だ。,Noël est un jour férié à part.,"{""c"":""Noël est un jour férié spécial.""}",Noël est un jour férié spécial.,True,1,0,True,True,False,True,,True,,True,"{""reason"":""detector_match"",""detected"":""fr"",""confidence"":1.0}",True,[],[],True,,"{""errors"":[]}",True,[],True,1,0,True,True,False,100,100,1244,15,1259,,,743.35,1309,8,1317,0,0,1135.1
2616684a90f382b51051,1281,deepseek-v3-2,managed-prompt,tatoeba,jp,fr,この事件の事はまるで昨日の事のようにはっきり覚えています。,Je me rappelle l'événement aussi clairement que s'il avait eu lieu hier.,"{""c"":""Je me souviens de cette affaire aussi clairement que si c'était hier.""}",Je me souviens de cette affaire aussi clairement que si c'était hier.,True,1,0,True,True,False,True,,True,,True,"{""reason"":""detector_match"",""detected"":""fr"",""confidence"":1.0}",True,[],[],True,,"{""errors"":[]}",True,[],True,1,0,True,True,False,100,100,1254,25,1279,,,908.13,1338,8,1346,0,0,1162.94
ad9893e9dd92bc0f51e4,1282,deepseek-v3-2,managed-prompt,tatoeba,jp,fr,彼の診療所は、そのスキャンダル以来多くの患者を失った。,Sa clinique a perdu de nombreux patients depuis le scandale.,"{""c"":""Sa clinique a perdu de nombreux patients depuis ce scandale.""}",Sa clinique a perdu de nombreux patients depuis ce scandale.,True,1,0,True,True,False,True,,True,,True,"{""reason"":""detector_match"",""detected"":""fr"",""confidence"":1.0}",True,[],[],True,,"{""errors"":[]}",True,[],True,1,0,True,True,False,100,100,1253,19,1272,,,998.82,1329,8,1337,0,0,1268.69
514a139e0832815cf667,1283,deepseek-v3-2,managed-prompt,tatoeba,jp,fr,１９４３年に日本は戦争をしていた。,En 1943 le Japon était en guerre.,"{""c"":""En 1943, le Japon était en guerre.""}","En 1943, le Japon était en guerre.",True,1,0,True,True,False,True,,True,,True,"{""reason"":""detector_match"",""detected"":""fr"",""confidence"":1.0}",True,[],"[{""code"":""number_not_exact"",""expected"":{""１９４３"":1},""actual"":{""1943"":1}}]",True,,"{""errors"":[]}",True,[],True,1,0,True,True,False,97,97,1245,16,1261,,,719.52,1315,8,1323,0,0,1229.62
7485d4810506c8aa51ed,1284,deepseek-v3-2,managed-prompt,tatoeba,jp,fr,何ものにもまして私は健康になりたい。,Par dessus tout je veux être en bonne santé.,"{""c"":""Plus que tout, je veux être en bonne santé.""}","Plus que tout, je veux être en bonne santé.",True,1,0,True,True,False,True,,True,,True,"{""reason"":""detector_match"",""detected"":""fr"",""confidence"":1.0}",True,[],[],True,,"{""errors"":[]}",True,[],True,1,0,True,True,False,100,100,1244,17,1261,,,704.62,1316,8,1324,0,0,1205.24
b5c3b49780485718f05f,1285,deepseek-v3-2,managed-prompt,tatoeba,jp,fr,私はたいてい歩いて学校へ行く。,"Généralement, je vais à pied à l'école.","{""c"":""Je vais généralement à l'école à pied.""}",Je vais généralement à l'école à pied.,True,1,0,True,True,False,True,,True,,True,"{""reason"":""detector_match"",""detected"":""fr"",""confidence"":1.0}",True,[],[],True,,"{""errors"":[]}",True,[],True,1,0,True,True,False,100,100,1244,16,1260,,,696.6,1317,8,1325,0,0,1235.54
8f43906240daaaf65304,1286,deepseek-v3-2,managed-prompt,tatoeba,jp,fr,私の趣味はギターを弾くことです。,Mon loisir est de jouer de la guitare.,"{""c"":""Mon passe-temps est de jouer de la guitare.""}",Mon passe-temps est de jouer de la guitare.,True,1,0,True,True,False,True,,True,,True,"{""reason"":""detector_match"",""detected"":""fr"",""confidence"":1.0}",True,[],[],True,,"{""errors"":[]}",True,[],True,1,0,True,True,False,100,100,1247,19,1266,,,843.5,1314,8,1322,0,0,1128.63
ba6fc51afa7dbc199d02,1287,deepseek-v3-2,managed-prompt,tatoeba,jp,fr,最近のある調査によると喫煙者の数は減少しつつある。,Un récent sondage montre que le nombre de fumeurs diminue.,"{""c"":""Selon une étude récente, le nombre de fumeurs est en baisse.""}","Selon une étude récente, le nombre de fumeurs est en baisse.",True,1,0,True,True,False,True,,True,,True,"{""reason"":""detector_match"",""detected"":""fr"",""confidence"":1.0}",True,[],[],True,,"{""errors"":[]}",True,[],True,1,0,True,True,False,100,100,1251,23,1274,,,1070.9,1330,8,1338,0,0,1242.51
783bdb2428c79a77024d,1288,deepseek-v3-2,managed-prompt,tatoeba,jp,fr,彼はついにＩＢＭの社長になった。,Il est finalement devenu le président d'IBM.,"{""c"":""Il est enfin devenu président d'IBM.""}",Il est enfin devenu président d'IBM.,True,1,0,True,True,False,True,,True,,True,"{""reason"":""detector_match"",""detected"":""fr"",""confidence"":1.0}",True,[],[],True,,"{""errors"":[]}",True,[],True,1,0,True,True,False,100,100,1247,15,1262,,,910.85,1315,8,1323,0,0,1161.58
3772da055a128f79ff1b,1289,deepseek-v3-2,managed-prompt,tatoeba,jp,fr,ストレスがたまってきたよ。,Je suis stressé.,"{""c"":""Ça commence à être stressant.""}",Ça commence à être stressant.,True,1,0,True,True,False,True,,True,,True,"{""reason"":""detector_match"",""detected"":""fr"",""confidence"":1.0}",True,[],[],True,,"{""errors"":[]}",True,[],True,1,0,True,True,False,100,100,1243,13,1256,,,736.37,1302,8,1310,0,0,1229.69
7996a8925b69e2821272,1290,deepseek-v3-2,managed-prompt,tatoeba,jp,it,私の時計では４時です。,Per il mio orologio sono le 4.,"{""c"":""Il mio orologio segna le quattro.""}",Il mio orologio segna le quattro.,True,1,0,True,True,False,True,,True,,True,"{""reason"":""detector_match"",""detected"":""it"",""confidence"":1.0}",True,[],"[{""code"":""number_not_exact"",""expected"":{""４"":1},""actual"":{}}]",True,,"{""errors"":[]}",True,[],True,1,0,True,True,False,97,97,1243,15,1258,,,765.64,1305,8,1313,0,0,1181.62
9a383a038134564f44bd,1291,deepseek-v3-2,managed-prompt,tatoeba,jp,it,歯科医は歯を調べるためにレントゲンを利用する。,I dentisti utilizzano i raggi X per esaminare i vostri denti.,"{""c"":""Il dentista utilizza i raggi X per ispezionare i denti.""}",Il dentista utilizza i raggi X per ispezionare i denti.,True,1,0,True,True,False,True,,True,,True,"{""reason"":""detector_match"",""detected"":""it"",""confidence"":1.0}",True,[],[],True,,"{""errors"":[]}",True,[],True,1,0,True,True,False,100,100,1251,22,1273,,,804.23,1333,8,1341,0,0,1166.86
d422493f5b7b24633689,1292,deepseek-v3-2,managed-prompt,tatoeba,jp,it,何のために彼女のお父さんは日本へ行ったの。,Per quale motivo suo padre è andato in Giappone?,"{""c"":""A cosa serve il viaggio di suo padre in Giappone.""}",A cosa serve il viaggio di suo padre in Giappone.,True,1,0,True,True,False,True,,True,,True,"{""reason"":""detector_match"",""detected"":""it"",""confidence"":1.0}",True,[],[],True,,"{""errors"":[{""category"":""accuracy"",""severity"":""major""},{""category"":""fluency"",""severity"":""minor""}]}",False,"[{""category"":""accuracy"",""severity"":""major""},{""category"":""fluency"",""severity"":""minor""}]",True,1,0,True,True,False,82,82,1248,20,1268,,,774.74,1323,27,1350,0,0,1234.79
1d6524c60caa2c2ad375,1293,deepseek-v3-2,managed-prompt,tatoeba,jp,it,私の前に黄色い車がある。,Davanti a me c'è una macchina gialla.,"{""c"":""C'è un'auto gialla davanti a me.""}",C'è un'auto gialla davanti a me.,True,1,0,True,True,False,True,,True,,True,"{""reason"":""detector_match"",""detected"":""it"",""confidence"":1.0}",True,[],[],True,,"{""errors"":[]}",True,[],True,1,0,True,True,False,100,100,1242,19,1261,,,826.16,1312,8,1320,0,0,1145.75
23c107eacaa767fb5a4b,1294,deepseek-v3-2,managed-prompt,tatoeba,jp,it,機会のあり次第彼にお話ししよう。,"Appena abbiamo un'opportunità, andiamo a parlargli.","{""c"":""Gli parlerò al primo momento che se ne presenterà l'occasione.""}",Gli parlerò al primo momento che se ne presenterà l'occasione.,True,1,0,True,True,False,True,,True,,True,"{""reason"":""detector_match"",""detected"":""it"",""confidence"":1.0}",True,[],[],True,,"{""errors"":[]}",True,[],True,1,0,True,True,False,100,100,1246,22,1268,,,780.74,1326,8,1334,0,0,1099.05
e9a0f3ffee03906baa29,1295,deepseek-v3-2,managed-prompt,tatoeba,jp,it,彼女は収入がたくさんあるので毎年パリに行くことが出来る。,"Grazie al suo elevato reddito, ogni anno si può permettere un viaggio a Parigi.","{""c"":""Lei ha molti soldi quindi può andare a Parigi ogni anno.""}",Lei ha molti soldi quindi può andare a Parigi ogni anno.,True,1,0,True,True,False,True,,True,,True,"{""reason"":""detector_match"",""detected"":""it"",""confidence"":1.0}",True,[],[],True,,"{""errors"":[{""category"":""accuracy"",""severity"":""minor""}]}",True,"[{""category"":""accuracy"",""severity"":""minor""}]",True,1,0,True,True,False,97,97,1254,21,1275,,,1112.65,1342,17,1359,0,0,1177.26
28f70d6492a093ead609,1296,deepseek-v3-2,managed-prompt,tatoeba,jp,it,彼らは非常に興奮していた。,Erano molto emozionate.,"{""c"":""Erano molto eccitati.""}",Erano molto eccitati.,True,1,0,True,True,False,True,,True,,True,"{""reason"":""detector_match"",""detected"":""it"",""confidence"":1.0}",True,[],[],True,,"{""errors"":[]}",True,[],True,1,0,True,True,False,100,100,1241,12,1253,,,1006.11,1299,8,1307,0,0,1138.22
cd0f0bb4c7d7612ec392,1297,deepseek-v3-2,managed-prompt,tatoeba,jp,it,それは高過ぎる。,È troppo caro.,"{""c"":""È troppo alto.""}",È troppo alto.,True,1,0,True,True,False,True,,True,,True,"{""reason"":""detector_match"",""detected"":""it"",""confidence"":1.0}",True,[],[],True,,"{""errors"":[{""category"":""accuracy"",""severity"":""major""}]}",False,"[{""category"":""accuracy"",""severity"":""major""}]",True,1,0,True,True,False,85,85,1240,9,1249,,,664.73,1292,17,1309,0,0,1247.88
be5264c5b77b933e93e9,1298,deepseek-v3-2,managed-prompt,tatoeba,jp,it,トムとは共通の話題がないから何話せばいいか分かんないんだよね。,Non ho argomenti in comune con Tom percui non so proprio di cosa parlare con lui.,"{""c"":""Non so di cosa parlare con Tom perché non abbiamo argomenti in comune.""}",Non so di cosa parlare con Tom perché non abbiamo argomenti in comune.,True,1,0,True,True,False,True,,True,,True,"{""reason"":""detector_match"",""detected"":""it"",""confidence"":1.0}",True,[],[],True,,"{""errors"":[]}",True,[],True,1,0,True,True,False,100,100,1255,22,1277,,,6813.55,1341,8,1349,0,0,1187.58
f9b16c659cb2b71f73fb,1299,deepseek-v3-2,managed-prompt,tatoeba,jp,it,彼は私の初恋の人です。,Lui è il mio primo amore.,"{""c"":""Lui è il mio primo amore.""}",Lui è il mio primo amore.,True,1,0,True,True,False,True,,True,,True,"{""reason"":""detector_match"",""detected"":""it"",""confidence"":1.0}",True,[],[],True,,"{""errors"":[]}",True,[],True,1,0,True,True,False,100,100,1242,14,1256,,,648.31,1304,8,1312,0,0,1335.63
c3fc913a1eea00b16bbf,1300,deepseek-v3-2,managed-prompt,tatoeba,jp,nl,その絵を見なさい。,Bekijk de afbeelding.,"{""c"":""Kijk naar die foto.""}",Kijk naar die foto.,True,1,0,True,True,False,True,,True,,True,"{""reason"":""detector_match"",""detected"":""nl"",""confidence"":0.8571}",True,[],[],True,,"{""errors"":[]}",True,[],True,1,0,True,True,False,100,100,1240,11,1251,,,816.02,1297,8,1305,0,0,1256.2
a25b90e8cd1266c72c13,1301,deepseek-v3-2,managed-prompt,tatoeba,jp,nl,このホテルは去年建てられた。,Dit hotel is vorig jaar gebouwd.,"{""c"":""Dit hotel is vorig jaar gebouwd.""}",Dit hotel is vorig jaar gebouwd.,True,1,0,True,True,False,True,,True,,,"{""reason"":""detector_mismatch_uncertain"",""detected"":""af"",""confidence"":1.0}",True,[],[],True,,"{""errors"":[]}",True,[],True,1,0,True,True,False,100,100,1244,14,1258,,,1610.73,1302,8,1310,0,0,1197.1
e18c2d86aa240837c50e,1302,deepseek-v3-2,managed-prompt,tatoeba,jp,nl,私はジョンです。,Ik ben John.,"{""c"":""Ik ben John.""}",Ik ben John.,True,1,0,True,True,False,True,,True,,,"{""reason"":""detector_mismatch_uncertain"",""detected"":""de"",""confidence"":1.0}",True,[],[],True,,"{""errors"":[]}",True,[],True,1,0,True,True,False,100,100,1240,9,1249,,,638.36,1291,8,1299,0,0,1169.51
71316168a935bfe15154,1303,deepseek-v3-2,managed-prompt,tatoeba,jp,nl,あなたが彼女の結婚式について何も知らないとは不思議だ。,Het is raar dat jij niks van haar huwelijksceremonie afweet.,"{""c"":""Het is vreemd dat je niets over haar bruiloft weet.""}",Het is vreemd dat je niets over haar bruiloft weet.,True,1,0,True,True,False,True,,True,,True,"{""reason"":""detector_match"",""detected"":""nl"",""confidence"":1.0}",True,[],[],True,,"{""errors"":[]}",True,[],True,1,0,True,True,False,100,100,1251,21,1272,,,1025.19,1337,8,1345,0,0,1246.59
bc64b5f1286126f0593c,1304,deepseek-v3-2,managed-prompt,tatoeba,jp,nl,この地図がとても役に立つことが分かるでしょう。,U zult merken dat deze kaart erg handig is.,"{""c"":""Je zult deze kaart erg nuttig vinden.""}",Je zult deze kaart erg nuttig vinden.,True,1,0,True,True,False,True,,True,,True,"{""reason"":""detector_match"",""detected"":""nl"",""confidence"":0.8571}",True,[],[],True,,"{""errors"":[]}",True,[],True,1,0,True,True,False,100,100,1248,17,1265,,,858.36,1320,8,1328,0,0,2435.43
7afcda17c9dad5b371a7,1305,deepseek-v3-2,managed-prompt,tatoeba,jp,nl,ベティはダンスの先生である。,Betty is danslerares.,"{""c"":""Betty is een danslerares.""}",Betty is een danslerares.,True,1,0,True,True,False,True,,True,,,"{""reason"":""detector_inconclusive"",""detected"":""nl"",""confidence"":0.7144}",True,[],[],True,,"{""errors"":[]}",True,[],True,1,0,True,True,False,100,100,1243,13,1256,,,868.02,1299,8,1307,0,0,1141.51
7bca9326cb49a354d398,1306,deepseek-v3-2,managed-prompt,tatoeba,jp,nl,別の実例を教えてください。,Geef me een ander voorbeeld alsjeblieft.,"{""c"":""Geef een ander voorbeeld.""}",Geef een ander voorbeeld.,True,1,0,True,True,False,True,,True,,True,"{""reason"":""detector_match"",""detected"":""nl"",""confidence"":1.0}",True,[],[],True,,"{""errors"":[]}",True,[],True,1,0,True,True,False,100,100,1243,12,1255,,,2082.13,1306,8,1314,0,0,1229.15
0d4e4b4978c8f03788f5,1307,deepseek-v3-2,managed-prompt,tatoeba,jp,nl,私たちの知る限りでは、地球は海を持っている唯一の惑星である。,"Zover wij weten, is de aarde de enige planeet met oceanen.","{""c"":""Voor zover wij weten, is de aarde de enige planeet met zeeën.""}","Voor zover wij weten, is de aarde de enige planeet met zeeën.",True,1,0,True,True,False,True,,True,,True,"{""reason"":""detector_match"",""detected"":""nl"",""confidence"":1.0}",True,[],[],True,,"{""errors"":[]}",True,[],True,1,0,True,True,False,100,100,1253,25,1278,,,884.4,1343,8,1351,0,0,1295.65
f270d2850cb85f0aa5ec,1308,deepseek-v3-2,managed-prompt,tatoeba,jp,nl,夜遅くまで起きていては駄目だよ。,"Het is niet goed als je zo laat in de avond opblijft, joh.","{""c"":""Je mag niet te laat opblijven.""}",Je mag niet te laat opblijven.,True,1,0,True,True,False,True,,True,,True,"{""reason"":""detector_match"",""detected"":""nl"",""confidence"":1.0}",True,[],[],True,,"{""errors"":[]}",True,[],True,1,0,True,True,False,100,100,1250,15,1265,,,1417.14,1323,8,1331,0,0,2662.92
4edb107062a81ce3d5c9,1309,deepseek-v3-2,managed-prompt,tatoeba,jp,nl,彼にはそれはすることができない。,Hij kan dat niet aan.,"{""c"":""Hij kan het niet doen.""}",Hij kan het niet doen.,True,1,0,True,True,False,True,,True,,True,"{""reason"":""detector_match"",""detected"":""nl"",""confidence"":1.0}",True,[],[],True,,"{""errors"":[]}",True,[],True,1,0,True,True,False,100,100,1240,12,1252,,,675.77,1297,8,1305,0,0,1090.94
4f9648fa3bc30e1d1dfc,1310,deepseek-v3-2,managed-prompt,tatoeba,jp,nb,いいかげんにして。,Skjerp deg!,"{""c"":""Nok nå.""}",Nok nå.,True,1,0,True,True,False,True,,True,,,"{""reason"":""too_short_for_language_detection"",""detected"":null,""confidence"":null}",True,[],[],True,,"{""errors"":[]}",True,[],True,1,0,True,True,False,100,100,1240,9,1249,,,785.33,1292,8,1300,0,0,1174.75
94c55e4bacacbea00a72,1311,deepseek-v3-2,managed-prompt,tatoeba,jp,nb,この規則はあなたにも当てはまる。,Denne regelen gjelder deg også.,"{""c"":""Denne regelen gjelder for deg også.""}",Denne regelen gjelder for deg også.,True,1,0,True,True,False,True,,True,,True,"{""reason"":""detector_match"",""detected"":""no"",""confidence"":1.0}",True,[],[],True,,"{""errors"":[]}",True,[],True,1,0,True,True,False,100,100,1244,16,1260,,,687.57,1308,8,1316,0,0,1176.49
bd3799b960a515161635,1312,deepseek-v3-2,managed-prompt,tatoeba,jp,nb,私は最高だ。,Jeg er best.,"{""c"":""Jeg er den beste.""}",Jeg er den beste.,True,1,0,True,True,False,True,,True,,,"{""reason"":""detector_mismatch_uncertain"",""detected"":""da"",""confidence"":1.0}",True,[],[],True,,"{""errors"":[]}",True,[],True,1,0,True,True,False,100,100,1238,11,1249,,,953.37,1290,8,1298,0,0,1219.76
b27d4516f75552f14e8f,1313,deepseek-v3-2,managed-prompt,tatoeba,jp,nb,買い物に行かなければならない。一時間で戻るよ。,Jeg må gå og handle. Jeg er tilbake innen en time.,"{""c"":""Jeg må gå og handle. Jeg er tilbake om en time.""}",Jeg må gå og handle. Jeg er tilbake om en time.,True,1,0,True,True,False,True,,True,,True,"{""reason"":""detector_match"",""detected"":""no"",""confidence"":1.0}",True,[],[],True,,"{""errors"":[]}",True,[],True,1,0,True,True,False,100,100,1249,23,1272,,,837.99,1330,8,1338,0,0,1231.15
19208ad2de7f09913195,1314,deepseek-v3-2,managed-prompt,tatoeba,jp,nb,私たちは朝食にパンケーキを作った。,Vi laget pannekaker til frokost.,"{""c"":""Vi lagde pannekaker til frokost.""}",Vi lagde pannekaker til frokost.,True,1,0,True,True,False,True,,True,,True,"{""reason"":""detector_match"",""detected"":""no"",""confidence"":1.0}",True,[],[],True,,"{""errors"":[]}",True,[],True,1,0,True,True,False,100,100,1247,16,1263,,,729.74,1311,8,1319,0,0,1209.72
a72d52443dd00b048c66,1315,deepseek-v3-2,managed-prompt,tatoeba,jp,nb,もう一杯お茶をいただきませんか。,Vil du ha en kopp te til?,"{""c"":""Skal vi ta oss en kopp te til?""}",Skal vi ta oss en kopp te til?,True,1,0,True,True,False,True,,True,,True,"{""reason"":""detector_match"",""detected"":""no"",""confidence"":1.0}",True,[],[],True,,"{""errors"":[{""category"":""accuracy"",""severity"":""minor""}]}",True,"[{""category"":""accuracy"",""severity"":""minor""}]",True,1,0,True,True,False,97,97,1245,16,1261,,,1034.67,1311,17,1328,0,0,1426.89
63722b4bf6c3ffd8536b,1316,deepseek-v3-2,managed-prompt,tatoeba,jp,nb,急いで！,Fort deg!,"{""c"":""Skynde deg!""}",Skynde deg!,True,1,0,True,True,False,True,,True,,,"{""reason"":""detector_mismatch_uncertain"",""detected"":""da"",""confidence"":1.0}",True,[],[],True,,"{""errors"":[]}",True,[],True,1,0,True,True,False,100,100,1238,9,1247,,,610.07,1285,8,1293,0,0,1319.96
6af305926d947a83cc50,1317,deepseek-v3-2,managed-prompt,tatoeba,jp,nb,その翻訳は原文に極めて忠実である。,Oversettelsen er meget tro mot originalen.,"{""c"":""Den oversettelsen er ekstremt tro mot originalen.""}",Den oversettelsen er ekstremt tro mot originalen.,True,1,0,True,True,False,True,,True,,True,"{""reason"":""detector_match"",""detected"":""no"",""confidence"":1.0}",True,[],[],True,,"{""errors"":[]}",True,[],True,1,0,True,True,False,100,100,1246,18,1264,,,975.69,1315,8,1323,0,0,1081.34
3ff8388709358122b8d5,1318,deepseek-v3-2,managed-prompt,tatoeba,jp,nb,日本人は集団で旅行するのが好きだ。,Japanere liker å reise i gruppe.,"{""c"":""japanere liker å reise i grupper.""}",japanere liker å reise i grupper.,True,1,0,True,True,False,True,,True,,True,"{""reason"":""detector_match"",""detected"":""no"",""confidence"":1.0}",True,[],[],True,,"{""errors"":[]}",True,[],True,1,0,True,True,False,100,100,1245,17,1262,,,747.77,1314,8,1322,0,0,1262.16
4d0cebf3e88e379061ba,1319,deepseek-v3-2,managed-prompt,tatoeba,jp,nb,もし何か起こったら、すぐに電話をください。,"Ring meg med en gang, hvis noe skjer.","{""c"":""Ring meg med en gang hvis det skjer noe.""}",Ring meg med en gang hvis det skjer noe.,True,1,0,True,True,False,True,,True,,True,"{""reason"":""detector_match"",""detected"":""no"",""confidence"":1.0}",True,[],[],True,,"{""errors"":[]}",True,[],True,1,0,True,True,False,100,100,1247,18,1265,,,812.84,1314,8,1322,0,0,1203.19
ac4ac6a909834deb1125,1320,deepseek-v3-2,managed-prompt,tatoeba,nl,da,Stop!,Stop!,"{""c"":""Stop! (Translated: Stop!)""}",Stop! (Translated: Stop!),True,1,0,True,True,False,True,,True,,,"{""reason"":""detector_mismatch_uncertain"",""detected"":""en"",""confidence"":1.0}",True,[],[],True,,"{""errors"":[{""category"":""preservation"",""severity"":""major""}]}",False,"[{""category"":""preservation"",""severity"":""major""}]",True,1,0,True,True,False,85,85,1236,13,1249,,,723.98,1284,17,1301,0,0,1253.62
afec72c40adb60e0da3b,1321,deepseek-v3-2,managed-prompt,tatoeba,nl,da,Hij laat altijd het venster open als hij slaapt.,"Han lader altid vinduet være åbent, når han sover.","{""c"":""Han lader altid vinduet stå åbent, når han sover.""}","Han lader altid vinduet stå åbent, når han sover.",True,1,0,True,True,False,True,,True,,True,"{""reason"":""detector_match"",""detected"":""da"",""confidence"":0.858}",True,[],[],True,,"{""errors"":[]}",True,[],True,1,0,True,True,False,100,100,1247,25,1272,,,823.96,1323,8,1331,0,0,1243.82
c2945ff2d610000f0554,1322,deepseek-v3-2,managed-prompt,tatoeba,nl,da,Ze respecteren hem.,De respekterer ham.,"{""c"":""De respekterer ham.""}",De respekterer ham.,True,1,0,True,True,False,True,,True,,,"{""reason"":""detector_mismatch_uncertain"",""detected"":""no"",""confidence"":1.0}",True,[],[],True,,"{""errors"":[]}",True,[],True,1,0,True,True,False,100,100,1239,12,1251,,,910.41,1288,8,1296,0,0,1265.18
3f7ae4c0a4cc3694c537,1323,deepseek-v3-2,managed-prompt,tatoeba,nl,da,Tom neemt zijn baan niet erg serieus.,Tom tager ikke sit arbejde ret alvorligt.,"{""c"":""Tom tager sit job ikke så seriøst.""}",Tom tager sit job ikke så seriøst.,True,1,0,True,True,False,True,,True,,,"{""reason"":""detector_mismatch_uncertain"",""detected"":""no"",""confidence"":1.0}",True,[],[],True,,"{""errors"":[]}",True,[],True,1,0,True,True,False,100,100,1245,17,1262,,,900.44,1308,8,1316,0,0,1169.56
7fb4ff63911028a901fb,1324,deepseek-v3-2,managed-prompt,tatoeba,nl,da,Ze rookt twintig sigaretten per dag.,Hun ryger 20 cigaretter om dagen.,"{""c"":""Han ryger tyve cigaretter om dagen.""}",Han ryger tyve cigaretter om dagen.,True,1,0,True,True,False,True,,True,,,"{""reason"":""detector_inconclusive"",""detected"":""sv"",""confidence"":0.5714}",True,[],[],True,,"{""errors"":[{""category"":""accuracy"",""severity"":""major""}]}",False,"[{""category"":""accuracy"",""severity"":""major""}]",True,1,0,True,True,False,85,85,1246,16,1262,,,6181.38,1306,17,1323,0,0,2305.31
b53bdb9241de61f54d43,1325,deepseek-v3-2,managed-prompt,tatoeba,nl,da,Waar is de dichtstbijzijnde bank?,Hvor er nærmeste bank?,"{""c"":""Hvor er den nærmeste bank?""}",Hvor er den nærmeste bank?,True,1,0,True,True,False,True,,True,,True,"{""reason"":""detector_match"",""detected"":""da"",""confidence"":1.0}",True,[],[],True,,"{""errors"":[]}",True,[],True,1,0,True,True,False,100,100,1246,15,1261,,,669.2,1303,8,1311,0,0,1219.35
9fec893d9e4247b42929,1326,deepseek-v3-2,managed-prompt,tatoeba,nl,da,Ik schrijf graag gedichten.,Jeg kan godt lide at skrive digte.,"{""c"":""Jeg kan godt lide at skrive digte.""}",Jeg kan godt lide at skrive digte.,True,1,0,True,True,False,True,,True,,True,"{""reason"":""detector_match"",""detected"":""da"",""confidence"":0.8571}",True,[],[],True,,"{""errors"":[]}",True,[],True,1,0,True,True,False,100,100,1242,18,1260,,,933.13,1307,8,1315,0,0,1174.12
8039d2f37dd765635bcb,1327,deepseek-v3-2,managed-prompt,tatoeba,nl,da,Ik heb hoofdpijn.,Jeg har hovedpine.,"{""c"":""Jeg har hovedpine.""}",Jeg har hovedpine.,True,1,0,True,True,False,True,,True,,,"{""reason"":""detector_mismatch_uncertain"",""detected"":""no"",""confidence"":1.0}",True,[],[],True,,"{""errors"":[]}",True,[],True,1,0,True,True,False,100,100,1240,12,1252,,,772.9,1294,8,1302,0,0,1090.28
de0a9875bf317c6c9083,1328,deepseek-v3-2,managed-prompt,tatoeba,nl,da,Hoe gaat het met je vrouw?,Hvordan har din kone det?,"{""c"":""Hvordan går det med din kone?""}",Hvordan går det med din kone?,True,1,0,True,True,False,True,,True,,True,"{""reason"":""detector_match"",""detected"":""da"",""confidence"":0.9999}",True,[],[],True,,"{""errors"":[]}",True,[],True,1,0,True,True,False,100,100,1243,15,1258,,,885.95,1303,8,1311,0,0,1222.08
ed67913d296cd6f117d6,1329,deepseek-v3-2,managed-prompt,tatoeba,nl,da,Hij beloofde me om vroeg te komen.,Han lovede mig at komme tidligt.,"{""c"":""Han lovede at komme tidligt.""}",Han lovede at komme tidligt.,True,1,0,True,True,False,True,,True,,True,"{""reason"":""detector_match"",""detected"":""da"",""confidence"":1.0}",True,[],[],True,,"{""errors"":[{""category"":""accuracy"",""severity"":""minor""}]}",True,"[{""category"":""accuracy"",""severity"":""minor""}]",True,1,0,True,True,False,97,97,1246,14,1260,,,979.23,1303,17,1320,0,0,1220.55
48364b89347f76909d29,1330,deepseek-v3-2,managed-prompt,tatoeba,nl,de,Tom opende een blik tonijn.,Tom öffnete eine Thunfischdose.,"{""c"":""Tom öffnete eine Dose Thunfisch.""}",Tom öffnete eine Dose Thunfisch.,True,1,0,True,True,False,True,,True,,True,"{""reason"":""detector_match"",""detected"":""de"",""confidence"":1.0}",True,[],[],True,,"{""errors"":[]}",True,[],True,1,0,True,True,False,100,100,1243,16,1259,,,711.69,1308,8,1316,0,0,1162.16
3b19f6d9ae9bc123688a,1331,deepseek-v3-2,managed-prompt,tatoeba,nl,de,David is erg aantrekkelijk.,David ist sehr attraktiv.,"{""c"":""David ist sehr attraktiv.""}",David ist sehr attraktiv.,True,1,0,True,True,False,True,,True,,,"{""reason"":""detector_mismatch_uncertain"",""detected"":""sv"",""confidence"":1.0}",True,[],[],True,,"{""errors"":[]}",True,[],True,1,0,True,True,False,100,100,1243,11,1254,,,685.06,1295,8,1303,0,0,1115.59
e8056ee9ed7a7989a298,1332,deepseek-v3-2,managed-prompt,tatoeba,nl,de,Dat gebeurt wel eens.,Das passiert schon mal.,"{""c"":""Das kommt mal vor.""}",Das kommt mal vor.,True,1,0,True,True,False,True,,True,,,"{""reason"":""detector_inconclusive"",""detected"":""da"",""confidence"":0.8571}",True,[],[],True,,"{""errors"":[]}",True,[],True,1,0,True,True,False,100,100,1240,10,1250,,,821.7,1292,8,1300,0,0,1349.7
5d8841e26d69b9041f32,1333,deepseek-v3-2,managed-prompt,tatoeba,nl,de,Een longontsteking veroorzaakt ademhalingsproblemen.,Eine Lungenentzündung verursacht Atembeschwerden.,"{""c"":""Eine Lungenentzündung verursacht Atembeschwerden.""}",Eine Lungenentzündung verursacht Atembeschwerden.,True,1,0,True,True,False,True,,True,,True,"{""reason"":""detector_match"",""detected"":""de"",""confidence"":1.0}",True,[],[],True,,"{""errors"":[]}",True,[],True,1,0,True,True,False,100,100,1249,20,1269,,,905.54,1321,8,1329,0,0,2069.17
929dd190cfad6edfb176,1334,deepseek-v3-2,managed-prompt,tatoeba,nl,de,Ik was jong en onschuldig.,Ich war jung und unschuldig.,"{""c"":""Ich war jung und unschuldig.""}",Ich war jung und unschuldig.,True,1,0,True,True,False,True,,True,,True,"{""reason"":""detector_match"",""detected"":""de"",""confidence"":1.0}",True,[],[],True,,"{""errors"":[]}",True,[],True,1,0,True,True,False,100,100,1243,14,1257,,,662.38,1302,8,1310,0,0,1050.13
9c761639064f4a3313d0,1335,deepseek-v3-2,managed-prompt,tatoeba,nl,de,Ik was mijn haar bijna elke dag.,Ich wasche mir fast täglich die Haare.,"{""c"":""Ich wasche mir fast jeden Tag meine Haare.""}",Ich wasche mir fast jeden Tag meine Haare.,True,1,0,True,True,False,True,,True,,,"{""reason"":""detector_inconclusive"",""detected"":""de"",""confidence"":0.5714}",True,[],[],True,,"{""errors"":[]}",True,[],True,1,0,True,True,False,100,100,1243,16,1259,,,905.0,1311,8,1319,0,0,1199.21
3338071a0e8738b9adba,1336,deepseek-v3-2,managed-prompt,tatoeba,nl,de,De koning had last van zwaarmoedigheid en verveling.,Der König neigte zu Schwermut und Langerweile.,"{""c"":""Der König litt an Melancholie und Langeweile.""}",Der König litt an Melancholie und Langeweile.,True,1,0,True,True,False,True,,True,,True,"{""reason"":""detector_match"",""detected"":""de"",""confidence"":1.0}",True,[],[],True,,"{""errors"":[]}",True,[],True,1,0,True,True,False,100,100,1250,19,1269,,,865.69,1319,8,1327,0,0,1214.23
90216d3e77bce3867658,1337,deepseek-v3-2,managed-prompt,tatoeba,nl,de,De Finnen drinken veel koffie.,Die Finnen trinken viel Kaffee.,"{""c"":""Finnen trinken viel Kaffee.""}",Finnen trinken viel Kaffee.,True,1,0,True,True,False,True,,True,,,"{""reason"":""detector_inconclusive"",""detected"":""nl"",""confidence"":0.5715}",True,[],[],True,,"{""errors"":[{""category"":""fluency"",""severity"":""minor""}]}",True,"[{""category"":""fluency"",""severity"":""minor""}]",True,1,0,True,True,False,97,97,1244,14,1258,,,729.64,1308,18,1326,0,0,1246.33
05a9693844e2be5086b4,1338,deepseek-v3-2,managed-prompt,tatoeba,nl,de,Het heeft weinig waarde.,Es hat nur geringen Wert.,"{""c"":""Es hat kaum Wert.""}",Es hat kaum Wert.,True,1,0,True,True,False,True,,True,,True,"{""reason"":""detector_match"",""detected"":""de"",""confidence"":1.0}",True,[],[],True,,"{""errors"":[]}",True,[],True,1,0,True,True,False,100,100,1240,10,1250,,,686.5,1295,8,1303,0,0,1184.64
dbf6b82ec655cc274ac2,1339,deepseek-v3-2,managed-prompt,tatoeba,nl,de,Roemenië is een Balkanland. Zijn hoofdstad is Boekarest.,Rumänien ist ein Balkanstaat. Seine Hauptstadt ist Bukarest.,"{""c"":""Rumänien ist ein Balkanland. Seine Hauptstadt ist Bukarest.""}",Rumänien ist ein Balkanland. Seine Hauptstadt ist Bukarest.,True,1,0,True,True,False,True,,True,,True,"{""reason"":""detector_match"",""detected"":""de"",""confidence"":1.0}",True,[],[],True,,"{""errors"":[]}",True,[],True,1,0,True,True,False,100,100,1251,21,1272,,,1063.83,1333,8,1341,0,0,1099.44
3ea938292ff96b8d963a,1340,deepseek-v3-2,managed-prompt,tatoeba,nl,en,Tom sterft.,Tom is dying.,"{""c"":""Tom's dead.""}",Tom's dead.,True,1,0,True,True,False,True,,True,,True,"{""reason"":""detector_match"",""detected"":""en"",""confidence"":0.8571}",True,[],[],True,,"{""errors"":[{""category"":""accuracy"",""severity"":""major""}]}",False,"[{""category"":""accuracy"",""severity"":""major""}]",True,1,0,True,True,False,85,85,1238,9,1247,,,674.62,1283,17,1300,0,0,1333.05
3c388b0b49259bbf5b59,1341,deepseek-v3-2,managed-prompt,tatoeba,nl,en,Maria bijt op haar nagels.,Mary bites her nails.,"{""c"":""Maria bites her nails.""}",Maria bites her nails.,True,1,0,True,True,False,True,,True,,True,"{""reason"":""detector_match"",""detected"":""en"",""confidence"":0.8571}",True,[],[],True,,"{""errors"":[]}",True,[],True,1,0,True,True,False,100,100,1242,10,1252,,,670.83,1293,8,1301,0,0,1231.52
de0afd574a268057caec,1342,deepseek-v3-2,managed-prompt,tatoeba,nl,en,Hij is allergisch voor katten.,He's allergic to cats.,"{""c"":""He is allergic to cats.""}",He is allergic to cats.,True,1,0,True,True,False,True,,True,,True,"{""reason"":""detector_match"",""detected"":""en"",""confidence"":1.0}",True,[],[],True,,"{""errors"":[]}",True,[],True,1,0,True,True,False,100,100,1243,11,1254,,,634.57,1293,8,1301,0,0,1230.24
75eb7651bf1817edd4eb,1343,deepseek-v3-2,managed-prompt,tatoeba,nl,en,Hij kan niet erg snel rennen.,He can't run very fast.,"{""c"":""He can't run very fast.""}",He can't run very fast.,True,1,0,True,True,False,True,,True,,True,"{""reason"":""detector_match"",""detected"":""en"",""confidence"":1.0}",True,[],[],True,,"{""errors"":[]}",True,[],True,1,0,True,True,False,100,100,1243,12,1255,,,843.31,1295,8,1303,0,0,1166.24
ba9dfccbb72e4ade6c08,1344,deepseek-v3-2,managed-prompt,tatoeba,nl,en,Stop Tom.,Stop Tom.,"{""c"":""Stop Tom.""}",Stop Tom.,True,1,0,True,True,False,True,,True,,,"{""reason"":""too_short_for_language_detection"",""detected"":null,""confidence"":null}",True,[],[],True,,"{""errors"":[]}",True,[],True,1,0,True,True,False,100,100,1237,8,1245,,,723.98,1280,8,1288,0,0,1225.98
1cbc60f67297ae858049,1345,deepseek-v3-2,managed-prompt,tatoeba,nl,en,Hoeveel is 300 euro in Canadese dollars?,How much is 300 euros in Canadian dollars?,"{""c"":""How much is 300 euros in Canadian dollars?""}",How much is 300 euros in Canadian dollars?,True,1,0,True,True,False,True,,True,,True,"{""reason"":""detector_match"",""detected"":""en"",""confidence"":1.0}",True,[],[],True,,"{""errors"":[]}",True,[],True,1,0,True,True,False,100,100,1247,15,1262,,,997.59,1310,8,1318,0,0,1203.28
a9a34d7321a3aa628a4e,1346,deepseek-v3-2,managed-prompt,tatoeba,nl,en,Tom kan het niet uitstaan onderbroken te worden.,Tom can't stand being interrupted.,"{""c"":""Tom can't stand being interrupted.""}",Tom can't stand being interrupted.,True,1,0,True,True,False,True,,True,,True,"{""reason"":""detector_match"",""detected"":""en"",""confidence"":1.0}",True,[],[],True,,"{""errors"":[]}",True,[],True,1,0,True,True,False,100,100,1246,12,1258,,,664.02,1298,8,1306,0,0,1233.01
bff0c3c61dc429310d62,1347,deepseek-v3-2,managed-prompt,tatoeba,nl,en,Ik wil niet blijven aandringen.,I don't want to continue pressing the issue.,"{""c"":""I don't want to keep insisting.""}",I don't want to keep insisting.,True,1,0,True,True,False,True,,True,,,"{""reason"":""detector_mismatch_uncertain"",""detected"":""af"",""confidence"":1.0}",True,[],[],True,,"{""errors"":[]}",True,[],True,1,0,True,True,False,100,100,1241,13,1254,,,744.12,1302,8,1310,0,0,1215.71
55a971ed5574991e8355,1348,deepseek-v3-2,managed-prompt,tatoeba,nl,en,Volgens de bijbel schiep God de wereld in zes dagen.,"According to the Bible, God created the world in six days.","{""c"":""According to the Bible, God created the world in six days.""}","According to the Bible, God created the world in six days.",True,1,0,True,True,False,True,,True,,True,"{""reason"":""detector_match"",""detected"":""en"",""confidence"":1.0}",True,[],[],True,,"{""errors"":[]}",True,[],True,1,0,True,True,False,100,100,1249,18,1267,,,827.39,1315,8,1323,0,0,1298.16
d167d973d25578983215,1349,deepseek-v3-2,managed-prompt,tatoeba,nl,en,Ik zal op kerstdag aankomen.,I'll arrive on Christmas Day.,"{""c"":""I will arrive on Christmas Day.""}",I will arrive on Christmas Day.,True,1,0,True,True,False,True,,True,,True,"{""reason"":""detector_match"",""detected"":""en"",""confidence"":1.0}",True,[],[],True,,"{""errors"":[]}",True,[],True,1,0,True,True,False,100,100,1244,12,1256,,,3157.28,1298,8,1306,0,0,2334.67
4296878b034da39e1011,1350,deepseek-v3-2,managed-prompt,tatoeba,nl,es,Wanneer te beginnen is het grootste probleem.,El problema más grande es cuándo comenzar.,"{""c"":""Cuándo empezar es el mayor problema.""}",Cuándo empezar es el mayor problema.,True,1,0,True,True,False,True,,True,,True,"{""reason"":""detector_match"",""detected"":""es"",""confidence"":1.0}",True,[],[],True,,"{""errors"":[]}",True,[],True,1,0,True,True,False,100,100,1245,15,1260,,,883.17,1306,8,1314,0,0,1265.05
22024194c7bcaf7765ec,1351,deepseek-v3-2,managed-prompt,tatoeba,nl,es,Ik groeide op in Boston.,Yo crecí en Boston.,"{""c"":""Crecí en Boston.""}",Crecí en Boston.,True,1,0,True,True,False,True,,True,,True,"{""reason"":""detector_match"",""detected"":""es"",""confidence"":1.0}",True,[],[],True,,"{""errors"":[]}",True,[],True,1,0,True,True,False,100,100,1242,11,1253,,,789.7,1296,8,1304,0,0,1205.17
0b69e15fa48f7892394e,1352,deepseek-v3-2,managed-prompt,tatoeba,nl,es,Ik heb een grote familie.,Tengo una familia numerosa.,"{""c"":""Tengo una familia grande.""}",Tengo una familia grande.,True,1,0,True,True,False,True,,True,,True,"{""reason"":""detector_match"",""detected"":""es"",""confidence"":1.0}",True,[],[],True,,"{""errors"":[]}",True,[],True,1,0,True,True,False,100,100,1240,11,1251,,,804.48,1295,8,1303,0,0,1175.46
ad5b24e9b6f8bd5fa1e9,1353,deepseek-v3-2,managed-prompt,tatoeba,nl,es,Hij kan Frans onderwijzen.,Es capaz de enseñar francés.,"{""c"":""Él puede enseñar francés.""}",Él puede enseñar francés.,True,1,0,True,True,False,True,,True,,True,"{""reason"":""detector_match"",""detected"":""es"",""confidence"":1.0}",True,[],[],True,,"{""errors"":[]}",True,[],True,1,0,True,True,False,100,100,1242,13,1255,,,960.41,1299,8,1307,0,0,1126.21
43fefe006ec167a30ed2,1354,deepseek-v3-2,managed-prompt,tatoeba,nl,es,Waarom doe je je jas niet uit?,¿Por qué no te quitas el abrigo?,"{""c"":""¿Por qué no te quitas el abrigo?""}",¿Por qué no te quitas el abrigo?,True,1,0,True,True,False,True,,True,,,"{""reason"":""detector_mismatch_uncertain"",""detected"":""pt"",""confidence"":1.0}",True,[],[],True,,"{""errors"":[]}",True,[],True,1,0,True,True,False,100,100,1243,17,1260,,,812.84,1312,8,1320,0,0,1163.8
8436ebb00297c0559dc0,1355,deepseek-v3-2,managed-prompt,tatoeba,nl,es,Ze geloven dat Jane eerlijk is.,Creen que Jane es sincera.,"{""c"":""Creen que Jane es honesta.""}",Creen que Jane es honesta.,True,1,0,True,True,False,True,,True,,,"{""reason"":""detector_inconclusive"",""detected"":""fr"",""confidence"":0.857}",True,[],[],True,,"{""errors"":[]}",True,[],True,1,0,True,True,False,100,100,1243,13,1256,,,730.16,1298,8,1306,0,0,1247.49
7814bcd394ace5e571e5,1356,deepseek-v3-2,managed-prompt,tatoeba,nl,es,Mijn zus houdt van meloenen en ik ook.,"A mi hermana le gustan los melones, y a mí también.","{""c"":""A mi hermana le encantan los melones y a mí también.""}",A mi hermana le encantan los melones y a mí también.,True,1,0,True,True,False,True,,True,,True,"{""reason"":""detector_match"",""detected"":""es"",""confidence"":0.8571}",True,[],[],True,,"{""errors"":[]}",True,[],True,1,0,True,True,False,100,100,1248,20,1268,,,809.72,1321,8,1329,0,0,1131.85
a87516c98b9f44451760,1357,deepseek-v3-2,managed-prompt,tatoeba,nl,es,Hij heeft een week vrij genomen.,Se tomó una semana libre.,"{""c"":""Él se ha tomado una semana libre.""}",Él se ha tomado una semana libre.,True,1,0,True,True,False,True,,True,,,"{""reason"":""detector_inconclusive"",""detected"":""es"",""confidence"":0.5714}",True,[],[],True,,"{""errors"":[]}",True,[],True,1,0,True,True,False,100,100,1243,15,1258,,,705.63,1299,8,1307,0,0,1178.19
ae2aaa37b13a8d925526,1358,deepseek-v3-2,managed-prompt,tatoeba,nl,es,Haar enige wens was haar enige zoon een laatste keer terug te zien.,Su único deseo era volver a ver a su hijo por última vez.,"{""c"":""Su único deseo era ver a su único hijo una última vez.""}",Su único deseo era ver a su único hijo una última vez.,True,1,0,True,True,False,True,,True,,True,"{""reason"":""detector_match"",""detected"":""es"",""confidence"":1.0}",True,[],[],True,,"{""errors"":[]}",True,[],True,1,0,True,True,False,100,100,1252,19,1271,,,973.28,1322,8,1330,0,0,1123.07
58d843b79aff45899081,1359,deepseek-v3-2,managed-prompt,tatoeba,nl,es,Er blijft nog veel te doen.,Hay mucho que hacer.,"{""c"":""Queda mucho por hacer.""}",Queda mucho por hacer.,True,1,0,True,True,False,True,,True,,True,"{""reason"":""detector_match"",""detected"":""es"",""confidence"":1.0}",True,[],[],True,,"{""errors"":[]}",True,[],True,1,0,True,True,False,100,100,1242,12,1254,,,715.15,1295,8,1303,0,0,1143.65
bec40079bc464bcd1ac3,1360,deepseek-v3-2,managed-prompt,tatoeba,nl,fr,Ik heb een raar geluid gehoord.,J'ai entendu un bruit étrange.,"{""c"":""J'ai entendu un bruit étrange.""}",J'ai entendu un bruit étrange.,True,1,0,True,True,False,True,,True,,True,"{""reason"":""detector_match"",""detected"":""fr"",""confidence"":1.0}",True,[],[],True,,"{""errors"":[]}",True,[],True,1,0,True,True,False,100,100,1245,15,1260,,,1853.14,1309,8,1317,0,0,1103.19
58c01eb8122f5cfa906a,1361,deepseek-v3-2,managed-prompt,tatoeba,nl,fr,Leven is wat je gebeurt terwijl je andere plannen maakt.,La vie c'est ce qui se passe pendant que tu es occupée à faire d'autres plans.,"{""c"":""La vie, c'est ce qui se passe pendant que tu fais d'autres projets.""}","La vie, c'est ce qui se passe pendant que tu fais d'autres projets.",True,1,0,True,True,False,True,,True,,True,"{""reason"":""detector_match"",""detected"":""fr"",""confidence"":1.0}",True,[],[],True,,"{""errors"":[]}",True,[],True,1,0,True,True,False,100,100,1249,22,1271,,,1023.06,1333,8,1341,0,0,1186.61
e90dbb8d1f460b868e6c,1362,deepseek-v3-2,managed-prompt,tatoeba,nl,fr,Ik hoop je snel te zien.,J'espère te voir vite.,"{""c"":""J'espère te revoir vite.""}",J'espère te revoir vite.,True,1,0,True,True,False,True,,True,,True,"{""reason"":""detector_match"",""detected"":""fr"",""confidence"":1.0}",True,[],[],True,,"{""errors"":[{""category"":""accuracy"",""severity"":""minor""}]}",True,"[{""category"":""accuracy"",""severity"":""minor""}]",True,1,0,True,True,False,97,97,1241,13,1254,,,814.98,1302,17,1319,0,0,1263.37
929e078d0e1bfd48220b,1363,deepseek-v3-2,managed-prompt,tatoeba,nl,fr,Japan is een land van eilanden.,Le Japon est un pays insulaire.,"{""c"":""Le Japon est un pays d'îles.""}",Le Japon est un pays d'îles.,True,1,0,True,True,False,True,,True,,True,"{""reason"":""detector_match"",""detected"":""fr"",""confidence"":1.0}",True,[],[],True,,"{""errors"":[]}",True,[],True,1,0,True,True,False,100,100,1243,15,1258,,,717.74,1301,8,1309,0,0,1102.92
cf3222f37c7cacac7951,1364,deepseek-v3-2,managed-prompt,tatoeba,nl,fr,China is veel groter dan Japan.,La Chine est beaucoup plus grande que le Japon.,"{""c"":""La Chine est beaucoup plus grande que le Japon.""}",La Chine est beaucoup plus grande que le Japon.,True,1,0,True,True,False,True,,True,,True,"{""reason"":""detector_match"",""detected"":""fr"",""confidence"":1.0}",True,[],[],True,,"{""errors"":[]}",True,[],True,1,0,True,True,False,100,100,1242,15,1257,,,809.48,1311,8,1319,0,0,2655.81
2e0bb5df7120488aa553,1365,deepseek-v3-2,managed-prompt,tatoeba,nl,fr,Teken hier!,Signe ici !,"{""c"":""Inscription ici !""}",Inscription ici !,True,1,0,True,True,False,True,,True,,,"{""reason"":""detector_inconclusive"",""detected"":""it"",""confidence"":0.9243}",True,[],[],True,,"{""errors"":[{""category"":""accuracy"",""severity"":""major""}]}",False,"[{""category"":""accuracy"",""severity"":""major""}]",True,1,0,True,True,False,85,85,1238,9,1247,,,725.18,1289,17,1306,0,0,1339.19
1588ee223ad45c237f0f,1366,deepseek-v3-2,managed-prompt,tatoeba,nl,fr,Ik zou geen voedsel moeten eten dat suiker bevat.,Je ne devrais pas manger de nourriture contenant du sucre.,"{""c"":""Je ne devrais pas manger d'aliments contenant du sucre.""}",Je ne devrais pas manger d'aliments contenant du sucre.,True,1,0,True,True,False,True,,True,,True,"{""reason"":""detector_match"",""detected"":""fr"",""confidence"":1.0}",True,[],[],True,,"{""errors"":[]}",True,[],True,1,0,True,True,False,100,100,1245,20,1265,,,922.27,1325,8,1333,0,0,1303.78
06db23c3e848eba666d7,1367,deepseek-v3-2,managed-prompt,tatoeba,nl,fr,We stonden voor de deur en wachtten.,Nous nous tenions devant la porte et attendions.,"{""c"":""Nous nous tenions devant la porte et attendions.""}",Nous nous tenions devant la porte et attendions.,True,1,0,True,True,False,True,,True,,True,"{""reason"":""detector_match"",""detected"":""fr"",""confidence"":1.0}",True,[],[],True,,"{""errors"":[]}",True,[],True,1,0,True,True,False,100,100,1246,16,1262,,,669.6,1311,8,1319,0,0,1282.52
b89f324e647fcc653380,1368,deepseek-v3-2,managed-prompt,tatoeba,nl,fr,Joan brak haar linkerarm in het ongeluk.,Joan s'est cassé son bras gauche dans l'accident.,"{""c"":""Joan s'est cassée le bras gauche dans l'accident.""}",Joan s'est cassée le bras gauche dans l'accident.,True,1,0,True,True,False,True,,True,,True,"{""reason"":""detector_match"",""detected"":""fr"",""confidence"":1.0}",True,[],[],True,,"{""errors"":[]}",True,[],True,1,0,True,True,False,100,100,1246,19,1265,,,749.97,1316,8,1324,0,0,1267.8
18fb377f64b6bdf67d4b,1369,deepseek-v3-2,managed-prompt,tatoeba,nl,fr,Ik was verwonderd wanneer ik hoorde wat er gebeurd was.,J'ai été étonné d'entendre ce qui s'était passé.,"{""c"":""J'ai été atterré quand j'ai entendu ce qui s'est passé.""}",J'ai été atterré quand j'ai entendu ce qui s'est passé.,True,1,0,True,True,False,True,,True,,True,"{""reason"":""detector_match"",""detected"":""fr"",""confidence"":1.0}",True,[],[],True,,"{""errors"":[{""category"":""accuracy"",""severity"":""major""}]}",False,"[{""category"":""accuracy"",""severity"":""major""}]",True,1,0,True,True,False,85,85,1249,22,1271,,,1705.47,1332,17,1349,0,0,1271.33
ff8f82be90f42f3aaa06,1370,deepseek-v3-2,managed-prompt,tatoeba,nl,it,Ik ben trots op mijn kinderen.,Io sono fiera dei miei figli.,"{""c"":""Sono orgoglioso dei miei figli.""}",Sono orgoglioso dei miei figli.,True,1,0,True,True,False,True,,True,,True,"{""reason"":""detector_match"",""detected"":""it"",""confidence"":1.0}",True,[],[],True,,"{""errors"":[{""category"":""accuracy"",""severity"":""minor""}]}",True,"[{""category"":""accuracy"",""severity"":""minor""}]",True,1,0,True,True,False,97,97,1242,16,1258,,,785.36,1305,17,1322,0,0,1203.54
55df7dbde594fb188e20,1371,deepseek-v3-2,managed-prompt,tatoeba,nl,it,Waartoe dient dit?,A che serve questo?,"{""c"":""A cosa serve questo?""}",A cosa serve questo?,True,1,0,True,True,False,True,,True,,,"{""reason"":""detector_mismatch_uncertain"",""detected"":""pt"",""confidence"":1.0}",True,[],[],True,,"{""errors"":[]}",True,[],True,1,0,True,True,False,100,100,1241,10,1251,,,789.21,1291,8,1299,0,0,1143.02
f7171567619c64739aa6,1372,deepseek-v3-2,managed-prompt,tatoeba,nl,it,Dit is een bloem?,Questo è un fiore?,"{""c"":""Questo è un fiore?""}",Questo è un fiore?,True,1,0,True,True,False,True,,True,,True,"{""reason"":""detector_match"",""detected"":""it"",""confidence"":1.0}",True,[],[],True,,"{""errors"":[]}",True,[],True,1,0,True,True,False,100,100,1240,12,1252,,,966.23,1293,8,1301,0,0,1178.08
8634e21d6479a54edc86,1373,deepseek-v3-2,managed-prompt,tatoeba,nl,it,Hij leest veel.,Lui legge molto.,"{""c"":""Lui legge molto.""}",Lui legge molto.,True,1,0,True,True,False,True,,True,,True,"{""reason"":""detector_match"",""detected"":""it"",""confidence"":1.0}",True,[],[],True,,"{""errors"":[]}",True,[],True,1,0,True,True,False,100,100,1240,10,1250,,,679.86,1288,8,1296,0,0,1085.71
6de79076958450e991b7,1374,deepseek-v3-2,managed-prompt,tatoeba,nl,it,Heeft Tom gezegd waarom?,Tom disse il perché?,"{""c"":""Tom ha detto il perché?""}",Tom ha detto il perché?,True,1,0,True,True,False,True,,True,,,"{""reason"":""detector_inconclusive"",""detected"":""it"",""confidence"":0.7143}",True,[],[],True,,"{""errors"":[]}",True,[],True,1,0,True,True,False,100,100,1243,11,1254,,,829.75,1295,8,1303,0,0,1246.42
6aa24019cccfb21d1b28,1375,deepseek-v3-2,managed-prompt,tatoeba,nl,it,We zijn gelukkig.,Noi siamo felici.,"{""c"":""Siamo fortunati.""}",Siamo fortunati.,True,1,0,True,True,False,True,,True,,True,"{""reason"":""detector_match"",""detected"":""it"",""confidence"":1.0}",True,[],[],True,,"{""errors"":[{""category"":""accuracy"",""severity"":""major""}]}",False,"[{""category"":""accuracy"",""severity"":""major""}]",True,1,0,True,True,False,85,85,1240,10,1250,,,633.22,1292,17,1309,0,0,1130.77
aa7078a7991d9920f971,1376,deepseek-v3-2,managed-prompt,tatoeba,nl,it,Nepal wordt ''Nepal'' genoemd in het Nepalees.,"Il Nepal si chiama ""Nepal"" in nepalese.","{""c"":""Il Nepal si chiama \""Nepal\"" in nepalese.""}","Il Nepal si chiama ""Nepal"" in nepalese.",True,1,0,True,True,False,True,,True,,True,"{""reason"":""detector_match"",""detected"":""it"",""confidence"":1.0}",True,[],[],True,,"{""errors"":[]}",True,[],True,1,0,True,True,False,100,100,1250,19,1269,,,781.76,1310,8,1318,0,0,1313.24
0675061f28e448217ef9,1377,deepseek-v3-2,managed-prompt,tatoeba,nl,it,Ik ben blind.,Io sono cieco.,"{""c"":""Sono cieco.""}",Sono cieco.,True,1,0,True,True,False,True,,True,,True,"{""reason"":""detector_match"",""detected"":""it"",""confidence"":1.0}",True,[],[],True,,"{""errors"":[]}",True,[],True,1,0,True,True,False,100,100,1238,10,1248,,,686.27,1288,8,1296,0,0,1287.12
69e24199af4d458a1f3d,1378,deepseek-v3-2,managed-prompt,tatoeba,nl,it,Welke zijn de positieve kanten?,Quali sono i lati positivi?,"{""c"":""Quali sono i lati positivi?""}",Quali sono i lati positivi?,True,1,0,True,True,False,True,,True,,True,"{""reason"":""detector_match"",""detected"":""it"",""confidence"":1.0}",True,[],[],True,,"{""errors"":[]}",True,[],True,1,0,True,True,False,100,100,1243,14,1257,,,762.65,1301,8,1309,0,0,1224.6
c1ca6b383797966b9902,1379,deepseek-v3-2,managed-prompt,tatoeba,nl,it,Ik ben Toms oudste broer.,Io sono il fratello maggiore di Tom.,"{""c"":""Sono il fratello maggiore di Tom.""}",Sono il fratello maggiore di Tom.,True,1,0,True,True,False,True,,True,,True,"{""reason"":""detector_match"",""detected"":""it"",""confidence"":1.0}",True,[],[],True,,"{""errors"":[]}",True,[],True,1,0,True,True,False,100,100,1243,14,1257,,,746.82,1304,8,1312,0,0,1222.57
b1055c2b8816dd9c8e44,1380,deepseek-v3-2,managed-prompt,tatoeba,nl,jp,Bekijk de afbeelding.,その絵を見なさい。,"{""c"":""画像を参照してください。""}",画像を参照してください。,True,1,0,True,True,False,True,,True,,True,"{""reason"":""target_script_present"",""detected"":""ja"",""confidence"":1.0}",True,[],[],True,,"{""errors"":[]}",True,[],True,1,0,True,True,False,100,100,1244,10,1254,,,1584.0,1299,8,1307,0,0,1156.57
ae013223f858a653790d,1381,deepseek-v3-2,managed-prompt,tatoeba,nl,jp,Dit hotel is vorig jaar gebouwd.,このホテルは去年建てられた。,"{""c"":""このホテルは昨年建てられました。""}",このホテルは昨年建てられました。,True,1,0,True,True,False,True,,True,,True,"{""reason"":""target_script_present"",""detected"":""ja"",""confidence"":1.0}",True,[],[],True,,"{""errors"":[]}",True,[],True,1,0,True,True,False,100,100,1244,17,1261,,,743.38,1307,8,1315,0,0,1216.09
9ce99bd5b0829f4ef9e4,1382,deepseek-v3-2,managed-prompt,tatoeba,nl,jp,Ik ben John.,私はジョンです。,"{""c"":""私はジョンです。""}",私はジョンです。,True,1,0,True,True,False,True,,True,,True,"{""reason"":""target_script_present"",""detected"":""ja"",""confidence"":1.0}",True,[],[],True,,"{""errors"":[]}",True,[],True,1,0,True,True,False,100,100,1239,11,1250,,,737.31,1293,8,1301,0,0,1205.04
3b15312f942dac162c91,1383,deepseek-v3-2,managed-prompt,tatoeba,nl,jp,Het is raar dat jij niks van haar huwelijksceremonie afweet.,あなたが彼女の結婚式について何も知らないとは不思議だ。,"{""c"":""あなたが彼女の結婚式について何も知らないのは変だよ。""}",あなたが彼女の結婚式について何も知らないのは変だよ。,True,1,0,True,True,False,True,,True,,True,"{""reason"":""target_script_present"",""detected"":""ja"",""confidence"":1.0}",True,[],[],True,,"{""errors"":[]}",True,[],True,1,0,True,True,False,100,100,1256,22,1278,,,759.44,1346,8,1354,0,0,1217.57
6a95dddde8a3befbe78c,1384,deepseek-v3-2,managed-prompt,tatoeba,nl,jp,U zult merken dat deze kaart erg handig is.,この地図がとても役に立つことが分かるでしょう。,"{""c"":""このカードは非常に便利だとお気づきになるでしょう。""}",このカードは非常に便利だとお気づきになるでしょう。,True,1,0,True,True,False,True,,True,,True,"{""reason"":""target_script_present"",""detected"":""ja"",""confidence"":1.0}",True,[],[],True,,"{""errors"":[{""category"":""terminology"",""severity"":""major""}]}",False,"[{""category"":""terminology"",""severity"":""major""}]",True,1,0,True,True,False,85,85,1249,19,1268,,,1012.17,1330,17,1347,0,0,1378.43
0361f68444ab4bcf86bb,1385,deepseek-v3-2,managed-prompt,tatoeba,nl,jp,Betty is danslerares.,ベティはダンスの先生である。,"{""c"":""Betty は danslerares です。""}",Betty は danslerares です。,True,1,0,True,True,False,True,,True,,True,"{""reason"":""target_script_present"",""detected"":""ja"",""confidence"":1.0}",True,[],[],True,,"{""errors"":[{""category"":""accuracy"",""severity"":""critical""},{""category"":""fluency"",""severity"":""critical""}]}",False,"[{""category"":""accuracy"",""severity"":""critical""},{""category"":""fluency"",""severity"":""critical""}]",True,1,0,True,True,False,20,20,1242,15,1257,,,743.59,1300,27,1327,0,0,1355.8
3d6b52246b2bf9d33d89,1386,deepseek-v3-2,managed-prompt,tatoeba,nl,jp,Geef me een ander voorbeeld alsjeblieft.,別の実例を教えてください。,"{""c"":""他の例をお願いします。""}",他の例をお願いします。,True,1,0,True,True,False,True,,True,,True,"{""reason"":""target_script_present"",""detected"":""ja"",""confidence"":1.0}",True,[],[],True,,"{""errors"":[]}",True,[],True,1,0,True,True,False,100,100,1248,12,1260,,,739.67,1307,8,1315,0,0,1111.58
e6646cbf9864cc38e51d,1387,deepseek-v3-2,managed-prompt,tatoeba,nl,jp,"Zover wij weten, is de aarde de enige planeet met oceanen.",私たちの知る限りでは、地球は海を持っている唯一の惑星である。,"{""c"":""私たちが知る限り、地球は海がある唯一の惑星です。""}",私たちが知る限り、地球は海がある唯一の惑星です。,True,1,0,True,True,False,True,,True,,True,"{""reason"":""target_script_present"",""detected"":""ja"",""confidence"":1.0}",True,[],[],True,,"{""errors"":[]}",True,[],True,1,0,True,True,False,100,100,1253,22,1275,,,741.92,1346,8,1354,0,0,1133.85
11d29bcc7430c07cf243,1388,deepseek-v3-2,managed-prompt,tatoeba,nl,jp,"Het is niet goed als je zo laat in de avond opblijft, joh.",夜遅くまで起きていては駄目だよ。,"{""c"":""夜更かしするのはよくないね。""}",夜更かしするのはよくないね。,True,1,0,True,True,False,True,,True,,True,"{""reason"":""target_script_present"",""detected"":""ja"",""confidence"":1.0}",True,[],[],True,,"{""errors"":[{""category"":""accuracy"",""severity"":""minor""}]}",True,"[{""category"":""accuracy"",""severity"":""minor""}]",True,1,0,True,True,False,97,97,1255,15,1270,,,729.0,1326,17,1343,0,0,1315.81
07ee14a26551b4e9802d,1389,deepseek-v3-2,managed-prompt,tatoeba,nl,jp,Hij kan dat niet aan.,彼にはそれはすることができない。,"{""c"":""彼はそんなことに対処できない。""}",彼はそんなことに対処できない。,True,1,0,True,True,False,True,,True,,True,"{""reason"":""target_script_present"",""detected"":""ja"",""confidence"":1.0}",True,[],[],True,,"{""errors"":[]}",True,[],True,1,0,True,True,False,100,100,1242,13,1255,,,652.91,1304,8,1312,0,0,1314.28
47981a9ffd0bf0cd0e70,1390,deepseek-v3-2,managed-prompt,tatoeba,nl,nb,Tom is nog steeds buiten.,Tom er fremdeles utenfor.,"{""c"":""Tom er fortsatt ute.""}",Tom er fortsatt ute.,True,1,0,True,True,False,True,,True,,True,"{""reason"":""detector_match"",""detected"":""no"",""confidence"":1.0}",True,[],[],True,,"{""errors"":[]}",True,[],True,1,0,True,True,False,100,100,1240,12,1252,,,918.24,1295,8,1303,0,0,1139.67
6a99445e0bda0999053f,1391,deepseek-v3-2,managed-prompt,tatoeba,nl,nb,Hoeveel tijd besteden jullie op Facebook?,Hvor mye tid bruker du på Facebook?,"{""c"":""Hvor mye tid bruker dere på Facebook?""}",Hvor mye tid bruker dere på Facebook?,True,1,0,True,True,False,True,,True,,,"{""reason"":""detector_inconclusive"",""detected"":""no"",""confidence"":0.721}",True,[],[],True,,"{""errors"":[]}",True,[],True,1,0,True,True,False,100,100,1246,16,1262,,,715.89,1308,8,1316,0,0,1158.75
c1d096473c726aa43a6f,1392,deepseek-v3-2,managed-prompt,tatoeba,nl,nb,Hij heeft geluk zo'n goede vrouw te hebben.,Han er heldig som har en så god hustru.,"{""c"":""Han er heldig som har en sånn god kone.""}",Han er heldig som har en sånn god kone.,True,1,0,True,True,False,True,,True,,True,"{""reason"":""detector_match"",""detected"":""no"",""confidence"":1.0}",True,[],[],True,,"{""errors"":[]}",True,[],True,1,0,True,True,False,100,100,1247,19,1266,,,745.24,1310,8,1318,0,0,1033.41
922aea90cb7e947c20e3,1393,deepseek-v3-2,managed-prompt,tatoeba,nl,nb,Het klimaat is aangenaam.,Klimaet er behagelig.,"{""c"":""Klimaet er behagelig.""}",Klimaet er behagelig.,True,1,0,True,True,False,True,,True,,,"{""reason"":""detector_mismatch_uncertain"",""detected"":""da"",""confidence"":1.0}",True,[],[],True,,"{""errors"":[]}",True,[],True,1,0,True,True,False,100,100,1242,14,1256,,,729.36,1297,8,1305,0,0,1452.37
d570599442629b00525a,1394,deepseek-v3-2,managed-prompt,tatoeba,nl,nb,De hoofdstad van Japan is Tokio.,Hovedstaden i Japan er Tokyo.,"{""c"":""Hovedstaden i Japan er Tokyo.""}",Hovedstaden i Japan er Tokyo.,True,1,0,True,True,False,True,,True,,True,"{""reason"":""detector_match"",""detected"":""no"",""confidence"":0.8399}",True,[],[],True,,"{""errors"":[]}",True,[],True,1,0,True,True,False,100,100,1243,14,1257,,,809.22,1299,8,1307,0,0,1279.92
b802c40281ebd26b8cf4,1395,deepseek-v3-2,managed-prompt,tatoeba,nl,nb,Geld is macht.,Penger er makt.,"{""c"":""Penger er makt.""}",Penger er makt.,True,1,0,True,True,False,True,,True,,True,"{""reason"":""detector_match"",""detected"":""no"",""confidence"":0.9998}",True,[],[],True,,"{""errors"":[]}",True,[],True,1,0,True,True,False,100,100,1239,11,1250,,,715.88,1291,8,1299,0,0,1130.71
7046cc765c9210f31bd0,1396,deepseek-v3-2,managed-prompt,tatoeba,nl,nb,Ze rookt twintig sigaretten per dag.,Hun røyker 20 sigaretter om dagen.,"{""c"":""Han røyker tjue sigaretter per dag.""}",Han røyker tjue sigaretter per dag.,True,1,0,True,True,False,True,,True,,True,"{""reason"":""detector_match"",""detected"":""no"",""confidence"":1.0}",True,[],[],True,,"{""errors"":[{""category"":""accuracy"",""severity"":""major""}]}",False,"[{""category"":""accuracy"",""severity"":""major""}]",True,1,0,True,True,False,85,85,1246,17,1263,,,754.2,1308,17,1325,0,0,1229.33
87b90eaa9bd27e466f97,1397,deepseek-v3-2,managed-prompt,tatoeba,nl,nb,Maak je geen zorgen over ons.,Ikke bekymre deg for oss.,"{""c"":""Ikke vær bekymret for oss.""}",Ikke vær bekymret for oss.,True,1,0,True,True,False,True,,True,,,"{""reason"":""detector_inconclusive"",""detected"":""da"",""confidence"":0.572}",True,[],[],True,,"{""errors"":[]}",True,[],True,1,0,True,True,False,100,100,1242,15,1257,,,816.38,1303,8,1311,0,0,1055.23
c85f70fd360f9f687a4e,1398,deepseek-v3-2,managed-prompt,tatoeba,nl,nb,Hij woont in een dorp.,Han bor i en landsby.,"{""c"":""Han bor i en landsby.""}",Han bor i en landsby.,True,1,0,True,True,False,True,,True,,,"{""reason"":""detector_mismatch_uncertain"",""detected"":""da"",""confidence"":1.0}",True,[],[],True,,"{""errors"":[]}",True,[],True,1,0,True,True,False,100,100,1243,12,1255,,,1018.43,1295,8,1303,0,0,1121.88
29ced927b761892529f3,1399,deepseek-v3-2,managed-prompt,tatoeba,nl,nb,Ik was thuis.,Jeg var hjemme.,"{""c"":""Jeg var hjemme.""}",Jeg var hjemme.,True,1,0,True,True,False,True,,True,,True,"{""reason"":""detector_match"",""detected"":""no"",""confidence"":1.0}",True,[],[],True,,"{""errors"":[]}",True,[],True,1,0,True,True,False,100,100,1239,12,1251,,,804.23,1292,8,1300,0,0,1224.38
dbe78e02c30173a05ef1,1400,deepseek-v3-2,managed-prompt,tatoeba,nb,da,Han spør stadig dumme spørsmål.,Han stiller hele tiden dumme spørgsmål.,"{""c"":""Han spør stadig dumme spørsmål.""}",Han spør stadig dumme spørsmål.,True,1,0,True,True,False,True,,True,,True,"{""reason"":""detector_match"",""detected"":""da"",""confidence"":1.0}",False,"[{""code"":""source_copied""}]",[],True,,"{""errors"":[{""category"":""fluency"",""severity"":""major""},{""category"":""accuracy"",""severity"":""minor""}]}",False,"[{""category"":""fluency"",""severity"":""major""},{""category"":""accuracy"",""severity"":""minor""}]",True,1,0,True,True,False,82,82,1246,17,1263,,,951.18,1308,27,1335,0,0,1362.01
b78e7074edb08880b499,1401,deepseek-v3-2,managed-prompt,tatoeba,nb,da,Hun begynte å synge.,Hun begyndte at synge.,"{""c"":""Hun begynte at synge.""}",Hun begynte at synge.,True,1,0,True,True,False,True,,True,,,"{""reason"":""detector_inconclusive"",""detected"":""cy"",""confidence"":0.5714}",True,[],[],True,,"{""errors"":[{""category"":""accuracy"",""severity"":""major""}]}",False,"[{""category"":""accuracy"",""severity"":""major""}]",True,1,0,True,True,False,85,85,1243,14,1257,,,857.79,1295,17,1312,0,0,1071.35
651a7d10efb1349aeffb,1402,deepseek-v3-2,managed-prompt,tatoeba,nb,da,Dette er et varsel som vi må ta på alvor.,Dette er et varsel som vi må tage alvorligt.,"{""c"":""Dette er et varsel som vi må ta på alvor.""}",Dette er et varsel som vi må ta på alvor.,True,1,0,True,True,False,True,,True,,,"{""reason"":""detector_mismatch_uncertain"",""detected"":""no"",""confidence"":1.0}",False,"[{""code"":""source_copied""}]",[],True,,"{""errors"":[{""category"":""fluency"",""severity"":""minor""}]}",True,"[{""category"":""fluency"",""severity"":""minor""}]",True,1,0,True,True,False,97,97,1248,19,1267,,,717.64,1311,18,1329,0,0,1261.41
c4bc07f4ae7ad636678d,1403,deepseek-v3-2,managed-prompt,tatoeba,nb,da,Hans barnslige latter er sjarmerende.,Hans barnlige latter er charmerende.,"{""c"":""Hans barnslige latter er sjarmerende.""}",Hans barnslige latter er sjarmerende.,True,1,0,True,True,False,True,,True,,,"{""reason"":""detector_mismatch_uncertain"",""detected"":""no"",""confidence"":1.0}",False,"[{""code"":""source_copied""}]",[],True,,"{""errors"":[{""category"":""fluency"",""severity"":""major""},{""category"":""terminology"",""severity"":""minor""}]}",False,"[{""category"":""fluency"",""severity"":""major""},{""category"":""terminology"",""severity"":""minor""}]",True,1,0,True,True,False,82,82,1245,16,1261,,,894.35,1300,27,1327,0,0,1206.45
066fa42fcb9fa21650f2,1404,deepseek-v3-2,managed-prompt,tatoeba,nb,da,Denne byen er kald og ensom uten deg.,Denne by er kold og ensom uden dig.,"{""c"":""Denne by er kold og ensom uden dig.""}",Denne by er kold og ensom uden dig.,True,1,0,True,True,False,True,,True,,True,"{""reason"":""detector_match"",""detected"":""da"",""confidence"":1.0}",True,[],[],True,,"{""errors"":[]}",True,[],True,1,0,True,True,False,100,100,1247,17,1264,,,1160.71,1308,8,1316,0,0,1231.78
94e75a8abf54bf3a0c8c,1405,deepseek-v3-2,managed-prompt,tatoeba,nb,da,Jeg sto opp sent i dag morges.,Jeg stod sent op i dag til morgen.,"{""c"":""Jeg sto op sent i dag morges.""}",Jeg sto op sent i dag morges.,True,1,0,True,True,False,True,,True,,,"{""reason"":""detector_mismatch_uncertain"",""detected"":""no"",""confidence"":1.0}",True,[],[],True,,"{""errors"":[{""category"":""fluency"",""severity"":""minor""}]}",True,"[{""category"":""fluency"",""severity"":""minor""}]",True,1,0,True,True,False,97,97,1244,15,1259,,,726.79,1306,18,1324,0,0,1237.55
7b24acd887c81624bfc9,1406,deepseek-v3-2,managed-prompt,tatoeba,nb,da,Jeg har alltid ville møte deg.,Jeg har altid ønsket at møde dig.,"{""c"":""Jeg har alltid ville møte dig.""}",Jeg har alltid ville møte dig.,True,1,0,True,True,False,True,,True,,,"{""reason"":""detector_inconclusive"",""detected"":""no"",""confidence"":0.5768}",True,[],[],True,,"{""errors"":[{""category"":""fluency"",""severity"":""major""},{""category"":""accuracy"",""severity"":""major""}]}",False,"[{""category"":""fluency"",""severity"":""major""},{""category"":""accuracy"",""severity"":""major""}]",True,1,0,True,True,False,70,70,1245,16,1261,,,1107.1,1304,27,1331,0,0,1455.19
8b35ce5afd38ac7fd2ad,1407,deepseek-v3-2,managed-prompt,tatoeba,nb,da,Du hjalp meg ikke.,Du hjalp mig ikke.,"{""c"":""Du hjalp mig ikke.""}",Du hjalp mig ikke.,True,1,0,True,True,False,True,,True,,,"{""reason"":""detector_inconclusive"",""detected"":""af"",""confidence"":0.4286}",True,[],[],True,,"{""errors"":[]}",True,[],True,1,0,True,True,False,100,100,1241,12,1253,,,925.23,1294,8,1302,0,0,1184.55
53132e99d0d709063a03,1408,deepseek-v3-2,managed-prompt,tatoeba,nb,da,Kommer du klokken seks eller klokken syv?,Ankommer de klokken seks eller klokken syv?,"{""c"":""Kommer du klokken seks eller klokken syv?""}",Kommer du klokken seks eller klokken syv?,True,1,0,True,True,False,True,,True,,,"{""reason"":""detector_mismatch_uncertain"",""detected"":""no"",""confidence"":1.0}",False,"[{""code"":""source_copied""}]",[],True,,"{""errors"":[]}",True,[],True,1,0,True,True,False,100,100,1248,19,1267,,,6103.86,1319,8,1327,0,0,1207.23
445a7123cbc67671b24d,1409,deepseek-v3-2,managed-prompt,tatoeba,nb,da,"Ta den du liker best, samme hvilken det er.","Tag den du bedst kan lide, lige meget hvilken det er.","{""c"":""Ta den du kan lide bedst, det er lige meget hvilken det er.""}","Ta den du kan lide bedst, det er lige meget hvilken det er.",True,1,0,True,True,False,True,,True,,True,"{""reason"":""detector_match"",""detected"":""da"",""confidence"":1.0}",True,[],[],True,,"{""errors"":[{""category"":""fluency"",""severity"":""minor""}]}",True,"[{""category"":""fluency"",""severity"":""minor""}]",True,1,0,True,True,False,97,97,1248,26,1274,,,818.6,1318,18,1336,0,0,1250.06
b1bf3103953fe0cc9d02,1410,deepseek-v3-2,managed-prompt,tatoeba,nb,de,Jeg følte meg dårlig.,Ich fühlte mich schlecht.,"{""c"":""Mir ging es nicht gut.""}",Mir ging es nicht gut.,True,1,0,True,True,False,True,,True,,True,"{""reason"":""detector_match"",""detected"":""de"",""confidence"":1.0}",True,[],[],True,,"{""errors"":[]}",True,[],True,1,0,True,True,False,100,100,1244,11,1255,,,637.93,1297,8,1305,0,0,1086.62
28f2eda1f3aa1d7d16cc,1411,deepseek-v3-2,managed-prompt,tatoeba,nb,de,Det tror jeg ikke.,Das glaube ich nicht.,"{""c"":""Das glaube ich nicht.""}",Das glaube ich nicht.,True,1,0,True,True,False,True,,True,,True,"{""reason"":""detector_match"",""detected"":""de"",""confidence"":1.0}",True,[],[],True,,"{""errors"":[]}",True,[],True,1,0,True,True,False,100,100,1240,11,1251,,,1412.18,1291,8,1299,0,0,1097.66
940c737bc941ae4dcbda,1412,deepseek-v3-2,managed-prompt,tatoeba,nb,de,Hvorfor forteller du oss dette?,Warum erzählst du uns das?,"{""c"":""Warum erzählst du uns das?""}",Warum erzählst du uns das?,True,1,0,True,True,False,True,,True,,True,"{""reason"":""detector_match"",""detected"":""de"",""confidence"":1.0}",True,[],[],True,,"{""errors"":[]}",True,[],True,1,0,True,True,False,100,100,1243,14,1257,,,865.13,1305,8,1313,0,0,1103.56
fbb8f9574bc4c9657d8c,1413,deepseek-v3-2,managed-prompt,tatoeba,nb,de,Tom har ikke kommet tilbake ennå.,Tom ist noch nicht zurückgekommen.,"{""c"":""Tom ist noch nicht zurückgekommen.""}",Tom ist noch nicht zurückgekommen.,True,1,0,True,True,False,True,,True,,True,"{""reason"":""detector_match"",""detected"":""de"",""confidence"":1.0}",True,[],[],True,,"{""errors"":[]}",True,[],True,1,0,True,True,False,100,100,1245,13,1258,,,1105.84,1303,8,1311,0,0,1036.91
181df02734b2d5c1ed72,1414,deepseek-v3-2,managed-prompt,tatoeba,nb,de,"Epler er vanligvis grønne, gule eller røde.","Äpfel sind gewöhnlich grün, gelb oder rot.","{""c"":""Äpfel sind normalerweise grün, gelb oder rot.""}","Äpfel sind normalerweise grün, gelb oder rot.",True,1,0,True,True,False,True,,True,,True,"{""reason"":""detector_match"",""detected"":""de"",""confidence"":1.0}",True,[],[],True,,"{""errors"":[]}",True,[],True,1,0,True,True,False,100,100,1251,20,1271,,,818.04,1321,8,1329,0,0,1132.39
05300cee8e1388c85f63,1415,deepseek-v3-2,managed-prompt,tatoeba,nb,de,Kan du anbefale en god bok?,Kannst du ein gutes Buch empfehlen?,"{""c"":""Kannst du ein gutes Buch empfehlen?""}",Kannst du ein gutes Buch empfehlen?,True,1,0,True,True,False,True,,True,,True,"{""reason"":""detector_match"",""detected"":""de"",""confidence"":1.0}",True,[],[],True,,"{""errors"":[]}",True,[],True,1,0,True,True,False,100,100,1243,17,1260,,,741.05,1315,8,1323,0,0,1151.04
3d267ce7602ef695c82d,1416,deepseek-v3-2,managed-prompt,tatoeba,nb,de,De gjorde alt for ham.,Sie taten alles für ihn.,"{""c"":""Sie haben alles für ihn getan.""}",Sie haben alles für ihn getan.,True,1,0,True,True,False,True,,True,,True,"{""reason"":""detector_match"",""detected"":""de"",""confidence"":1.0}",True,[],[],True,,"{""errors"":[]}",True,[],True,1,0,True,True,False,100,100,1241,13,1254,,,683.29,1296,8,1304,0,0,1085.15
54fb5c1643b64a431903,1417,deepseek-v3-2,managed-prompt,tatoeba,nb,de,Algerie er en av våre partnere i Middelhavsregionen.,Algerien ist einer unserer Partner im Mittelmeerraum.,"{""c"":""Algerien ist einer unserer Partner in der Mittelmeerregion.""}",Algerien ist einer unserer Partner in der Mittelmeerregion.,True,1,0,True,True,False,True,,True,,True,"{""reason"":""detector_match"",""detected"":""de"",""confidence"":1.0}",True,[],[],True,,"{""errors"":[]}",True,[],True,1,0,True,True,False,100,100,1254,19,1273,,,776.86,1325,8,1333,0,0,1279.38
aa9d20c2bee94014f59a,1418,deepseek-v3-2,managed-prompt,tatoeba,nb,de,Han er mye flinkere enn meg.,Er ist viel geschickter als ich.,"{""c"":""Er ist viel besser als ich.""}",Er ist viel besser als ich.,True,1,0,True,True,False,True,,True,,True,"{""reason"":""detector_match"",""detected"":""de"",""confidence"":1.0}",True,[],[],True,,"{""errors"":[]}",True,[],True,1,0,True,True,False,100,100,1244,12,1256,,,699.42,1301,8,1309,0,0,1211.01
c738ceac35e08c5e5608,1419,deepseek-v3-2,managed-prompt,tatoeba,nb,de,Sa du noko?,Hast du was gesagt?,"{""c"":""Was hast du?""}",Was hast du?,True,1,0,True,True,False,True,,True,,,"{""reason"":""detector_inconclusive"",""detected"":""en"",""confidence"":0.5714}",True,[],[],True,,"{""errors"":[{""category"":""accuracy"",""severity"":""major""}]}",False,"[{""category"":""accuracy"",""severity"":""major""}]",True,1,0,True,True,False,85,85,1239,9,1248,,,671.87,1291,17,1308,0,0,1276.05
d8777b98c1e210913923,1420,deepseek-v3-2,managed-prompt,tatoeba,nb,en,Jeg tror at hun er fra Tyskland.,I think that she is from Germany.,"{""c"":""I think she is from Germany.""}",I think she is from Germany.,True,1,0,True,True,False,True,,True,,True,"{""reason"":""detector_match"",""detected"":""en"",""confidence"":1.0}",True,[],[],True,,"{""errors"":[]}",True,[],True,1,0,True,True,False,100,100,1245,12,1257,,,734.42,1296,8,1304,0,0,1257.54
39b18c8142fbb803e8d9,1421,deepseek-v3-2,managed-prompt,tatoeba,nb,en,Han setter seg i gjeld.,He's putting himself in debt.,"{""c"":""Han got himself into debt.""}",Han got himself into debt.,True,1,0,True,True,False,True,,True,,,"{""reason"":""detector_mismatch_uncertain"",""detected"":""nl"",""confidence"":1.0}",True,[],[],True,,"{""errors"":[]}",True,[],True,1,0,True,True,False,100,100,1242,11,1253,,,685.01,1291,8,1299,0,0,1172.86
e185fb90d3f6b13fe5c8,1422,deepseek-v3-2,managed-prompt,tatoeba,nb,en,Tom har jobb som bruktbilforhandlar.,Tom works as a used car salesman.,"{""c"":""Tom works as a used car salesman.""}",Tom works as a used car salesman.,True,1,0,True,True,False,True,,True,,True,"{""reason"":""detector_match"",""detected"":""en"",""confidence"":1.0}",True,[],[],True,,"{""errors"":[]}",True,[],True,1,0,True,True,False,100,100,1246,13,1259,,,713.81,1302,8,1310,0,0,1168.72
0461520fb4f49198fb3b,1423,deepseek-v3-2,managed-prompt,tatoeba,nb,en,Jeg liker din artikkel.,I like your article.,"{""c"":""I like your article.""}",I like your article.,True,1,0,True,True,False,True,,True,,,"{""reason"":""detector_inconclusive"",""detected"":""fr"",""confidence"":0.5714}",True,[],[],True,,"{""errors"":[]}",True,[],True,1,0,True,True,False,100,100,1242,10,1252,,,681.0,1289,8,1297,0,0,1182.18
8b81cb0ab5c1fd6112ac,1424,deepseek-v3-2,managed-prompt,tatoeba,nb,en,Vi tar alle større kredittkort.,We accept all major credit cards.,"{""c"":""We accept all major credit cards.""}",We accept all major credit cards.,True,1,0,True,True,False,True,,True,,,"{""reason"":""detector_inconclusive"",""detected"":""en"",""confidence"":0.5714}",True,[],[],True,,"{""errors"":[]}",True,[],True,1,0,True,True,False,100,100,1245,12,1257,,,752.74,1294,8,1302,0,0,1090.2
d281f561a7357d5134aa,1425,deepseek-v3-2,managed-prompt,tatoeba,nb,en,Skriv meg en melding.,Write me a message.,"{""c"":""Write me a message.""}",Write me a message.,True,1,0,True,True,False,True,,True,,,"{""reason"":""detector_inconclusive"",""detected"":""en"",""confidence"":0.5714}",True,[],[],True,,"{""errors"":[]}",True,[],True,1,0,True,True,False,100,100,1241,10,1251,,,804.99,1290,8,1298,0,0,1242.58
d2f552a923fda26b4246,1426,deepseek-v3-2,managed-prompt,tatoeba,nb,en,Toms stue var smakefullt innredet.,Tom's living room was tastefully furnished.,"{""c"":""Tom's living room was tastefully decorated.""}",Tom's living room was tastefully decorated.,True,1,0,True,True,False,True,,True,,True,"{""reason"":""detector_match"",""detected"":""en"",""confidence"":1.0}",True,[],[],True,,"{""errors"":[]}",True,[],True,1,0,True,True,False,100,100,1247,14,1261,,,884.87,1303,8,1311,0,0,1211.58
263d01a4210d708d54ae,1427,deepseek-v3-2,managed-prompt,tatoeba,nb,en,Vi har viktigere ting som må gjøres.,We have more important things that need to be dealt with.,"{""c"":""We have more important things to do.""}",We have more important things to do.,True,1,0,True,True,False,True,,True,,True,"{""reason"":""detector_match"",""detected"":""en"",""confidence"":1.0}",True,[],[],True,,"{""errors"":[]}",True,[],True,1,0,True,True,False,100,100,1247,13,1260,,,897.49,1304,8,1312,0,0,1760.42
05e63831b9d62fa88113,1428,deepseek-v3-2,managed-prompt,tatoeba,nb,en,Spis middagen din nå.,Now eat your supper.,"{""c"":""Eat your dinner now.""}",Eat your dinner now.,True,1,0,True,True,False,True,,True,,True,"{""reason"":""detector_match"",""detected"":""en"",""confidence"":1.0}",True,[],[],True,,"{""errors"":[]}",True,[],True,1,0,True,True,False,100,100,1241,11,1252,,,665.01,1292,8,1300,0,0,1255.96
f8408acaa876c05f61b9,1429,deepseek-v3-2,managed-prompt,tatoeba,nb,en,Tom trener på et treningssenter nært huset hans.,Tom works out in a gym near his house.,"{""c"":""Tom is a personal trainer at a local gym near his house.""}",Tom is a personal trainer at a local gym near his house.,True,1,0,True,True,False,True,,True,,True,"{""reason"":""detector_match"",""detected"":""en"",""confidence"":1.0}",True,[],[],True,,"{""errors"":[{""category"":""accuracy"",""severity"":""major""}]}",False,"[{""category"":""accuracy"",""severity"":""major""}]",True,1,0,True,True,False,85,85,1250,18,1268,,,1639.84,1309,17,1326,0,0,1199.32
6bc51eb328a121488107,1430,deepseek-v3-2,managed-prompt,tatoeba,nb,es,Har rommet ditt to vinduer?,¿Tu pieza tiene dos ventanas?,"{""c"":""¿El cuarto tiene dos ventanas?""}",¿El cuarto tiene dos ventanas?,True,1,0,True,True,False,True,,True,,True,"{""reason"":""detector_match"",""detected"":""es"",""confidence"":1.0}",True,[],[],True,,"{""errors"":[]}",True,[],True,1,0,True,True,False,100,100,1243,14,1257,,,787.58,1303,8,1311,0,0,1053.73
ef984d04b4afdbfa5cca,1431,deepseek-v3-2,managed-prompt,tatoeba,nb,es,Interlingua er et moderne redskap for internasjonal kommunikasjon.,Interlingua es una herramienta moderna para la comunicación internacional.,"{""c"":""Interlingua es una herramienta moderna para la comunicación internacional.""}",Interlingua es una herramienta moderna para la comunicación internacional.,True,1,0,True,True,False,True,,True,,True,"{""reason"":""detector_match"",""detected"":""es"",""confidence"":1.0}",True,[],[],True,,"{""errors"":[]}",True,[],True,1,0,True,True,False,100,100,1250,18,1268,,,1131.47,1324,8,1332,0,0,1179.89
ff0b923b1def8d998d2b,1432,deepseek-v3-2,managed-prompt,tatoeba,nb,es,Det er ikke lett å skrive et kjærlighetsbrev på engelsk.,Escribir una carta de amor en inglés no es fácil.,"{""c"":""No es fácil escribir una carta de amor en inglés.""}",No es fácil escribir una carta de amor en inglés.,True,1,0,True,True,False,True,,True,,True,"{""reason"":""detector_match"",""detected"":""es"",""confidence"":1.0}",True,[],[],True,,"{""errors"":[]}",True,[],True,1,0,True,True,False,100,100,1252,16,1268,,,949.12,1319,8,1327,0,0,1425.04
b662a798401ebb51803b,1433,deepseek-v3-2,managed-prompt,tatoeba,nb,es,Yumi er flink til å spille tennis.,Yumi es buena jugando tenis.,"{""c"":""Yumi es buena jugando al tenis.""}",Yumi es buena jugando al tenis.,True,1,0,True,True,False,True,,True,,,"{""reason"":""detector_inconclusive"",""detected"":""id"",""confidence"":0.7143}",True,[],[],True,,"{""errors"":[]}",True,[],True,1,0,True,True,False,100,100,1245,15,1260,,,919.29,1306,8,1314,0,0,1231.21
6e27a1595e0ae2d0b5e5,1434,deepseek-v3-2,managed-prompt,tatoeba,nb,es,Jeg leste at presidenten i Brasil er en kvinne. Hun heter Dilma.,He leído que el presidente de Brasil es una mujer. Se llama Dilma.,"{""c"":""Leí que la presidenta de Brasil es mujer. Se llama Dilma.""}",Leí que la presidenta de Brasil es mujer. Se llama Dilma.,True,1,0,True,True,False,True,,True,,True,"{""reason"":""detector_match"",""detected"":""es"",""confidence"":1.0}",True,[],[],True,,"{""errors"":[]}",True,[],True,1,0,True,True,False,100,100,1254,21,1275,,,707.81,1332,8,1340,0,0,1192.84
2f6d1ff468b4e4787327,1435,deepseek-v3-2,managed-prompt,tatoeba,nb,es,Jeg snakket med den polske ambassadøren.,Yo hablé con el embajador polaco.,"{""c"":""Hablé con el embajador polaco.""}",Hablé con el embajador polaco.,True,1,0,True,True,False,True,,True,,True,"{""reason"":""detector_match"",""detected"":""es"",""confidence"":1.0}",True,[],[],True,,"{""errors"":[]}",True,[],True,1,0,True,True,False,100,100,1250,15,1265,,,981.01,1310,8,1318,0,0,1205.43
5404ef158b92305e08ea,1436,deepseek-v3-2,managed-prompt,tatoeba,nb,es,Han kom i god behold.,Él llegó sano y salvo.,"{""c"":""Llegó sano y salvo.""}",Llegó sano y salvo.,True,1,0,True,True,False,True,,True,,,"{""reason"":""detector_inconclusive"",""detected"":""es"",""confidence"":0.5714}",True,[],[],True,,"{""errors"":[]}",True,[],True,1,0,True,True,False,100,100,1240,14,1254,,,952.7,1297,8,1305,0,0,1141.16
0de0b2a527c11600a549,1437,deepseek-v3-2,managed-prompt,tatoeba,nb,es,Han oppfører seg som om han var gal.,Él se comporta como si estuviera loco.,"{""c"":""Se comporta como si estuviera loco.""}",Se comporta como si estuviera loco.,True,1,0,True,True,False,True,,True,,True,"{""reason"":""detector_match"",""detected"":""es"",""confidence"":1.0}",True,[],[],True,,"{""errors"":[]}",True,[],True,1,0,True,True,False,100,100,1246,16,1262,,,951.7,1307,8,1315,0,0,1131.49
03c468c4ca1c093f8eb9,1438,deepseek-v3-2,managed-prompt,tatoeba,nb,es,Jeg er sulten som en ulv.,Tengo tanta hambre como un lobo.,"{""c"":""Tengo más hambre que un perro.""}",Tengo más hambre que un perro.,True,1,0,True,True,False,True,,True,,True,"{""reason"":""detector_match"",""detected"":""es"",""confidence"":1.0}",True,[],[],True,,"{""errors"":[{""category"":""accuracy"",""severity"":""major""}]}",False,"[{""category"":""accuracy"",""severity"":""major""}]",True,1,0,True,True,False,85,85,1245,15,1260,,,746.96,1304,17,1321,0,0,1236.42
4da3334ba6d99ba1c523,1439,deepseek-v3-2,managed-prompt,tatoeba,nb,es,Han bor i en luksusleilighet i nærheten av Central Park.,Vive en un apartamento de lujo cerca de Central Park.,"{""c"":""Vive en un apartamento de lujo cerca de Central Park.""}",Vive en un apartamento de lujo cerca de Central Park.,True,1,0,True,True,False,True,,True,,True,"{""reason"":""detector_match"",""detected"":""es"",""confidence"":1.0}",True,[],[],True,,"{""errors"":[]}",True,[],True,1,0,True,True,False,100,100,1252,19,1271,,,748.54,1319,8,1327,0,0,1174.5
40c7a37fe936e6d98d8f,1440,deepseek-v3-2,managed-prompt,tatoeba,nb,fr,Banen rundt Sirius er elliptisk.,L'orbite de Sirius est elliptique.,"{""c"":""L'orbite de Sirius est elliptique.""}",L'orbite de Sirius est elliptique.,True,1,0,True,True,False,True,,True,,,"{""reason"":""detector_inconclusive"",""detected"":""fr"",""confidence"":0.7143}",True,[],[],True,,"{""errors"":[]}",True,[],True,1,0,True,True,False,100,100,1243,15,1258,,,698.35,1310,8,1318,0,0,1222.97
e5eb6498c07077a4cc05,1441,deepseek-v3-2,managed-prompt,tatoeba,nb,fr,Guten og mannen drikk vatn.,Le garçon et l'homme boivent de l'eau.,"{""c"":""La botte et l'homme boivent de l'eau.""}",La botte et l'homme boivent de l'eau.,True,1,0,True,True,False,True,,True,,True,"{""reason"":""detector_match"",""detected"":""fr"",""confidence"":1.0}",True,[],[],True,,"{""errors"":[{""category"":""accuracy"",""severity"":""major""}]}",False,"[{""category"":""accuracy"",""severity"":""major""}]",True,1,0,True,True,False,85,85,1246,17,1263,,,749.84,1314,17,1331,0,0,1208.88
4470e0f0df2c2a2bd354,1442,deepseek-v3-2,managed-prompt,tatoeba,nb,fr,Dette er hesten min.,C'est mon cheval.,"{""c"":""C'est mon cheval.""}",C'est mon cheval.,True,1,0,True,True,False,True,,True,,True,"{""reason"":""detector_match"",""detected"":""fr"",""confidence"":1.0}",True,[],[],True,,"{""errors"":[]}",True,[],True,1,0,True,True,False,100,100,1241,11,1252,,,630.96,1291,8,1299,0,0,1228.92
6e1cc8cb476f78fa1631,1443,deepseek-v3-2,managed-prompt,tatoeba,nb,fr,Han har dobbelt so mange bøker som meg.,Il a deux fois plus de livres que moi.,"{""c"":""Il a deux fois plus de livres que moi.""}",Il a deux fois plus de livres que moi.,True,1,0,True,True,False,True,,True,,True,"{""reason"":""detector_match"",""detected"":""fr"",""confidence"":1.0}",True,[],[],True,,"{""errors"":[]}",True,[],True,1,0,True,True,False,100,100,1247,15,1262,,,698.45,1308,8,1316,0,0,1129.43
9d51ff5ba0034f2618d4,1444,deepseek-v3-2,managed-prompt,tatoeba,nb,fr,"Det kommer til å regne snart, bare se på de mørke skyene.","Il va bientôt pleuvoir, regarde ces nuages noirs.","{""c"":""Ça va pleuvoir bientôt, regardez juste les nuages sombres.""}","Ça va pleuvoir bientôt, regardez juste les nuages sombres.",True,1,0,True,True,False,True,,True,,True,"{""reason"":""detector_match"",""detected"":""fr"",""confidence"":1.0}",True,[],[],True,,"{""errors"":[]}",True,[],True,1,0,True,True,False,100,100,1253,24,1277,,,864.39,1330,8,1338,0,0,1181.29
0be996a0bc70eb1ec883,1445,deepseek-v3-2,managed-prompt,tatoeba,nb,fr,Jeg heter Jack.,Je m'appelle Jack.,"{""c"":""Je m'appelle Jack.""}",Je m'appelle Jack.,True,1,0,True,True,False,True,,True,,,"{""reason"":""detector_inconclusive"",""detected"":""sv"",""confidence"":0.5714}",True,[],[],True,,"{""errors"":[]}",True,[],True,1,0,True,True,False,100,100,1239,11,1250,,,950.57,1291,8,1299,0,0,1046.53
81017c9bb2b2e9b919e7,1446,deepseek-v3-2,managed-prompt,tatoeba,nb,fr,Vi såg fotballkampen på TV.,Nous avons vu le match de football à la télévision.,"{""c"":""Nous avons regardé le match de football à la télé.""}",Nous avons regardé le match de football à la télé.,True,1,0,True,True,False,True,,True,,True,"{""reason"":""detector_match"",""detected"":""fr"",""confidence"":1.0}",True,[],[],True,,"{""errors"":[]}",True,[],True,1,0,True,True,False,100,100,1244,17,1261,,,1099.85,1313,8,1321,0,0,1171.8
47e5dbc8017fc136560f,1447,deepseek-v3-2,managed-prompt,tatoeba,nb,fr,Sett spillet på pause.,Mettez le jeu en pause.,"{""c"":""Met le jeu en pause.""}",Met le jeu en pause.,True,1,0,True,True,False,True,,True,,True,"{""reason"":""detector_match"",""detected"":""fr"",""confidence"":1.0}",True,[],[],True,,"{""errors"":[{""category"":""tone"",""severity"":""minor""}]}",True,"[{""category"":""tone"",""severity"":""minor""}]",True,1,0,True,True,False,97,97,1241,11,1252,,,620.48,1296,17,1313,0,0,1281.23
56b9e58d4feca80e8b1c,1448,deepseek-v3-2,managed-prompt,tatoeba,nb,fr,Ho er rett bak deg.,Elle est juste derrière toi.,"{""c"":""Ho est juste derrière toi.""}",Ho est juste derrière toi.,True,1,0,True,True,False,True,,True,,True,"{""reason"":""detector_match"",""detected"":""fr"",""confidence"":1.0}",True,[],[],True,,"{""errors"":[{""category"":""preservation"",""severity"":""major""}]}",False,"[{""category"":""preservation"",""severity"":""major""}]",True,1,0,True,True,False,85,85,1241,13,1254,,,704.86,1299,17,1316,0,0,1193.38
e8d59412d0a831bd3b9c,1449,deepseek-v3-2,managed-prompt,tatoeba,nb,fr,Få studenter kan forstå latin.,Il y a peu d’étudiants qui comprennent le latin.,"{""c"":""Peu d'étudiants peuvent comprendre le latin.""}",Peu d'étudiants peuvent comprendre le latin.,True,1,0,True,True,False,True,,True,,True,"{""reason"":""detector_match"",""detected"":""fr"",""confidence"":1.0}",True,[],[],True,,"{""errors"":[]}",True,[],True,1,0,True,True,False,100,100,1244,17,1261,,,681.13,1312,8,1320,0,0,1184.21
14a93234768fd10b740a,1450,deepseek-v3-2,managed-prompt,tatoeba,nb,it,Verden trenger meg ikke.,Il mondo non ha bisogno di me.,"{""c"":""Il mondo non ha bisogno di me.""}",Il mondo non ha bisogno di me.,True,1,0,True,True,False,True,,True,,True,"{""reason"":""detector_match"",""detected"":""it"",""confidence"":1.0}",True,[],[],True,,"{""errors"":[]}",True,[],True,1,0,True,True,False,100,100,1242,13,1255,,,838.65,1298,8,1306,0,0,1312.34
fee1fb97a3a00b813f8d,1451,deepseek-v3-2,managed-prompt,tatoeba,nb,it,Fire øyne ser mer enn to.,Quattro occhi vedono più di due.,"{""c"":""L'occhio del fuoco vede più di due.""}",L'occhio del fuoco vede più di due.,True,1,0,True,True,False,True,,True,,True,"{""reason"":""detector_match"",""detected"":""it"",""confidence"":1.0}",True,[],[],True,,"{""errors"":[{""category"":""accuracy"",""severity"":""critical""}]}",False,"[{""category"":""accuracy"",""severity"":""critical""}]",True,1,0,True,True,False,60,60,1242,17,1259,,,864.91,1304,17,1321,0,0,1177.91
51830ed56b69598e5cbd,1452,deepseek-v3-2,managed-prompt,tatoeba,nb,it,Kan du komme på festen?,Puoi venire alla festa?,"{""c"":""Hai in programma di andare alla festa?""}",Hai in programma di andare alla festa?,True,1,0,True,True,False,True,,True,,True,"{""reason"":""detector_match"",""detected"":""it"",""confidence"":1.0}",True,[],[],True,,"{""errors"":[{""category"":""accuracy"",""severity"":""minor""}]}",True,"[{""category"":""accuracy"",""severity"":""minor""}]",True,1,0,True,True,False,97,97,1242,16,1258,,,1077.44,1301,17,1318,0,0,1332.02
36057ccf228252ac551d,1453,deepseek-v3-2,managed-prompt,tatoeba,nb,it,Jeg liker bølgene i Svartehavet.,Mi piacciono le onde del Mar Nero.,"{""c"":""Mi piacciono le onde del Mar Nero.""}",Mi piacciono le onde del Mar Nero.,True,1,0,True,True,False,True,,True,,True,"{""reason"":""detector_match"",""detected"":""it"",""confidence"":1.0}",True,[],[],True,,"{""errors"":[]}",True,[],True,1,0,True,True,False,100,100,1248,15,1263,,,860.53,1308,8,1316,0,0,1277.96
acec47abe1e0ee0f708d,1454,deepseek-v3-2,managed-prompt,tatoeba,nb,it,Jeg begriper ikke hvordan hun gjorde det. Det var et mirakel.,Non so come abbia fatto questo. Questo era un miracolo.,"{""c"":""Non capisco come ci è riuscita. È stata una specie di miracolo.""}",Non capisco come ci è riuscita. È stata una specie di miracolo.,True,1,0,True,True,False,True,,True,,True,"{""reason"":""detector_match"",""detected"":""it"",""confidence"":1.0}",True,[],[],True,,"{""errors"":[{""category"":""accuracy"",""severity"":""minor""}]}",True,"[{""category"":""accuracy"",""severity"":""minor""}]",True,1,0,True,True,False,97,97,1254,24,1278,,,777.6,1323,17,1340,0,0,1190.49
b52a180258861dc1df72,1455,deepseek-v3-2,managed-prompt,tatoeba,nb,it,Dette er et paradoks. Men forskerne har sikkert en forklaring.,Questo è un paradosso. Ma gli scienziati hanno certamente una spiegazione.,"{""c"":""Questo è un paradosso. Ma gli scienziati devono avere una spiegazione.""}",Questo è un paradosso. Ma gli scienziati devono avere una spiegazione.,True,1,0,True,True,False,True,,True,,True,"{""reason"":""detector_match"",""detected"":""it"",""confidence"":1.0}",True,[],[],True,,"{""errors"":[{""category"":""accuracy"",""severity"":""minor""}]}",True,"[{""category"":""accuracy"",""severity"":""minor""}]",True,1,0,True,True,False,97,97,1252,24,1276,,,6275.04,1334,17,1351,0,0,1295.26
f3da28f2d83f0f74fde0,1456,deepseek-v3-2,managed-prompt,tatoeba,nb,it,Skogsstien var helt dekket med snø.,Il sentiero della foresta è stato completamente coperto di neve.,"{""c"":""Il sentiero nel bosco era completamente coperto di neve.""}",Il sentiero nel bosco era completamente coperto di neve.,True,1,0,True,True,False,True,,True,,True,"{""reason"":""detector_match"",""detected"":""it"",""confidence"":1.0}",True,[],[],True,,"{""errors"":[]}",True,[],True,1,0,True,True,False,100,100,1247,19,1266,,,1000.69,1313,8,1321,0,0,1144.85
93fcdccea80ce4cdca9d,1457,deepseek-v3-2,managed-prompt,tatoeba,nb,it,Min bestemor hadde veldig fornuftige synspunkter.,Mia nonna aveva opinioni molto ragionevoli.,"{""c"":""Mia nonna aveva opinioni molto sensate.""}",Mia nonna aveva opinioni molto sensate.,True,1,0,True,True,False,True,,True,,True,"{""reason"":""detector_match"",""detected"":""it"",""confidence"":1.0}",True,[],[],True,,"{""errors"":[]}",True,[],True,1,0,True,True,False,100,100,1249,16,1265,,,931.53,1313,8,1321,0,0,1298.04
948de02101523eca3b33,1458,deepseek-v3-2,managed-prompt,tatoeba,nb,it,"Jeg kan nesten ikke si noe. Jeg kan bare si at været her er vakkert og at folk fra nord, rammet av frost, gjør det bra her, fordi solen skinner flott og luften er varm.","Quasi non posso dire nulla, posso solo dire che il tempo qui è bello e che un residente del nord, colpito dal gelo, sta facendo bene alla luce del sole e all'aria calda.","{""c"":""Quasi non ho nulla da dire. Posso solo dire che il tempo qui è splendido e che i nordici, intirizziti dal gelo, qui se la passano bene, perché il sole splende magnificamente e l'aria è calda.""}","Quasi non ho nulla da dire. Posso solo dire che il tempo qui è splendido e che i nordici, intirizziti dal gelo, qui se la passano bene, perché il sole splende magnificamente e l'aria è calda.",True,1,0,True,True,False,True,,True,,True,"{""reason"":""detector_match"",""detected"":""it"",""confidence"":1.0}",True,[],[],True,,"{""errors"":[]}",True,[],True,1,0,True,True,False,100,100,1289,60,1349,,,1196.15,1438,8,1446,0,0,1103.54
0d57c2e06644e621881e,1459,deepseek-v3-2,managed-prompt,tatoeba,nb,it,Tom nølte lenge før han svarte.,Tom esitò a lungo prima di rispondere.,"{""c"":""Tom esitò a lungo prima di rispondere.""}",Tom esitò a lungo prima di rispondere.,True,1,0,True,True,False,True,,True,,True,"{""reason"":""detector_match"",""detected"":""it"",""confidence"":1.0}",True,[],[],True,,"{""errors"":[]}",True,[],True,1,0,True,True,False,100,100,1246,17,1263,,,1003.24,1304,8,1312,0,0,1130.01
aaac64647044542e1603,1460,deepseek-v3-2,managed-prompt,tatoeba,nb,jp,Skjerp deg!,いいかげんにして。,"{""c"":""はっきりしろよ！""}",はっきりしろよ！,True,1,0,True,True,False,True,,True,,True,"{""reason"":""target_script_present"",""detected"":""ja"",""confidence"":1.0}",True,[],[],True,,"{""errors"":[]}",True,[],True,1,0,True,True,False,100,100,1240,13,1253,,,868.58,1296,8,1304,0,0,1543.75
7ce2bc18ff97bd507cdc,1461,deepseek-v3-2,managed-prompt,tatoeba,nb,jp,Denne regelen gjelder deg også.,この規則はあなたにも当てはまる。,"{""c"":""このルールはあなたにも適用されます。""}",このルールはあなたにも適用されます。,True,1,0,True,True,False,True,,True,,True,"{""reason"":""target_script_present"",""detected"":""ja"",""confidence"":1.0}",True,[],[],True,,"{""errors"":[]}",True,[],True,1,0,True,True,False,100,100,1244,14,1258,,,809.26,1312,8,1320,0,0,1262.57
e6545bf676cfb1eabf0a,1462,deepseek-v3-2,managed-prompt,tatoeba,nb,jp,Jeg er best.,私は最高だ。,"{""c"":""Jeg er best.""}",Jeg er best.,True,1,0,True,True,False,True,,True,,False,"{""reason"":""target_script_missing"",""detected"":null,""confidence"":null}",True,[],"[{""code"":""source_copy_suspected""}]",True,,"{""errors"":[{""category"":""accuracy"",""severity"":""critical""}]}",False,"[{""category"":""accuracy"",""severity"":""critical""}]",True,1,0,True,True,False,57,57,1240,10,1250,,,816.45,1289,17,1306,0,0,1155.93
8dbad8a82478fa187be1,1463,deepseek-v3-2,managed-prompt,tatoeba,nb,jp,Jeg må gå og handle. Jeg er tilbake innen en time.,買い物に行かなければならない。一時間で戻るよ。,"{""c"":""買い物にいかないと。 一時間で戻るね。""}",買い物にいかないと。 一時間で戻るね。,True,1,0,True,True,False,True,,True,,True,"{""reason"":""target_script_present"",""detected"":""ja"",""confidence"":1.0}",True,[],[],True,,"{""errors"":[]}",True,[],True,1,0,True,True,False,100,100,1254,21,1275,,,1182.32,1332,8,1340,0,0,1109.71
64cb540f4718d5575ad3,1464,deepseek-v3-2,managed-prompt,tatoeba,nb,jp,Vi laget pannekaker til frokost.,私たちは朝食にパンケーキを作った。,"{""c"":""朝食にパンケーキを作りました。""}",朝食にパンケーキを作りました。,True,1,0,True,True,False,True,,True,,True,"{""reason"":""target_script_present"",""detected"":""ja"",""confidence"":1.0}",True,[],[],True,,"{""errors"":[]}",True,[],True,1,0,True,True,False,100,100,1246,17,1263,,,795.27,1315,8,1323,0,0,1200.92
b56b4306bd40a9e942d9,1465,deepseek-v3-2,managed-prompt,tatoeba,nb,jp,Vil du ha en kopp te til?,もう一杯お茶をいただきませんか。,"{""c"":""お茶をお入れしましょうか？""}",お茶をお入れしましょうか？,True,1,0,True,True,False,True,,True,,True,"{""reason"":""target_script_present"",""detected"":""ja"",""confidence"":1.0}",True,[],[],True,,"{""errors"":[{""category"":""accuracy"",""severity"":""major""}]}",False,"[{""category"":""accuracy"",""severity"":""major""}]",True,1,0,True,True,False,85,85,1245,12,1257,,,831.14,1313,17,1330,0,0,1265.78
447fdd67adbdc68a61db,1466,deepseek-v3-2,managed-prompt,tatoeba,nb,jp,Fort deg!,急いで！,"{""c"":""頑張って!""}",頑張って!,True,1,0,True,True,False,True,,True,,True,"{""reason"":""target_script_present"",""detected"":""ja"",""confidence"":1.0}",True,[],[],True,,"{""errors"":[{""category"":""accuracy"",""severity"":""major""}]}",False,"[{""category"":""accuracy"",""severity"":""major""}]",True,1,0,True,True,False,85,85,1238,9,1247,,,743.17,1284,17,1301,0,0,1277.43
cd69dcb7d86c69e1317f,1467,deepseek-v3-2,managed-prompt,tatoeba,nb,jp,Oversettelsen er meget tro mot originalen.,その翻訳は原文に極めて忠実である。,"{""c"":""翻訳はとても原本に忠実です。""}",翻訳はとても原本に忠実です。,True,1,0,True,True,False,True,,True,,True,"{""reason"":""target_script_present"",""detected"":""ja"",""confidence"":1.0}",True,[],[],True,,"{""errors"":[]}",True,[],True,1,0,True,True,False,100,100,1246,15,1261,,,886.19,1317,8,1325,0,0,1232.71
cf888436bfd8db0ca1ce,1468,deepseek-v3-2,managed-prompt,tatoeba,nb,jp,Japanere liker å reise i gruppe.,日本人は集団で旅行するのが好きだ。,"{""c"":""日本人はグループで旅行するのが好きです。""}",日本人はグループで旅行するのが好きです。,True,1,0,True,True,False,True,,True,,True,"{""reason"":""target_script_present"",""detected"":""ja"",""confidence"":1.0}",True,[],[],True,,"{""errors"":[]}",True,[],True,1,0,True,True,False,100,100,1246,15,1261,,,890.56,1320,8,1328,0,0,1149.27
d2ea6fb97da78ee9cc84,1469,deepseek-v3-2,managed-prompt,tatoeba,nb,jp,"Ring meg med en gang, hvis noe skjer.",もし何か起こったら、すぐに電話をください。,"{""c"":""何かあったら今すぐ鳴らして。""}",何かあったら今すぐ鳴らして。,True,1,0,True,True,False,True,,True,,True,"{""reason"":""target_script_present"",""detected"":""ja"",""confidence"":1.0}",True,[],[],True,,"{""errors"":[{""category"":""accuracy"",""severity"":""major""}]}",False,"[{""category"":""accuracy"",""severity"":""major""}]",True,1,0,True,True,False,85,85,1248,15,1263,,,785.32,1319,17,1336,0,0,1277.19
0dd8fe7a5c82d9631f1e,1470,deepseek-v3-2,managed-prompt,tatoeba,nb,nl,Tom er fremdeles utenfor.,Tom is nog steeds buiten.,"{""c"":""Tom staat nog steeds buiten.""}",Tom staat nog steeds buiten.,True,1,0,True,True,False,True,,True,,,"{""reason"":""detector_mismatch_uncertain"",""detected"":""af"",""confidence"":1.0}",True,[],[],True,,"{""errors"":[]}",True,[],True,1,0,True,True,False,100,100,1243,11,1254,,,693.22,1296,8,1304,0,0,2260.4
d9f7d3fccca26956baee,1471,deepseek-v3-2,managed-prompt,tatoeba,nb,nl,Hvor mye tid bruker du på Facebook?,Hoeveel tijd besteden jullie op Facebook?,"{""c"":""Hoeveel tijd besteed je aan Facebook?""}",Hoeveel tijd besteed je aan Facebook?,True,1,0,True,True,False,True,,True,,True,"{""reason"":""detector_match"",""detected"":""nl"",""confidence"":1.0}",True,[],[],True,,"{""errors"":[]}",True,[],True,1,0,True,True,False,100,100,1245,15,1260,,,705.1,1307,8,1315,0,0,1204.2
687382c3cebf4962ceaa,1472,deepseek-v3-2,managed-prompt,tatoeba,nb,nl,Han er heldig som har en så god hustru.,Hij heeft geluk zo'n goede vrouw te hebben.,"{""c"":""Hij is gelukkig met zo'n goede vrouw.""}",Hij is gelukkig met zo'n goede vrouw.,True,1,0,True,True,False,True,,True,,True,"{""reason"":""detector_match"",""detected"":""nl"",""confidence"":1.0}",True,[],[],True,,"{""errors"":[{""category"":""accuracy"",""severity"":""minor""}]}",True,"[{""category"":""accuracy"",""severity"":""minor""}]",True,1,0,True,True,False,97,97,1246,18,1264,,,702.13,1312,17,1329,0,0,1161.31
3cd3c54b1cf3090f96cd,1473,deepseek-v3-2,managed-prompt,tatoeba,nb,nl,Klimaet er behagelig.,Het klimaat is aangenaam.,"{""c"":""Het klimaat is aangenaam.""}",Het klimaat is aangenaam.,True,1,0,True,True,False,True,,True,,True,"{""reason"":""detector_match"",""detected"":""nl"",""confidence"":1.0}",True,[],[],True,,"{""errors"":[]}",True,[],True,1,0,True,True,False,100,100,1243,13,1256,,,817.13,1296,8,1304,0,0,1224.21
cb3fcbf1a20c55d98e47,1474,deepseek-v3-2,managed-prompt,tatoeba,nb,nl,Hovedstaden i Japan er Tokyo.,De hoofdstad van Japan is Tokio.,"{""c"":""De hoofdstad van Japan is Tokio.""}",De hoofdstad van Japan is Tokio.,True,1,0,True,True,False,True,,True,,True,"{""reason"":""detector_match"",""detected"":""nl"",""confidence"":1.0}",True,[],[],True,,"{""errors"":[]}",True,[],True,1,0,True,True,False,100,100,1243,14,1257,,,1167.21,1300,8,1308,0,0,1203.34
0183e457a41ea68dbbc4,1475,deepseek-v3-2,managed-prompt,tatoeba,nb,nl,Penger er makt.,Geld is macht.,"{""c"":""Geld is macht.""}",Geld is macht.,True,1,0,True,True,False,True,,True,,True,"{""reason"":""detector_match"",""detected"":""nl"",""confidence"":1.0}",True,[],[],True,,"{""errors"":[]}",True,[],True,1,0,True,True,False,100,100,1240,10,1250,,,1096.07,1290,8,1298,0,0,1131.5
2f74d61f4e8916237d10,1476,deepseek-v3-2,managed-prompt,tatoeba,nb,nl,Hun røyker 20 sigaretter om dagen.,Ze rookt twintig sigaretten per dag.,"{""c"":""Hun rookt 20 sigaretten per dag.""}",Hun rookt 20 sigaretten per dag.,True,1,0,True,True,False,True,,True,,,"{""reason"":""detector_mismatch_uncertain"",""detected"":""sv"",""confidence"":1.0}",True,[],[],True,,"{""errors"":[]}",True,[],True,1,0,True,True,False,100,100,1247,17,1264,,,1050.65,1308,8,1316,0,0,1329.22
8f7a5adab7eceb391ba1,1477,deepseek-v3-2,managed-prompt,tatoeba,nb,nl,Ikke bekymre deg for oss.,Maak je geen zorgen over ons.,"{""c"":""Geen zorgen over ons.""}",Geen zorgen over ons.,True,1,0,True,True,False,True,,True,,True,"{""reason"":""detector_match"",""detected"":""nl"",""confidence"":1.0}",True,[],[],True,,"{""errors"":[{""category"":""fluency"",""severity"":""minor""}]}",True,"[{""category"":""fluency"",""severity"":""minor""}]",True,1,0,True,True,False,97,97,1243,11,1254,,,972.75,1300,18,1318,0,0,1180.31
2102c2e105e0feb27a07,1478,deepseek-v3-2,managed-prompt,tatoeba,nb,nl,Han bor i en landsby.,Hij woont in een dorp.,"{""c"":""Hij woont in een dorp.""}",Hij woont in een dorp.,True,1,0,True,True,False,True,,True,,True,"{""reason"":""detector_match"",""detected"":""nl"",""confidence"":1.0}",True,[],[],True,,"{""errors"":[]}",True,[],True,1,0,True,True,False,100,100,1241,14,1255,,,919.88,1295,8,1303,0,0,1589.24
2c0860ff756e2fd3ef71,1479,deepseek-v3-2,managed-prompt,tatoeba,nb,nl,Jeg var hjemme.,Ik was thuis.,"{""c"":""Ik was thuis.""}",Ik was thuis.,True,1,0,True,True,False,True,,True,,,"{""reason"":""detector_inconclusive"",""detected"":""en"",""confidence"":0.5714}",True,[],[],True,,"{""errors"":[]}",True,[],True,1,0,True,True,False,100,100,1241,10,1251,,,624.3,1292,8,1300,0,0,1156.92
