record_id,sample_index,model_name,model_id,dataset,src,tgt,raw,ref,trans_raw,trans,translation_structured,call_attempts,call_retries,first_call_success,first_output_valid,recovered_by_retry,call_success,call_error,format_valid,format_error,language_valid,language_check,policy_pass,policy_violations,policy_warnings,judge_success,judge_error,judge_raw,judge_acceptable,judge_errors,judge_structured,judge_attempts,judge_retries,judge_first_call_success,judge_first_output_valid,judge_recovered_by_retry,translation_score,score,input_tokens,output_tokens,total_tokens,cache_read_input_tokens,cache_write_input_tokens,latency_ms,judge_input_tokens,judge_output_tokens,judge_total_tokens,judge_cache_read_input_tokens,judge_cache_write_input_tokens,judge_latency_ms
17bb227d208b5fd75004,0,gemma-3-27b-reasoning,managed-prompt,mtnt,en,fr,"The notion of sharing is clearly less present but by deleting progressively, it works very well, does not it?","La notion de partage est clairement moins là mais en supprimant au fur et à mesure ça passe très bien, non ?","{""c"":""La notion de partage est clairement moins présente, mais en supprimant progressivement, cela fonctionne très bien, non?""}","La notion de partage est clairement moins présente, mais en supprimant progressivement, cela fonctionne très bien, non?",True,1,0,True,True,False,True,,True,,True,"{""reason"":""detector_match"",""detected"":""fr"",""confidence"":1.0}",True,[],[],True,,"{""errors"":[]}",True,[],True,1,0,True,True,False,100,100,1230,27,1257,,,2650.11,1360,8,1368,0,0,1673.39
2636c8d9e9eb1de3cd87,1,gemma-3-27b-reasoning,managed-prompt,mtnt,en,fr,(Less bulky U locks exist),(Il existe des U moins encombrant),"{""c"":""(Des antivols en U moins volumineux existent)""}",(Des antivols en U moins volumineux existent),True,1,0,True,True,False,True,,True,,True,"{""reason"":""detector_match"",""detected"":""fr"",""confidence"":1.0}",True,[],[],True,,"{""errors"":[]}",True,[],True,1,0,True,True,False,100,100,1215,16,1231,,,2636.61,1300,8,1308,0,0,1746.28
c3651eb69dbb3ba8d285,2,gemma-3-27b-reasoning,managed-prompt,mtnt,en,fr,I'm hesitating to pass the VTC licence to combine it to my translation work while waiting to be skilled enough in Web Development for a reconversion.,J'hésite à passer la licence VTC pour cumuler avec mon activité de traducteur en attendant d'être assez calé en développement Web pour une reconversion.,"{""c"":""J'hésite à valider la licence VTC afin de la combiner à mon travail de traduction en attendant d'acquérir suffisamment de compétences en développement web pour une reconversion.""}",J'hésite à valider la licence VTC afin de la combiner à mon travail de traduction en attendant d'acquérir suffisamment de compétences en développement web pour une reconversion.,True,1,0,True,True,False,True,,True,,True,"{""reason"":""detector_match"",""detected"":""fr"",""confidence"":1.0}",True,[],[],True,,"{""errors"":[]}",True,[],True,1,0,True,True,False,100,100,1240,42,1282,,,3658.81,1393,8,1401,0,0,1630.46
d31048aa9599915016f9,3,gemma-3-27b-reasoning,managed-prompt,mtnt,en,fr,"If in doubt, fiddle with the doc.",Dans le doute bidouille le doc.,"{""c"":""En cas de doute, bidouille avec le doc.""}","En cas de doute, bidouille avec le doc.",True,1,0,True,True,False,True,,True,,True,"{""reason"":""detector_match"",""detected"":""fr"",""confidence"":1.0}",True,[],[],True,,"{""errors"":[{""category"":""fluency"",""severity"":""minor""}]}",True,"[{""category"":""fluency"",""severity"":""minor""}]",True,1,0,True,True,False,97,97,1217,16,1233,,,2544.24,1304,18,1322,0,0,1982.2
dc814cb1d0ff1d330eff,4,gemma-3-27b-reasoning,managed-prompt,mtnt,en,fr,Could she be a servant of eviiiiiiiil?,Serait-ce une envoyée du Maaaaaal?,"{""c"":""Pourrait-elle être au service du maaaal ?\""""}","Pourrait-elle être au service du maaaal ?""",True,1,0,True,True,False,True,,True,,True,"{""reason"":""detector_match"",""detected"":""fr"",""confidence"":1.0}",True,[],[],True,,"{""errors"":[{""category"":""preservation"",""severity"":""minor""}]}",True,"[{""category"":""preservation"",""severity"":""minor""}]",True,1,0,True,True,False,97,97,1219,18,1237,,,2541.1,1315,17,1332,0,0,1682.74
af25fcd265c58d49db7e,5,gemma-3-27b-reasoning,managed-prompt,mtnt,en,fr,Two out of three devices sold by Apple are still in use!,Deux appareils sur trois vendus par Apple sont toujours en utilisation !,"{""c"":""Deux appareils sur trois vendus par Apple sont encore utilisés !""}",Deux appareils sur trois vendus par Apple sont encore utilisés !,True,1,0,True,True,False,True,,True,,True,"{""reason"":""detector_match"",""detected"":""fr"",""confidence"":1.0}",True,[],[],True,,"{""errors"":[]}",True,[],True,1,0,True,True,False,100,100,1221,17,1238,,,3190.21,1321,8,1329,0,0,1726.8
2fc08723ff98d14c12ff,6,gemma-3-27b-reasoning,managed-prompt,mtnt,en,fr,"I knew the content would be epic, I didn't know how much.","Je sentais bien que le contenu pouvait être collector, je ne me doutais pas à quel point.","{""c"":""Je savais que le contenu serait épique, mais pas à ce point.""}","Je savais que le contenu serait épique, mais pas à ce point.",True,1,0,True,True,False,True,,True,,True,"{""reason"":""detector_match"",""detected"":""fr"",""confidence"":1.0}",True,[],[],True,,"{""errors"":[]}",True,[],True,1,0,True,True,False,100,100,1224,21,1245,,,2422.36,1330,8,1338,0,0,1623.96
6f21256a94d8a01faf91,7,gemma-3-27b-reasoning,managed-prompt,mtnt,en,fr,Despite all this I managed to get around it thanks to the power of the brain.,"Après malgré ça, j'ai réussi à contourner ce problème grâce aux pouvoirs du cerveau.","{""c"":""Malgré tout cela, j'ai réussi à contourner le problème grâce à la puissance du cerveau.""}","Malgré tout cela, j'ai réussi à contourner le problème grâce à la puissance du cerveau.",True,1,0,True,True,False,True,,True,,True,"{""reason"":""detector_match"",""detected"":""fr"",""confidence"":1.0}",True,[],[],True,,"{""errors"":[]}",True,[],True,1,0,True,True,False,100,100,1225,26,1251,,,2930.15,1352,8,1360,0,0,1828.16
855cdd7f327048173108,8,gemma-3-27b-reasoning,managed-prompt,mtnt,en,fr,What do you live for?,Quel est votre but dans la vie ?,"{""c"":""Qu'est-ce qui te motive dans la vie?""}",Qu'est-ce qui te motive dans la vie?,True,1,0,True,True,False,True,,True,,True,"{""reason"":""detector_match"",""detected"":""fr"",""confidence"":1.0}",True,[],[],True,,"{""errors"":[{""category"":""accuracy"",""severity"":""minor""},{""category"":""tone"",""severity"":""minor""}]}",True,"[{""category"":""accuracy"",""severity"":""minor""},{""category"":""tone"",""severity"":""minor""}]",True,1,0,True,True,False,94,94,1214,17,1231,,,1241.22,1305,26,1331,0,0,1330.38
630fb95f6850d74a9773,9,gemma-3-27b-reasoning,managed-prompt,mtnt,en,fr,"Aaaaaaaah.... 8 years later, I've just realized.... :o damn I had the feeling that I was missing something considering the upvotes.","Aaaaaaaah.... 8 ans après, je viens de percuter....  :o 'tain je me disais bien que je passais à côté d'un truc vu les upvotes.","{""c"":""Aaaaaaaah.... 8 ans plus tard, je viens de réaliser.... :o zut, j'avais l'impression qu'il me manquait quelque chose vu le nombre de mentions \""j'aime\"".""}","Aaaaaaaah.... 8 ans plus tard, je viens de réaliser.... :o zut, j'avais l'impression qu'il me manquait quelque chose vu le nombre de mentions ""j'aime"".",True,1,0,True,True,False,True,,True,,True,"{""reason"":""detector_match"",""detected"":""fr"",""confidence"":1.0}",True,[],[],True,,"{""errors"":[]}",True,[],True,1,0,True,True,False,100,100,1241,50,1291,,,1955.31,1412,8,1420,0,0,1223.32
168ed67b0a086511f40d,10,gemma-3-27b-reasoning,managed-prompt,mtnt,en,jp,It’s okay to be ahead of the curve tho.,彼はでもちょっと先に行っても良いと思います。,"{""c"":""いいですよね。""}",いいですよね。,True,1,0,True,True,False,True,,True,,True,"{""reason"":""target_script_present"",""detected"":""ja"",""confidence"":1.0}",True,[],[],True,,"{""errors"":[{""category"":""accuracy"",""severity"":""critical""}]}",False,"[{""category"":""accuracy"",""severity"":""critical""}]",True,1,0,True,True,False,60,60,1220,8,1228,,,809.68,1311,17,1328,0,0,1200.58
4da2606d02f686f4cf67,11,gemma-3-27b-reasoning,managed-prompt,mtnt,en,jp,"Sure, but the VR aspect of the game was a shining crazy diamond when it came out.",そうだな、ただVRとしての観点からみれば、これは光り輝くダイヤモンドみたいなもんだ。,"{""c"":""ゲームのVR要素は、発売当初は輝かしい狂ったダイヤモンドでした。""}",ゲームのVR要素は、発売当初は輝かしい狂ったダイヤモンドでした。,True,1,0,True,True,False,True,,True,,True,"{""reason"":""target_script_present"",""detected"":""ja"",""confidence"":1.0}",True,[],[],True,,"{""errors"":[{""category"":""accuracy"",""severity"":""minor""},{""category"":""tone"",""severity"":""minor""}]}",True,"[{""category"":""accuracy"",""severity"":""minor""},{""category"":""tone"",""severity"":""minor""}]",True,1,0,True,True,False,94,94,1227,21,1248,,,1078.33,1371,26,1397,0,0,1353.09
bae788edc557b1efcc79,12,gemma-3-27b-reasoning,managed-prompt,mtnt,en,jp,>What do you do to jog your memory back when you forgot something?,"> あなたが何かを忘れてしまったとき,思い出すために何をしますか？","{""c"":""何かを忘れたときに、記憶を取り戻すために何をしますか？""}",何かを忘れたときに、記憶を取り戻すために何をしますか？,True,1,0,True,True,False,True,,True,,True,"{""reason"":""target_script_present"",""detected"":""ja"",""confidence"":1.0}",True,[],[],True,,"{""errors"":[{""category"":""preservation"",""severity"":""minor""}]}",True,"[{""category"":""preservation"",""severity"":""minor""}]",True,1,0,True,True,False,97,97,1223,20,1243,,,1174.35,1345,17,1362,0,0,1130.19
6c91bea746ab6d6d280d,13,gemma-3-27b-reasoning,managed-prompt,mtnt,en,jp,N-o w-a-y!,ちーがーうーだーろー！,"{""c"":""N-o w-a-y！""}",N-o w-a-y！,True,1,0,True,True,False,True,,True,,,"{""reason"":""too_short_for_language_detection"",""detected"":null,""confidence"":null}",True,[],[],True,,"{""errors"":[{""category"":""accuracy"",""severity"":""critical""}]}",False,"[{""category"":""accuracy"",""severity"":""critical""}]",True,1,0,True,True,False,60,60,1217,14,1231,,,750.13,1303,17,1320,0,0,1533.56
b1d0ccc36d04d6462249,14,gemma-3-27b-reasoning,managed-prompt,mtnt,en,jp,My sweet Anzu…,我が愛しのあんずちゃん……,"{""c"":""私の可愛いAnzu…""}",私の可愛いAnzu…,True,1,0,True,True,False,True,,True,,True,"{""reason"":""target_script_present"",""detected"":""ja"",""confidence"":1.0}",True,[],[],True,,"{""errors"":[]}",True,[],True,1,0,True,True,False,100,100,1213,10,1223,,,985.84,1303,8,1311,0,0,1224.28
d67068d75bb48a7659ac,15,gemma-3-27b-reasoning,managed-prompt,mtnt,en,jp,Anyone know if you can fit a T25 keyboard to a T470s or T480s?,T25のキーボードが、T470sかT480sに繋げれるかわかる人いる？,"{""c"":""T25のキーボードをT470sまたはT480sに適合させられるかご存じの方はいらっしゃいますか？""}",T25のキーボードをT470sまたはT480sに適合させられるかご存じの方はいらっしゃいますか？,True,1,0,True,True,False,True,,True,,True,"{""reason"":""target_script_present"",""detected"":""ja"",""confidence"":1.0}",True,[],[],True,,"{""errors"":[]}",True,[],True,1,0,True,True,False,100,100,1233,37,1270,,,1093.19,1365,8,1373,0,0,1146.58
fdf5ee10001c558d9c95,16,gemma-3-27b-reasoning,managed-prompt,mtnt,en,jp,"By the way, what did you go to do at the Pyeongchang Olympics!",ところで、平昌オリンピックに何しに行ったの〜！,"{""c"":""ところで、平昌オリンピックで何をするために行きましたか！""}",ところで、平昌オリンピックで何をするために行きましたか！,True,1,0,True,True,False,True,,True,,True,"{""reason"":""target_script_present"",""detected"":""ja"",""confidence"":1.0}",True,[],[],True,,"{""errors"":[{""category"":""tone"",""severity"":""major""}]}",False,"[{""category"":""tone"",""severity"":""major""}]",True,1,0,True,True,False,85,85,1225,19,1244,,,679.87,1339,17,1356,0,0,1230.92
3f83bfc00fa03930d33a,17,gemma-3-27b-reasoning,managed-prompt,mtnt,en,jp,Is it possible for anyone to either ask in person or ring them?,誰かお店に直接行って確認、または電話で確認することができますか？,"{""c"":""直接会うか電話で問い合わせることはできますか？""}",直接会うか電話で問い合わせることはできますか？,True,1,0,True,True,False,True,,True,,True,"{""reason"":""target_script_present"",""detected"":""ja"",""confidence"":1.0}",True,[],[],True,,"{""errors"":[{""category"":""accuracy"",""severity"":""minor""}]}",True,"[{""category"":""accuracy"",""severity"":""minor""}]",True,1,0,True,True,False,97,97,1222,17,1239,,,979.2,1331,17,1348,0,0,1226.57
7d1412a2fc5df928a4da,18,gemma-3-27b-reasoning,managed-prompt,mtnt,en,jp,Let me know what you think!,どう思うか教えてくれよ！,"{""c"":""どう思いますか？""}",どう思いますか？,True,1,0,True,True,False,True,,True,,True,"{""reason"":""target_script_present"",""detected"":""ja"",""confidence"":1.0}",True,[],[],True,,"{""errors"":[{""category"":""tone"",""severity"":""minor""}]}",True,"[{""category"":""tone"",""severity"":""minor""}]",True,1,0,True,True,False,97,97,1215,9,1224,,,708.87,1300,17,1317,0,0,1278.57
da144485b71fb347c385,19,gemma-3-27b-reasoning,managed-prompt,mtnt,en,jp,95% of Tanks in Mythic Dungeon Invitational are Blood DKs,ミシック・ダンジョン・インビテーショナルに出てくるタンクの９５％はブラッドDK。,"{""c"":""Mythic Dungeon Invitationalのタンクの95％はブラッドDKです""}",Mythic Dungeon Invitationalのタンクの95％はブラッドDKです,True,1,0,True,True,False,True,,True,,True,"{""reason"":""target_script_present"",""detected"":""ja"",""confidence"":1.0}",True,[],[],True,,"{""errors"":[]}",True,[],True,1,0,True,True,False,100,100,1222,20,1242,,,827.91,1359,8,1367,0,0,1307.86
e64fbedcf79d88725ae9,20,gemma-3-27b-reasoning,managed-prompt,mtnt,fr,en,"La notion de partage est clairement moins là mais en supprimant au fur et à mesure ça passe très bien, non ?","The notion of sharing is clearly less present but by deleting progressively, it works very well, does not it?","{""c"":""The notion of sharing is clearly less present, but removing it gradually works well, doesn't it?""}","The notion of sharing is clearly less present, but removing it gradually works well, doesn't it?",True,1,0,True,True,False,True,,True,,True,"{""reason"":""detector_match"",""detected"":""en"",""confidence"":1.0}",True,[],[],True,,"{""errors"":[]}",True,[],True,1,0,True,True,False,100,100,1232,26,1258,,,1367.75,1347,8,1355,0,0,1229.82
51d73288db9a7d17ad8f,21,gemma-3-27b-reasoning,managed-prompt,mtnt,fr,en,(Il existe des U moins encombrant),(Less bulky U locks exist),"{""c"":""(There are less bulky U's)""}",(There are less bulky U's),True,1,0,True,True,False,True,,True,,True,"{""reason"":""detector_match"",""detected"":""en"",""confidence"":1.0}",True,[],[],True,,"{""errors"":[]}",True,[],True,1,0,True,True,False,100,100,1218,14,1232,,,654.82,1295,8,1303,0,0,1166.06
ff01e5bd36629150f760,22,gemma-3-27b-reasoning,managed-prompt,mtnt,fr,en,J'hésite à passer la licence VTC pour cumuler avec mon activité de traducteur en attendant d'être assez calé en développement Web pour une reconversion.,I'm hesitating to pass the VTC licence to combine it to my translation work while waiting to be skilled enough in Web Development for a reconversion.,"{""c"":""I'm hesitating to get a VTC license to combine it with my translation work while I get proficient enough in Web development for a career change.""}",I'm hesitating to get a VTC license to combine it with my translation work while I get proficient enough in Web development for a career change.,True,1,0,True,True,False,True,,True,,True,"{""reason"":""detector_match"",""detected"":""en"",""confidence"":1.0}",True,[],[],True,,"{""errors"":[]}",True,[],True,1,0,True,True,False,100,100,1244,36,1280,,,1649.44,1377,8,1385,0,0,1147.62
1bb81f8f4f1af9c1ae06,23,gemma-3-27b-reasoning,managed-prompt,mtnt,fr,en,Dans le doute bidouille le doc.,"If in doubt, fiddle with the doc.","{""c"":""If in doubt, hack the doc.""}","If in doubt, hack the doc.",True,1,0,True,True,False,True,,True,,True,"{""reason"":""detector_match"",""detected"":""en"",""confidence"":1.0}",True,[],[],True,,"{""errors"":[]}",True,[],True,1,0,True,True,False,100,100,1216,13,1229,,,772.23,1299,8,1307,0,0,1116.43
6e920ecb8af2c71cb893,24,gemma-3-27b-reasoning,managed-prompt,mtnt,fr,en,Serait-ce une envoyée du Maaaaaal?,Could she be a servant of eviiiiiiiil?,"{""c"":""Could this be an envoy from Eeeeevil?""}",Could this be an envoy from Eeeeevil?,True,1,0,True,True,False,True,,True,,True,"{""reason"":""detector_match"",""detected"":""en"",""confidence"":1.0}",True,[],[],True,,"{""errors"":[]}",True,[],True,1,0,True,True,False,100,100,1220,15,1235,,,1288.64,1315,8,1323,0,0,1246.5
c7b02c359b26b5a920d5,25,gemma-3-27b-reasoning,managed-prompt,mtnt,fr,en,Deux appareils sur trois vendus par Apple sont toujours en utilisation !,Two out of three devices sold by Apple are still in use!,"{""c"":""Two out of every three Apple devices sold are still in use!""}",Two out of every three Apple devices sold are still in use!,True,1,0,True,True,False,True,,True,,True,"{""reason"":""detector_match"",""detected"":""en"",""confidence"":1.0}",True,[],[],True,,"{""errors"":[]}",True,[],True,1,0,True,True,False,100,100,1221,18,1239,,,695.7,1317,8,1325,0,0,1234.88
9d1f4bca8d38f6a22d1e,26,gemma-3-27b-reasoning,managed-prompt,mtnt,fr,en,"Je sentais bien que le contenu pouvait être collector, je ne me doutais pas à quel point.","I knew the content would be epic, I didn't know how much.","{""c"":""I had a feeling the content might be collectible, but I didn't realize just how much.""}","I had a feeling the content might be collectible, but I didn't realize just how much.",True,1,0,True,True,False,True,,True,,True,"{""reason"":""detector_match"",""detected"":""en"",""confidence"":1.0}",True,[],[],True,,"{""errors"":[]}",True,[],True,1,0,True,True,False,100,100,1229,25,1254,,,1284.66,1332,8,1340,0,0,1166.77
3f6b4eb7a96ead7595dc,27,gemma-3-27b-reasoning,managed-prompt,mtnt,fr,en,"Après malgré ça, j'ai réussi à contourner ce problème grâce aux pouvoirs du cerveau.",Despite all this I managed to get around it thanks to the power of the brain.,"{""c"":""After all that, I managed to overcome this problem thanks to the powers of the brain.""}","After all that, I managed to overcome this problem thanks to the powers of the brain.",True,1,0,True,True,False,True,,True,,True,"{""reason"":""detector_match"",""detected"":""en"",""confidence"":1.0}",True,[],[],True,,"{""errors"":[]}",True,[],True,1,0,True,True,False,100,100,1227,23,1250,,,934.19,1338,8,1346,0,0,1208.74
52dad0bab6e94ac06320,28,gemma-3-27b-reasoning,managed-prompt,mtnt,fr,en,Quel est votre but dans la vie ?,What do you live for?,"{""c"":""What is your purpose in life?""}",What is your purpose in life?,True,1,0,True,True,False,True,,True,,True,"{""reason"":""detector_match"",""detected"":""en"",""confidence"":1.0}",True,[],[],True,,"{""errors"":[]}",True,[],True,1,0,True,True,False,100,100,1216,12,1228,,,766.44,1297,8,1305,0,0,1790.29
6d9319e19b8d4532bb1a,29,gemma-3-27b-reasoning,managed-prompt,mtnt,fr,en,"Aaaaaaaah.... 8 ans après, je viens de percuter....  :o 'tain je me disais bien que je passais à côté d'un truc vu les upvotes.","Aaaaaaaah.... 8 years later, I've just realized.... :o damn I had the feeling that I was missing something considering the upvotes.","{""c"":""Aaaaaaaah.... 8 years later, I just realized.... :o man, I knew I was missing something with all the upvotes.""}","Aaaaaaaah.... 8 years later, I just realized.... :o man, I knew I was missing something with all the upvotes.",True,1,0,True,True,False,True,,True,,True,"{""reason"":""detector_match"",""detected"":""en"",""confidence"":1.0}",True,[],[],True,,"{""errors"":[]}",True,[],True,1,0,True,True,False,100,100,1250,35,1285,,,1112.23,1389,8,1397,0,0,1052.92
a7fab527a7e8f85f0408,30,gemma-3-27b-reasoning,managed-prompt,mtnt,jp,en,彼はでもちょっと先に行っても良いと思います。,It’s okay to be ahead of the curve tho.,"{""c"":""I think it's okay if he goes a little ahead.""}",I think it's okay if he goes a little ahead.,True,1,0,True,True,False,True,,True,,True,"{""reason"":""detector_match"",""detected"":""en"",""confidence"":1.0}",True,[],[],True,,"{""errors"":[]}",True,[],True,1,0,True,True,False,100,100,1217,18,1235,,,718.78,1316,8,1324,0,0,1088.57
86abc24aa6ac828c88a1,31,gemma-3-27b-reasoning,managed-prompt,mtnt,jp,en,そうだな、ただVRとしての観点からみれば、これは光り輝くダイヤモンドみたいなもんだ。,"Sure, but the VR aspect of the game was a shining crazy diamond when it came out.","{""c"":""Well, just from a VR perspective, this is like a shining diamond.""}","Well, just from a VR perspective, this is like a shining diamond.",True,1,0,True,True,False,True,,True,,True,"{""reason"":""detector_match"",""detected"":""en"",""confidence"":1.0}",True,[],[],True,,"{""errors"":[]}",True,[],True,1,0,True,True,False,100,100,1230,20,1250,,,759.95,1352,8,1360,0,0,1070.59
ae3fd6a4d60811c959d2,32,gemma-3-27b-reasoning,managed-prompt,mtnt,jp,en,"> あなたが何かを忘れてしまったとき,思い出すために何をしますか？",>What do you do to jog your memory back when you forgot something?,"{""c"":""What do you do to remember something when you've forgotten it?""}",What do you do to remember something when you've forgotten it?,True,1,0,True,True,False,True,,True,,True,"{""reason"":""detector_match"",""detected"":""en"",""confidence"":1.0}",True,[],[],True,,"{""errors"":[]}",True,[],True,1,0,True,True,False,100,100,1225,19,1244,,,1318.98,1331,8,1339,0,0,1232.41
4961a9a22e75260c75ec,33,gemma-3-27b-reasoning,managed-prompt,mtnt,jp,en,ちーがーうーだーろー！,N-o w-a-y!,"{""c"":""Isn't that wrong?!""}",Isn't that wrong?!,True,1,0,True,True,False,True,,True,,True,"{""reason"":""detector_match"",""detected"":""en"",""confidence"":1.0}",True,[],[],True,,"{""errors"":[{""category"":""accuracy"",""severity"":""major""}]}",False,"[{""category"":""accuracy"",""severity"":""major""}]",True,1,0,True,True,False,85,85,1219,11,1230,,,672.71,1300,17,1317,0,0,1272.19
3a7a968144045d8dfef5,34,gemma-3-27b-reasoning,managed-prompt,mtnt,jp,en,我が愛しのあんずちゃん……,My sweet Anzu…,"{""c"":""My dearest Anzu-chan...""}",My dearest Anzu-chan...,True,1,0,True,True,False,True,,True,,,"{""reason"":""detector_inconclusive"",""detected"":""de"",""confidence"":0.8571}",True,[],[],True,,"{""errors"":[]}",True,[],True,1,0,True,True,False,100,100,1215,12,1227,,,617.09,1303,8,1311,0,0,1226.73
c9e2cdbc08b09f88c3cd,35,gemma-3-27b-reasoning,managed-prompt,mtnt,jp,en,T25のキーボードが、T470sかT480sに繋げれるかわかる人いる？,Anyone know if you can fit a T25 keyboard to a T470s or T480s?,"{""c"":""Does anyone know if the T25 keyboard can be connected to a T470s or T480s?""}",Does anyone know if the T25 keyboard can be connected to a T470s or T480s?,True,1,0,True,True,False,True,,True,,True,"{""reason"":""detector_match"",""detected"":""en"",""confidence"":1.0}",True,[],[],True,,"{""errors"":[]}",True,[],True,1,0,True,True,False,100,100,1236,31,1267,,,840.77,1346,8,1354,0,0,1218.16
0ef5308a099c7fa8efc9,36,gemma-3-27b-reasoning,managed-prompt,mtnt,jp,en,ところで、平昌オリンピックに何しに行ったの〜！,"By the way, what did you go to do at the Pyeongchang Olympics!","{""c"":""By the way, what did you go to Pyeongchang Olympics for~!""}","By the way, what did you go to Pyeongchang Olympics for~!",True,1,0,True,True,False,True,,True,,True,"{""reason"":""detector_match"",""detected"":""en"",""confidence"":1.0}",True,[],[],True,,"{""errors"":[]}",True,[],True,1,0,True,True,False,100,100,1221,21,1242,,,748.27,1334,8,1342,0,0,1185.03
a2da2aab8ae84b6ff5e2,37,gemma-3-27b-reasoning,managed-prompt,mtnt,jp,en,誰かお店に直接行って確認、または電話で確認することができますか？,Is it possible for anyone to either ask in person or ring them?,"{""c"":""Can anyone go to the store directly to check, or call and confirm?""}","Can anyone go to the store directly to check, or call and confirm?",True,1,0,True,True,False,True,,True,,True,"{""reason"":""detector_match"",""detected"":""en"",""confidence"":1.0}",True,[],[],True,,"{""errors"":[]}",True,[],True,1,0,True,True,False,100,100,1223,20,1243,,,957.81,1326,8,1334,0,0,1148.3
96e9c219969c48d745b6,38,gemma-3-27b-reasoning,managed-prompt,mtnt,jp,en,どう思うか教えてくれよ！,Let me know what you think!,"{""c"":""What do you think?""}",What do you think?,True,1,0,True,True,False,True,,True,,True,"{""reason"":""detector_match"",""detected"":""en"",""confidence"":1.0}",True,[],[],True,,"{""errors"":[{""category"":""accuracy"",""severity"":""minor""}]}",True,"[{""category"":""accuracy"",""severity"":""minor""}]",True,1,0,True,True,False,97,97,1215,10,1225,,,631.54,1298,17,1315,0,0,1261.38
2bc9dcbb951ce45eae21,39,gemma-3-27b-reasoning,managed-prompt,mtnt,jp,en,ミシック・ダンジョン・インビテーショナルに出てくるタンクの９５％はブラッドDK。,95% of Tanks in Mythic Dungeon Invitational are Blood DKs,"{""c"":""95% of the tanks appearing in the Mythic Dungeon Invitational are Blood DKs.""}",95% of the tanks appearing in the Mythic Dungeon Invitational are Blood DKs.,True,1,0,True,True,False,True,,True,,True,"{""reason"":""detector_match"",""detected"":""en"",""confidence"":1.0}",True,[],"[{""code"":""number_not_exact"",""expected"":{""９５"":1},""actual"":{""95"":1}}]",True,,"{""errors"":[]}",True,[],True,1,0,True,True,False,97,97,1230,23,1253,,,1559.83,1357,8,1365,0,0,1206.69
cbb2e995d783366a2fe9,40,gemma-3-27b-reasoning,managed-prompt,subtitle,da,de,Fotograferede du liget?,Haben Sie die Leichen photographiert?,"{""c"":""Hast du das Leichenfoto gemacht?""}",Hast du das Leichenfoto gemacht?,True,1,0,True,True,False,True,,True,,True,"{""reason"":""detector_match"",""detected"":""de"",""confidence"":1.0}",True,[],[],True,,"{""errors"":[{""category"":""accuracy"",""severity"":""minor""},{""category"":""tone"",""severity"":""major""}]}",False,"[{""category"":""accuracy"",""severity"":""minor""},{""category"":""tone"",""severity"":""major""}]",True,1,0,True,True,False,82,82,1216,13,1229,,,661.2,1303,26,1329,0,0,1384.4
5ef8412fd948b9afb9b4,41,gemma-3-27b-reasoning,managed-prompt,subtitle,da,de,"Jeg tror ikke, det her er enden.","Ich glaube nicht, dass das das Ende ist.","{""c"":""Ich glaube nicht, dass dies das Ende ist.""}","Ich glaube nicht, dass dies das Ende ist.",True,1,0,True,True,False,True,,True,,True,"{""reason"":""detector_match"",""detected"":""de"",""confidence"":1.0}",True,[],[],True,,"{""errors"":[]}",True,[],True,1,0,True,True,False,100,100,1218,15,1233,,,1112.44,1309,8,1317,0,0,1374.37
ebd797d4ca38bee4ac6f,42,gemma-3-27b-reasoning,managed-prompt,subtitle,da,de,- Jeg blev også efterladt!,Sie haben mich auch zurückgelassen.,"{""c"":""Ich wurde auch zurückgelassen!""}",Ich wurde auch zurückgelassen!,True,1,0,True,True,False,True,,True,,True,"{""reason"":""detector_match"",""detected"":""de"",""confidence"":1.0}",True,[],[],True,,"{""errors"":[]}",True,[],True,1,0,True,True,False,100,100,1216,12,1228,,,619.4,1299,8,1307,0,0,1224.57
a08d049c0a7982f5701f,43,gemma-3-27b-reasoning,managed-prompt,subtitle,da,de,- Det må vi så bare forklare politiet.,- Das müssen wir der Polizei erklären.,"{""c"":""Das müssen wir der Polizei erklären.""}",Das müssen wir der Polizei erklären.,True,1,0,True,True,False,True,,True,,True,"{""reason"":""detector_match"",""detected"":""de"",""confidence"":1.0}",True,[],[],True,,"{""errors"":[]}",True,[],True,1,0,True,True,False,100,100,1219,12,1231,,,764.54,1312,8,1320,0,0,1513.42
28cce90e5f391b083cb6,44,gemma-3-27b-reasoning,managed-prompt,subtitle,da,de,Ligesom jer. I er et samfund.,"So wie ihr, ihr seid auch eine Gemeinschaft.","{""c"":""Wie Sie. Ihr seid eine Gemeinschaft.""}",Wie Sie. Ihr seid eine Gemeinschaft.,True,1,0,True,True,False,True,,True,,True,"{""reason"":""detector_match"",""detected"":""de"",""confidence"":1.0}",True,[],[],True,,"{""errors"":[{""category"":""fluency"",""severity"":""minor""}]}",True,"[{""category"":""fluency"",""severity"":""minor""}]",True,1,0,True,True,False,97,97,1219,13,1232,,,641.46,1311,18,1329,0,0,1623.82
c4cc9cb4f9015f851a91,45,gemma-3-27b-reasoning,managed-prompt,subtitle,da,de,Og den her ...,Und das hier.,"{""c"":""Und das hier ...""}",Und das hier ...,True,1,0,True,True,False,True,,True,,True,"{""reason"":""detector_match"",""detected"":""de"",""confidence"":1.0}",True,[],[],True,,"{""errors"":[]}",True,[],True,1,0,True,True,False,100,100,1212,9,1221,,,770.87,1288,8,1296,0,0,1072.17
55071208b2f08b5352c3,46,gemma-3-27b-reasoning,managed-prompt,subtitle,da,de,Samarbejder du med Hunter?,So viel weiß ich. Arbeiten Sie mit Hunter zusammen?,"{""c"":""Arbeitest du mit Hunter zusammen?""}",Arbeitest du mit Hunter zusammen?,True,1,0,True,True,False,True,,True,,True,"{""reason"":""detector_match"",""detected"":""de"",""confidence"":1.0}",True,[],[],True,,"{""errors"":[{""category"":""tone"",""severity"":""minor""}]}",True,"[{""category"":""tone"",""severity"":""minor""}]",True,1,0,True,True,False,97,97,1216,13,1229,,,819.24,1308,17,1325,0,0,1336.91
23df838803d52637e5ba,47,gemma-3-27b-reasoning,managed-prompt,subtitle,da,de,Godt.,Genau.,"{""c"":""Gut.""}",Gut.,True,1,0,True,True,False,True,,True,,,"{""reason"":""too_short_for_language_detection"",""detected"":null,""confidence"":null}",True,[],[],True,,"{""errors"":[]}",True,[],True,1,0,True,True,False,100,100,1211,7,1218,,,729.28,1282,8,1290,0,0,1155.35
d08d282b4413ac5843f9,48,gemma-3-27b-reasoning,managed-prompt,subtitle,da,de,Hvad er det?,Was ist das?,"{""c"":""Was ist das?""}",Was ist das?,True,1,0,True,True,False,True,,True,,True,"{""reason"":""detector_match"",""detected"":""de"",""confidence"":1.0}",True,[],[],True,,"{""errors"":[]}",True,[],True,1,0,True,True,False,100,100,1213,9,1222,,,705.14,1287,8,1295,0,0,1663.84
0b8413218c4315249454,49,gemma-3-27b-reasoning,managed-prompt,subtitle,da,de,"- Ja, det kan jeg.","- Ja, ja, kann ich.","{""c"":""Ja, das kann ich.""}","Ja, das kann ich.",True,1,0,True,True,False,True,,True,,,"{""reason"":""detector_inconclusive"",""detected"":""id"",""confidence"":0.7143}",True,[],[],True,,"{""errors"":[]}",True,[],True,1,0,True,True,False,100,100,1215,11,1226,,,912.9,1295,8,1303,0,0,1118.46
c70982de1af26cc2cb9c,50,gemma-3-27b-reasoning,managed-prompt,subtitle,da,en,Preston.,- Preston!,"{""c"":""Preston.""}",Preston.,True,1,0,True,True,False,True,,True,,,"{""reason"":""too_short_for_language_detection"",""detected"":null,""confidence"":null}",True,[],"[{""code"":""source_copy_suspected""}]",True,,"{""errors"":[]}",True,[],True,1,0,True,True,False,97,97,1211,8,1219,,,590.98,1278,8,1286,0,0,1158.8
bad25bc5e0dc3d33b21e,51,gemma-3-27b-reasoning,managed-prompt,subtitle,da,en,"På et sprog, kun jeg kunne forstå.",In a language only I could understand.,"{""c"":""In a language only I could understand.""}",In a language only I could understand.,True,1,0,True,True,False,True,,True,,True,"{""reason"":""detector_match"",""detected"":""en"",""confidence"":1.0}",True,[],[],True,,"{""errors"":[]}",True,[],True,1,0,True,True,False,100,100,1218,13,1231,,,650.65,1298,8,1306,0,0,1192.35
40ccb01ccb58886e140c,52,gemma-3-27b-reasoning,managed-prompt,subtitle,da,en,For han er alt for ren.,'Cause he is too damn clean.,"{""c"":""For he is far too pure.""}",For he is far too pure.,True,1,0,True,True,False,True,,True,,True,"{""reason"":""detector_match"",""detected"":""en"",""confidence"":1.0}",True,[],[],True,,"{""errors"":[]}",True,[],True,1,0,True,True,False,100,100,1215,12,1227,,,1195.16,1294,8,1302,0,0,1020.65
c8e393158a6de8885df4,53,gemma-3-27b-reasoning,managed-prompt,subtitle,da,en,Ikke flere spontane svømmetimer?,No more impromptu swimming lessons?,"{""c"":""No more spontaneous swimming lessons?""}",No more spontaneous swimming lessons?,True,1,0,True,True,False,True,,True,,,"{""reason"":""detector_inconclusive"",""detected"":""en"",""confidence"":0.7143}",True,[],[],True,,"{""errors"":[]}",True,[],True,1,0,True,True,False,100,100,1218,11,1229,,,1173.0,1298,8,1306,0,0,1257.28
8c8aae26aef3c8957486,54,gemma-3-27b-reasoning,managed-prompt,subtitle,da,en,"Hør, jeg får dig ud herfra.","Listen, I'm gonna get you out of here.","{""c"":""Listen, I'll get you out of here.""}","Listen, I'll get you out of here.",True,1,0,True,True,False,True,,True,,True,"{""reason"":""detector_match"",""detected"":""en"",""confidence"":0.8571}",True,[],[],True,,"{""errors"":[]}",True,[],True,1,0,True,True,False,100,100,1218,16,1234,,,958.17,1304,8,1312,0,0,1247.93
97d2bd02325e6ee51f29,55,gemma-3-27b-reasoning,managed-prompt,subtitle,da,en,Jeg må videre!,I must go.,"{""c"":""I must move on!""}",I must move on!,True,1,0,True,True,False,True,,True,,,"{""reason"":""detector_inconclusive"",""detected"":""en"",""confidence"":0.5714}",True,[],[],True,,"{""errors"":[]}",True,[],True,1,0,True,True,False,100,100,1212,10,1222,,,627.29,1286,8,1294,0,0,1170.37
f0247b645480f012ab64,56,gemma-3-27b-reasoning,managed-prompt,subtitle,da,en,"Ødelagt kommunikation fra private virksomheder, der arbejder med Justitsministeriet, NSA, CIA, FBI... - Alle initialerne.","Shredded communications from private contractors working with the DOJ, NSA, CIA, FBI- all the initials.","{""c"":""Broken communication from private companies working with the Ministry of Justice, NSA, CIA, FBI... All the initials.""}","Broken communication from private companies working with the Ministry of Justice, NSA, CIA, FBI... All the initials.",True,1,0,True,True,False,True,,True,,True,"{""reason"":""detector_match"",""detected"":""en"",""confidence"":1.0}",True,[],[],True,,"{""errors"":[{""category"":""accuracy"",""severity"":""minor""},{""category"":""terminology"",""severity"":""minor""}]}",True,"[{""category"":""accuracy"",""severity"":""minor""},{""category"":""terminology"",""severity"":""minor""}]",True,1,0,True,True,False,94,94,1238,27,1265,,,927.24,1361,26,1387,0,0,1239.22
51639c91fec306bfa9ee,57,gemma-3-27b-reasoning,managed-prompt,subtitle,da,en,Hun har ret.,She's right.,"{""c"":""She is right.""}",She is right.,True,1,0,True,True,False,True,,True,,True,"{""reason"":""detector_match"",""detected"":""en"",""confidence"":1.0}",True,[],[],True,,"{""errors"":[]}",True,[],True,1,0,True,True,False,100,100,1212,9,1221,,,620.9,1283,8,1291,0,0,1240.63
95c24282a8d297714dcd,58,gemma-3-27b-reasoning,managed-prompt,subtitle,da,en,Ingen kommentarer.,No comment.,"{""c"":""No comments.""}",No comments.,True,1,0,True,True,False,True,,True,,,"{""reason"":""detector_mismatch_uncertain"",""detected"":""fr"",""confidence"":1.0}",True,[],[],True,,"{""errors"":[]}",True,[],True,1,0,True,True,False,100,100,1214,8,1222,,,637.47,1283,8,1291,0,0,1046.47
f6cb19382dbb9e24cad1,59,gemma-3-27b-reasoning,managed-prompt,subtitle,da,en,"Gør dit arbejde, mand.","Do your job, man.","{""c"":""Do your job, man.""}","Do your job, man.",True,1,0,True,True,False,True,,True,,,"{""reason"":""detector_mismatch_uncertain"",""detected"":""so"",""confidence"":1.0}",True,[],[],True,,"{""errors"":[]}",True,[],True,1,0,True,True,False,100,100,1215,11,1226,,,686.53,1293,8,1301,0,0,1199.75
c869e08078aa22dc7188,60,gemma-3-27b-reasoning,managed-prompt,subtitle,da,es,"Knægt, du vil ikke tro det.","Hijo, ¡no vas a creerlo!","{""c"":""Knægt, du vil ikke tro det.""}","Knægt, du vil ikke tro det.",True,1,0,True,True,False,True,,True,,,"{""reason"":""detector_mismatch_uncertain"",""detected"":""da"",""confidence"":1.0}",False,"[{""code"":""source_copied""}]",[],True,,"{""errors"":[{""category"":""accuracy"",""severity"":""critical""}]}",False,"[{""category"":""accuracy"",""severity"":""critical""}]",True,1,0,True,True,False,60,60,1218,15,1233,,,887.85,1308,17,1325,0,0,1213.95
8b43cf2c8d4143186c29,61,gemma-3-27b-reasoning,managed-prompt,subtitle,da,es,Far!,¡Papi!,"{""c"":""¡Lejos!""}",¡Lejos!,True,1,0,True,True,False,True,,True,,,"{""reason"":""too_short_for_language_detection"",""detected"":null,""confidence"":null}",True,[],[],True,,"{""errors"":[]}",True,[],True,1,0,True,True,False,100,100,1210,9,1219,,,721.82,1285,8,1293,0,0,1147.35
e3d9216750824686f4e6,62,gemma-3-27b-reasoning,managed-prompt,subtitle,da,es,"Ved du, hvad Ethan vil gøre, hvis han får chancen?","¡Laurie, cállate! ¿Sabes lo que hará Ethan si tiene oportunidad?","{""c"":""¿Sabes lo que Ethan hará si tiene la oportunidad?""}",¿Sabes lo que Ethan hará si tiene la oportunidad?,True,1,0,True,True,False,True,,True,,True,"{""reason"":""detector_match"",""detected"":""es"",""confidence"":1.0}",True,[],[],True,,"{""errors"":[]}",True,[],True,1,0,True,True,False,100,100,1222,17,1239,,,696.33,1340,8,1348,0,0,1105.52
62cc496ac33aeb45a411,63,gemma-3-27b-reasoning,managed-prompt,subtitle,da,es,"Godt, du har langt hår.",Menos mal que tienes el pelo largo,"{""c"":""Bien, tienes el pelo largo.""}","Bien, tienes el pelo largo.",True,1,0,True,True,False,True,,True,,True,"{""reason"":""detector_match"",""detected"":""es"",""confidence"":1.0}",True,[],[],True,,"{""errors"":[{""category"":""accuracy"",""severity"":""minor""}]}",True,"[{""category"":""accuracy"",""severity"":""minor""}]",True,1,0,True,True,False,97,97,1216,12,1228,,,736.36,1301,17,1318,0,0,1251.26
f4892622d7bf19610234,64,gemma-3-27b-reasoning,managed-prompt,subtitle,da,es,- Hun afslår behandling.,- Rechazó el tratamiento.,"{""c"":""Ella se niega al tratamiento.""}",Ella se niega al tratamiento.,True,1,0,True,True,False,True,,True,,True,"{""reason"":""detector_match"",""detected"":""es"",""confidence"":0.8571}",True,[],[],True,,"{""errors"":[]}",True,[],True,1,0,True,True,False,100,100,1214,12,1226,,,780.55,1297,8,1305,0,0,1216.37
b9f6e901c7a152ad494a,65,gemma-3-27b-reasoning,managed-prompt,subtitle,da,es,"Det ligger lidt uden for byen, men...","- ¡Bien, sí! Auténtico. Está fuera de la ciudad, pero...","{""c"":""Está un poco a las afueras de la ciudad, pero...""}","Está un poco a las afueras de la ciudad, pero...",True,1,0,True,True,False,True,,True,,True,"{""reason"":""detector_match"",""detected"":""es"",""confidence"":1.0}",True,[],[],True,,"{""errors"":[]}",True,[],True,1,0,True,True,False,100,100,1217,19,1236,,,947.07,1323,8,1331,0,0,1215.69
9d518e301ab2222dd71a,66,gemma-3-27b-reasoning,managed-prompt,subtitle,da,es,Er det ham?,¿Es él?,"{""c"":""¿Es él?""}",¿Es él?,True,1,0,True,True,False,True,,True,,,"{""reason"":""too_short_for_language_detection"",""detected"":null,""confidence"":null}",True,[],[],True,,"{""errors"":[]}",True,[],True,1,0,True,True,False,100,100,1212,9,1221,,,589.66,1287,8,1295,0,0,1191.03
affc8028f4fa89e7dcaa,67,gemma-3-27b-reasoning,managed-prompt,subtitle,da,es,"Jeg er ked af det, men det her går ikke.","Lo siento, pero esto no está funcionando.","{""c"":""Lo siento, pero esto no va a funcionar.""}","Lo siento, pero esto no va a funcionar.",True,1,0,True,True,False,True,,True,,True,"{""reason"":""detector_match"",""detected"":""es"",""confidence"":1.0}",True,[],[],True,,"{""errors"":[]}",True,[],True,1,0,True,True,False,100,100,1220,15,1235,,,971.55,1308,8,1316,0,0,1144.11
612043bc0e4cb6a9553e,68,gemma-3-27b-reasoning,managed-prompt,subtitle,da,es,Og jeg er dy gtig med hænderne.,Y soy muy bueno con mis manos.,"{""c"":""Y soy hábil con mis manos.""}",Y soy hábil con mis manos.,True,1,0,True,True,False,True,,True,,True,"{""reason"":""detector_match"",""detected"":""es"",""confidence"":1.0}",True,[],[],True,,"{""errors"":[{""category"":""accuracy"",""severity"":""major""}]}",False,"[{""category"":""accuracy"",""severity"":""major""}]",True,1,0,True,True,False,85,85,1219,13,1232,,,643.7,1305,17,1322,0,0,1004.19
b7fdd1e822188ef94234,69,gemma-3-27b-reasoning,managed-prompt,subtitle,da,es,Vi har travlt.,"Ves, es que estamos ocupados.","{""c"":""Estamos ocupados.""}",Estamos ocupados.,True,1,0,True,True,False,True,,True,,True,"{""reason"":""detector_match"",""detected"":""es"",""confidence"":0.8791}",True,[],[],True,,"{""errors"":[]}",True,[],True,1,0,True,True,False,100,100,1213,9,1222,,,617.78,1293,8,1301,0,0,1146.59
0a100544a46a42179958,70,gemma-3-27b-reasoning,managed-prompt,subtitle,da,fr,"- Alex, lad os smutte.","Alex, on peut s'en aller ?","{""c"":""Alex, partons discrètement.""}","Alex, partons discrètement.",True,1,0,True,True,False,True,,True,,True,"{""reason"":""detector_match"",""detected"":""fr"",""confidence"":1.0}",True,[],[],True,,"{""errors"":[{""category"":""accuracy"",""severity"":""major""}]}",False,"[{""category"":""accuracy"",""severity"":""major""}]",True,1,0,True,True,False,85,85,1216,13,1229,,,739.25,1301,17,1318,0,0,1107.06
6c1054f40b636b0785fc,71,gemma-3-27b-reasoning,managed-prompt,subtitle,da,fr,"- Nej, selvfølgelig ikke.",Bien sûr que non.,"{""c"":""Non, bien sûr que non.""}","Non, bien sûr que non.",True,1,0,True,True,False,True,,True,,True,"{""reason"":""detector_match"",""detected"":""fr"",""confidence"":1.0}",True,[],[],True,,"{""errors"":[]}",True,[],True,1,0,True,True,False,100,100,1217,12,1229,,,581.85,1300,8,1308,0,0,1125.34
fa0bccba0acea00675c6,72,gemma-3-27b-reasoning,managed-prompt,subtitle,da,fr,- Jeg bliver her.,"- Ouais, je reste ici.","{""c"":""Je reste ici.""}",Je reste ici.,True,1,0,True,True,False,True,,True,,,"{""reason"":""detector_mismatch_uncertain"",""detected"":""ro"",""confidence"":1.0}",True,[],[],True,,"{""errors"":[{""category"":""preservation"",""severity"":""minor""}]}",True,"[{""category"":""preservation"",""severity"":""minor""}]",True,1,0,True,True,False,97,97,1213,9,1222,,,687.43,1292,17,1309,0,0,1165.57
0eccf2ed6c3c765662c9,73,gemma-3-27b-reasoning,managed-prompt,subtitle,da,fr,Hvad?,Quoi?,"{""c"":""Quoi?""}",Quoi?,True,1,0,True,True,False,True,,True,,,"{""reason"":""too_short_for_language_detection"",""detected"":null,""confidence"":null}",True,[],[],True,,"{""errors"":[]}",True,[],True,1,0,True,True,False,100,100,1211,8,1219,,,572.19,1285,8,1293,0,0,1136.39
6977d52bff4dabc561de,74,gemma-3-27b-reasoning,managed-prompt,subtitle,da,fr,Hvad er der sket med Scott?,"Qu'est-il arrivé à Scott? August, je suis désolée.","{""c"":""Que s’est-il passé avec Scott ?""}",Que s’est-il passé avec Scott ?,True,1,0,True,True,False,True,,True,,True,"{""reason"":""detector_match"",""detected"":""fr"",""confidence"":1.0}",True,[],[],True,,"{""errors"":[]}",True,[],True,1,0,True,True,False,100,100,1216,15,1231,,,665.35,1316,8,1324,0,0,1107.73
08f8c171520021f54780,75,gemma-3-27b-reasoning,managed-prompt,subtitle,da,fr,- Hvad skal jeg gøre med denne her?,- Qu'est-ce que j'en fais ?,"{""c"":""Que dois-je faire avec ça?""}",Que dois-je faire avec ça?,True,1,0,True,True,False,True,,True,,True,"{""reason"":""detector_match"",""detected"":""fr"",""confidence"":1.0}",True,[],[],True,,"{""errors"":[]}",True,[],True,1,0,True,True,False,100,100,1218,13,1231,,,637.31,1311,8,1319,0,0,1209.05
4d7977e027b1636b5748,76,gemma-3-27b-reasoning,managed-prompt,subtitle,da,fr,Det her er godt.,Parfait.,"{""c"":""Ceci est bon.""}",Ceci est bon.,True,1,0,True,True,False,True,,True,,,"{""reason"":""detector_inconclusive"",""detected"":""ro"",""confidence"":0.5714}",True,[],[],True,,"{""errors"":[]}",True,[],True,1,0,True,True,False,100,100,1213,10,1223,,,588.58,1287,8,1295,0,0,1242.22
85d7d600dcead1908e21,77,gemma-3-27b-reasoning,managed-prompt,subtitle,da,fr,"Atrians bliver hurtigere modne, end vi gør..",Physiquement les Atrians arrivent à maturité plus vite que nous.,"{""c"":""Les Atriens arrivent à maturité plus vite que nous.""}",Les Atriens arrivent à maturité plus vite que nous.,True,1,0,True,True,False,True,,True,,True,"{""reason"":""detector_match"",""detected"":""fr"",""confidence"":1.0}",True,[],[],True,,"{""errors"":[{""category"":""accuracy"",""severity"":""minor""}]}",True,"[{""category"":""accuracy"",""severity"":""minor""}]",True,1,0,True,True,False,97,97,1220,18,1238,,,1035.78,1324,17,1341,0,0,1218.42
8d2fac165179c46de6fc,78,gemma-3-27b-reasoning,managed-prompt,subtitle,da,fr,- Jeg er din fødselsdagsgave.,Je suis ton cadeau.,"{""c"":""Je suis ton cadeau d'anniversaire.""}",Je suis ton cadeau d'anniversaire.,True,1,0,True,True,False,True,,True,,True,"{""reason"":""detector_match"",""detected"":""fr"",""confidence"":1.0}",True,[],[],True,,"{""errors"":[]}",True,[],True,1,0,True,True,False,100,100,1219,15,1234,,,1196.85,1302,8,1310,0,0,1159.99
ddb0b4c4a9b1fbd10039,79,gemma-3-27b-reasoning,managed-prompt,subtitle,da,fr,"Hvem, hr. Lopez?","Qui, M. Lopez?","{""c"":""Qui, M. Lopez?""}","Qui, M. Lopez?",True,1,0,True,True,False,True,,True,,,"{""reason"":""detector_mismatch_uncertain"",""detected"":""ro"",""confidence"":1.0}",True,[],[],True,,"{""errors"":[]}",True,[],True,1,0,True,True,False,100,100,1215,11,1226,,,882.01,1295,8,1303,0,0,1214.86
8f43f9d6d2e71056d1ad,80,gemma-3-27b-reasoning,managed-prompt,subtitle,da,it,- Det ved jeg ikke.,- Non lo so.,"{""c"":""Non lo so.""}",Non lo so.,True,1,0,True,True,False,True,,True,,,"{""reason"":""too_short_for_language_detection"",""detected"":null,""confidence"":null}",True,[],[],True,,"{""errors"":[{""category"":""preservation"",""severity"":""minor""}]}",True,"[{""category"":""preservation"",""severity"":""minor""}]",True,1,0,True,True,False,97,97,1214,9,1223,,,894.7,1286,17,1303,0,0,1237.88
4012c759fa353c935042,81,gemma-3-27b-reasoning,managed-prompt,subtitle,da,it,Hvornår siger vi det til dem?,Quando glielo diremo?,"{""c"":""Quando diciamo loro?""}",Quando diciamo loro?,True,1,0,True,True,False,True,,True,,,"{""reason"":""detector_mismatch_uncertain"",""detected"":""es"",""confidence"":1.0}",True,[],[],True,,"{""errors"":[{""category"":""accuracy"",""severity"":""major""},{""category"":""fluency"",""severity"":""major""}]}",False,"[{""category"":""accuracy"",""severity"":""major""},{""category"":""fluency"",""severity"":""major""}]",True,1,0,True,True,False,70,70,1217,9,1226,,,774.64,1298,27,1325,0,0,1327.1
6225fa8df19df1f7f1c4,82,gemma-3-27b-reasoning,managed-prompt,subtitle,da,it,"Men ja, han spiller ægte country.","Ma lui è veramente country, si.","{""c"":""Sì, suona vero country.""}","Sì, suona vero country.",True,1,0,True,True,False,True,,True,,,"{""reason"":""detector_inconclusive"",""detected"":""it"",""confidence"":0.5714}",True,[],[],True,,"{""errors"":[{""category"":""accuracy"",""severity"":""minor""}]}",True,"[{""category"":""accuracy"",""severity"":""minor""}]",True,1,0,True,True,False,97,97,1217,13,1230,,,598.69,1300,17,1317,0,0,1746.65
608609d5648355c805ac,83,gemma-3-27b-reasoning,managed-prompt,subtitle,da,it,Er der nogen her?,C'è qualcuno qui?,"{""c"":""C'è qualcuno qui?""}",C'è qualcuno qui?,True,1,0,True,True,False,True,,True,,True,"{""reason"":""detector_match"",""detected"":""it"",""confidence"":1.0}",True,[],[],True,,"{""errors"":[]}",True,[],True,1,0,True,True,False,100,100,1213,11,1224,,,816.36,1295,8,1303,0,0,1139.29
fe3d5ae6728e870a7baa,84,gemma-3-27b-reasoning,managed-prompt,subtitle,da,it,"Faktisk er jeg ikke sikker på, om jeg vil have dit efternavn.",A dire il vero non abbiamo ancora deciso se prendero' il tuo cognome. Ma sai un cosa?,"{""c"":""In realtà, non sono sicuro di volere il tuo cognome.""}","In realtà, non sono sicuro di volere il tuo cognome.",True,1,0,True,True,False,True,,True,,True,"{""reason"":""detector_match"",""detected"":""it"",""confidence"":1.0}",True,[],[],True,,"{""errors"":[{""category"":""accuracy"",""severity"":""major""}]}",False,"[{""category"":""accuracy"",""severity"":""major""}]",True,1,0,True,True,False,85,85,1226,19,1245,,,806.79,1337,17,1354,0,0,1084.88
5d3135c945a719132af4,85,gemma-3-27b-reasoning,managed-prompt,subtitle,da,it,"Nej, du gør ikke.","No, non lo fara'.","{""c"":""No, non lo fai.""}","No, non lo fai.",True,1,0,True,True,False,True,,True,,True,"{""reason"":""detector_match"",""detected"":""it"",""confidence"":1.0}",True,[],[],True,,"{""errors"":[]}",True,[],True,1,0,True,True,False,100,100,1215,11,1226,,,569.11,1295,8,1303,0,0,1249.51
f5ef0e2a8886bfcc0089,86,gemma-3-27b-reasoning,managed-prompt,subtitle,da,it,Det er virkeligt.,E' reale.,"{""c"":""È veramente vero.""}",È veramente vero.,True,1,0,True,True,False,True,,True,,True,"{""reason"":""detector_match"",""detected"":""it"",""confidence"":1.0}",True,[],[],True,,"{""errors"":[{""category"":""accuracy"",""severity"":""minor""}]}",True,"[{""category"":""accuracy"",""severity"":""minor""}]",True,1,0,True,True,False,97,97,1214,9,1223,,,725.02,1288,17,1305,0,0,1257.01
d14d70b18c88b4951883,87,gemma-3-27b-reasoning,managed-prompt,subtitle,da,it,"Tror du, han er Zhangs bagmand?",Quindi credi che sia a lui che Zhang passa la roba?,"{""c"":""Pensi che sia il mandante di Zhang?""}",Pensi che sia il mandante di Zhang?,True,1,0,True,True,False,True,,True,,,"{""reason"":""detector_inconclusive"",""detected"":""id"",""confidence"":0.7143}",True,[],[],True,,"{""errors"":[{""category"":""accuracy"",""severity"":""major""}]}",False,"[{""category"":""accuracy"",""severity"":""major""}]",True,1,0,True,True,False,85,85,1219,15,1234,,,608.04,1314,17,1331,0,0,1091.54
62269eca340320441314,88,gemma-3-27b-reasoning,managed-prompt,subtitle,da,it,"Klatrer vi op, bliver vi måske reddet.",Forse se ci arrampichiamo possiamo salvarci.,"{""c"":""Se ci arrampichiamo, forse saremo salvati.""}","Se ci arrampichiamo, forse saremo salvati.",True,1,0,True,True,False,True,,True,,True,"{""reason"":""detector_match"",""detected"":""it"",""confidence"":1.0}",True,[],[],True,,"{""errors"":[]}",True,[],True,1,0,True,True,False,100,100,1221,18,1239,,,653.61,1317,8,1325,0,0,1161.04
f3351264b9c60dc1307a,89,gemma-3-27b-reasoning,managed-prompt,subtitle,da,it,- Gør du det?,Lo apprezzi? Davvero? Si'.,"{""c"":""Lo fai?""}",Lo fai?,True,1,0,True,True,False,True,,True,,,"{""reason"":""too_short_for_language_detection"",""detected"":null,""confidence"":null}",True,[],[],True,,"{""errors"":[]}",True,[],True,1,0,True,True,False,100,100,1214,8,1222,,,764.42,1297,8,1305,0,0,1283.05
7fc3dbdb719b32ddc1a6,90,gemma-3-27b-reasoning,managed-prompt,subtitle,da,jp,"Hun sagde, det var som om vi fik indtil midnat.",サラによると、深夜零時までだと言った。,"{""c"":""彼女は、真夜中まで時間があると言いました。""}",彼女は、真夜中まで時間があると言いました。,True,1,0,True,True,False,True,,True,,True,"{""reason"":""target_script_present"",""detected"":""ja"",""confidence"":1.0}",True,[],[],True,,"{""errors"":[{""category"":""accuracy"",""severity"":""minor""}]}",True,"[{""category"":""accuracy"",""severity"":""minor""}]",True,1,0,True,True,False,97,97,1223,17,1240,,,654.59,1323,17,1340,0,0,1140.42
9d966843a5a2bbeb3c32,91,gemma-3-27b-reasoning,managed-prompt,subtitle,da,jp,- Hvad? Intet.,何でも無い,"{""c"":""何？何もない。""}",何？何もない。,True,1,0,True,True,False,True,,True,,True,"{""reason"":""target_script_present"",""detected"":""ja"",""confidence"":1.0}",True,[],[],True,,"{""errors"":[]}",True,[],True,1,0,True,True,False,100,100,1215,10,1225,,,797.26,1293,8,1301,0,0,1113.52
0caae3cfdbd532da0f85,92,gemma-3-27b-reasoning,managed-prompt,subtitle,da,jp,– Brug døren foran dig.,前にドアがある それを使って,"{""c"":""ドアの前を使ってみてください。""}",ドアの前を使ってみてください。,True,1,0,True,True,False,True,,True,,True,"{""reason"":""target_script_present"",""detected"":""ja"",""confidence"":1.0}",True,[],[],True,,"{""errors"":[{""category"":""accuracy"",""severity"":""major""}]}",False,"[{""category"":""accuracy"",""severity"":""major""}]",True,1,0,True,True,False,85,85,1216,11,1227,,,769.19,1306,17,1323,0,0,1151.73
56e8881e4da8661fa673,93,gemma-3-27b-reasoning,managed-prompt,subtitle,da,jp,Ja og det er der et ord for:,それを表す 言葉があるわ,"{""c"":""はい、それには言葉があります。""}",はい、それには言葉があります。,True,1,0,True,True,False,True,,True,,True,"{""reason"":""target_script_present"",""detected"":""ja"",""confidence"":1.0}",True,[],[],True,,"{""errors"":[]}",True,[],True,1,0,True,True,False,100,100,1217,12,1229,,,766.14,1306,8,1314,0,0,1133.8
a45e25cfa543a204f6fe,94,gemma-3-27b-reasoning,managed-prompt,subtitle,da,jp,"Jeg tror, at fisk har en slags tegnsprog.",魚には一種の 身ぶり言語がある,"{""c"":""魚には、ある種のサインランゲージがあると思います。""}",魚には、ある種のサインランゲージがあると思います。,True,1,0,True,True,False,True,,True,,True,"{""reason"":""target_script_present"",""detected"":""ja"",""confidence"":1.0}",True,[],[],True,,"{""errors"":[]}",True,[],True,1,0,True,True,False,100,100,1221,16,1237,,,915.28,1326,8,1334,0,0,1357.46
502981eefe2020b3a1bb,95,gemma-3-27b-reasoning,managed-prompt,subtitle,da,jp,"Goddag, Chester.",こんにちは、チェスター,"{""c"":""こんにちは、チェスター。""}",こんにちは、チェスター。,True,1,0,True,True,False,True,,True,,True,"{""reason"":""target_script_present"",""detected"":""ja"",""confidence"":1.0}",True,[],[],True,,"{""errors"":[]}",True,[],True,1,0,True,True,False,100,100,1214,10,1224,,,651.57,1300,8,1308,0,0,1114.65
bd415208c69929be7d60,96,gemma-3-27b-reasoning,managed-prompt,subtitle,da,jp,Fandens også.,ちっきしょう,"{""c"":""なんてこった。""}",なんてこった。,True,1,0,True,True,False,True,,True,,True,"{""reason"":""target_script_present"",""detected"":""ja"",""confidence"":1.0}",True,[],[],True,,"{""errors"":[]}",True,[],True,1,0,True,True,False,100,100,1213,9,1222,,,636.53,1291,8,1299,0,0,1081.86
9598f1c75295c64c7985,97,gemma-3-27b-reasoning,managed-prompt,subtitle,da,jp,Hvorfor?,何故ですか?,"{""c"":""なぜ？""}",なぜ？,True,1,0,True,True,False,True,,True,,True,"{""reason"":""target_script_present"",""detected"":""ja"",""confidence"":1.0}",True,[],[],True,,"{""errors"":[]}",True,[],True,1,0,True,True,False,100,100,1212,7,1219,,,549.01,1288,8,1296,0,0,1210.16
4fa7ca732022a0f8f0f8,98,gemma-3-27b-reasoning,managed-prompt,subtitle,da,jp,Nej.,- いや,"{""c"":""いいえ。""}",いいえ。,True,1,0,True,True,False,True,,True,,True,"{""reason"":""target_script_present"",""detected"":""ja"",""confidence"":1.0}",True,[],[],True,,"{""errors"":[]}",True,[],True,1,0,True,True,False,100,100,1211,8,1219,,,581.39,1285,8,1293,0,0,1185.29
3167a33f2081e914a083,99,gemma-3-27b-reasoning,managed-prompt,subtitle,da,jp,"Hej, skatter.",- こんにちは - やぁ,"{""c"":""やあ、お宝。""}",やあ、お宝。,True,1,0,True,True,False,True,,True,,True,"{""reason"":""target_script_present"",""detected"":""ja"",""confidence"":1.0}",True,[],[],True,,"{""errors"":[{""category"":""accuracy"",""severity"":""major""}]}",False,"[{""category"":""accuracy"",""severity"":""major""}]",True,1,0,True,True,False,85,85,1213,11,1224,,,867.0,1299,17,1316,0,0,1198.31
3725de20792d239b2275,100,gemma-3-27b-reasoning,managed-prompt,subtitle,da,nl,Har du en dårlig dag?,Heb je een rotdag?,"{""c"":""Heb je een slechte dag?""}",Heb je een slechte dag?,True,1,0,True,True,False,True,,True,,True,"{""reason"":""detector_match"",""detected"":""nl"",""confidence"":1.0}",True,[],[],True,,"{""errors"":[]}",True,[],True,1,0,True,True,False,100,100,1215,12,1227,,,839.04,1300,8,1308,0,0,1209.89
e7a8ecea2ce3a0ab0dbf,101,gemma-3-27b-reasoning,managed-prompt,subtitle,da,nl,"- Ja, siden jeg mødte dig.",- Sinds ik jou ken.,"{""c"":""Ja, sinds ik je ontmoette.""}","Ja, sinds ik je ontmoette.",True,1,0,True,True,False,True,,True,,,"{""reason"":""detector_inconclusive"",""detected"":""af"",""confidence"":0.8571}",True,[],[],True,,"{""errors"":[]}",True,[],True,1,0,True,True,False,100,100,1218,14,1232,,,684.82,1301,8,1309,0,0,1097.24
4c50c3a79fd630023448,102,gemma-3-27b-reasoning,managed-prompt,subtitle,da,nl,Klo.,- Hemeltje. Haak. - Haak?,"{""c"":""Klo.""}",Klo.,True,1,0,True,True,False,True,,True,,,"{""reason"":""too_short_for_language_detection"",""detected"":null,""confidence"":null}",True,[],"[{""code"":""source_copy_suspected""}]",True,,"{""errors"":[]}",True,[],True,1,0,True,True,False,97,97,1211,8,1219,,,651.19,1294,8,1302,0,0,1190.4
81be89485ba09f367b2e,103,gemma-3-27b-reasoning,managed-prompt,subtitle,da,nl,Jeg... ville ikke have nogen arresteret.,Ik wilde niet dat er iemand gearresteerd werd.,"{""c"":""Ik... zou niemand gearresteerd willen hebben.""}",Ik... zou niemand gearresteerd willen hebben.,True,1,0,True,True,False,True,,True,,True,"{""reason"":""detector_match"",""detected"":""nl"",""confidence"":1.0}",True,[],[],True,,"{""errors"":[]}",True,[],True,1,0,True,True,False,100,100,1218,15,1233,,,859.18,1313,8,1321,0,0,1083.35
5eeae39e34a1da18857a,104,gemma-3-27b-reasoning,managed-prompt,subtitle,da,nl,Ikke dårligt.,Helemaal niet slecht.,"{""c"":""Niet slecht.""}",Niet slecht.,True,1,0,True,True,False,True,,True,,True,"{""reason"":""detector_match"",""detected"":""nl"",""confidence"":0.8504}",True,[],[],True,,"{""errors"":[]}",True,[],True,1,0,True,True,False,100,100,1214,9,1223,,,661.43,1290,8,1298,0,0,1185.76
b59d9186ebeb76b48460,105,gemma-3-27b-reasoning,managed-prompt,subtitle,da,nl,Grey kommer!,Daar komt Grey.,"{""c"":""Grey komt eraan!""}",Grey komt eraan!,True,1,0,True,True,False,True,,True,,,"{""reason"":""detector_inconclusive"",""detected"":""af"",""confidence"":0.5714}",True,[],[],True,,"{""errors"":[]}",True,[],True,1,0,True,True,False,100,100,1211,10,1221,,,740.66,1284,8,1292,0,0,1119.55
61cc30cf6287c857b0d2,106,gemma-3-27b-reasoning,managed-prompt,subtitle,da,nl,Et kondom?,Een condoom?,"{""c"":""Et condoom?""}",Et condoom?,True,1,0,True,True,False,True,,True,,,"{""reason"":""detector_mismatch_uncertain"",""detected"":""pt"",""confidence"":1.0}",True,[],[],True,,"{""errors"":[{""category"":""accuracy"",""severity"":""major""}]}",False,"[{""category"":""accuracy"",""severity"":""major""}]",True,1,0,True,True,False,85,85,1212,9,1221,,,559.96,1285,17,1302,0,0,1124.51
70acaaaa4e00cf513c4c,107,gemma-3-27b-reasoning,managed-prompt,subtitle,da,nl,- Dr. Stella.,Dr Stella.,"{""c"":""Dr. Stella.""}",Dr. Stella.,True,1,0,True,True,False,True,,True,,,"{""reason"":""detector_inconclusive"",""detected"":""it"",""confidence"":0.5714}",True,[],[],True,,"{""errors"":[]}",True,[],True,1,0,True,True,False,100,100,1213,9,1222,,,1871.85,1286,8,1294,0,0,1213.95
af4fbc9c8a6e875de5f0,108,gemma-3-27b-reasoning,managed-prompt,subtitle,da,nl,Jeg har en lang weekend til gode.,Ik heb een lang weekend tegoed.,"{""c"":""Ik heb een lang weekend tegoed.""}",Ik heb een lang weekend tegoed.,True,1,0,True,True,False,True,,True,,True,"{""reason"":""detector_match"",""detected"":""nl"",""confidence"":0.8571}",True,[],[],True,,"{""errors"":[]}",True,[],True,1,0,True,True,False,100,100,1216,13,1229,,,749.2,1303,8,1311,0,0,1199.7
e53fce2a77ab43718ed0,109,gemma-3-27b-reasoning,managed-prompt,subtitle,da,nl,Sådan er reglernes.,Dat zijn de regels.,"{""c"":""Dit zijn de regels.""}",Dit zijn de regels.,True,1,0,True,True,False,True,,True,,True,"{""reason"":""detector_match"",""detected"":""nl"",""confidence"":1.0}",True,[],[],True,,"{""errors"":[]}",True,[],True,1,0,True,True,False,100,100,1214,11,1225,,,1039.55,1292,8,1300,0,0,1213.02
865118d9501c25ea5416,110,gemma-3-27b-reasoning,managed-prompt,subtitle,da,nb,Børnene har ikke sagt ja til noget.,Barna har ikke sagt ja til noe.,"{""c"":""Barna har ikke sagt ja til noe.""}",Barna har ikke sagt ja til noe.,True,1,0,True,True,False,True,,True,,True,"{""reason"":""detector_match"",""detected"":""no"",""confidence"":1.0}",True,[],[],True,,"{""errors"":[]}",True,[],True,1,0,True,True,False,100,100,1218,14,1232,,,778.6,1308,8,1316,0,0,1170.63
68a1f256fdc3ec6c27fb,111,gemma-3-27b-reasoning,managed-prompt,subtitle,da,nb,"Lad os tage en drink, før vi går.",La oss ta en drink før vi går.,"{""c"":""La oss ta en drink før vi går.""}",La oss ta en drink før vi går.,True,1,0,True,True,False,True,,True,,True,"{""reason"":""detector_match"",""detected"":""no"",""confidence"":1.0}",True,[],[],True,,"{""errors"":[]}",True,[],True,1,0,True,True,False,100,100,1218,14,1232,,,1047.12,1304,8,1312,0,0,1036.45
081564b37796c1d0dc21,112,gemma-3-27b-reasoning,managed-prompt,subtitle,da,nb,Her er mit nummer.,Her er nummeret mitt.,"{""c"":""Her er mitt nummer.""}",Her er mitt nummer.,True,1,0,True,True,False,True,,True,,,"{""reason"":""detector_inconclusive"",""detected"":""da"",""confidence"":0.8571}",True,[],[],True,,"{""errors"":[]}",True,[],True,1,0,True,True,False,100,100,1213,10,1223,,,629.22,1288,8,1296,0,0,1212.04
7b9c3062263b8b0d7c98,113,gemma-3-27b-reasoning,managed-prompt,subtitle,da,nb,Men en gang var jeg meget forelsket i ham.,Men en gang i tiden var jeg svært forelsket i ham.,"{""c"":""En gang var jeg veldig forelsket i ham.""}",En gang var jeg veldig forelsket i ham.,True,1,0,True,True,False,True,,True,,True,"{""reason"":""detector_match"",""detected"":""no"",""confidence"":1.0}",True,[],[],True,,"{""errors"":[{""category"":""accuracy"",""severity"":""minor""}]}",True,"[{""category"":""accuracy"",""severity"":""minor""}]",True,1,0,True,True,False,97,97,1221,17,1238,,,1100.38,1310,17,1327,0,0,1293.91
a3b3d519a71f9b78a817,114,gemma-3-27b-reasoning,managed-prompt,subtitle,da,nb,- Ja.,-Jeg vet.,"{""c"":""Ja.""}",Ja.,True,1,0,True,True,False,True,,True,,,"{""reason"":""too_short_for_language_detection"",""detected"":null,""confidence"":null}",True,[],[],True,,"{""errors"":[]}",True,[],True,1,0,True,True,False,100,100,1211,7,1218,,,899.95,1283,8,1291,0,0,1228.61
8bc367a3c83fdf3d9bb3,115,gemma-3-27b-reasoning,managed-prompt,subtitle,da,nb,Jeg har kameraet i mit.,Og jeg har kameraet. Hva nå?,"{""c"":""Jeg har kameraet i mitt.""}",Jeg har kameraet i mitt.,True,1,0,True,True,False,True,,True,,,"{""reason"":""detector_inconclusive"",""detected"":""no"",""confidence"":0.714}",True,[],[],True,,"{""errors"":[]}",True,[],True,1,0,True,True,False,100,100,1215,12,1227,,,1062.41,1303,8,1311,0,0,1200.72
54eb2834274f2261d6c9,116,gemma-3-27b-reasoning,managed-prompt,subtitle,da,nb,"Okay, venner.","Ok, folkens.","{""c"":""Ok, venner.""}","Ok, venner.",True,1,0,True,True,False,True,,True,,True,"{""reason"":""detector_match"",""detected"":""no"",""confidence"":1.0}",True,[],[],True,,"{""errors"":[]}",True,[],True,1,0,True,True,False,100,100,1213,10,1223,,,544.97,1287,8,1295,0,0,1010.1
8835abe044e2b7c55efc,117,gemma-3-27b-reasoning,managed-prompt,subtitle,da,nb,De har aldrig fortalt mig det.,De fortalte meg aldri.,"{""c"":""De har aldri fortalt meg det.""}",De har aldri fortalt meg det.,True,1,0,True,True,False,True,,True,,,"{""reason"":""detector_inconclusive"",""detected"":""da"",""confidence"":0.7163}",True,[],[],True,,"{""errors"":[]}",True,[],True,1,0,True,True,False,100,100,1216,14,1230,,,691.35,1298,8,1306,0,0,1261.7
0da15923efe67892806e,118,gemma-3-27b-reasoning,managed-prompt,subtitle,da,nb,"Retter kameraet nord, nordøst.",Retter om kameraet mot nord-nordøst.,"{""c"":""Redd kameraet nord, nordøst.""}","Redd kameraet nord, nordøst.",True,1,0,True,True,False,True,,True,,True,"{""reason"":""detector_match"",""detected"":""no"",""confidence"":1.0}",True,[],[],True,,"{""errors"":[{""category"":""accuracy"",""severity"":""major""}]}",False,"[{""category"":""accuracy"",""severity"":""major""}]",True,1,0,True,True,False,85,85,1217,14,1231,,,933.91,1309,17,1326,0,0,1185.26
a944e3f7800af6db8a88,119,gemma-3-27b-reasoning,managed-prompt,subtitle,da,nb,- Du er noget af en kriminalknuser.,- Du bekjemper kriminalitet.,"{""c"":""Du er en skikkelig detektiv.""}",Du er en skikkelig detektiv.,True,1,0,True,True,False,True,,True,,,"{""reason"":""detector_inconclusive"",""detected"":""no"",""confidence"":0.6479}",True,[],[],True,,"{""errors"":[{""category"":""accuracy"",""severity"":""major""}]}",False,"[{""category"":""accuracy"",""severity"":""major""}]",True,1,0,True,True,False,85,85,1218,14,1232,,,1267.82,1305,17,1322,0,0,1144.53
2ad4f542c856ab590f41,120,gemma-3-27b-reasoning,managed-prompt,subtitle,de,da,Haben Sie die Leichen photographiert?,Fotograferede du liget?,"{""c"":""Har I fotograferet ligene?""}",Har I fotograferet ligene?,True,1,0,True,True,False,True,,True,,,"{""reason"":""detector_mismatch_uncertain"",""detected"":""no"",""confidence"":1.0}",True,[],[],True,,"{""errors"":[{""category"":""accuracy"",""severity"":""minor""}]}",True,"[{""category"":""accuracy"",""severity"":""minor""}]",True,1,0,True,True,False,97,97,1217,14,1231,,,628.88,1298,17,1315,0,0,1272.29
14610e5d57c555c39688,121,gemma-3-27b-reasoning,managed-prompt,subtitle,de,da,"Ich glaube nicht, dass das das Ende ist.","Jeg tror ikke, det her er enden.","{""c"":""Jeg tror ikke, det er slutningen.""}","Jeg tror ikke, det er slutningen.",True,1,0,True,True,False,True,,True,,,"{""reason"":""detector_mismatch_uncertain"",""detected"":""no"",""confidence"":1.0}",True,[],[],True,,"{""errors"":[]}",True,[],True,1,0,True,True,False,100,100,1218,14,1232,,,885.42,1307,8,1315,0,0,1161.01
1c565758532a7f271dc0,122,gemma-3-27b-reasoning,managed-prompt,subtitle,de,da,Sie haben mich auch zurückgelassen.,- Jeg blev også efterladt!,"{""c"":""Du har også efterladt mig.""}",Du har også efterladt mig.,True,1,0,True,True,False,True,,True,,True,"{""reason"":""detector_match"",""detected"":""da"",""confidence"":1.0}",True,[],[],True,,"{""errors"":[{""category"":""accuracy"",""severity"":""major""}]}",False,"[{""category"":""accuracy"",""severity"":""major""}]",True,1,0,True,True,False,85,85,1216,13,1229,,,804.79,1299,17,1316,0,0,1200.72
1392eb6f5d2a99e476c6,123,gemma-3-27b-reasoning,managed-prompt,subtitle,de,da,- Das müssen wir der Polizei erklären.,- Det må vi så bare forklare politiet.,"{""c"":""Det må vi forklare til politiet.""}",Det må vi forklare til politiet.,True,1,0,True,True,False,True,,True,,,"{""reason"":""detector_inconclusive"",""detected"":""no"",""confidence"":0.9373}",True,[],[],True,,"{""errors"":[]}",True,[],True,1,0,True,True,False,100,100,1216,14,1230,,,1256.18,1308,8,1316,0,0,1598.59
f4b6422e2e825bf3bb43,124,gemma-3-27b-reasoning,managed-prompt,subtitle,de,da,"So wie ihr, ihr seid auch eine Gemeinschaft.",Ligesom jer. I er et samfund.,"{""c"":""Ligesom jer er I også et fællesskab.""}",Ligesom jer er I også et fællesskab.,True,1,0,True,True,False,True,,True,,True,"{""reason"":""detector_match"",""detected"":""da"",""confidence"":1.0}",True,[],[],True,,"{""errors"":[{""category"":""terminology"",""severity"":""minor""}]}",True,"[{""category"":""terminology"",""severity"":""minor""}]",True,1,0,True,True,False,97,97,1218,18,1236,,,998.79,1312,17,1329,0,0,1247.22
a5c3a36f25a41fa92073,125,gemma-3-27b-reasoning,managed-prompt,subtitle,de,da,Und das hier.,Og den her ...,"{""c"":""Og det her.""}",Og det her.,True,1,0,True,True,False,True,,True,,True,"{""reason"":""detector_match"",""detected"":""da"",""confidence"":1.0}",True,[],[],True,,"{""errors"":[]}",True,[],True,1,0,True,True,False,100,100,1212,9,1221,,,596.66,1287,8,1295,0,0,1111.22
a49205cf704738e5912d,126,gemma-3-27b-reasoning,managed-prompt,subtitle,de,da,So viel weiß ich. Arbeiten Sie mit Hunter zusammen?,Samarbejder du med Hunter?,"{""c"":""Jeg ved så meget. Skal jeg arbejde sammen med Hunter?""}",Jeg ved så meget. Skal jeg arbejde sammen med Hunter?,True,1,0,True,True,False,True,,True,,True,"{""reason"":""detector_match"",""detected"":""da"",""confidence"":1.0}",True,[],[],True,,"{""errors"":[{""category"":""accuracy"",""severity"":""critical""},{""category"":""accuracy"",""severity"":""major""}]}",False,"[{""category"":""accuracy"",""severity"":""critical""},{""category"":""accuracy"",""severity"":""major""}]",True,1,0,True,True,False,45,45,1219,18,1237,,,924.99,1313,28,1341,0,0,1731.14
034b55f731ab60264117,127,gemma-3-27b-reasoning,managed-prompt,subtitle,de,da,Genau.,Godt.,"{""c"":""Præcis.""}",Præcis.,True,1,0,True,True,False,True,,True,,,"{""reason"":""too_short_for_language_detection"",""detected"":null,""confidence"":null}",True,[],[],True,,"{""errors"":[]}",True,[],True,1,0,True,True,False,100,100,1211,9,1220,,,809.06,1284,8,1292,0,0,1208.09
e35cae2b1e2d302be312,128,gemma-3-27b-reasoning,managed-prompt,subtitle,de,da,Was ist das?,Hvad er det?,"{""c"":""Hvad er det?""}",Hvad er det?,True,1,0,True,True,False,True,,True,,True,"{""reason"":""detector_match"",""detected"":""da"",""confidence"":1.0}",True,[],[],True,,"{""errors"":[]}",True,[],True,1,0,True,True,False,100,100,1212,10,1222,,,634.28,1289,8,1297,0,0,1210.32
07ff7541ea86ae74ac91,129,gemma-3-27b-reasoning,managed-prompt,subtitle,de,da,"- Ja, ja, kann ich.","- Ja, det kan jeg.","{""c"":""Ja, ja, det kan jeg.""}","Ja, ja, det kan jeg.",True,1,0,True,True,False,True,,True,,,"{""reason"":""detector_inconclusive"",""detected"":""hr"",""confidence"":0.7143}",True,[],[],True,,"{""errors"":[]}",True,[],True,1,0,True,True,False,100,100,1216,13,1229,,,776.6,1297,8,1305,0,0,1302.81
7f7ffcc81f61247320c6,130,gemma-3-27b-reasoning,managed-prompt,subtitle,de,en,Beweg dich nur nicht.,Just don't move.,"{""c"":""Don't move.""}",Don't move.,True,1,0,True,True,False,True,,True,,True,"{""reason"":""detector_match"",""detected"":""en"",""confidence"":1.0}",True,[],[],True,,"{""errors"":[{""category"":""accuracy"",""severity"":""minor""}]}",True,"[{""category"":""accuracy"",""severity"":""minor""}]",True,1,0,True,True,False,97,97,1214,10,1224,,,736.91,1288,17,1305,0,0,1206.46
1e8657483f83d767d69d,131,gemma-3-27b-reasoning,managed-prompt,subtitle,de,en,"Ich finde, du siehst gut aus.",You look good to me.,"{""c"":""I think you look good.""}",I think you look good.,True,1,0,True,True,False,True,,True,,,"{""reason"":""detector_inconclusive"",""detected"":""en"",""confidence"":0.5714}",True,[],[],True,,"{""errors"":[]}",True,[],True,1,0,True,True,False,100,100,1217,11,1228,,,820.56,1295,8,1303,0,0,1153.67
ef0b12984dc62d51ea76,132,gemma-3-27b-reasoning,managed-prompt,subtitle,de,en,"Ho, ist das der Dank dafür das ich meine Rolle so Göttlich gespielt habe?","Ho, is that the thanks for playing my role so godly?","{""c"":""Ho, is that the thanks I get for playing my role so divinely?""}","Ho, is that the thanks I get for playing my role so divinely?",True,1,0,True,True,False,True,,True,,True,"{""reason"":""detector_match"",""detected"":""en"",""confidence"":1.0}",True,[],[],True,,"{""errors"":[]}",True,[],True,1,0,True,True,False,100,100,1225,21,1246,,,823.97,1330,8,1338,0,0,1045.23
ddc78007e0e4e678af32,133,gemma-3-27b-reasoning,managed-prompt,subtitle,de,en,Er ist im Augenblick außer Form.,"Yeah, he's been a little off his game lately.","{""c"":""He is out of shape at the moment.""}",He is out of shape at the moment.,True,1,0,True,True,False,True,,True,,True,"{""reason"":""detector_match"",""detected"":""en"",""confidence"":1.0}",True,[],[],True,,"{""errors"":[]}",True,[],True,1,0,True,True,False,100,100,1216,14,1230,,,1225.36,1304,8,1312,0,0,1251.79
f8f55bc2680e46138cce,134,gemma-3-27b-reasoning,managed-prompt,subtitle,de,en,Wir haben Spaß dran und Talent dazu.,We're having fun. We showed aptitude for it.,"{""c"":""We have fun and talent for it.""}",We have fun and talent for it.,True,1,0,True,True,False,True,,True,,True,"{""reason"":""detector_match"",""detected"":""en"",""confidence"":1.0}",True,[],[],True,,"{""errors"":[]}",True,[],True,1,0,True,True,False,100,100,1216,13,1229,,,865.21,1307,8,1315,0,0,1667.5
bcf6e6921b41b25e1445,135,gemma-3-27b-reasoning,managed-prompt,subtitle,de,en,"Wir gehen noch nicht lange miteinander, aber ich mag dich mehr als alles auf der Welt.","We haven't gone out very long, but I like you more than anyone I've ever dated.","{""c"":""We haven't known each other for long, but I like you more than anything in the world.""}","We haven't known each other for long, but I like you more than anything in the world.",True,1,0,True,True,False,True,,True,,True,"{""reason"":""detector_match"",""detected"":""en"",""confidence"":1.0}",True,[],[],True,,"{""errors"":[]}",True,[],True,1,0,True,True,False,100,100,1226,26,1252,,,885.34,1338,8,1346,0,0,1170.32
8d695efca17394bbf4fd,136,gemma-3-27b-reasoning,managed-prompt,subtitle,de,en,"Wenn Sie eine falsche Handtasche kaufen, unterstützen Sie ein Multimilliarden-Geschäft, welches die Kinderarbeit aufrecht erhält, Geld von Drogenkartellen wäscht und Terroristen finanziert.","If you buy a fake purse, you are supporting a multibillion-dollar business which perpetuates child labor, launders drug cartel money, finances terrorists.","{""c"":""If you buy a fake handbag, you are supporting a multi-billion dollar business that perpetuates child labor, launders money for drug cartels, and finances terrorists.""}","If you buy a fake handbag, you are supporting a multi-billion dollar business that perpetuates child labor, launders money for drug cartels, and finances terrorists.",True,1,0,True,True,False,True,,True,,True,"{""reason"":""detector_match"",""detected"":""en"",""confidence"":1.0}",True,[],[],True,,"{""errors"":[]}",True,[],True,1,0,True,True,False,100,100,1252,39,1291,,,1381.52,1409,8,1417,0,0,1168.35
785c6f752d9b8979148c,137,gemma-3-27b-reasoning,managed-prompt,subtitle,de,en,"Du könntest tun, was du willst.",You could do anything you want.,"{""c"":""You could do whatever you want.""}",You could do whatever you want.,True,1,0,True,True,False,True,,True,,True,"{""reason"":""detector_match"",""detected"":""en"",""confidence"":1.0}",True,[],[],True,,"{""errors"":[]}",True,[],True,1,0,True,True,False,100,100,1217,12,1229,,,658.99,1297,8,1305,0,0,1225.35
e75887102870293f9a15,138,gemma-3-27b-reasoning,managed-prompt,subtitle,de,en,Ist schon gut.,That's OK.,"{""c"":""That's okay.""}",That's okay.,True,1,0,True,True,False,True,,True,,,"{""reason"":""detector_inconclusive"",""detected"":""tl"",""confidence"":0.8571}",True,[],[],True,,"{""errors"":[]}",True,[],True,1,0,True,True,False,100,100,1212,10,1222,,,551.0,1285,8,1293,0,0,1151.0
2376fb280422ea098d3b,139,gemma-3-27b-reasoning,managed-prompt,subtitle,de,en,Von innen ist das leicht.,From the inside its easy.,"{""c"":""It's easy from the inside.""}",It's easy from the inside.,True,1,0,True,True,False,True,,True,,True,"{""reason"":""detector_match"",""detected"":""en"",""confidence"":1.0}",True,[],[],True,,"{""errors"":[]}",True,[],True,1,0,True,True,False,100,100,1214,13,1227,,,639.24,1292,8,1300,0,0,1181.07
14deb81ccca21750a898,140,gemma-3-27b-reasoning,managed-prompt,subtitle,de,es,Was hat sie dir gesagt?,¿Qué te dijo?,"{""c"":""¿Qué te dijo ella?""}",¿Qué te dijo ella?,True,1,0,True,True,False,True,,True,,True,"{""reason"":""detector_match"",""detected"":""es"",""confidence"":0.8571}",True,[],[],True,,"{""errors"":[]}",True,[],True,1,0,True,True,False,100,100,1214,11,1225,,,785.1,1299,8,1307,0,0,1117.67
be5bdd22e2d591995a6c,141,gemma-3-27b-reasoning,managed-prompt,subtitle,de,es,- Was heißt das?,- ¿Qué significa eso?,"{""c"":""¿Qué significa eso?""}",¿Qué significa eso?,True,1,0,True,True,False,True,,True,,,"{""reason"":""detector_inconclusive"",""detected"":""it"",""confidence"":0.5602}",True,[],[],True,,"{""errors"":[]}",True,[],True,1,0,True,True,False,100,100,1213,10,1223,,,647.84,1300,8,1308,0,0,1116.45
ffa0ef51df6a5c93ac9f,142,gemma-3-27b-reasoning,managed-prompt,subtitle,de,es,Prüfen wir es.,"Bueno, probémoslo.","{""c"":""Verifiquemoslo.""}",Verifiquemoslo.,True,1,0,True,True,False,True,,True,,,"{""reason"":""detector_inconclusive"",""detected"":""es"",""confidence"":0.561}",True,[],[],True,,"{""errors"":[{""category"":""fluency"",""severity"":""minor""}]}",True,"[{""category"":""fluency"",""severity"":""minor""}]",True,1,0,True,True,False,97,97,1214,11,1225,,,618.17,1296,18,1314,0,0,1397.26
61bbe6001adde9a283a6,143,gemma-3-27b-reasoning,managed-prompt,subtitle,de,es,- Frank?,-¿Frank?,"{""c"":""¿Frank?""}",¿Frank?,True,1,0,True,True,False,True,,True,,,"{""reason"":""too_short_for_language_detection"",""detected"":null,""confidence"":null}",True,[],[],True,,"{""errors"":[]}",True,[],True,1,0,True,True,False,100,100,1211,8,1219,,,649.87,1284,8,1292,0,0,1108.1
37f9956017b938d69159,144,gemma-3-27b-reasoning,managed-prompt,subtitle,de,es,Hast du 'n Problem?,¿Tienes algún problema?,"{""c"":""¿Tienes un problema?""}",¿Tienes un problema?,True,1,0,True,True,False,True,,True,,True,"{""reason"":""detector_match"",""detected"":""es"",""confidence"":1.0}",True,[],[],True,,"{""errors"":[]}",True,[],True,1,0,True,True,False,100,100,1214,10,1224,,,696.07,1299,8,1307,0,0,1213.84
53c97c8b888220e3a38d,145,gemma-3-27b-reasoning,managed-prompt,subtitle,de,es,"Tante Rosamund sagte selbst, dass sie nicht weiß, was sie davon halten soll.",La misma tía Rosamund dijo que no sabía qué pensar de ello.,"{""c"":""Tante Rosamund dijo ella misma que no sabe qué pensar de ello.""}",Tante Rosamund dijo ella misma que no sabe qué pensar de ello.,True,1,0,True,True,False,True,,True,,True,"{""reason"":""detector_match"",""detected"":""es"",""confidence"":1.0}",True,[],[],True,,"{""errors"":[{""category"":""fluency"",""severity"":""minor""}]}",True,"[{""category"":""fluency"",""severity"":""minor""}]",True,1,0,True,True,False,97,97,1227,21,1248,,,971.21,1346,18,1364,0,0,1170.13
70d611a2a996b846d460,146,gemma-3-27b-reasoning,managed-prompt,subtitle,de,es,Wir dachten dass Byron und Ike gleichzeitig am Portal zehn ankamen.,Pensábamos que Byron y Ike llegaron al Portal 10 de forma simultánea.,"{""c"":""Pensamos que Byron e Ike llegaron al portal diez al mismo tiempo.""}",Pensamos que Byron e Ike llegaron al portal diez al mismo tiempo.,True,1,0,True,True,False,True,,True,,True,"{""reason"":""detector_match"",""detected"":""es"",""confidence"":1.0}",True,[],[],True,,"{""errors"":[{""category"":""accuracy"",""severity"":""minor""},{""category"":""terminology"",""severity"":""minor""}]}",True,"[{""category"":""accuracy"",""severity"":""minor""},{""category"":""terminology"",""severity"":""minor""}]",True,1,0,True,True,False,94,94,1222,19,1241,,,935.27,1336,26,1362,0,0,1350.59
316d6dcea325cc4f4071,147,gemma-3-27b-reasoning,managed-prompt,subtitle,de,es,"Vielleicht wollte ihm Conley wirklich das Geld geben, um den Buchmacher auszuzahlen.",Quizás Conley realmente fue le va a dar el dinero para pagar el corredor de apuestas.,"{""c"":""Quizás Conley realmente quería darle el dinero para pagar a las casas de apuestas.""}",Quizás Conley realmente quería darle el dinero para pagar a las casas de apuestas.,True,1,0,True,True,False,True,,True,,True,"{""reason"":""detector_match"",""detected"":""es"",""confidence"":1.0}",True,[],[],True,,"{""errors"":[{""category"":""terminology"",""severity"":""minor""}]}",True,"[{""category"":""terminology"",""severity"":""minor""}]",True,1,0,True,True,False,97,97,1226,21,1247,,,1228.75,1361,17,1378,0,0,1265.52
80bfa889f5df6c012899,148,gemma-3-27b-reasoning,managed-prompt,subtitle,de,es,"Nicht, weil ich Sie für eine deutsche Agentin hielt.",No es que crea que es Ud. un agente alemán.,"{""c"":""No, porque pensé que eras una agente alemana.""}","No, porque pensé que eras una agente alemana.",True,1,0,True,True,False,True,,True,,,"{""reason"":""detector_inconclusive"",""detected"":""es"",""confidence"":0.6979}",True,[],[],True,,"{""errors"":[{""category"":""accuracy"",""severity"":""minor""}]}",True,"[{""category"":""accuracy"",""severity"":""minor""}]",True,1,0,True,True,False,97,97,1221,16,1237,,,704.6,1317,17,1334,0,0,1271.78
5e5ddf6e58d8a1dc1ac9,149,gemma-3-27b-reasoning,managed-prompt,subtitle,de,es,Hans hat mich betrunken in den Pool geworfen.,Hans estaba borracho y me tiró a la piscina.,"{""c"":""Hans me emborrachó y me tiró a la piscina.""}",Hans me emborrachó y me tiró a la piscina.,True,1,0,True,True,False,True,,True,,,"{""reason"":""detector_inconclusive"",""detected"":""es"",""confidence"":0.5714}",True,[],[],True,,"{""errors"":[{""category"":""accuracy"",""severity"":""major""}]}",False,"[{""category"":""accuracy"",""severity"":""major""}]",True,1,0,True,True,False,85,85,1220,19,1239,,,732.31,1317,17,1334,0,0,1185.77
2f4325a9976f20dc4916,150,gemma-3-27b-reasoning,managed-prompt,subtitle,de,fr,- Sie hat den Stein.,- Elle a la pierre.,"{""c"":""Elle a la pierre.""}",Elle a la pierre.,True,1,0,True,True,False,True,,True,,,"{""reason"":""detector_inconclusive"",""detected"":""fr"",""confidence"":0.5714}",True,[],[],True,,"{""errors"":[]}",True,[],True,1,0,True,True,False,100,100,1214,10,1224,,,622.8,1290,8,1298,0,0,1090.2
c48152222cba400c3e37,151,gemma-3-27b-reasoning,managed-prompt,subtitle,de,fr,"- Hey, was ist hier los?",- Que se passe-t-il ?,"{""c"":""Salut, qu'est-ce qui se passe ici?""}","Salut, qu'est-ce qui se passe ici?",True,1,0,True,True,False,True,,True,,True,"{""reason"":""detector_match"",""detected"":""fr"",""confidence"":1.0}",True,[],[],True,,"{""errors"":[{""category"":""preservation"",""severity"":""minor""},{""category"":""accuracy"",""severity"":""minor""}]}",True,"[{""category"":""preservation"",""severity"":""minor""},{""category"":""accuracy"",""severity"":""minor""}]",True,1,0,True,True,False,94,94,1216,17,1233,,,910.13,1309,26,1335,0,0,1399.47
88ad93c73df9cbec9471,152,gemma-3-27b-reasoning,managed-prompt,subtitle,de,fr,Ich bin Dr. McKay.,Je suis le Dr McKay.,"{""c"":""Je suis le Dr. McKay.""}",Je suis le Dr. McKay.,True,1,0,True,True,False,True,,True,,True,"{""reason"":""detector_match"",""detected"":""fr"",""confidence"":1.0}",True,[],[],True,,"{""errors"":[]}",True,[],True,1,0,True,True,False,100,100,1214,12,1226,,,625.08,1296,8,1304,0,0,1160.65
f691b8804a4488b57a46,153,gemma-3-27b-reasoning,managed-prompt,subtitle,de,fr,Ich unterschreibe einfach.,je vais juste signer.,"{""c"":""Je signe simplement.""}",Je signe simplement.,True,1,0,True,True,False,True,,True,,True,"{""reason"":""detector_match"",""detected"":""fr"",""confidence"":1.0}",True,[],[],True,,"{""errors"":[]}",True,[],True,1,0,True,True,False,100,100,1214,9,1223,,,584.73,1294,8,1302,0,0,1168.02
96ee0edeb63c743b9fa2,154,gemma-3-27b-reasoning,managed-prompt,subtitle,de,fr,Du willst Lexi sehen?,Tu veux voir Lexi ? Je vais t'y emmener.,"{""c"":""Tu veux voir Lexi?""}",Tu veux voir Lexi?,True,1,0,True,True,False,True,,True,,True,"{""reason"":""detector_match"",""detected"":""fr"",""confidence"":1.0}",True,[],[],True,,"{""errors"":[{""category"":""accuracy"",""severity"":""major""}]}",False,"[{""category"":""accuracy"",""severity"":""major""}]",True,1,0,True,True,False,85,85,1214,11,1225,,,1719.33,1307,17,1324,0,0,1418.16
8a8334dcb4064557ccc6,155,gemma-3-27b-reasoning,managed-prompt,subtitle,de,fr,Keating.,Keating.,"{""c"":""Keating.""}",Keating.,True,1,0,True,True,False,True,,True,,,"{""reason"":""too_short_for_language_detection"",""detected"":null,""confidence"":null}",True,[],[],True,,"{""errors"":[]}",True,[],True,1,0,True,True,False,100,100,1211,8,1219,,,649.31,1283,8,1291,0,0,1239.2
c37ba8d293011c1baa1d,156,gemma-3-27b-reasoning,managed-prompt,subtitle,de,fr,Ich bringe euch das Wort Gottes.,Je viens vous apporter la parole de Dieu.,"{""c"":""Je vous apporte la parole de Dieu.""}",Je vous apporte la parole de Dieu.,True,1,0,True,True,False,True,,True,,True,"{""reason"":""detector_match"",""detected"":""fr"",""confidence"":1.0}",True,[],[],True,,"{""errors"":[]}",True,[],True,1,0,True,True,False,100,100,1216,13,1229,,,1655.56,1311,8,1319,0,0,1259.96
8240dd64d6efc28c05d9,157,gemma-3-27b-reasoning,managed-prompt,subtitle,de,fr,"Portia trug tatsächlich einen Brief von Sarah bei sich, datiert auf ihren 21. Geburtstag.","Portia avait sur elle une lettre de Sarah, datée de son 21e anniversaire.","{""c"":""Portia avait en fait une lettre de Sarah sur elle, datée de son 21e anniversaire.""}","Portia avait en fait une lettre de Sarah sur elle, datée de son 21e anniversaire.",True,1,0,True,True,False,True,,True,,True,"{""reason"":""detector_match"",""detected"":""fr"",""confidence"":1.0}",True,[],[],True,,"{""errors"":[]}",True,[],True,1,0,True,True,False,100,100,1230,27,1257,,,1003.27,1349,8,1357,0,0,1188.19
65ed44da9f2c3e646db0,158,gemma-3-27b-reasoning,managed-prompt,subtitle,de,fr,"Denkst du, du kannst den Fernseher besorgen?",Tu pourras ramener une télé ?,"{""c"":""Penses-tu pouvoir récupérer la télévision ?""}",Penses-tu pouvoir récupérer la télévision ?,True,1,0,True,True,False,True,,True,,True,"{""reason"":""detector_match"",""detected"":""fr"",""confidence"":1.0}",True,[],[],True,,"{""errors"":[]}",True,[],True,1,0,True,True,False,100,100,1221,14,1235,,,1604.38,1317,8,1325,0,0,1228.5
39ae46eb17ba163272de,159,gemma-3-27b-reasoning,managed-prompt,subtitle,de,fr,"Du lässt dich von ihr manipulieren, Jack.","Tu te laisses manipuler par elle, Jack.","{""c"":""Tu te fais manipuler par elle, Jack.""}","Tu te fais manipuler par elle, Jack.",True,1,0,True,True,False,True,,True,,True,"{""reason"":""detector_match"",""detected"":""fr"",""confidence"":0.8571}",True,[],[],True,,"{""errors"":[]}",True,[],True,1,0,True,True,False,100,100,1218,15,1233,,,736.9,1310,8,1318,0,0,1195.43
419fb2f3cc6f6886bfed,160,gemma-3-27b-reasoning,managed-prompt,subtitle,de,it,"Du, zurück, wo du hingehörst!","Tu, torna da dove sei venuto!","{""c"":""Vai via, torna dove appartieni!""}","Vai via, torna dove appartieni!",True,1,0,True,True,False,True,,True,,True,"{""reason"":""detector_match"",""detected"":""it"",""confidence"":1.0}",True,[],[],True,,"{""errors"":[]}",True,[],True,1,0,True,True,False,100,100,1219,13,1232,,,896.87,1303,8,1311,0,0,1173.08
268accce6b3bb3f2c1e1,161,gemma-3-27b-reasoning,managed-prompt,subtitle,de,it,"- Hey, Foster?","Ehi, Foster.","{""c"":""Ehi, Foster?""}","Ehi, Foster?",True,1,0,True,True,False,True,,True,,,"{""reason"":""detector_mismatch_uncertain"",""detected"":""de"",""confidence"":1.0}",True,[],[],True,,"{""errors"":[]}",True,[],True,1,0,True,True,False,100,100,1213,10,1223,,,831.35,1290,8,1298,0,0,1441.14
e44bc0152bd3ba3b7b53,162,gemma-3-27b-reasoning,managed-prompt,subtitle,de,it,Jahre später starb er endlich. Und die Qual seines Lebens war vorbei.,"Anni dopo, finalmente mori', e la sua vita torturata, cesso'.","{""c"":""Anni dopo morì finalmente. E la sofferenza della sua vita era finita.""}",Anni dopo morì finalmente. E la sofferenza della sua vita era finita.,True,1,0,True,True,False,True,,True,,True,"{""reason"":""detector_match"",""detected"":""it"",""confidence"":1.0}",True,[],[],True,,"{""errors"":[]}",True,[],True,1,0,True,True,False,100,100,1223,23,1246,,,1114.51,1335,8,1343,0,0,1271.93
770d0acb51f1047e05d8,163,gemma-3-27b-reasoning,managed-prompt,subtitle,de,it,"Setz dich, ich gehe deine Farbe mischen.","Tu sei la prossima, ragazza. Siediti, vado a prepararti il colore.","{""c"":""Siediti, vado a mescolare il tuo colore.""}","Siediti, vado a mescolare il tuo colore.",True,1,0,True,True,False,True,,True,,True,"{""reason"":""detector_match"",""detected"":""it"",""confidence"":1.0}",True,[],[],True,,"{""errors"":[]}",True,[],True,1,0,True,True,False,100,100,1219,18,1237,,,660.14,1328,8,1336,0,0,1209.56
c20c8c3a241210e45940,164,gemma-3-27b-reasoning,managed-prompt,subtitle,de,it,Verschwinde!,Vattene! (urla),"{""c"":""Scomparisci!""}",Scomparisci!,True,1,0,True,True,False,True,,True,,True,"{""reason"":""detector_match"",""detected"":""it"",""confidence"":1.0}",True,[],[],True,,"{""errors"":[{""category"":""tone"",""severity"":""minor""}]}",True,"[{""category"":""tone"",""severity"":""minor""}]",True,1,0,True,True,False,97,97,1213,9,1222,,,883.81,1292,17,1309,0,0,1192.84
f831f3d0bf7755980988,165,gemma-3-27b-reasoning,managed-prompt,subtitle,de,it,"Darf ich mir Ihren Stift ausleihen, bitte?","Ouò prestarmi la sua penna, per favore? Orego, signora.","{""c"":""Posso prendere in prestito la tua penna, per favore?""}","Posso prendere in prestito la tua penna, per favore?",True,1,0,True,True,False,True,,True,,True,"{""reason"":""detector_match"",""detected"":""it"",""confidence"":1.0}",True,[],[],True,,"{""errors"":[{""category"":""tone"",""severity"":""major""}]}",False,"[{""category"":""tone"",""severity"":""major""}]",True,1,0,True,True,False,85,85,1221,19,1240,,,1413.29,1333,17,1350,0,0,1156.52
761e96835204e421ef9b,166,gemma-3-27b-reasoning,managed-prompt,subtitle,de,it,"Für Sie, mein Sohn, ist dies alles eine Glaubensprüfung.","Per te, figlio mio, questa è tutta una prova di fede.","{""c"":""Per te, figlio mio, questa è tutta una prova di fede.""}","Per te, figlio mio, questa è tutta una prova di fede.",True,1,0,True,True,False,True,,True,,True,"{""reason"":""detector_match"",""detected"":""it"",""confidence"":1.0}",True,[],[],True,,"{""errors"":[]}",True,[],True,1,0,True,True,False,100,100,1222,19,1241,,,1334.56,1333,8,1341,0,0,1231.97
7e4a827bbb90e86dd9d1,167,gemma-3-27b-reasoning,managed-prompt,subtitle,de,it,Seine Eltern verloren ihr einziges Kind um 3: 07Uhr heute morgen.,I suoi genitori hanno perso il loro unico figlio alle 3:07 di questa mattina.,"{""c"":""I loro genitori hanno perso il loro unico figlio alle 3:07 di questa mattina.""}",I loro genitori hanno perso il loro unico figlio alle 3:07 di questa mattina.,True,1,0,True,True,False,True,,True,,True,"{""reason"":""detector_match"",""detected"":""it"",""confidence"":1.0}",True,[],[],True,,"{""errors"":[{""category"":""accuracy"",""severity"":""minor""}]}",True,"[{""category"":""accuracy"",""severity"":""minor""}]",True,1,0,True,True,False,97,97,1227,24,1251,,,787.47,1343,17,1360,0,0,1278.32
c1332b5311cb70bb4d69,168,gemma-3-27b-reasoning,managed-prompt,subtitle,de,it,Entschuldigen Sie!,Mi scusi!,"{""c"":""Scusami!""}",Scusami!,True,1,0,True,True,False,True,,True,,,"{""reason"":""too_short_for_language_detection"",""detected"":null,""confidence"":null}",True,[],[],True,,"{""errors"":[{""category"":""tone"",""severity"":""minor""}]}",True,"[{""category"":""tone"",""severity"":""minor""}]",True,1,0,True,True,False,97,97,1214,9,1223,,,1559.27,1287,17,1304,0,0,1234.11
ecc21803bf4cf261253f,169,gemma-3-27b-reasoning,managed-prompt,subtitle,de,it,"- Los, los, los!","- Forza, dai, dai!","{""c"":""Los, los, los!""}","Los, los, los!",True,1,0,True,True,False,True,,True,,,"{""reason"":""detector_mismatch_uncertain"",""detected"":""es"",""confidence"":1.0}",True,[],[],True,,"{""errors"":[{""category"":""accuracy"",""severity"":""critical""}]}",False,"[{""category"":""accuracy"",""severity"":""critical""}]",True,1,0,True,True,False,60,60,1215,11,1226,,,795.34,1293,17,1310,0,0,1175.54
b006ec21f7ab8fbd58bb,170,gemma-3-27b-reasoning,managed-prompt,subtitle,de,jp,Menschliche Gefühle sind eine Gabe unserer tierischen Vorfahren.,人間の感情は 祖先からの贈り物だ,"{""c"":""人間の感情は、私たちの動物の祖先からの贈り物です。""}",人間の感情は、私たちの動物の祖先からの贈り物です。,True,1,0,True,True,False,True,,True,,True,"{""reason"":""target_script_present"",""detected"":""ja"",""confidence"":1.0}",True,[],[],True,,"{""errors"":[]}",True,[],True,1,0,True,True,False,100,100,1222,18,1240,,,1116.55,1338,8,1346,0,0,2169.36
4047180a0d108481ab32,171,gemma-3-27b-reasoning,managed-prompt,subtitle,de,jp,Was ist das?,なんだ？,"{""c"":""これは何ですか？""}",これは何ですか？,True,1,0,True,True,False,True,,True,,True,"{""reason"":""target_script_present"",""detected"":""ja"",""confidence"":1.0}",True,[],[],True,,"{""errors"":[]}",True,[],True,1,0,True,True,False,100,100,1212,9,1221,,,630.17,1290,8,1298,0,0,1113.49
2596308f1c1d800996a1,172,gemma-3-27b-reasoning,managed-prompt,subtitle,de,jp,- Wo bist du gewesen?,「今まで何処に」 どうもね,"{""c"":""どこに行っていたの？""}",どこに行っていたの？,True,1,0,True,True,False,True,,True,,True,"{""reason"":""target_script_present"",""detected"":""ja"",""confidence"":1.0}",True,[],[],True,,"{""errors"":[]}",True,[],True,1,0,True,True,False,100,100,1214,10,1224,,,830.49,1305,8,1313,0,0,1179.79
91c593c09db71db38eb6,173,gemma-3-27b-reasoning,managed-prompt,subtitle,de,jp,Was machst du hier?,何してるの？,"{""c"":""ここで何をしてるの？""}",ここで何をしてるの？,True,1,0,True,True,False,True,,True,,True,"{""reason"":""target_script_present"",""detected"":""ja"",""confidence"":1.0}",True,[],[],True,,"{""errors"":[]}",True,[],True,1,0,True,True,False,100,100,1214,11,1225,,,1141.5,1295,8,1303,0,0,1198.8
f5dea4324ce230881ca4,174,gemma-3-27b-reasoning,managed-prompt,subtitle,de,jp,Die Granate muss eine Art Gift freigesetzt haben.,手榴弾は 何らかの毒物を 放ったに違いない,"{""c"":""その手榴弾は、何らかの毒を放ったに違いない。""}",その手榴弾は、何らかの毒を放ったに違いない。,True,1,0,True,True,False,True,,True,,True,"{""reason"":""target_script_present"",""detected"":""ja"",""confidence"":1.0}",True,[],[],True,,"{""errors"":[]}",True,[],True,1,0,True,True,False,100,100,1220,22,1242,,,932.62,1334,8,1342,0,0,1173.99
fecca7f23fdb2aa3ec40,175,gemma-3-27b-reasoning,managed-prompt,subtitle,de,jp,Sie wäre diesen März 30 geworden.,この３月で３０歳,"{""c"":""彼女は3月30日で30歳になるところでした。""}",彼女は3月30日で30歳になるところでした。,True,1,0,True,True,False,True,,True,,True,"{""reason"":""target_script_present"",""detected"":""ja"",""confidence"":1.0}",True,[],"[{""code"":""number_not_exact"",""expected"":{""30"":1},""actual"":{""3"":1,""30"":2}}]",True,,"{""errors"":[{""category"":""accuracy"",""severity"":""major""}]}",False,"[{""category"":""accuracy"",""severity"":""major""}]",True,1,0,True,True,False,82,82,1217,19,1236,,,719.66,1312,17,1329,0,0,1306.4
67c90490817a99274704,176,gemma-3-27b-reasoning,managed-prompt,subtitle,de,jp,"Sie stehen auf der Liste, Juliet.",リストに入ってるんだ、ジュリエット,"{""c"":""ジュリエット、あなたはリストに載っています。""}",ジュリエット、あなたはリストに載っています。,True,1,0,True,True,False,True,,True,,True,"{""reason"":""target_script_present"",""detected"":""ja"",""confidence"":1.0}",True,[],[],True,,"{""errors"":[]}",True,[],True,1,0,True,True,False,100,100,1216,15,1231,,,641.85,1319,8,1327,0,0,1256.46
3d960629185f5bae7c2f,177,gemma-3-27b-reasoning,managed-prompt,subtitle,de,jp,Eine um ihn zu beschützen.,彼を庇護するものは 一体.,"{""c"":""彼を守るため。""}",彼を守るため。,True,1,0,True,True,False,True,,True,,True,"{""reason"":""target_script_present"",""detected"":""ja"",""confidence"":1.0}",True,[],[],True,,"{""errors"":[{""category"":""accuracy"",""severity"":""major""}]}",False,"[{""category"":""accuracy"",""severity"":""major""}]",True,1,0,True,True,False,85,85,1215,10,1225,,,840.06,1301,17,1318,0,0,1135.88
e2b890fd52ad379d3b7d,178,gemma-3-27b-reasoning,managed-prompt,subtitle,de,jp,Und Amerika wieder funktionstüchtig machen!,アメリカを取り戻そう！,"{""c"":""アメリカを再び機能させる！""}",アメリカを再び機能させる！,True,1,0,True,True,False,True,,True,,True,"{""reason"":""target_script_present"",""detected"":""ja"",""confidence"":1.0}",True,[],[],True,,"{""errors"":[]}",True,[],True,1,0,True,True,False,100,100,1217,11,1228,,,735.28,1310,8,1318,0,0,1300.41
d48d2bd3a4b8f8b49524,179,gemma-3-27b-reasoning,managed-prompt,subtitle,de,jp,Nicht wegen dir und nicht wegen der Polizei.,貴方の為でも　警察の為でもないの いいわね？,"{""c"":""あなたのためでも、警察のためでもない。""}",あなたのためでも、警察のためでもない。,True,1,0,True,True,False,True,,True,,True,"{""reason"":""target_script_present"",""detected"":""ja"",""confidence"":1.0}",True,[],[],True,,"{""errors"":[]}",True,[],True,1,0,True,True,False,100,100,1217,14,1231,,,778.99,1325,8,1333,0,0,1393.89
6d5efd9b48fd8903db96,180,gemma-3-27b-reasoning,managed-prompt,subtitle,de,nl,Uns wird kalt und wir frösteln.,"Dat je het koud hebt, en rillerig bent.","{""c"":""Het wordt koud en we rillen.""}",Het wordt koud en we rillen.,True,1,0,True,True,False,True,,True,,True,"{""reason"":""detector_match"",""detected"":""nl"",""confidence"":1.0}",True,[],[],True,,"{""errors"":[]}",True,[],True,1,0,True,True,False,100,100,1217,14,1231,,,812.46,1308,8,1316,0,0,1219.05
fc89106aba2527893afc,181,gemma-3-27b-reasoning,managed-prompt,subtitle,de,nl,Mein Vater hält mich unter ständiger Beobachtung.,Mijn vader laat me constant bewaken.,"{""c"":""Mijn vader houdt me constant in de gaten.""}",Mijn vader houdt me constant in de gaten.,True,1,0,True,True,False,True,,True,,True,"{""reason"":""detector_match"",""detected"":""nl"",""confidence"":1.0}",True,[],[],True,,"{""errors"":[]}",True,[],True,1,0,True,True,False,100,100,1219,16,1235,,,772.94,1315,8,1323,0,0,1078.08
8949ea5b35d1b76022d3,182,gemma-3-27b-reasoning,managed-prompt,subtitle,de,nl,Es wird dir vielleicht ein wenig... Vielleicht sogar sehr verrückt vorkommen. Aber wir sind deine Brüder.,"Dit klinkt vast een beetje... of heel erg vreemd, maar we zijn je broers.","{""c"":""Het komt je misschien een beetje... misschien zelfs heel gek voor. Maar wij zijn je broers.""}",Het komt je misschien een beetje... misschien zelfs heel gek voor. Maar wij zijn je broers.,True,1,0,True,True,False,True,,True,,True,"{""reason"":""detector_match"",""detected"":""nl"",""confidence"":1.0}",True,[],[],True,,"{""errors"":[]}",True,[],True,1,0,True,True,False,100,100,1230,25,1255,,,1313.44,1363,8,1371,0,0,1225.73
f589795c2316c702c7e0,183,gemma-3-27b-reasoning,managed-prompt,subtitle,de,nl,-Anderthalb.,- Anderhalf.,"{""c"":""Anderthalb.""}",Anderthalb.,True,1,0,True,True,False,True,,True,,,"{""reason"":""detector_mismatch_uncertain"",""detected"":""de"",""confidence"":1.0}",True,[],[],True,,"{""errors"":[{""category"":""preservation"",""severity"":""minor""},{""category"":""terminology"",""severity"":""minor""}]}",True,"[{""category"":""preservation"",""severity"":""minor""},{""category"":""terminology"",""severity"":""minor""}]",True,1,0,True,True,False,94,94,1214,10,1224,,,677.78,1287,26,1313,0,0,1243.08
764c0f7a4d9a06c4a113,184,gemma-3-27b-reasoning,managed-prompt,subtitle,de,nl,Ich brauche... - Ich brauche eure Hilfe.,"- Wacht, ik heb hulp nodig.","{""c"":""Ik heb nodig... - Ik heb jullie hulp nodig.""}",Ik heb nodig... - Ik heb jullie hulp nodig.,True,1,0,True,True,False,True,,True,,,"{""reason"":""detector_inconclusive"",""detected"":""af"",""confidence"":0.8571}",True,[],[],True,,"{""errors"":[]}",True,[],True,1,0,True,True,False,100,100,1219,16,1235,,,833.98,1324,8,1332,0,0,1221.83
3a8ef3ada32fd693d97d,185,gemma-3-27b-reasoning,managed-prompt,subtitle,de,nl,Einstein flog auch zweimal von der Schule.,Einstein is twee keer van school weggestuurd.,"{""c"":""Einstein is ook twee keer van school gestuurd.""}",Einstein is ook twee keer van school gestuurd.,True,1,0,True,True,False,True,,True,,,"{""reason"":""detector_inconclusive"",""detected"":""af"",""confidence"":0.7143}",True,[],[],True,,"{""errors"":[]}",True,[],True,1,0,True,True,False,100,100,1216,16,1232,,,601.33,1307,8,1315,0,0,1176.88
51e674e7e33381a1cdc4,186,gemma-3-27b-reasoning,managed-prompt,subtitle,de,nl,Die Taschenlampe.,Geef me de zaklamp.,"{""c"":""De zaklamp.""}",De zaklamp.,True,1,0,True,True,False,True,,True,,,"{""reason"":""detector_inconclusive"",""detected"":""tr"",""confidence"":0.5714}",True,[],[],True,,"{""errors"":[]}",True,[],True,1,0,True,True,False,100,100,1213,9,1222,,,741.66,1293,8,1301,0,0,1373.5
36b3cdd09c03be320ec1,187,gemma-3-27b-reasoning,managed-prompt,subtitle,de,nl,"Du bist imstande, sympathisch, freundlich und großzügig zu sein.",Jij bent in staat tot medeleven... en vriendelijkheid en vrijgevigheid.,"{""c"":""Je bent in staat om sympathiek, vriendelijk en gul te zijn.""}","Je bent in staat om sympathiek, vriendelijk en gul te zijn.",True,1,0,True,True,False,True,,True,,True,"{""reason"":""detector_match"",""detected"":""nl"",""confidence"":1.0}",True,[],[],True,,"{""errors"":[]}",True,[],True,1,0,True,True,False,100,100,1226,20,1246,,,1026.36,1331,8,1339,0,0,1375.21
21884a0ae8205dda0885,188,gemma-3-27b-reasoning,managed-prompt,subtitle,de,nl,Viele Leute haben mich gefragt:,Veel mensen kwamen naar me toe en vroegen:,"{""c"":""Veel mensen hebben me gevraagd:""}",Veel mensen hebben me gevraagd:,True,1,0,True,True,False,True,,True,,True,"{""reason"":""detector_match"",""detected"":""nl"",""confidence"":1.0}",True,[],[],True,,"{""errors"":[]}",True,[],True,1,0,True,True,False,100,100,1214,14,1228,,,2659.43,1306,8,1314,0,0,1223.62
a5a12d9bea288f97ec35,189,gemma-3-27b-reasoning,managed-prompt,subtitle,de,nl,- Nein. - Warum nicht?,- Waarom niet?,"{""c"":""Nee. - Waarom niet?""}",Nee. - Waarom niet?,True,1,0,True,True,False,True,,True,,,"{""reason"":""detector_mismatch_uncertain"",""detected"":""af"",""confidence"":1.0}",True,[],[],True,,"{""errors"":[{""category"":""preservation"",""severity"":""minor""}]}",True,"[{""category"":""preservation"",""severity"":""minor""}]",True,1,0,True,True,False,97,97,1215,13,1228,,,825.92,1300,17,1317,0,0,1245.52
bacb27c5a32b3ac9ac15,190,gemma-3-27b-reasoning,managed-prompt,subtitle,de,nb,Und noch mehr.,Det er mer.,"{""c"":""Og enda mer.""}",Og enda mer.,True,1,0,True,True,False,True,,True,,,"{""reason"":""detector_mismatch_uncertain"",""detected"":""da"",""confidence"":0.9999}",True,[],[],True,,"{""errors"":[]}",True,[],True,1,0,True,True,False,100,100,1212,9,1221,,,571.22,1286,8,1294,0,0,1047.26
24312567ec3ed243d03f,191,gemma-3-27b-reasoning,managed-prompt,subtitle,de,nb,Du kommst also zuerst zu mir.,Du kommer til meg først.,"{""c"":""Du kommer til meg først.""}",Du kommer til meg først.,True,1,0,True,True,False,True,,True,,True,"{""reason"":""detector_match"",""detected"":""no"",""confidence"":1.0}",True,[],[],True,,"{""errors"":[]}",True,[],True,1,0,True,True,False,100,100,1216,11,1227,,,554.78,1293,8,1301,0,0,1079.3
f52dd19f306562d51aaa,192,gemma-3-27b-reasoning,managed-prompt,subtitle,de,nb,Das ist falsch und würde Nikki nicht gefallen.,Det er helt feil. Og Nikki ville ikke like det.,"{""c"":""Det er feil og Nikki ville ikke likt det.""}",Det er feil og Nikki ville ikke likt det.,True,1,0,True,True,False,True,,True,,True,"{""reason"":""detector_match"",""detected"":""no"",""confidence"":1.0}",True,[],[],True,,"{""errors"":[]}",True,[],True,1,0,True,True,False,100,100,1217,17,1234,,,958.11,1315,8,1323,0,0,1134.68
bd757192f4ee5d0f04fd,193,gemma-3-27b-reasoning,managed-prompt,subtitle,de,nb,Meine Theorie war richtig.,Teorien min var riktig.,"{""c"":""Min teori stemte.""}",Min teori stemte.,True,1,0,True,True,False,True,,True,,,"{""reason"":""detector_mismatch_uncertain"",""detected"":""ro"",""confidence"":1.0}",True,[],[],True,,"{""errors"":[]}",True,[],True,1,0,True,True,False,100,100,1213,10,1223,,,2330.15,1296,8,1304,0,0,1263.73
80f84488feddff52ecd3,194,gemma-3-27b-reasoning,managed-prompt,subtitle,de,nb,"Wiederhole das über die Leute, die gestorben sind.",Si det om de som døde.,"{""c"":""Gjenta det om folkene som er døde.""}",Gjenta det om folkene som er døde.,True,1,0,True,True,False,True,,True,,True,"{""reason"":""detector_match"",""detected"":""no"",""confidence"":1.0}",True,[],[],True,,"{""errors"":[]}",True,[],True,1,0,True,True,False,100,100,1221,16,1237,,,913.14,1308,8,1316,0,0,1231.61
bd266feb4eb4d5c831c0,195,gemma-3-27b-reasoning,managed-prompt,subtitle,de,nb,Osmund! Osmund!,Osmund.,"{""c"":""Osmund! Osmund!""}",Osmund! Osmund!,True,1,0,True,True,False,True,,True,,,"{""reason"":""detector_mismatch_uncertain"",""detected"":""de"",""confidence"":1.0}",True,[],"[{""code"":""source_copy_suspected""}]",True,,"{""errors"":[]}",True,[],True,1,0,True,True,False,97,97,1214,11,1225,,,2062.35,1291,8,1299,0,0,1229.1
1171037db23c386af2a5,196,gemma-3-27b-reasoning,managed-prompt,subtitle,de,nb,- Wieso nicht?,- Hvorfor ikke?,"{""c"":""Hvorfor ikke?""}",Hvorfor ikke?,True,1,0,True,True,False,True,,True,,,"{""reason"":""detector_mismatch_uncertain"",""detected"":""da"",""confidence"":1.0}",True,[],[],True,,"{""errors"":[{""category"":""preservation"",""severity"":""minor""}]}",True,"[{""category"":""preservation"",""severity"":""minor""}]",True,1,0,True,True,False,97,97,1213,10,1223,,,710.94,1290,17,1307,0,0,1226.98
a14a7ceb9ab2f42b5b22,197,gemma-3-27b-reasoning,managed-prompt,subtitle,de,nb,"Los, vorwärts.",Kom igjen! Kom igjen! Fortsett!,"{""c"":""Gå, fremover.""}","Gå, fremover.",True,1,0,True,True,False,True,,True,,,"{""reason"":""detector_inconclusive"",""detected"":""da"",""confidence"":0.6991}",True,[],[],True,,"{""errors"":[{""category"":""accuracy"",""severity"":""minor""}]}",True,"[{""category"":""accuracy"",""severity"":""minor""}]",True,1,0,True,True,False,97,97,1213,11,1224,,,858.77,1299,17,1316,0,0,1191.02
28b2f9299a77602a1fd6,198,gemma-3-27b-reasoning,managed-prompt,subtitle,de,nb,Das ist erst der Anfang. - Alles klar.,Dette er bare begynnelsen.,"{""c"":""Dette er bare begynnelsen. - Greit.""}",Dette er bare begynnelsen. - Greit.,True,1,0,True,True,False,True,,True,,True,"{""reason"":""detector_match"",""detected"":""no"",""confidence"":1.0}",True,[],[],True,,"{""errors"":[]}",True,[],True,1,0,True,True,False,100,100,1218,17,1235,,,868.38,1307,8,1315,0,0,1206.85
6e02bd295c372b8c684f,199,gemma-3-27b-reasoning,managed-prompt,subtitle,de,nb,Mom... ist Dad da?,Mamma? Er pappa der?,"{""c"":""Mamma... er pappa der?""}",Mamma... er pappa der?,True,1,0,True,True,False,True,,True,,,"{""reason"":""detector_inconclusive"",""detected"":""it"",""confidence"":0.7143}",True,[],[],True,,"{""errors"":[]}",True,[],True,1,0,True,True,False,100,100,1214,13,1227,,,926.81,1297,8,1305,0,0,1225.42
596714d15cea0b307f46,200,gemma-3-27b-reasoning,managed-prompt,subtitle,en,da,- Preston!,Preston.,"{""c"":""Preston!""}",Preston!,True,1,0,True,True,False,True,,True,,,"{""reason"":""too_short_for_language_detection"",""detected"":null,""confidence"":null}",True,[],[],True,,"{""errors"":[{""category"":""preservation"",""severity"":""minor""}]}",True,"[{""category"":""preservation"",""severity"":""minor""}]",True,1,0,True,True,False,97,97,1211,8,1219,,,760.54,1278,17,1295,0,0,1216.39
f688a76c78bc76358402,201,gemma-3-27b-reasoning,managed-prompt,subtitle,en,da,In a language only I could understand.,"På et sprog, kun jeg kunne forstå.","{""c"":""På et sprog kun jeg kunne forstå.""}",På et sprog kun jeg kunne forstå.,True,1,0,True,True,False,True,,True,,,"{""reason"":""detector_mismatch_uncertain"",""detected"":""no"",""confidence"":1.0}",True,[],[],True,,"{""errors"":[]}",True,[],True,1,0,True,True,False,100,100,1216,14,1230,,,794.98,1300,8,1308,0,0,1154.08
5a8ea019b94e0d638ddc,202,gemma-3-27b-reasoning,managed-prompt,subtitle,en,da,'Cause he is too damn clean.,For han er alt for ren.,"{""c"":""Fordi han er alt for ren.""}",Fordi han er alt for ren.,True,1,0,True,True,False,True,,True,,,"{""reason"":""detector_mismatch_uncertain"",""detected"":""no"",""confidence"":1.0}",True,[],[],True,,"{""errors"":[]}",True,[],True,1,0,True,True,False,100,100,1216,13,1229,,,624.66,1297,8,1305,0,0,2672.25
42d82eefee3598a2611e,203,gemma-3-27b-reasoning,managed-prompt,subtitle,en,da,No more impromptu swimming lessons?,Ikke flere spontane svømmetimer?,"{""c"":""Ingen flere improviserede svømmelektioner?""}",Ingen flere improviserede svømmelektioner?,True,1,0,True,True,False,True,,True,,True,"{""reason"":""detector_match"",""detected"":""da"",""confidence"":1.0}",True,[],[],True,,"{""errors"":[]}",True,[],True,1,0,True,True,False,100,100,1214,17,1231,,,952.09,1303,8,1311,0,0,1263.96
088e3b6d27c2030e724a,204,gemma-3-27b-reasoning,managed-prompt,subtitle,en,da,"Listen, I'm gonna get you out of here.","Hør, jeg får dig ud herfra.","{""c"":""Lyt, jeg skal have dig ud herfra.""}","Lyt, jeg skal have dig ud herfra.",True,1,0,True,True,False,True,,True,,True,"{""reason"":""detector_match"",""detected"":""da"",""confidence"":1.0}",True,[],[],True,,"{""errors"":[]}",True,[],True,1,0,True,True,False,100,100,1220,16,1236,,,857.78,1307,8,1315,0,0,1220.31
480fd315118bac0d25fa,205,gemma-3-27b-reasoning,managed-prompt,subtitle,en,da,I must go.,Jeg må videre!,"{""c"":""Jeg må gå.""}",Jeg må gå.,True,1,0,True,True,False,True,,True,,,"{""reason"":""too_short_for_language_detection"",""detected"":null,""confidence"":null}",True,[],[],True,,"{""errors"":[]}",True,[],True,1,0,True,True,False,100,100,1212,9,1221,,,574.35,1287,8,1295,0,0,1138.79
a1f541de1992e48d49d1,206,gemma-3-27b-reasoning,managed-prompt,subtitle,en,da,"Shredded communications from private contractors working with the DOJ, NSA, CIA, FBI- all the initials.","Ødelagt kommunikation fra private virksomheder, der arbejder med Justitsministeriet, NSA, CIA, FBI... - Alle initialerne.","{""c"":""Strimlede rapporter fra private entreprenører der arbejder med DOJ, NSA, CIA, FBI- alle initialerne.""}","Strimlede rapporter fra private entreprenører der arbejder med DOJ, NSA, CIA, FBI- alle initialerne.",True,1,0,True,True,False,True,,True,,True,"{""reason"":""detector_match"",""detected"":""da"",""confidence"":0.8916}",True,[],[],True,,"{""errors"":[{""category"":""accuracy"",""severity"":""minor""},{""category"":""fluency"",""severity"":""minor""}]}",True,"[{""category"":""accuracy"",""severity"":""minor""},{""category"":""fluency"",""severity"":""minor""}]",True,1,0,True,True,False,94,94,1230,30,1260,,,930.5,1364,27,1391,0,0,1323.23
0c8c61ad8428b0baf096,207,gemma-3-27b-reasoning,managed-prompt,subtitle,en,da,She's right.,Hun har ret.,"{""c"":""Hun har ret.""}",Hun har ret.,True,1,0,True,True,False,True,,True,,,"{""reason"":""detector_mismatch_uncertain"",""detected"":""no"",""confidence"":1.0}",True,[],[],True,,"{""errors"":[]}",True,[],True,1,0,True,True,False,100,100,1213,9,1222,,,761.22,1283,8,1291,0,0,2657.68
8a5a2d80e8596c4d5543,208,gemma-3-27b-reasoning,managed-prompt,subtitle,en,da,No comment.,Ingen kommentarer.,"{""c"":""Ingen kommentar.""}",Ingen kommentar.,True,1,0,True,True,False,True,,True,,,"{""reason"":""detector_mismatch_uncertain"",""detected"":""no"",""confidence"":1.0}",True,[],[],True,,"{""errors"":[]}",True,[],True,1,0,True,True,False,100,100,1211,10,1221,,,576.84,1286,8,1294,0,0,1341.65
bcea1c4e23a81c83f9d5,209,gemma-3-27b-reasoning,managed-prompt,subtitle,en,da,"Do your job, man.","Gør dit arbejde, mand.","{""c"":""Gør dit arbejde, mand.""}","Gør dit arbejde, mand.",True,1,0,True,True,False,True,,True,,True,"{""reason"":""detector_match"",""detected"":""da"",""confidence"":1.0}",True,[],[],True,,"{""errors"":[]}",True,[],True,1,0,True,True,False,100,100,1214,12,1226,,,1112.01,1297,8,1305,0,0,2016.69
373a4fa4669f1b5e26bb,210,gemma-3-27b-reasoning,managed-prompt,subtitle,en,de,Just don't move.,Beweg dich nur nicht.,"{""c"":""Bleib einfach sitzen.""}",Bleib einfach sitzen.,True,1,0,True,True,False,True,,True,,True,"{""reason"":""detector_match"",""detected"":""de"",""confidence"":1.0}",True,[],[],True,,"{""errors"":[{""category"":""accuracy"",""severity"":""minor""}]}",True,"[{""category"":""accuracy"",""severity"":""minor""}]",True,1,0,True,True,False,97,97,1214,10,1224,,,815.1,1293,17,1310,0,0,1243.86
4f1ea01df046d8aa327f,211,gemma-3-27b-reasoning,managed-prompt,subtitle,en,de,You look good to me.,"Ich finde, du siehst gut aus.","{""c"":""Du siehst gut aus.""}",Du siehst gut aus.,True,1,0,True,True,False,True,,True,,True,"{""reason"":""detector_match"",""detected"":""de"",""confidence"":1.0}",True,[],[],True,,"{""errors"":[]}",True,[],True,1,0,True,True,False,100,100,1214,11,1225,,,687.01,1296,8,1304,0,0,1240.67
62b72937f9bd5c259912,212,gemma-3-27b-reasoning,managed-prompt,subtitle,en,de,"Ho, is that the thanks for playing my role so godly?","Ho, ist das der Dank dafür das ich meine Rolle so Göttlich gespielt habe?","{""c"":""Ho, ist das der Dank für mein gottähnliches Rollenspiel?""}","Ho, ist das der Dank für mein gottähnliches Rollenspiel?",True,1,0,True,True,False,True,,True,,True,"{""reason"":""detector_match"",""detected"":""de"",""confidence"":1.0}",True,[],[],True,,"{""errors"":[]}",True,[],True,1,0,True,True,False,100,100,1221,20,1241,,,1076.44,1336,8,1344,0,0,1199.34
51b9af4a26c237acfa74,213,gemma-3-27b-reasoning,managed-prompt,subtitle,en,de,"Yeah, he's been a little off his game lately.",Er ist im Augenblick außer Form.,"{""c"":""Ja, er hat in letzter Zeit ein bisschen nicht sein volles Potenzial ausgeschöpft.""}","Ja, er hat in letzter Zeit ein bisschen nicht sein volles Potenzial ausgeschöpft.",True,1,0,True,True,False,True,,True,,True,"{""reason"":""detector_match"",""detected"":""de"",""confidence"":1.0}",True,[],[],True,,"{""errors"":[]}",True,[],True,1,0,True,True,False,100,100,1221,25,1246,,,1136.0,1322,8,1330,0,0,1195.91
3846b36dd2b396e58aa7,214,gemma-3-27b-reasoning,managed-prompt,subtitle,en,de,We're having fun. We showed aptitude for it.,Wir haben Spaß dran und Talent dazu.,"{""c"":""Wir haben Spaß. Wir haben dafür Talent bewiesen.""}",Wir haben Spaß. Wir haben dafür Talent bewiesen.,True,1,0,True,True,False,True,,True,,True,"{""reason"":""detector_match"",""detected"":""de"",""confidence"":1.0}",True,[],[],True,,"{""errors"":[]}",True,[],True,1,0,True,True,False,100,100,1220,16,1236,,,825.47,1321,8,1329,0,0,1242.34
da19d77763649da0e611,215,gemma-3-27b-reasoning,managed-prompt,subtitle,en,de,"We haven't gone out very long, but I like you more than anyone I've ever dated.","Wir gehen noch nicht lange miteinander, aber ich mag dich mehr als alles auf der Welt.","{""c"":""Wir sind noch nicht lange zusammen, aber ich mag dich mehr als jeden, den ich bisher gedatet habe.""}","Wir sind noch nicht lange zusammen, aber ich mag dich mehr als jeden, den ich bisher gedatet habe.",True,1,0,True,True,False,True,,True,,True,"{""reason"":""detector_match"",""detected"":""de"",""confidence"":1.0}",True,[],[],True,,"{""errors"":[]}",True,[],True,1,0,True,True,False,100,100,1230,27,1257,,,1209.18,1346,8,1354,0,0,1184.2
4a3748832b38c46a4954,216,gemma-3-27b-reasoning,managed-prompt,subtitle,en,de,"If you buy a fake purse, you are supporting a multibillion-dollar business which perpetuates child labor, launders drug cartel money, finances terrorists.","Wenn Sie eine falsche Handtasche kaufen, unterstützen Sie ein Multimilliarden-Geschäft, welches die Kinderarbeit aufrecht erhält, Geld von Drogenkartellen wäscht und Terroristen finanziert.","{""c"":""Wenn du eine gefälschte Handtasche kaufst, unterstützt du ein milliardenschweres Geschäft, das Kinderarbeit fördert, Drogengeldswäsche betreibt und Terroristen finanziert.""}","Wenn du eine gefälschte Handtasche kaufst, unterstützt du ein milliardenschweres Geschäft, das Kinderarbeit fördert, Drogengeldswäsche betreibt und Terroristen finanziert.",True,1,0,True,True,False,True,,True,,True,"{""reason"":""detector_match"",""detected"":""de"",""confidence"":1.0}",True,[],[],True,,"{""errors"":[{""category"":""fluency"",""severity"":""minor""},{""category"":""tone"",""severity"":""minor""}]}",True,"[{""category"":""fluency"",""severity"":""minor""},{""category"":""tone"",""severity"":""minor""}]",True,1,0,True,True,False,94,94,1239,47,1286,,,1210.57,1434,27,1461,0,0,2364.32
e86295de52cad0a087ef,217,gemma-3-27b-reasoning,managed-prompt,subtitle,en,de,You could do anything you want.,"Du könntest tun, was du willst.","{""c"":""Du kannst alles tun, was du willst.""}","Du kannst alles tun, was du willst.",True,1,0,True,True,False,True,,True,,,"{""reason"":""detector_inconclusive"",""detected"":""af"",""confidence"":0.5714}",True,[],[],True,,"{""errors"":[]}",True,[],True,1,0,True,True,False,100,100,1215,14,1229,,,932.06,1303,8,1311,0,0,2016.05
faf3c094a7ba36f7ce37,218,gemma-3-27b-reasoning,managed-prompt,subtitle,en,de,That's OK.,Ist schon gut.,"{""c"":""Das ist in Ordnung.""}",Das ist in Ordnung.,True,1,0,True,True,False,True,,True,,True,"{""reason"":""detector_match"",""detected"":""de"",""confidence"":1.0}",True,[],[],True,,"{""errors"":[]}",True,[],True,1,0,True,True,False,100,100,1213,10,1223,,,661.95,1288,8,1296,0,0,1150.2
a28f5dd3d2bf04c576f5,219,gemma-3-27b-reasoning,managed-prompt,subtitle,en,de,From the inside its easy.,Von innen ist das leicht.,"{""c"":""Von innen heraus ist es einfach.""}",Von innen heraus ist es einfach.,True,1,0,True,True,False,True,,True,,True,"{""reason"":""detector_match"",""detected"":""de"",""confidence"":1.0}",True,[],[],True,,"{""errors"":[]}",True,[],True,1,0,True,True,False,100,100,1214,12,1226,,,937.47,1296,8,1304,0,0,1246.76
88ae865616f00256261a,220,gemma-3-27b-reasoning,managed-prompt,subtitle,en,es,But now...,Pero ahora...,"{""c"":""Pero ahora...""}",Pero ahora...,True,1,0,True,True,False,True,,True,,,"{""reason"":""detector_mismatch_uncertain"",""detected"":""pt"",""confidence"":1.0}",True,[],[],True,,"{""errors"":[]}",True,[],True,1,0,True,True,False,100,100,1211,8,1219,,,882.41,1286,8,1294,0,0,1267.72
d2fd32a2b8c9e8c5f049,221,gemma-3-27b-reasoning,managed-prompt,subtitle,en,es,- Are you sure ?,- ¿Estás seguro?,"{""c"":""¿Estás seguro?""}",¿Estás seguro?,True,1,0,True,True,False,True,,True,,,"{""reason"":""detector_inconclusive"",""detected"":""es"",""confidence"":0.7143}",True,[],[],True,,"{""errors"":[{""category"":""preservation"",""severity"":""minor""}]}",True,"[{""category"":""preservation"",""severity"":""minor""}]",True,1,0,True,True,False,97,97,1213,10,1223,,,774.41,1296,17,1313,0,0,1310.29
0a6e3feefff21016dbca,222,gemma-3-27b-reasoning,managed-prompt,subtitle,en,es,Then forget it.,Entonces olvídalo.,"{""c"":""Olvídalo.""}",Olvídalo.,True,1,0,True,True,False,True,,True,,,"{""reason"":""detector_mismatch_uncertain"",""detected"":""pt"",""confidence"":1.0}",True,[],[],True,,"{""errors"":[]}",True,[],True,1,0,True,True,False,100,100,1212,10,1222,,,565.47,1288,8,1296,0,0,1193.3
173dbbfb2cc21d9cfd07,223,gemma-3-27b-reasoning,managed-prompt,subtitle,en,es,"There's a reason that this is not Vermont, that we don't have kids, and that you are not the mayor.","Hay una razón que no es Vermont, que no tenemos hijos, y de que usted no es el alcalde.","{""c"":""Hay una razón por la que esto no es Vermont, por la que no tenemos hijos y por la que tú no eres el alcalde.""}","Hay una razón por la que esto no es Vermont, por la que no tenemos hijos y por la que tú no eres el alcalde.",True,1,0,True,True,False,True,,True,,True,"{""reason"":""detector_match"",""detected"":""es"",""confidence"":1.0}",True,[],[],True,,"{""errors"":[]}",True,[],True,1,0,True,True,False,100,100,1235,32,1267,,,1237.11,1358,8,1366,0,0,1182.08
afa1303fa84b567477cc,224,gemma-3-27b-reasoning,managed-prompt,subtitle,en,es,Here.,Aquí.,"{""c"":""Aquí.""}",Aquí.,True,1,0,True,True,False,True,,True,,,"{""reason"":""too_short_for_language_detection"",""detected"":null,""confidence"":null}",True,[],[],True,,"{""errors"":[]}",True,[],True,1,0,True,True,False,100,100,1210,7,1217,,,808.92,1281,8,1289,0,0,1156.52
5bbabf39bbc080758a7a,225,gemma-3-27b-reasoning,managed-prompt,subtitle,en,es,"Yeah, I was in that alley with Bobby.","Sí, estaba en ese callejón con Bobby.","{""c"":""Estaba en ese callejón con Bobby.""}",Estaba en ese callejón con Bobby.,True,1,0,True,True,False,True,,True,,True,"{""reason"":""detector_match"",""detected"":""es"",""confidence"":1.0}",True,[],[],True,,"{""errors"":[]}",True,[],True,1,0,True,True,False,100,100,1218,15,1233,,,741.86,1307,8,1315,0,0,1255.81
cc74d70317c9ad789ed4,226,gemma-3-27b-reasoning,managed-prompt,subtitle,en,es,"Sokka, let's go! But we still don't know when the next eclipse is gonna happen. Don't be stupid, we'll find out later.","Zokka vámonos pero aun no sabemos cuando sucederá el siguiente eclipse no seas estúpido lo averiguaremos después no, no lo haremos si abandonamos este lugar nunca lo sabremos","{""c"":""¡Sokka, vamos! Pero todavía no sabemos cuándo ocurrirá el próximo eclipse. No seas tonto, lo averiguaremos más tarde.""}","¡Sokka, vamos! Pero todavía no sabemos cuándo ocurrirá el próximo eclipse. No seas tonto, lo averiguaremos más tarde.",True,1,0,True,True,False,True,,True,,True,"{""reason"":""detector_match"",""detected"":""es"",""confidence"":1.0}",True,[],[],True,,"{""errors"":[]}",True,[],True,1,0,True,True,False,100,100,1244,33,1277,,,872.84,1396,8,1404,0,0,1104.21
3111de55e95a95dfc26f,227,gemma-3-27b-reasoning,managed-prompt,subtitle,en,es,"Honey, you don't wanna do this.","Cariño, no quieres hacer esto.","{""c"":""Cariño, no quieres hacer esto.""}","Cariño, no quieres hacer esto.",True,1,0,True,True,False,True,,True,,True,"{""reason"":""detector_match"",""detected"":""es"",""confidence"":1.0}",True,[],[],True,,"{""errors"":[]}",True,[],True,1,0,True,True,False,100,100,1218,14,1232,,,652.19,1306,8,1314,0,0,1130.39
03847dc8cb4b95a684d5,228,gemma-3-27b-reasoning,managed-prompt,subtitle,en,es,~ Where are you going?,- ¿A dónde escapas?,"{""c"":""¿A dónde vas?""}",¿A dónde vas?,True,1,0,True,True,False,True,,True,,,"{""reason"":""detector_inconclusive"",""detected"":""es"",""confidence"":0.7143}",True,[],[],True,,"{""errors"":[{""category"":""preservation"",""severity"":""minor""}]}",True,"[{""category"":""preservation"",""severity"":""minor""}]",True,1,0,True,True,False,97,97,1214,10,1224,,,726.42,1298,17,1315,0,0,1166.72
45f1f3a25ae734072673,229,gemma-3-27b-reasoning,managed-prompt,subtitle,en,es,You look like a cool little robot.,Te ves como un pequeño robot.,"{""c"":""Pareces un robot genial.""}",Pareces un robot genial.,True,1,0,True,True,False,True,,True,,,"{""reason"":""detector_inconclusive"",""detected"":""ca"",""confidence"":0.8571}",True,[],[],True,,"{""errors"":[{""category"":""accuracy"",""severity"":""minor""}]}",True,"[{""category"":""accuracy"",""severity"":""minor""}]",True,1,0,True,True,False,97,97,1216,11,1227,,,649.36,1296,17,1313,0,0,1353.38
a1a93d0d60e9cc625d31,230,gemma-3-27b-reasoning,managed-prompt,subtitle,en,fr,I'm fine.,Je vais bien.,"{""c"":""Ça va.""}",Ça va.,True,1,0,True,True,False,True,,True,,,"{""reason"":""too_short_for_language_detection"",""detected"":null,""confidence"":null}",True,[],[],True,,"{""errors"":[]}",True,[],True,1,0,True,True,False,100,100,1213,8,1221,,,520.6,1285,8,1293,0,0,1102.44
4442d44478b553d30601,231,gemma-3-27b-reasoning,managed-prompt,subtitle,en,fr,"Uh... Georgina, do you know where Val was going?","Georgina, savez-vous où Val est allée ?","{""c"":""Euh... Georgina, sais-tu où Val allait ?""}","Euh... Georgina, sais-tu où Val allait ?",True,1,0,True,True,False,True,,True,,,"{""reason"":""detector_inconclusive"",""detected"":""fi"",""confidence"":0.5714}",True,[],[],True,,"{""errors"":[]}",True,[],True,1,0,True,True,False,100,100,1221,18,1239,,,1440.89,1321,8,1329,0,0,1187.76
3f9302e321db4e78bf94,232,gemma-3-27b-reasoning,managed-prompt,subtitle,en,fr,"- What, my love?","Quoi, mon amour ?","{""c"":""Quoi, mon amour?""}","Quoi, mon amour?",True,1,0,True,True,False,True,,True,,True,"{""reason"":""detector_match"",""detected"":""fr"",""confidence"":0.8571}",True,[],[],True,,"{""errors"":[{""category"":""fluency"",""severity"":""minor""}]}",True,"[{""category"":""fluency"",""severity"":""minor""}]",True,1,0,True,True,False,97,97,1214,11,1225,,,711.67,1296,18,1314,0,0,1216.64
35ccc90e1d07e76beca3,233,gemma-3-27b-reasoning,managed-prompt,subtitle,en,fr,We've got bigger concerns.,On a de plus gros soucis.,"{""c"":""Nous avons des préoccupations plus importantes.""}",Nous avons des préoccupations plus importantes.,True,1,0,True,True,False,True,,True,,True,"{""reason"":""detector_match"",""detected"":""fr"",""confidence"":1.0}",True,[],[],True,,"{""errors"":[]}",True,[],True,1,0,True,True,False,100,100,1215,13,1228,,,637.28,1299,8,1307,0,0,1218.74
1cedd266b9c5a05c5813,234,gemma-3-27b-reasoning,managed-prompt,subtitle,en,fr,Those guys are the best.,Ces gars sont les meilleurs.,"{""c"":""Ces gars sont les meilleurs.""}",Ces gars sont les meilleurs.,True,1,0,True,True,False,True,,True,,True,"{""reason"":""detector_match"",""detected"":""fr"",""confidence"":1.0}",True,[],[],True,,"{""errors"":[]}",True,[],True,1,0,True,True,False,100,100,1214,11,1225,,,624.4,1293,8,1301,0,0,1225.06
c53a2e11af62d948ab5a,235,gemma-3-27b-reasoning,managed-prompt,subtitle,en,fr,- That's a concession.,- Voilà une concession. - Quoi ?,"{""c"":""C'est une concession.""}",C'est une concession.,True,1,0,True,True,False,True,,True,,True,"{""reason"":""detector_match"",""detected"":""fr"",""confidence"":1.0}",True,[],[],True,,"{""errors"":[{""category"":""preservation"",""severity"":""minor""}]}",True,"[{""category"":""preservation"",""severity"":""minor""}]",True,1,0,True,True,False,97,97,1215,11,1226,,,838.7,1300,17,1317,0,0,1273.44
5ac4a92ea4dbf07b4da1,236,gemma-3-27b-reasoning,managed-prompt,subtitle,en,fr,I followed Taub.,- J'ai suivi Taub.,"{""c"":""J’ai suivi Taub.""}",J’ai suivi Taub.,True,1,0,True,True,False,True,,True,,,"{""reason"":""detector_inconclusive"",""detected"":""et"",""confidence"":0.8571}",True,[],[],True,,"{""errors"":[]}",True,[],True,1,0,True,True,False,100,100,1213,12,1225,,,639.6,1296,8,1304,0,0,1212.5
3c13557d181478fe898f,237,gemma-3-27b-reasoning,managed-prompt,subtitle,en,fr,Hi.,Salut.,"{""c"":""Salut.""}",Salut.,True,1,0,True,True,False,True,,True,,,"{""reason"":""too_short_for_language_detection"",""detected"":null,""confidence"":null}",True,[],[],True,,"{""errors"":[]}",True,[],True,1,0,True,True,False,100,100,1210,7,1217,,,596.4,1281,8,1289,0,0,1329.77
8a6f284755cd01fb6d43,238,gemma-3-27b-reasoning,managed-prompt,subtitle,en,fr,A serbian man who has invented A sex machine for women.,Un Serbe qui a inventé une machine sexuelle pour les femmes.,"{""c"":""Un Serbe a inventé une machine à sexe pour femmes.""}",Un Serbe a inventé une machine à sexe pour femmes.,True,1,0,True,True,False,True,,True,,True,"{""reason"":""detector_match"",""detected"":""fr"",""confidence"":1.0}",True,[],[],True,,"{""errors"":[{""category"":""accuracy"",""severity"":""minor""},{""category"":""fluency"",""severity"":""minor""}]}",True,"[{""category"":""accuracy"",""severity"":""minor""},{""category"":""fluency"",""severity"":""minor""}]",True,1,0,True,True,False,94,94,1221,18,1239,,,675.28,1316,27,1343,0,0,1360.92
8e12ce5d5e638c995c64,239,gemma-3-27b-reasoning,managed-prompt,subtitle,en,fr,"I started to pray because I often find consolation in my faith, and, one day... I heard a voice.","J'ai commencé à prier car j'ai souvent trouvé du réconfort dans ma Foi et... un jour, j'ai entendu une voix.","{""c"":""J'ai commencé à prier car je trouve souvent du réconfort dans ma foi, et un jour... j'ai entendu une voix.""}","J'ai commencé à prier car je trouve souvent du réconfort dans ma foi, et un jour... j'ai entendu une voix.",True,1,0,True,True,False,True,,True,,True,"{""reason"":""detector_match"",""detected"":""fr"",""confidence"":1.0}",True,[],[],True,,"{""errors"":[]}",True,[],True,1,0,True,True,False,100,100,1231,35,1266,,,937.21,1371,8,1379,0,0,1243.28
f00299000021754f29fb,240,gemma-3-27b-reasoning,managed-prompt,subtitle,en,it,Get an ambulance!,- Chiamate un'ambulanza!,"{""c"":""Chiama un'ambulanza!""}",Chiama un'ambulanza!,True,1,0,True,True,False,True,,True,,,"{""reason"":""detector_mismatch_uncertain"",""detected"":""sw"",""confidence"":1.0}",True,[],[],True,,"{""errors"":[]}",True,[],True,1,0,True,True,False,100,100,1212,12,1224,,,604.01,1293,8,1301,0,0,1072.05
63150feee275f1cf3e48,241,gemma-3-27b-reasoning,managed-prompt,subtitle,en,it,- C'mon!,Forza!,"{""c"":""Dai!\""""}","Dai!""",True,1,0,True,True,False,True,,True,,,"{""reason"":""too_short_for_language_detection"",""detected"":null,""confidence"":null}",True,[],[],True,,"{""errors"":[{""category"":""preservation"",""severity"":""minor""}]}",True,"[{""category"":""preservation"",""severity"":""minor""}]",True,1,0,True,True,False,97,97,1213,8,1221,,,538.8,1285,17,1302,0,0,1334.53
34c99e544be1ca0b40b3,242,gemma-3-27b-reasoning,managed-prompt,subtitle,en,it,Your members want to be better?,- I suoi membri vogliono migliorare?,"{""c"":""I tuoi membri vogliono migliorare?""}",I tuoi membri vogliono migliorare?,True,1,0,True,True,False,True,,True,,True,"{""reason"":""detector_match"",""detected"":""it"",""confidence"":1.0}",True,[],[],True,,"{""errors"":[]}",True,[],True,1,0,True,True,False,100,100,1215,11,1226,,,581.41,1304,8,1312,0,0,1252.18
0768b9324c013cc035d7,243,gemma-3-27b-reasoning,managed-prompt,subtitle,en,it,"Your friend, he insults me.",Il tuo amico mi sta insultando.,"{""c"":""Il mio amico, mi insulta.""}","Il mio amico, mi insulta.",True,1,0,True,True,False,True,,True,,True,"{""reason"":""detector_match"",""detected"":""it"",""confidence"":1.0}",True,[],[],True,,"{""errors"":[{""category"":""accuracy"",""severity"":""major""}]}",False,"[{""category"":""accuracy"",""severity"":""major""}]",True,1,0,True,True,False,85,85,1215,13,1228,,,594.71,1300,17,1317,0,0,1156.93
cb4188bd030a67dc7c36,244,gemma-3-27b-reasoning,managed-prompt,subtitle,en,it,Carrie was.,Era Carrie.,"{""c"":""Carrie era.""}",Carrie era.,True,1,0,True,True,False,True,,True,,,"{""reason"":""detector_mismatch_uncertain"",""detected"":""es"",""confidence"":1.0}",True,[],[],True,,"{""errors"":[]}",True,[],True,1,0,True,True,False,100,100,1211,8,1219,,,1083.38,1286,8,1294,0,0,1220.38
1356bead2bcdf89dc46a,245,gemma-3-27b-reasoning,managed-prompt,subtitle,en,it,"Well, it's definitely Solano.",E' decisamente Solano.,"{""c"":""Beh, è decisamente Solano.""}","Beh, è decisamente Solano.",True,1,0,True,True,False,True,,True,,True,"{""reason"":""detector_match"",""detected"":""it"",""confidence"":1.0}",True,[],[],True,,"{""errors"":[]}",True,[],True,1,0,True,True,False,100,100,1217,14,1231,,,865.96,1299,8,1307,0,0,1177.11
fae85870eb9626886d75,246,gemma-3-27b-reasoning,managed-prompt,subtitle,en,it,"I just overheard Victor and Rocco talking, and they actually killed that kid two decades ago.",Ho appena sentito per caso parlare Victor e Rocco. Hanno ucciso veramente quel bambino vent'anni fa.,"{""c"":""Ho appena sentito Victor e Rocco parlare, e hanno davvero ucciso quel ragazzo due decenni fa.""}","Ho appena sentito Victor e Rocco parlare, e hanno davvero ucciso quel ragazzo due decenni fa.",True,1,0,True,True,False,True,,True,,True,"{""reason"":""detector_match"",""detected"":""it"",""confidence"":1.0}",True,[],[],True,,"{""errors"":[]}",True,[],True,1,0,True,True,False,100,100,1226,25,1251,,,1320.93,1356,8,1364,0,0,1123.98
3ccba6a8135b25a9f3c1,247,gemma-3-27b-reasoning,managed-prompt,subtitle,en,it,"Cellulite, plastic surgery, hero pets, those are not covers.","Cellulite, chirurgia plastica e animali eroici non sono da copertina.","{""c"":""Cellulite, chirurgia plastica, animali domestici eroici, quelli non sono coperture.""}","Cellulite, chirurgia plastica, animali domestici eroici, quelli non sono coperture.",True,1,0,True,True,False,True,,True,,True,"{""reason"":""detector_match"",""detected"":""it"",""confidence"":1.0}",True,[],[],True,,"{""errors"":[{""category"":""accuracy"",""severity"":""major""},{""category"":""fluency"",""severity"":""minor""}]}",False,"[{""category"":""accuracy"",""severity"":""major""},{""category"":""fluency"",""severity"":""minor""}]",True,1,0,True,True,False,82,82,1223,26,1249,,,1153.45,1337,27,1364,0,0,1300.98
40cbac6e04c55bc6c3ac,248,gemma-3-27b-reasoning,managed-prompt,subtitle,en,it,We can figure this out as we go along.,Possiamo capirlo man mano che andiamo avanti.,"{""c"":""Possiamo capirlo strada facendo.""}",Possiamo capirlo strada facendo.,True,1,0,True,True,False,True,,True,,,"{""reason"":""detector_mismatch_uncertain"",""detected"":""pt"",""confidence"":1.0}",True,[],[],True,,"{""errors"":[]}",True,[],True,1,0,True,True,False,100,100,1218,12,1230,,,1345.2,1309,8,1317,0,0,1153.7
30f6950e16d0bb795e69,249,gemma-3-27b-reasoning,managed-prompt,subtitle,en,it,YOU ARE.,Sei.,"{""c"":""Sono pronto a tradurre. Invia il testo.""}",Sono pronto a tradurre. Invia il testo.,True,1,0,True,True,False,True,,True,,True,"{""reason"":""detector_match"",""detected"":""it"",""confidence"":1.0}",True,[],[],True,,"{""errors"":[{""category"":""accuracy"",""severity"":""critical""}]}",False,"[{""category"":""accuracy"",""severity"":""critical""}]",True,1,0,True,True,False,60,60,1211,16,1227,,,894.6,1293,17,1310,0,0,1270.58
f9817d6a4d0473dc87b9,250,gemma-3-27b-reasoning,managed-prompt,subtitle,en,jp,Charlie!,チャーリー！ チャーリー！,"{""c"":""チャーリー！""}",チャーリー！,True,1,0,True,True,False,True,,True,,True,"{""reason"":""target_script_present"",""detected"":""ja"",""confidence"":1.0}",True,[],[],True,,"{""errors"":[]}",True,[],True,1,0,True,True,False,100,100,1210,8,1218,,,1145.73,1294,8,1302,0,0,1087.36
3c086ea2904552d73ee7,251,gemma-3-27b-reasoning,managed-prompt,subtitle,en,jp,How did you two meet?,どのように2会うたのですか？,"{""c"":""あなたたちはどうやって知り合ったの？""}",あなたたちはどうやって知り合ったの？,True,1,0,True,True,False,True,,True,,True,"{""reason"":""target_script_present"",""detected"":""ja"",""confidence"":1.0}",True,[],[],True,,"{""errors"":[]}",True,[],True,1,0,True,True,False,100,100,1214,13,1227,,,584.41,1308,8,1316,0,0,1161.18
66a335635a966e5bf9d9,252,gemma-3-27b-reasoning,managed-prompt,subtitle,en,jp,Dad.,パパ！,"{""c"":""パパ。""}",パパ。,True,1,0,True,True,False,True,,True,,True,"{""reason"":""target_script_present"",""detected"":""ja"",""confidence"":1.0}",True,[],[],True,,"{""errors"":[]}",True,[],True,1,0,True,True,False,100,100,1210,8,1218,,,591.52,1283,8,1291,0,0,1085.43
d65c1a94b614ba462441,253,gemma-3-27b-reasoning,managed-prompt,subtitle,en,jp,Previously on Z Nation.,前回までの Z Nation は,"{""c"":""Zネーションの以前に。""}",Zネーションの以前に。,True,1,0,True,True,False,True,,True,,True,"{""reason"":""target_script_present"",""detected"":""ja"",""confidence"":1.0}",True,[],[],True,,"{""errors"":[{""category"":""fluency"",""severity"":""major""},{""category"":""accuracy"",""severity"":""minor""}]}",False,"[{""category"":""fluency"",""severity"":""major""},{""category"":""accuracy"",""severity"":""minor""}]",True,1,0,True,True,False,82,82,1213,12,1225,,,906.83,1295,27,1322,0,0,1331.83
5691e88c966eecbcb532,254,gemma-3-27b-reasoning,managed-prompt,subtitle,en,jp,"You know, you were right.",君が正しかったよ,"{""c"":""そうですね、あなたは正しかった。""}",そうですね、あなたは正しかった。,True,1,0,True,True,False,True,,True,,True,"{""reason"":""target_script_present"",""detected"":""ja"",""confidence"":1.0}",True,[],[],True,,"{""errors"":[{""category"":""tone"",""severity"":""minor""}]}",True,"[{""category"":""tone"",""severity"":""minor""}]",True,1,0,True,True,False,97,97,1215,12,1227,,,775.65,1302,17,1319,0,0,1282.99
cf2697397fe68400b4a3,255,gemma-3-27b-reasoning,managed-prompt,subtitle,en,jp,He probably didn't sleep. -Yesterday? -Yesterday.,（ありさ） 多分 寝てないんだね 昨日,"{""c"":""たぶん寝てないね。-昨日？-昨日。""}",たぶん寝てないね。-昨日？-昨日。,True,1,0,True,True,False,True,,True,,True,"{""reason"":""target_script_present"",""detected"":""ja"",""confidence"":1.0}",True,[],[],True,,"{""errors"":[]}",True,[],True,1,0,True,True,False,100,100,1221,18,1239,,,907.46,1326,8,1334,0,0,1271.79
73bde305cb7fb3e44ac6,256,gemma-3-27b-reasoning,managed-prompt,subtitle,en,jp,You're...,あなたが...,"{""c"":""準備はいい？""}",準備はいい？,True,1,0,True,True,False,True,,True,,True,"{""reason"":""target_script_present"",""detected"":""ja"",""confidence"":1.0}",True,[],[],True,,"{""errors"":[]}",True,[],True,1,0,True,True,False,100,100,1212,9,1221,,,668.41,1287,8,1295,0,0,2276.68
c217d2a0f1ae1d7b693b,257,gemma-3-27b-reasoning,managed-prompt,subtitle,en,jp,"Ehi, before you get in the car, you have to promise not to kill me. Why? What did you do?",乗る前に　私を殺さないって 約束してよね,"{""c"":""ねえ、車に乗る前に、私を殺さないって約束して。どうしたの？何をしたの？""}",ねえ、車に乗る前に、私を殺さないって約束して。どうしたの？何をしたの？,True,1,0,True,True,False,True,,True,,True,"{""reason"":""target_script_present"",""detected"":""ja"",""confidence"":1.0}",True,[],[],True,,"{""errors"":[]}",True,[],True,1,0,True,True,False,100,100,1234,29,1263,,,1128.47,1356,8,1364,0,0,1206.45
0bc42e5b73b4ede87a2f,258,gemma-3-27b-reasoning,managed-prompt,subtitle,en,jp,They follow orders.,彼等は命令に従う,"{""c"":""彼らは命令に従います。""}",彼らは命令に従います。,True,1,0,True,True,False,True,,True,,True,"{""reason"":""target_script_present"",""detected"":""ja"",""confidence"":1.0}",True,[],[],True,,"{""errors"":[]}",True,[],True,1,0,True,True,False,100,100,1212,11,1223,,,615.15,1296,8,1304,0,0,1097.8
6b556952dedac3f517b6,259,gemma-3-27b-reasoning,managed-prompt,subtitle,en,jp,What?,何?,"{""c"":""何？""}",何？,True,1,0,True,True,False,True,,True,,,"{""reason"":""too_short_for_language_detection"",""detected"":null,""confidence"":null}",True,[],[],True,,"{""errors"":[]}",True,[],True,1,0,True,True,False,100,100,1210,7,1217,,,652.38,1279,8,1287,0,0,1114.46
924c247f2578454dccd9,260,gemma-3-27b-reasoning,managed-prompt,subtitle,en,nl,- Maybe they're not because they're all dead!,Misschien omdat ze allemaal dood zijn!,"{""c"":""Misschien zijn ze er niet omdat ze allemaal dood zijn!""}",Misschien zijn ze er niet omdat ze allemaal dood zijn!,True,1,0,True,True,False,True,,True,,True,"{""reason"":""detector_match"",""detected"":""nl"",""confidence"":1.0}",True,[],[],True,,"{""errors"":[]}",True,[],True,1,0,True,True,False,100,100,1221,17,1238,,,1006.39,1310,8,1318,0,0,1218.92
bf711afd01b599b2ddb4,261,gemma-3-27b-reasoning,managed-prompt,subtitle,en,nl,Have you seen the rats or have you just heard scratching?,"Heeft u de ratten gezien, of heeft u ze horen krabben?","{""c"":""Heb je de ratten gezien, of heb je alleen maar gekras gehoord?""}","Heb je de ratten gezien, of heb je alleen maar gekras gehoord?",True,1,0,True,True,False,True,,True,,True,"{""reason"":""detector_match"",""detected"":""nl"",""confidence"":1.0}",True,[],[],True,,"{""errors"":[]}",True,[],True,1,0,True,True,False,100,100,1220,23,1243,,,1000.39,1327,8,1335,0,0,1144.8
4ec05ea41a5efabb3aa3,262,gemma-3-27b-reasoning,managed-prompt,subtitle,en,nl,"Genetic manipulation, obviously, but what kind?","Genetische manipulatie, maar hoe?","{""c"":""Genetische manipulatie, uiteraard, maar welke soort?""}","Genetische manipulatie, uiteraard, maar welke soort?",True,1,0,True,True,False,True,,True,,True,"{""reason"":""detector_match"",""detected"":""nl"",""confidence"":1.0}",True,[],[],True,,"{""errors"":[]}",True,[],True,1,0,True,True,False,100,100,1217,19,1236,,,977.52,1311,8,1319,0,0,1390.24
1d8dc5015f6cb18d211f,263,gemma-3-27b-reasoning,managed-prompt,subtitle,en,nl,Didn't it bother you that he was more popular?,Vond u het erg dat hij populairder was?,"{""c"":""Stoorde het je niet dat hij populairder was?""}",Stoorde het je niet dat hij populairder was?,True,1,0,True,True,False,True,,True,,True,"{""reason"":""detector_match"",""detected"":""nl"",""confidence"":1.0}",True,[],[],True,,"{""errors"":[]}",True,[],True,1,0,True,True,False,100,100,1220,17,1237,,,1011.92,1313,8,1321,0,0,1143.38
3278d4d2778596c1596c,264,gemma-3-27b-reasoning,managed-prompt,subtitle,en,nl,This man asked me to do terrible things.,Die man vroeg mij om vreselijke dingen te doen.,"{""c"":""Deze man vroeg me om vreselijke dingen te doen.""}",Deze man vroeg me om vreselijke dingen te doen.,True,1,0,True,True,False,True,,True,,True,"{""reason"":""detector_match"",""detected"":""nl"",""confidence"":1.0}",True,[],[],True,,"{""errors"":[]}",True,[],True,1,0,True,True,False,100,100,1217,17,1234,,,799.52,1311,8,1319,0,0,1288.42
ecd3ac117766bf9e603b,265,gemma-3-27b-reasoning,managed-prompt,subtitle,en,nl,Just let me get a look at you!,Laat me je eens bekijken!,"{""c"":""Laat me je even bewonderen!""}",Laat me je even bewonderen!,True,1,0,True,True,False,True,,True,,True,"{""reason"":""detector_match"",""detected"":""nl"",""confidence"":1.0}",True,[],[],True,,"{""errors"":[]}",True,[],True,1,0,True,True,False,100,100,1217,14,1231,,,1007.14,1301,8,1309,0,0,1236.02
118c800ffd321c4019df,266,gemma-3-27b-reasoning,managed-prompt,subtitle,en,nl,"Jesus, Sam.","O Jesus, Sam.","{""c"":""Jezus, Sam.""}","Jezus, Sam.",True,1,0,True,True,False,True,,True,,,"{""reason"":""detector_mismatch_uncertain"",""detected"":""de"",""confidence"":1.0}",True,[],[],True,,"{""errors"":[]}",True,[],True,1,0,True,True,False,100,100,1212,11,1223,,,683.03,1286,8,1294,0,0,1183.23
33d1fa21da5bf1bb99dc,267,gemma-3-27b-reasoning,managed-prompt,subtitle,en,nl,The tree's too heavy.,De boom is te zwaar.,"{""c"":""De boom is te zwaar.""}",De boom is te zwaar.,True,1,0,True,True,False,True,,True,,True,"{""reason"":""detector_match"",""detected"":""nl"",""confidence"":1.0}",True,[],[],True,,"{""errors"":[]}",True,[],True,1,0,True,True,False,100,100,1215,12,1227,,,604.39,1291,8,1299,0,0,1204.12
24235be06c8c74093000,268,gemma-3-27b-reasoning,managed-prompt,subtitle,en,nl,"Mama, stop.","Mama, stop.","{""c"":""Mama, stop.""}","Mama, stop.",True,1,0,True,True,False,True,,True,,,"{""reason"":""detector_inconclusive"",""detected"":""hr"",""confidence"":0.8571}",True,[],[],True,,"{""errors"":[]}",True,[],True,1,0,True,True,False,100,100,1212,9,1221,,,636.93,1286,8,1294,0,0,1234.41
33be56243fcb74625172,269,gemma-3-27b-reasoning,managed-prompt,subtitle,en,nl,"Aw, Grace is pretty upset about not being able to do this town photo.",Grace is echt van streek omdat ze dit stadsfoto projekt niet kan doen.,"{""c"":""Och, Grace is behoorlijk overstuur omdat ze deze stadsfoto niet kan maken.""}","Och, Grace is behoorlijk overstuur omdat ze deze stadsfoto niet kan maken.",True,1,0,True,True,False,True,,True,,True,"{""reason"":""detector_match"",""detected"":""nl"",""confidence"":1.0}",True,[],[],True,,"{""errors"":[]}",True,[],True,1,0,True,True,False,100,100,1224,26,1250,,,1248.35,1329,8,1337,0,0,1247.55
05808ed1170a87dc3897,270,gemma-3-27b-reasoning,managed-prompt,subtitle,en,nb,How... How do we know who's won?,Hvordan vet vi hvem som vinner?,"{""c"":""Hvordan... hvordan vet vi hvem som har vunnet?""}",Hvordan... hvordan vet vi hvem som har vunnet?,True,1,0,True,True,False,True,,True,,,"{""reason"":""detector_inconclusive"",""detected"":""no"",""confidence"":0.7445}",True,[],[],True,,"{""errors"":[]}",True,[],True,1,0,True,True,False,100,100,1219,18,1237,,,1031.71,1312,8,1320,0,0,1213.57
cf2dc0cf78f3aa8c602b,271,gemma-3-27b-reasoning,managed-prompt,subtitle,en,nb,"Come, Sonja!","Kom, Sonja!","{""c"":""Kom, Sonja!""}","Kom, Sonja!",True,1,0,True,True,False,True,,True,,,"{""reason"":""detector_mismatch_uncertain"",""detected"":""hr"",""confidence"":1.0}",True,[],[],True,,"{""errors"":[]}",True,[],True,1,0,True,True,False,100,100,1212,9,1221,,,679.59,1291,8,1299,0,0,1196.68
17b9bd05188561b462c1,272,gemma-3-27b-reasoning,managed-prompt,subtitle,en,nb,"Dad, by the time you get back from your business trip, I'll be in South Africa.","Pappa, når du kommer tilbake fra forretningsreisen, er jeg i Sør-Afrika.","{""c"":""Pappa, når du kommer tilbake fra forretningsreisen din, vil jeg være i Sør-Afrika.""}","Pappa, når du kommer tilbake fra forretningsreisen din, vil jeg være i Sør-Afrika.",True,1,0,True,True,False,True,,True,,True,"{""reason"":""detector_match"",""detected"":""no"",""confidence"":1.0}",True,[],[],True,,"{""errors"":[]}",True,[],True,1,0,True,True,False,100,100,1229,29,1258,,,1007.64,1345,8,1353,0,0,1215.03
c07b1c81631fe9ef86bf,273,gemma-3-27b-reasoning,managed-prompt,subtitle,en,nb,With all of us trapped under this thing? Isn't it? You don't know that.,- Med oss alle fanget under denne tingen?,"{""c"":""Er vi ikke alle fanget under denne tingen? Det er ikke sant? Du vet ikke det.""}",Er vi ikke alle fanget under denne tingen? Det er ikke sant? Du vet ikke det.,True,1,0,True,True,False,True,,True,,True,"{""reason"":""detector_match"",""detected"":""no"",""confidence"":0.9907}",True,[],[],True,,"{""errors"":[{""category"":""accuracy"",""severity"":""major""}]}",False,"[{""category"":""accuracy"",""severity"":""major""}]",True,1,0,True,True,False,85,85,1229,26,1255,,,958.43,1325,17,1342,0,0,1262.88
f7acbe6815ce58ea6a82,274,gemma-3-27b-reasoning,managed-prompt,subtitle,en,nb,The undead surround me.,De udøde omgir meg.,"{""c"":""De døde omringer meg.""}",De døde omringer meg.,True,1,0,True,True,False,True,,True,,,"{""reason"":""detector_inconclusive"",""detected"":""no"",""confidence"":0.7031}",True,[],[],True,,"{""errors"":[{""category"":""terminology"",""severity"":""minor""}]}",True,"[{""category"":""terminology"",""severity"":""minor""}]",True,1,0,True,True,False,97,97,1213,11,1224,,,871.22,1294,17,1311,0,0,1324.26
2ee7bf51eac3cebbc015,275,gemma-3-27b-reasoning,managed-prompt,subtitle,en,nb,Please help me find her.,Hjelp meg med å finne henne.,"{""c"":""Hjelp meg å finne henne.""}",Hjelp meg å finne henne.,True,1,0,True,True,False,True,,True,,True,"{""reason"":""detector_match"",""detected"":""no"",""confidence"":1.0}",True,[],[],True,,"{""errors"":[]}",True,[],True,1,0,True,True,False,100,100,1214,13,1227,,,720.68,1300,8,1308,0,0,1175.01
79a8f4e4c9d021cfaa97,276,gemma-3-27b-reasoning,managed-prompt,subtitle,en,nb,Some have grown a bit since last time.,Noen har vokset litt siden sist.,"{""c"":""Noen har vokst litt siden sist.""}",Noen har vokst litt siden sist.,True,1,0,True,True,False,True,,True,,True,"{""reason"":""detector_match"",""detected"":""no"",""confidence"":1.0}",True,[],[],True,,"{""errors"":[]}",True,[],True,1,0,True,True,False,100,100,1217,14,1231,,,717.46,1306,8,1314,0,0,1415.17
243b412443173ed5fcdd,277,gemma-3-27b-reasoning,managed-prompt,subtitle,en,nb,So if anybody knows what happened to ronnie...,Så hvis noen vet hva som skjedde med Ronnie...,"{""c"":""Hvis noen vet hva som skjedde med ronnie...""}",Hvis noen vet hva som skjedde med ronnie...,True,1,0,True,True,False,True,,True,,True,"{""reason"":""detector_match"",""detected"":""no"",""confidence"":1.0}",True,[],[],True,,"{""errors"":[]}",True,[],True,1,0,True,True,False,100,100,1218,17,1235,,,1002.0,1317,8,1325,0,0,1226.53
e7255be1cea67e153d12,278,gemma-3-27b-reasoning,managed-prompt,subtitle,en,nb,- I'm sorry.,Beklager.,"{""c"":""Beklager.""}",Beklager.,True,1,0,True,True,False,True,,True,,True,"{""reason"":""detector_match"",""detected"":""no"",""confidence"":1.0}",True,[],[],True,,"{""errors"":[]}",True,[],True,1,0,True,True,False,100,100,1214,8,1222,,,889.56,1286,8,1294,0,0,1246.36
77d21bedb57bd81bdfe6,279,gemma-3-27b-reasoning,managed-prompt,subtitle,en,nb,"No, Inspector.","Nei , Inspector .","{""c"":""Nei, inspektør.""}","Nei, inspektør.",True,1,0,True,True,False,True,,True,,True,"{""reason"":""detector_match"",""detected"":""no"",""confidence"":1.0}",True,[],[],True,,"{""errors"":[]}",True,[],True,1,0,True,True,False,100,100,1212,12,1224,,,769.46,1288,8,1296,0,0,1198.03
c76483f4c7bb3fe4488f,280,gemma-3-27b-reasoning,managed-prompt,subtitle,es,da,"Hijo, ¡no vas a creerlo!","Knægt, du vil ikke tro det.","{""c"":""Søn, du vil ikke tro det!""}","Søn, du vil ikke tro det!",True,1,0,True,True,False,True,,True,,True,"{""reason"":""detector_match"",""detected"":""da"",""confidence"":1.0}",True,[],[],True,,"{""errors"":[]}",True,[],True,1,0,True,True,False,100,100,1218,14,1232,,,645.46,1307,8,1315,0,0,1249.3
793864f855af5bf9c351,281,gemma-3-27b-reasoning,managed-prompt,subtitle,es,da,¡Papi!,Far!,"{""c"":""¡Papi!""}",¡Papi!,True,1,0,True,True,False,True,,True,,,"{""reason"":""too_short_for_language_detection"",""detected"":null,""confidence"":null}",True,[],"[{""code"":""source_copy_suspected""}]",True,,"{""errors"":[{""category"":""accuracy"",""severity"":""major""}]}",False,"[{""category"":""accuracy"",""severity"":""major""}]",True,1,0,True,True,False,82,82,1212,9,1221,,,1057.32,1285,17,1302,0,0,1196.04
3a7f24c8eab327b1605f,282,gemma-3-27b-reasoning,managed-prompt,subtitle,es,da,"¡Laurie, cállate! ¿Sabes lo que hará Ethan si tiene oportunidad?","Ved du, hvad Ethan vil gøre, hvis han får chancen?","{""c"":""¡Laurie, tie stille! Ved du, hvad Ethan vil gøre, hvis han får chancen?""}","¡Laurie, tie stille! Ved du, hvad Ethan vil gøre, hvis han får chancen?",True,1,0,True,True,False,True,,True,,True,"{""reason"":""detector_match"",""detected"":""da"",""confidence"":1.0}",True,[],[],True,,"{""errors"":[{""category"":""preservation"",""severity"":""minor""},{""category"":""fluency"",""severity"":""minor""}]}",True,"[{""category"":""preservation"",""severity"":""minor""},{""category"":""fluency"",""severity"":""minor""}]",True,1,0,True,True,False,94,94,1226,25,1251,,,986.08,1350,27,1377,0,0,1349.01
11dcc29e394016cd514c,283,gemma-3-27b-reasoning,managed-prompt,subtitle,es,da,Menos mal que tienes el pelo largo,"Godt, du har langt hår.","{""c"":""Heldigt at du har langt hår"" }",Heldigt at du har langt hår,True,1,0,True,True,False,True,,True,,True,"{""reason"":""detector_match"",""detected"":""da"",""confidence"":1.0}",True,[],[],True,,"{""errors"":[]}",True,[],True,1,0,True,True,False,100,100,1216,13,1229,,,662.23,1304,8,1312,0,0,1213.97
eccecda61cc0dd3e79f8,284,gemma-3-27b-reasoning,managed-prompt,subtitle,es,da,- Rechazó el tratamiento.,- Hun afslår behandling.,"{""c"":""Han afviste behandlingen.""}",Han afviste behandlingen.,True,1,0,True,True,False,True,,True,,True,"{""reason"":""detector_match"",""detected"":""da"",""confidence"":1.0}",True,[],[],True,,"{""errors"":[{""category"":""accuracy"",""severity"":""major""},{""category"":""accuracy"",""severity"":""minor""}]}",False,"[{""category"":""accuracy"",""severity"":""major""},{""category"":""accuracy"",""severity"":""minor""}]",True,1,0,True,True,False,82,82,1215,12,1227,,,602.61,1295,26,1321,0,0,1425.68
701f0169def72083f496,285,gemma-3-27b-reasoning,managed-prompt,subtitle,es,da,"- ¡Bien, sí! Auténtico. Está fuera de la ciudad, pero...","Det ligger lidt uden for byen, men...","{""c"":""Godt, ja! Ægte. Det er uden for byen, men...""}","Godt, ja! Ægte. Det er uden for byen, men...",True,1,0,True,True,False,True,,True,,True,"{""reason"":""detector_match"",""detected"":""da"",""confidence"":1.0}",True,[],[],True,,"{""errors"":[]}",True,[],True,1,0,True,True,False,100,100,1226,21,1247,,,824.35,1326,8,1334,0,0,1109.61
0894586fa86c8730d211,286,gemma-3-27b-reasoning,managed-prompt,subtitle,es,da,¿Es él?,Er det ham?,"{""c"":""Er han?""}",Er han?,True,1,0,True,True,False,True,,True,,,"{""reason"":""too_short_for_language_detection"",""detected"":null,""confidence"":null}",True,[],[],True,,"{""errors"":[]}",True,[],True,1,0,True,True,False,100,100,1212,8,1220,,,647.63,1285,8,1293,0,0,1350.18
bf868f3f25ce46675f0e,287,gemma-3-27b-reasoning,managed-prompt,subtitle,es,da,"Lo siento, pero esto no está funcionando.","Jeg er ked af det, men det her går ikke.","{""c"":""Jeg er ked af det, men dette virker ikke.""}","Jeg er ked af det, men dette virker ikke.",True,1,0,True,True,False,True,,True,,True,"{""reason"":""detector_match"",""detected"":""da"",""confidence"":1.0}",True,[],[],True,,"{""errors"":[]}",True,[],True,1,0,True,True,False,100,100,1217,17,1234,,,777.07,1310,8,1318,0,0,1227.62
f41af4378b605df1875b,288,gemma-3-27b-reasoning,managed-prompt,subtitle,es,da,Y soy muy bueno con mis manos.,Og jeg er dy gtig med hænderne.,"{""c"":""Og jeg er meget god med mine hænder.""}",Og jeg er meget god med mine hænder.,True,1,0,True,True,False,True,,True,,True,"{""reason"":""detector_match"",""detected"":""da"",""confidence"":1.0}",True,[],[],True,,"{""errors"":[]}",True,[],True,1,0,True,True,False,100,100,1216,15,1231,,,844.11,1306,8,1314,0,0,1327.55
dc384bb8ad7a8ffc15f5,289,gemma-3-27b-reasoning,managed-prompt,subtitle,es,da,"Ves, es que estamos ocupados.",Vi har travlt.,"{""c"":""Ja, vi er bare optaget.""}","Ja, vi er bare optaget.",True,1,0,True,True,False,True,,True,,True,"{""reason"":""detector_match"",""detected"":""da"",""confidence"":1.0}",True,[],[],True,,"{""errors"":[{""category"":""accuracy"",""severity"":""minor""}]}",True,"[{""category"":""accuracy"",""severity"":""minor""}]",True,1,0,True,True,False,97,97,1217,13,1230,,,642.37,1296,17,1313,0,0,1325.43
e0e8979b296a3cbbed80,290,gemma-3-27b-reasoning,managed-prompt,subtitle,es,de,¿Qué te dijo?,Was hat sie dir gesagt?,"{""c"":""Was hat er dir gesagt?""}",Was hat er dir gesagt?,True,1,0,True,True,False,True,,True,,,"{""reason"":""detector_inconclusive"",""detected"":""de"",""confidence"":0.5714}",True,[],[],True,,"{""errors"":[]}",True,[],True,1,0,True,True,False,100,100,1213,11,1224,,,610.43,1296,8,1304,0,0,1235.3
889da38634cbabdbce76,291,gemma-3-27b-reasoning,managed-prompt,subtitle,es,de,- ¿Qué significa eso?,- Was heißt das?,"{""c"":""Was bedeutet das?""}",Was bedeutet das?,True,1,0,True,True,False,True,,True,,True,"{""reason"":""detector_match"",""detected"":""de"",""confidence"":1.0}",True,[],[],True,,"{""errors"":[]}",True,[],True,1,0,True,True,False,100,100,1214,9,1223,,,616.47,1296,8,1304,0,0,1396.61
6abc2461948da32a06e3,292,gemma-3-27b-reasoning,managed-prompt,subtitle,es,de,"Bueno, probémoslo.",Prüfen wir es.,"{""c"":""Na, lass uns das ausprobieren.""}","Na, lass uns das ausprobieren.",True,1,0,True,True,False,True,,True,,,"{""reason"":""detector_inconclusive"",""detected"":""de"",""confidence"":0.5714}",True,[],[],True,,"{""errors"":[]}",True,[],True,1,0,True,True,False,100,100,1215,14,1229,,,726.86,1299,8,1307,0,0,1269.45
2eec2ee0805f7102ed3c,293,gemma-3-27b-reasoning,managed-prompt,subtitle,es,de,-¿Frank?,- Frank?,"{""c"":""¿Frank?""}",¿Frank?,True,1,0,True,True,False,True,,True,,,"{""reason"":""too_short_for_language_detection"",""detected"":null,""confidence"":null}",True,[],[],True,,"{""errors"":[{""category"":""preservation"",""severity"":""minor""}]}",True,"[{""category"":""preservation"",""severity"":""minor""}]",True,1,0,True,True,False,97,97,1212,8,1220,,,956.84,1284,17,1301,0,0,1222.47
08f269f373bb9608ddf4,294,gemma-3-27b-reasoning,managed-prompt,subtitle,es,de,¿Tienes algún problema?,Hast du 'n Problem?,"{""c"":""Hast du Probleme?""}",Hast du Probleme?,True,1,0,True,True,False,True,,True,,,"{""reason"":""detector_mismatch_uncertain"",""detected"":""fr"",""confidence"":1.0}",True,[],[],True,,"{""errors"":[]}",True,[],True,1,0,True,True,False,100,100,1213,9,1222,,,654.76,1299,8,1307,0,0,1206.98
d5fc9c7a803b56a4329d,295,gemma-3-27b-reasoning,managed-prompt,subtitle,es,de,La misma tía Rosamund dijo que no sabía qué pensar de ello.,"Tante Rosamund sagte selbst, dass sie nicht weiß, was sie davon halten soll.","{""c"":""Dieselbe Tante Rosamund sagte, sie wisse nicht, was sie davon halten solle.""}","Dieselbe Tante Rosamund sagte, sie wisse nicht, was sie davon halten solle.",True,1,0,True,True,False,True,,True,,,"{""reason"":""detector_inconclusive"",""detected"":""af"",""confidence"":0.7143}",True,[],[],True,,"{""errors"":[]}",True,[],True,1,0,True,True,False,100,100,1224,25,1249,,,1067.72,1350,8,1358,0,0,1424.46
a509f8ec87cac3ee7444,296,gemma-3-27b-reasoning,managed-prompt,subtitle,es,de,Pensábamos que Byron y Ike llegaron al Portal 10 de forma simultánea.,Wir dachten dass Byron und Ike gleichzeitig am Portal zehn ankamen.,"{""c"":""Wir dachten, Byron und Ike seien gleichzeitig Portal 10 erreicht.""}","Wir dachten, Byron und Ike seien gleichzeitig Portal 10 erreicht.",True,1,0,True,True,False,True,,True,,True,"{""reason"":""detector_match"",""detected"":""de"",""confidence"":1.0}",True,[],[],True,,"{""errors"":[{""category"":""fluency"",""severity"":""major""}]}",False,"[{""category"":""fluency"",""severity"":""major""}]",True,1,0,True,True,False,85,85,1225,20,1245,,,994.83,1342,18,1360,0,0,1323.29
b216666f17c1e86839e1,297,gemma-3-27b-reasoning,managed-prompt,subtitle,es,de,Quizás Conley realmente fue le va a dar el dinero para pagar el corredor de apuestas.,"Vielleicht wollte ihm Conley wirklich das Geld geben, um den Buchmacher auszuzahlen.","{""c"":""Vielleicht wird Conley ihm tatsächlich das Geld geben, um die Wettvermittler zu bezahlen.""}","Vielleicht wird Conley ihm tatsächlich das Geld geben, um die Wettvermittler zu bezahlen.",True,1,0,True,True,False,True,,True,,True,"{""reason"":""detector_match"",""detected"":""de"",""confidence"":1.0}",True,[],[],True,,"{""errors"":[{""category"":""accuracy"",""severity"":""minor""},{""category"":""terminology"",""severity"":""minor""}]}",True,"[{""category"":""accuracy"",""severity"":""minor""},{""category"":""terminology"",""severity"":""minor""}]",True,1,0,True,True,False,94,94,1226,24,1250,,,998.01,1367,26,1393,0,0,1378.71
7d80f98c1c2cd8e77048,298,gemma-3-27b-reasoning,managed-prompt,subtitle,es,de,No es que crea que es Ud. un agente alemán.,"Nicht, weil ich Sie für eine deutsche Agentin hielt.","{""c"":""Es ist nicht so, dass ich glaube, Sie seien ein deutscher Agent.""}","Es ist nicht so, dass ich glaube, Sie seien ein deutscher Agent.",True,1,0,True,True,False,True,,True,,True,"{""reason"":""detector_match"",""detected"":""de"",""confidence"":1.0}",True,[],[],True,,"{""errors"":[]}",True,[],True,1,0,True,True,False,100,100,1220,20,1240,,,1877.41,1321,8,1329,0,0,1320.34
49a02625fb5af0c440ef,299,gemma-3-27b-reasoning,managed-prompt,subtitle,es,de,Hans estaba borracho y me tiró a la piscina.,Hans hat mich betrunken in den Pool geworfen.,"{""c"":""Hans war betrunken und hat mich in den Pool geworfen.""}",Hans war betrunken und hat mich in den Pool geworfen.,True,1,0,True,True,False,True,,True,,True,"{""reason"":""detector_match"",""detected"":""de"",""confidence"":0.8571}",True,[],[],True,,"{""errors"":[]}",True,[],True,1,0,True,True,False,100,100,1220,19,1239,,,1268.98,1317,8,1325,0,0,1228.47
9aa90d245038aabf5aa0,300,gemma-3-27b-reasoning,managed-prompt,subtitle,es,en,Pero ahora...,But now...,"{""c"":""But now...""}",But now...,True,1,0,True,True,False,True,,True,,,"{""reason"":""too_short_for_language_detection"",""detected"":null,""confidence"":null}",True,[],[],True,,"{""errors"":[]}",True,[],True,1,0,True,True,False,100,100,1211,8,1219,,,1259.67,1284,8,1292,0,0,1140.17
2359a1f24bee010a5a19,301,gemma-3-27b-reasoning,managed-prompt,subtitle,es,en,- ¿Estás seguro?,- Are you sure ?,"{""c"":""Are you sure?""}",Are you sure?,True,1,0,True,True,False,True,,True,,,"{""reason"":""detector_mismatch_uncertain"",""detected"":""fr"",""confidence"":1.0}",True,[],[],True,,"{""errors"":[]}",True,[],True,1,0,True,True,False,100,100,1214,9,1223,,,575.16,1293,8,1301,0,0,1213.95
3fa762d59e23f8e54778,302,gemma-3-27b-reasoning,managed-prompt,subtitle,es,en,Entonces olvídalo.,Then forget it.,"{""c"":""So forget it.""}",So forget it.,True,1,0,True,True,False,True,,True,,,"{""reason"":""detector_mismatch_uncertain"",""detected"":""da"",""confidence"":1.0}",True,[],[],True,,"{""errors"":[]}",True,[],True,1,0,True,True,False,100,100,1213,9,1222,,,561.64,1286,8,1294,0,0,1198.38
3e1c78c335db8b18e7cd,303,gemma-3-27b-reasoning,managed-prompt,subtitle,es,en,"Hay una razón que no es Vermont, que no tenemos hijos, y de que usted no es el alcalde.","There's a reason that this is not Vermont, that we don't have kids, and that you are not the mayor.","{""c"":""There's a reason it's not Vermont, that we don't have children, and that you aren't the mayor.""}","There's a reason it's not Vermont, that we don't have children, and that you aren't the mayor.",True,1,0,True,True,False,True,,True,,True,"{""reason"":""detector_match"",""detected"":""en"",""confidence"":1.0}",True,[],[],True,,"{""errors"":[]}",True,[],True,1,0,True,True,False,100,100,1230,33,1263,,,1020.08,1348,8,1356,0,0,1317.05
f70ef9509cc0d9cd0332,304,gemma-3-27b-reasoning,managed-prompt,subtitle,es,en,Aquí.,Here.,"{""c"":""Here.""}",Here.,True,1,0,True,True,False,True,,True,,,"{""reason"":""too_short_for_language_detection"",""detected"":null,""confidence"":null}",True,[],[],True,,"{""errors"":[]}",True,[],True,1,0,True,True,False,100,100,1210,7,1217,,,511.82,1279,8,1287,0,0,1194.67
beff480996be0bcbb97b,305,gemma-3-27b-reasoning,managed-prompt,subtitle,es,en,"Sí, estaba en ese callejón con Bobby.","Yeah, I was in that alley with Bobby.","{""c"":""Yes, I was in that alley with Bobby.""}","Yes, I was in that alley with Bobby.",True,1,0,True,True,False,True,,True,,True,"{""reason"":""detector_match"",""detected"":""en"",""confidence"":1.0}",True,[],[],True,,"{""errors"":[]}",True,[],True,1,0,True,True,False,100,100,1219,15,1234,,,1089.08,1307,8,1315,0,0,3192.36
0689bebc009e6c331eb4,306,gemma-3-27b-reasoning,managed-prompt,subtitle,es,en,"Zokka vámonos pero aun no sabemos cuando sucederá el siguiente eclipse no seas estúpido lo averiguaremos después no, no lo haremos si abandonamos este lugar nunca lo sabremos","Sokka, let's go! But we still don't know when the next eclipse is gonna happen. Don't be stupid, we'll find out later.","{""c"":""Zokka let's go, but we still don't know when the next eclipse will happen, don't be stupid, we'll figure it out later, no, we won't if we abandon this place we'll never know""}","Zokka let's go, but we still don't know when the next eclipse will happen, don't be stupid, we'll figure it out later, no, we won't if we abandon this place we'll never know",True,1,0,True,True,False,True,,True,,True,"{""reason"":""detector_match"",""detected"":""en"",""confidence"":1.0}",True,[],[],True,,"{""errors"":[{""category"":""preservation"",""severity"":""minor""},{""category"":""accuracy"",""severity"":""minor""}]}",True,"[{""category"":""preservation"",""severity"":""minor""},{""category"":""accuracy"",""severity"":""minor""}]",True,1,0,True,True,False,94,94,1246,56,1302,,,1201.89,1402,26,1428,0,0,1301.88
bb7ee721119809652dbc,307,gemma-3-27b-reasoning,managed-prompt,subtitle,es,en,"Cariño, no quieres hacer esto.","Honey, you don't wanna do this.","{""c"":""Honey, you don't want to do this.""}","Honey, you don't want to do this.",True,1,0,True,True,False,True,,True,,True,"{""reason"":""detector_match"",""detected"":""en"",""confidence"":1.0}",True,[],[],True,,"{""errors"":[]}",True,[],True,1,0,True,True,False,100,100,1217,16,1233,,,867.85,1305,8,1313,0,0,1194.4
ca0bea6700e52e569ea7,308,gemma-3-27b-reasoning,managed-prompt,subtitle,es,en,- ¿A dónde escapas?,~ Where are you going?,"{""c"":""Where are you escaping to?""}",Where are you escaping to?,True,1,0,True,True,False,True,,True,,True,"{""reason"":""detector_match"",""detected"":""en"",""confidence"":1.0}",True,[],[],True,,"{""errors"":[]}",True,[],True,1,0,True,True,False,100,100,1215,11,1226,,,602.64,1297,8,1305,0,0,1367.09
6e7591e56921fd97b1d9,309,gemma-3-27b-reasoning,managed-prompt,subtitle,es,en,Te ves como un pequeño robot.,You look like a cool little robot.,"{""c"":""You look like a little robot.""}",You look like a little robot.,True,1,0,True,True,False,True,,True,,,"{""reason"":""detector_mismatch_uncertain"",""detected"":""et"",""confidence"":1.0}",True,[],[],True,,"{""errors"":[]}",True,[],True,1,0,True,True,False,100,100,1215,12,1227,,,590.49,1295,8,1303,0,0,1143.33
f1ad944a02e82d1829e5,310,gemma-3-27b-reasoning,managed-prompt,subtitle,es,fr,"Dios mío, cómo bebe esta gente.","Mon Dieu, ils boivent beaucoup.","{""c"":""Mon Dieu, comment ces gens boivent.""}","Mon Dieu, comment ces gens boivent.",True,1,0,True,True,False,True,,True,,True,"{""reason"":""detector_match"",""detected"":""fr"",""confidence"":1.0}",True,[],[],True,,"{""errors"":[]}",True,[],True,1,0,True,True,False,100,100,1216,14,1230,,,1237.18,1312,8,1320,0,0,1216.19
4692944c28e33bc312f8,311,gemma-3-27b-reasoning,managed-prompt,subtitle,es,fr,Tú no sabes nada sobre Serena.,Tu ne sais rien du tout à propos de Serena.,"{""c"":""Tu ne sais rien de Serena.""}",Tu ne sais rien de Serena.,True,1,0,True,True,False,True,,True,,True,"{""reason"":""detector_match"",""detected"":""fr"",""confidence"":1.0}",True,[],[],True,,"{""errors"":[]}",True,[],True,1,0,True,True,False,100,100,1216,12,1228,,,712.09,1311,8,1319,0,0,1240.9
d65f6ef8738f4f67a615,312,gemma-3-27b-reasoning,managed-prompt,subtitle,es,fr,Espera.,Attends-moi.,"{""c"":""Attends.""}",Attends.,True,1,0,True,True,False,True,,True,,,"{""reason"":""too_short_for_language_detection"",""detected"":null,""confidence"":null}",True,[],[],True,,"{""errors"":[]}",True,[],True,1,0,True,True,False,100,100,1211,8,1219,,,716.55,1286,8,1294,0,0,1098.33
8507d1bcb798523c5c42,313,gemma-3-27b-reasoning,managed-prompt,subtitle,es,fr,"Shelly, teléfono.","Shelly, téléphone.","{""c"":""Shelly, téléphone.""}","Shelly, téléphone.",True,1,0,True,True,False,True,,True,,,"{""reason"":""detector_inconclusive"",""detected"":""fr"",""confidence"":0.5714}",True,[],[],True,,"{""errors"":[]}",True,[],True,1,0,True,True,False,100,100,1213,10,1223,,,685.39,1296,8,1304,0,0,1200.04
0b348e653f3156c4d474,314,gemma-3-27b-reasoning,managed-prompt,subtitle,es,fr,"Dejaste Las Vegas a las 3:30, condujiste por la I-40 sin parar, llegaste a Oklahoma City en 24 horas, Clinton en 23.","Tu quittes Las Vegas à 3h30, tu prends la I-40 sans t'arrêter, tu atteins Oklahoma City en 24 heures, Clinton en 23.","{""c"":""Vous avez quitté Las Vegas à 15h30, avez parcouru l'I-40 sans arrêt, êtes arrivé à Oklahoma City en 24 heures, Clinton en 23.""}","Vous avez quitté Las Vegas à 15h30, avez parcouru l'I-40 sans arrêt, êtes arrivé à Oklahoma City en 24 heures, Clinton en 23.",True,1,0,True,True,False,True,,True,,True,"{""reason"":""detector_match"",""detected"":""fr"",""confidence"":1.0}",True,[],"[{""code"":""number_not_exact"",""expected"":{""3"":1,""30"":1,""40"":1,""24"":1,""23"":1},""actual"":{""15"":1,""30"":1,""40"":1,""24"":1,""23"":1}}]",True,,"{""errors"":[{""category"":""tone"",""severity"":""minor""},{""category"":""accuracy"",""severity"":""major""}]}",False,"[{""category"":""tone"",""severity"":""minor""},{""category"":""accuracy"",""severity"":""major""}]",True,1,0,True,True,False,79,79,1250,48,1298,,,1699.14,1409,26,1435,0,0,3841.26
8c61e4ede8d9127dfb2c,315,gemma-3-27b-reasoning,managed-prompt,subtitle,es,fr,Yo tenía siete años.,Je avais sept ans.,"{""c"":""J'avais sept ans.""}",J'avais sept ans.,True,1,0,True,True,False,True,,True,,True,"{""reason"":""detector_match"",""detected"":""fr"",""confidence"":1.0}",True,[],[],True,,"{""errors"":[]}",True,[],True,1,0,True,True,False,100,100,1213,11,1224,,,586.24,1292,8,1300,0,0,1198.1
4698ec7c640d81c56bca,316,gemma-3-27b-reasoning,managed-prompt,subtitle,es,fr,¿La Sra. Grubach?,Mlle Grubach ?,"{""c"":""Mme Grubach?""}",Mme Grubach?,True,1,0,True,True,False,True,,True,,,"{""reason"":""detector_mismatch_uncertain"",""detected"":""de"",""confidence"":1.0}",True,[],[],True,,"{""errors"":[{""category"":""accuracy"",""severity"":""major""}]}",False,"[{""category"":""accuracy"",""severity"":""major""}]",True,1,0,True,True,False,85,85,1216,10,1226,,,546.99,1299,17,1316,0,0,1164.32
0e7bb0a9c7c90ee28ef5,317,gemma-3-27b-reasoning,managed-prompt,subtitle,es,fr,Estaré fuera varios días.,Je pense que je serai parti pendant quelques jours.,"{""c"":""Je serai absent plusieurs jours.""}",Je serai absent plusieurs jours.,True,1,0,True,True,False,True,,True,,True,"{""reason"":""detector_match"",""detected"":""fr"",""confidence"":1.0}",True,[],[],True,,"{""errors"":[]}",True,[],True,1,0,True,True,False,100,100,1215,12,1227,,,848.58,1302,8,1310,0,0,1376.56
88e9a1b1e8823e19c204,318,gemma-3-27b-reasoning,managed-prompt,subtitle,es,fr,Lo ha hecho Victoria.,C'est Victoria.,"{""c"":""Victoria l'a fait.""}",Victoria l'a fait.,True,1,0,True,True,False,True,,True,,,"{""reason"":""detector_mismatch_uncertain"",""detected"":""ca"",""confidence"":1.0}",True,[],[],True,,"{""errors"":[]}",True,[],True,1,0,True,True,False,100,100,1213,11,1224,,,567.0,1288,8,1296,0,0,1192.03
8150d764917dcd66487b,319,gemma-3-27b-reasoning,managed-prompt,subtitle,es,fr,Y tú sabes que las entrañas de una mujer nunca se equivocan.,Et les tripes d'une femme ne se trompent jamais.,"{""c"":""Et vous savez que l'instinct d'une femme ne se trompe jamais.""}",Et vous savez que l'instinct d'une femme ne se trompe jamais.,True,1,0,True,True,False,True,,True,,True,"{""reason"":""detector_match"",""detected"":""fr"",""confidence"":1.0}",True,[],[],True,,"{""errors"":[{""category"":""accuracy"",""severity"":""minor""},{""category"":""accuracy"",""severity"":""major""}]}",False,"[{""category"":""accuracy"",""severity"":""minor""},{""category"":""accuracy"",""severity"":""major""}]",True,1,0,True,True,False,82,82,1223,23,1246,,,815.86,1332,26,1358,0,0,1344.13
aee68e2d2af8ccac85c1,320,gemma-3-27b-reasoning,managed-prompt,subtitle,es,it,"- Soy yo, Mac.","- Sono io, Mac.","{""c"":""Sono io, Mac.""}","Sono io, Mac.",True,1,0,True,True,False,True,,True,,True,"{""reason"":""detector_match"",""detected"":""it"",""confidence"":1.0}",True,[],[],True,,"{""errors"":[{""category"":""preservation"",""severity"":""minor""}]}",True,"[{""category"":""preservation"",""severity"":""minor""}]",True,1,0,True,True,False,97,97,1214,10,1224,,,851.24,1292,17,1309,0,0,1248.91
a5ea1a246458b001e089,321,gemma-3-27b-reasoning,managed-prompt,subtitle,es,it,Apuesto a que algunos huirían a Tasmania.,Scommetto che alcune persone sono fuggite in Tasmania.,"{""c"":""Scommetto che alcuni scapperebbero in Tasmania.""}",Scommetto che alcuni scapperebbero in Tasmania.,True,1,0,True,True,False,True,,True,,True,"{""reason"":""detector_match"",""detected"":""it"",""confidence"":1.0}",True,[],[],True,,"{""errors"":[]}",True,[],True,1,0,True,True,False,100,100,1219,17,1236,,,946.58,1313,8,1321,0,0,1124.73
170ef3f9d3c5df5f1076,322,gemma-3-27b-reasoning,managed-prompt,subtitle,es,it,Jackson fue nombrado capitán del equipo de futbol. Y el tobillo de Dale está mejor.,"Jackson e' diventato capitano della squadra di calcio, la caviglia di Dale va meglio.","{""c"":""Jackson è stato nominato capitano della squadra di calcio. E la caviglia di Dale sta meglio.""}",Jackson è stato nominato capitano della squadra di calcio. E la caviglia di Dale sta meglio.,True,1,0,True,True,False,True,,True,,True,"{""reason"":""detector_match"",""detected"":""it"",""confidence"":1.0}",True,[],[],True,,"{""errors"":[]}",True,[],True,1,0,True,True,False,100,100,1226,26,1252,,,1154.71,1341,8,1349,0,0,1135.39
590a820762695e841e13,323,gemma-3-27b-reasoning,managed-prompt,subtitle,es,it,- ¿Desde cuándo lo sabes?,- E da quando lo sai?,"{""c"":""Da quanto tempo lo sai?""}",Da quanto tempo lo sai?,True,1,0,True,True,False,True,,True,,True,"{""reason"":""detector_match"",""detected"":""it"",""confidence"":1.0}",True,[],[],True,,"{""errors"":[{""category"":""preservation"",""severity"":""minor""}]}",True,"[{""category"":""preservation"",""severity"":""minor""}]",True,1,0,True,True,False,97,97,1215,11,1226,,,978.2,1301,17,1318,0,0,1237.32
0fd2262ae70b2dcf0ba4,324,gemma-3-27b-reasoning,managed-prompt,subtitle,es,it,"-No, perfecto!",-No! Brillante!,"{""c"":""No, perfetto!""}","No, perfetto!",True,1,0,True,True,False,True,,True,,True,"{""reason"":""detector_match"",""detected"":""it"",""confidence"":1.0}",True,[],[],True,,"{""errors"":[]}",True,[],True,1,0,True,True,False,100,100,1213,9,1222,,,505.47,1287,8,1295,0,0,1214.49
74b303029f01c856af82,325,gemma-3-27b-reasoning,managed-prompt,subtitle,es,it,- ¿De qué hablas?,Di che parli?,"{""c"":""Di cosa stai parlando?""}",Di cosa stai parlando?,True,1,0,True,True,False,True,,True,,True,"{""reason"":""detector_match"",""detected"":""it"",""confidence"":1.0}",True,[],[],True,,"{""errors"":[]}",True,[],True,1,0,True,True,False,100,100,1215,11,1226,,,616.57,1295,8,1303,0,0,1047.93
a419fd4983d51825f336,326,gemma-3-27b-reasoning,managed-prompt,subtitle,es,it,"Mira, sólo quiero que no te sientas decepcionado cuando no nieve.","Senti, e' solo che non voglio vederti deluso quando non nevichera'.","{""c"":""Guarda, voglio solo che tu non sia deluso se non nevica.""}","Guarda, voglio solo che tu non sia deluso se non nevica.",True,1,0,True,True,False,True,,True,,True,"{""reason"":""detector_match"",""detected"":""it"",""confidence"":1.0}",True,[],[],True,,"{""errors"":[]}",True,[],True,1,0,True,True,False,100,100,1224,21,1245,,,728.36,1336,8,1344,0,0,981.72
71a6f022847dfebebf05,327,gemma-3-27b-reasoning,managed-prompt,subtitle,es,it,La distancia,La distanza.,"{""c"":""La distanza""}",La distanza,True,1,0,True,True,False,True,,True,,True,"{""reason"":""detector_match"",""detected"":""it"",""confidence"":1.0}",True,[],[],True,,"{""errors"":[]}",True,[],True,1,0,True,True,False,100,100,1210,7,1217,,,495.51,1283,8,1291,0,0,1074.92
cc3a3255b78523efc2b1,328,gemma-3-27b-reasoning,managed-prompt,subtitle,es,it,Qué chistoso.,Che cosa buffa.,"{""c"":""Che divertente.""}",Che divertente.,True,1,0,True,True,False,True,,True,,,"{""reason"":""detector_inconclusive"",""detected"":""nl"",""confidence"":0.5672}",True,[],[],True,,"{""errors"":[]}",True,[],True,1,0,True,True,False,100,100,1213,9,1222,,,767.02,1290,8,1298,0,0,1149.95
055db3ed7b63bc8ecc6d,329,gemma-3-27b-reasoning,managed-prompt,subtitle,es,it,- ¿Cuán estúpida puedes ser?,Quanto cazzo stupida sei a volte?,"{""c"":""Quanto puoi essere stupida?""}",Quanto puoi essere stupida?,True,1,0,True,True,False,True,,True,,True,"{""reason"":""detector_match"",""detected"":""it"",""confidence"":1.0}",True,[],[],True,,"{""errors"":[]}",True,[],True,1,0,True,True,False,100,100,1218,11,1229,,,752.3,1307,8,1315,0,0,1254.21
1f50dbdcfe2f8afcedb6,330,gemma-3-27b-reasoning,managed-prompt,subtitle,es,jp,¿Qué sucede cariño ¿No te gusto?,おい どうしてだよ 俺が好きだろ？,"{""c"":""どうしたの、ダーリン？ 私はあなたのタイプじゃないの？""}",どうしたの、ダーリン？ 私はあなたのタイプじゃないの？,True,1,0,True,True,False,True,,True,,True,"{""reason"":""target_script_present"",""detected"":""ja"",""confidence"":1.0}",True,[],[],True,,"{""errors"":[{""category"":""tone"",""severity"":""major""}]}",False,"[{""category"":""tone"",""severity"":""major""}]",True,1,0,True,True,False,85,85,1217,19,1236,,,718.15,1340,17,1357,0,0,1262.59
86dcac96ce1b89e8b757,331,gemma-3-27b-reasoning,managed-prompt,subtitle,es,jp,Yo también quiero verte.,私も会いたいわ,"{""c"":""私もあなたに会いたい。""}",私もあなたに会いたい。,True,1,0,True,True,False,True,,True,,True,"{""reason"":""target_script_present"",""detected"":""ja"",""confidence"":1.0}",True,[],[],True,,"{""errors"":[]}",True,[],True,1,0,True,True,False,100,100,1213,11,1224,,,803.72,1300,8,1308,0,0,1245.8
2d0945530f9d2297bb73,332,gemma-3-27b-reasoning,managed-prompt,subtitle,es,jp,La AAC viene de una mutación del gen APP.,ＣＡＡは　ＡＰＰ遺伝子の突然変異で 発生します,"{""c"":""La AACはAPP遺伝子の変異に由来します。""}",La AACはAPP遺伝子の変異に由来します。,True,1,0,True,True,False,True,,True,,True,"{""reason"":""target_script_present"",""detected"":""ja"",""confidence"":1.0}",True,[],[],True,,"{""errors"":[{""category"":""preservation"",""severity"":""major""},{""category"":""fluency"",""severity"":""minor""}]}",False,"[{""category"":""preservation"",""severity"":""major""},{""category"":""fluency"",""severity"":""minor""}]",True,1,0,True,True,False,82,82,1219,17,1236,,,924.84,1342,27,1369,0,0,1362.92
3e274f58f7e859c1de18,333,gemma-3-27b-reasoning,managed-prompt,subtitle,es,jp,Yo también.,私も,"{""c"":""私も。""}",私も。,True,1,0,True,True,False,True,,True,,True,"{""reason"":""target_script_present"",""detected"":""ja"",""confidence"":1.0}",True,[],[],True,,"{""errors"":[]}",True,[],True,1,0,True,True,False,100,100,1211,7,1218,,,716.29,1282,8,1290,0,0,1172.11
9f5208f23b9078e7d7b6,334,gemma-3-27b-reasoning,managed-prompt,subtitle,es,jp,¡Ella está dentro!,彼女はそこだ！,"{""c"":""彼女は中に入っています！""}",彼女は中に入っています！,True,1,0,True,True,False,True,,True,,True,"{""reason"":""target_script_present"",""detected"":""ja"",""confidence"":1.0}",True,[],[],True,,"{""errors"":[]}",True,[],True,1,0,True,True,False,100,100,1213,11,1224,,,564.59,1299,8,1307,0,0,1197.52
30e323c424346a0e50d5,335,gemma-3-27b-reasoning,managed-prompt,subtitle,es,jp,Es un placer conocerlo.,お会いできて　光栄です！,"{""c"":""はじめまして。""}",はじめまして。,True,1,0,True,True,False,True,,True,,True,"{""reason"":""target_script_present"",""detected"":""ja"",""confidence"":1.0}",True,[],[],True,,"{""errors"":[{""category"":""accuracy"",""severity"":""major""}]}",False,"[{""category"":""accuracy"",""severity"":""major""}]",True,1,0,True,True,False,85,85,1214,8,1222,,,661.98,1298,17,1315,0,0,1191.26
bfeda1907b5ede92e13a,336,gemma-3-27b-reasoning,managed-prompt,subtitle,es,jp,En tercer lugar:,第３位,"{""c"":""3番目: ""}",3番目: ,True,1,0,True,True,False,True,,True,,,"{""reason"":""too_short_for_language_detection"",""detected"":null,""confidence"":null}",True,[],"[{""code"":""number_not_exact"",""expected"":{},""actual"":{""3"":1}}]",True,,"{""errors"":[]}",True,[],True,1,0,True,True,False,97,97,1212,9,1221,,,1106.09,1285,8,1293,0,0,1099.67
4f12c6be54eb4543229c,337,gemma-3-27b-reasoning,managed-prompt,subtitle,es,jp,"Debieron encerrarte hace mucho tiempo, para que pagaras por lo que has hecho.",彼らはずっと以前にあんたを監禁した 多分　あんたに代償を払わせた,"{""c"":""ずっと前に閉じ込めて、やったことの償いをさせるべきだった。""}",ずっと前に閉じ込めて、やったことの償いをさせるべきだった。,True,1,0,True,True,False,True,,True,,True,"{""reason"":""target_script_present"",""detected"":""ja"",""confidence"":1.0}",True,[],[],True,,"{""errors"":[]}",True,[],True,1,0,True,True,False,100,100,1226,20,1246,,,961.69,1359,8,1367,0,0,1093.68
6a88f4d037939aa2cef7,338,gemma-3-27b-reasoning,managed-prompt,subtitle,es,jp,¿Por qué- - Kati tomaba vino de vez en cuando.,ケイティは　時折ワインを飲みましたが なぜ　ですか？,"{""c"":""なぜ- - カティは時々ワインを飲んだ。""}",なぜ- - カティは時々ワインを飲んだ。,True,1,0,True,True,False,True,,True,,True,"{""reason"":""target_script_present"",""detected"":""ja"",""confidence"":1.0}",True,[],[],True,,"{""errors"":[]}",True,[],True,1,0,True,True,False,100,100,1222,18,1240,,,672.66,1340,8,1348,0,0,1513.07
ddc7b13c1a5176e43d56,339,gemma-3-27b-reasoning,managed-prompt,subtitle,es,jp,Duele.,- 痛むよ。,"{""c"":""痛い。""}",痛い。,True,1,0,True,True,False,True,,True,,True,"{""reason"":""target_script_present"",""detected"":""ja"",""confidence"":1.0}",True,[],[],True,,"{""errors"":[]}",True,[],True,1,0,True,True,False,100,100,1211,8,1219,,,695.35,1289,8,1297,0,0,1143.5
498255356cbda960c253,340,gemma-3-27b-reasoning,managed-prompt,subtitle,es,nl,- ¿Quiere que pare?,Wilt u dat ik ermee ophoud?,"{""c"":""Wil je dat ik stop?""}",Wil je dat ik stop?,True,1,0,True,True,False,True,,True,,,"{""reason"":""detector_mismatch_uncertain"",""detected"":""sl"",""confidence"":1.0}",True,[],[],True,,"{""errors"":[{""category"":""tone"",""severity"":""minor""}]}",True,"[{""category"":""tone"",""severity"":""minor""}]",True,1,0,True,True,False,97,97,1215,11,1226,,,635.64,1304,17,1321,0,0,1189.93
901c590caa0f027b9e6f,341,gemma-3-27b-reasoning,managed-prompt,subtitle,es,nl,¿Qué tal la película de anoche?,Hoe was de film van gisteren?,"{""c"":""Hoe was de film gisteravond?""}",Hoe was de film gisteravond?,True,1,0,True,True,False,True,,True,,True,"{""reason"":""detector_match"",""detected"":""nl"",""confidence"":1.0}",True,[],[],True,,"{""errors"":[]}",True,[],True,1,0,True,True,False,100,100,1217,13,1230,,,1026.12,1307,8,1315,0,0,1314.79
5bd65e76731b1abb0e5c,342,gemma-3-27b-reasoning,managed-prompt,subtitle,es,nl,Sr. Gundars. ¿Ves?,Gundars. Mr.,"{""c"":""Sr. Gundars. Kijk!""}",Sr. Gundars. Kijk!,True,1,0,True,True,False,True,,True,,True,"{""reason"":""detector_match"",""detected"":""nl"",""confidence"":0.8571}",True,[],[],True,,"{""errors"":[{""category"":""accuracy"",""severity"":""minor""},{""category"":""preservation"",""severity"":""minor""}]}",True,"[{""category"":""accuracy"",""severity"":""minor""},{""category"":""preservation"",""severity"":""minor""}]",True,1,0,True,True,False,94,94,1217,12,1229,,,603.48,1304,26,1330,0,0,1394.45
7b71db3c23e8fb5037fa,343,gemma-3-27b-reasoning,managed-prompt,subtitle,es,nl,"Por favor, todos vosotros, hoy celebramos la llegada de El Murfi a la ciudad de los zeros.","Alstublieft, iedereen... Vandaag vieren we de aankomst van El Murfi in de Stad van de Zero's.","{""c"":""Lieve allemaal, vandaag vieren we de komst van El Murfi naar de stad van de nullen.""}","Lieve allemaal, vandaag vieren we de komst van El Murfi naar de stad van de nullen.",True,1,0,True,True,False,True,,True,,,"{""reason"":""detector_inconclusive"",""detected"":""af"",""confidence"":0.8491}",True,[],[],True,,"{""errors"":[{""category"":""accuracy"",""severity"":""minor""},{""category"":""tone"",""severity"":""minor""}]}",True,"[{""category"":""accuracy"",""severity"":""minor""},{""category"":""tone"",""severity"":""minor""}]",True,1,0,True,True,False,94,94,1230,28,1258,,,1155.38,1364,26,1390,0,0,1315.9
0b24a1d0ea7b14f203ba,344,gemma-3-27b-reasoning,managed-prompt,subtitle,es,nl,Estás yendo por un camino peligroso y me estás arrastrando contigo.,Je loopt een gevaarlijk pad af en je trekt mij met je mee.,"{""c"":""Je gaat een gevaarlijk pad op en sleept mij mee.""}",Je gaat een gevaarlijk pad op en sleept mij mee.,True,1,0,True,True,False,True,,True,,True,"{""reason"":""detector_match"",""detected"":""nl"",""confidence"":1.0}",True,[],[],True,,"{""errors"":[]}",True,[],True,1,0,True,True,False,100,100,1225,19,1244,,,725.56,1331,8,1339,0,0,1900.02
25c2e7eb1dd147e24e92,345,gemma-3-27b-reasoning,managed-prompt,subtitle,es,nl,Olvida todo esto.,Vergeet dit alles hier.,"{""c"":""Vergeet dit alles.""}",Vergeet dit alles.,True,1,0,True,True,False,True,,True,,,"{""reason"":""detector_mismatch_uncertain"",""detected"":""af"",""confidence"":1.0}",True,[],[],True,,"{""errors"":[]}",True,[],True,1,0,True,True,False,100,100,1214,11,1225,,,665.56,1293,8,1301,0,0,1219.27
2c90db48508d654b4bd5,346,gemma-3-27b-reasoning,managed-prompt,subtitle,es,nl,"Yo también te quiero, Lois.","Ik houd ook van jou, Lois.","{""c"":""Ik hou ook van jou, Lois.""}","Ik hou ook van jou, Lois.",True,1,0,True,True,False,True,,True,,,"{""reason"":""detector_inconclusive"",""detected"":""af"",""confidence"":0.8571}",True,[],[],True,,"{""errors"":[]}",True,[],True,1,0,True,True,False,100,100,1215,13,1228,,,663.71,1310,8,1318,0,0,1238.3
ef023a1d77b43621f60e,347,gemma-3-27b-reasoning,managed-prompt,subtitle,es,nl,"No. No, se trataba de otro tipo.","Nee, het was iemand anders.","{""c"":""Nee, het ging om een ander type.""}","Nee, het ging om een ander type.",True,1,0,True,True,False,True,,True,,True,"{""reason"":""detector_match"",""detected"":""nl"",""confidence"":1.0}",True,[],[],True,,"{""errors"":[]}",True,[],True,1,0,True,True,False,100,100,1219,15,1234,,,653.7,1305,8,1313,0,0,1069.54
ead8bbab0da7387ea964,348,gemma-3-27b-reasoning,managed-prompt,subtitle,es,nl,Eso es lo bueno de la carne de ciervo.,Dat is het goede aan hertenvlees.,"{""c"":""Dat is het mooie van hertenvlees.""}",Dat is het mooie van hertenvlees.,True,1,0,True,True,False,True,,True,,True,"{""reason"":""detector_match"",""detected"":""nl"",""confidence"":1.0}",True,[],[],True,,"{""errors"":[]}",True,[],True,1,0,True,True,False,100,100,1219,14,1233,,,559.18,1312,8,1320,0,0,1210.11
d50fb275f6492a44de27,349,gemma-3-27b-reasoning,managed-prompt,subtitle,es,nl,"Ya era difícil hacer negocios con el baboso del viejo general, pero Ban Sung es todavía peor.","Die vorige generaal was al een vreselijke viespeuk, maar Ban Sung is erger.","{""c"":""Het was al moeilijk om zaken te doen met de slijmerige oude generaal, maar Ban Sung is nog veel erger.""}","Het was al moeilijk om zaken te doen met de slijmerige oude generaal, maar Ban Sung is nog veel erger.",True,1,0,True,True,False,True,,True,,True,"{""reason"":""detector_match"",""detected"":""nl"",""confidence"":1.0}",True,[],[],True,,"{""errors"":[]}",True,[],True,1,0,True,True,False,100,100,1228,31,1259,,,1186.58,1356,8,1364,0,0,1097.31
e5f5aa883b274c54c1a8,350,gemma-3-27b-reasoning,managed-prompt,subtitle,es,nb,Estamos todos juntos en esto.,Vi er sammen om dette.,"{""c"":""Vi står alle i dette sammen.""}",Vi står alle i dette sammen.,True,1,0,True,True,False,True,,True,,True,"{""reason"":""detector_match"",""detected"":""no"",""confidence"":1.0}",True,[],[],True,,"{""errors"":[]}",True,[],True,1,0,True,True,False,100,100,1214,12,1226,,,783.16,1293,8,1301,0,0,1236.16
b1e9360ceca811538046,351,gemma-3-27b-reasoning,managed-prompt,subtitle,es,nb,¡Dejaste que papá volviera a casa!,- Du lot pappa komme hjem igjen!,"{""c"":""Du lot pappa komme hjem igjen!""}",Du lot pappa komme hjem igjen!,True,1,0,True,True,False,True,,True,,True,"{""reason"":""detector_match"",""detected"":""no"",""confidence"":0.8571}",True,[],[],True,,"{""errors"":[]}",True,[],True,1,0,True,True,False,100,100,1219,13,1232,,,610.17,1308,8,1316,0,0,1124.26
060d9e2145e4907c91c0,352,gemma-3-27b-reasoning,managed-prompt,subtitle,es,nb,Me equivoqué al decirte eso.,Det var feil av meg å si det.,"{""c"":""Jeg beklager at jeg sa det til deg.""}",Jeg beklager at jeg sa det til deg.,True,1,0,True,True,False,True,,True,,True,"{""reason"":""detector_match"",""detected"":""no"",""confidence"":1.0}",True,[],[],True,,"{""errors"":[{""category"":""accuracy"",""severity"":""major""}]}",False,"[{""category"":""accuracy"",""severity"":""major""}]",True,1,0,True,True,False,85,85,1217,15,1232,,,845.65,1305,17,1322,0,0,1217.52
ab8d1957902ecb8a9265,353,gemma-3-27b-reasoning,managed-prompt,subtitle,es,nb,Estoy enamorado de mi esposa.,Jeg er forelsket i kona.,"{""c"":""Jeg er forelsket i min kone.""}",Jeg er forelsket i min kone.,True,1,0,True,True,False,True,,True,,True,"{""reason"":""detector_match"",""detected"":""no"",""confidence"":1.0}",True,[],[],True,,"{""errors"":[]}",True,[],True,1,0,True,True,False,100,100,1215,15,1230,,,833.48,1304,8,1312,0,0,1180.07
215ec7ac22a3f9682618,354,gemma-3-27b-reasoning,managed-prompt,subtitle,es,nb,- Déjeme ayudarlo.,-La meg hjeIpe deg.,"{""c"":""La meg hjelpe deg.""}",La meg hjelpe deg.,True,1,0,True,True,False,True,,True,,True,"{""reason"":""detector_match"",""detected"":""no"",""confidence"":1.0}",True,[],[],True,,"{""errors"":[{""category"":""preservation"",""severity"":""minor""}]}",True,"[{""category"":""preservation"",""severity"":""minor""}]",True,1,0,True,True,False,97,97,1215,11,1226,,,638.81,1295,17,1312,0,0,1165.5
a0a9249e28ef9c0708e7,355,gemma-3-27b-reasoning,managed-prompt,subtitle,es,nb,No entiendes.,Du forstår ikke.,"{""c"":""Du forstår ikke.""}",Du forstår ikke.,True,1,0,True,True,False,True,,True,,True,"{""reason"":""detector_match"",""detected"":""no"",""confidence"":1.0}",True,[],[],True,,"{""errors"":[]}",True,[],True,1,0,True,True,False,100,100,1212,10,1222,,,682.38,1288,8,1296,0,0,1108.0
5b1e839ac9f82589d672,356,gemma-3-27b-reasoning,managed-prompt,subtitle,es,nb,Parece aterrada.,Hun ser skrekkslagen ut.,"{""c"":""Hun ser skremt ut.""}",Hun ser skremt ut.,True,1,0,True,True,False,True,,True,,True,"{""reason"":""detector_match"",""detected"":""no"",""confidence"":1.0}",True,[],[],True,,"{""errors"":[{""category"":""fluency"",""severity"":""minor""}]}",True,"[{""category"":""fluency"",""severity"":""minor""}]",True,1,0,True,True,False,97,97,1213,12,1225,,,788.4,1293,18,1311,0,0,1228.89
31fec7aec4e061a3bfc4,357,gemma-3-27b-reasoning,managed-prompt,subtitle,es,nb,¡Es un hombre!,Det er et menneske!,"{""c"":""Det er en mann!""}",Det er en mann!,True,1,0,True,True,False,True,,True,,True,"{""reason"":""detector_match"",""detected"":""no"",""confidence"":1.0}",True,[],[],True,,"{""errors"":[{""category"":""accuracy"",""severity"":""major""}]}",False,"[{""category"":""accuracy"",""severity"":""major""}]",True,1,0,True,True,False,85,85,1213,10,1223,,,717.11,1289,17,1306,0,0,1191.09
e556341a9606d05a121a,358,gemma-3-27b-reasoning,managed-prompt,subtitle,es,nb,Vamos. ¿Como ayudaste a Gentry?,Slik du hjalp Gentry?,"{""c"":""La oss gå. Hvordan hjalp du Gentry?""}",La oss gå. Hvordan hjalp du Gentry?,True,1,0,True,True,False,True,,True,,True,"{""reason"":""detector_match"",""detected"":""no"",""confidence"":0.8567}",True,[],[],True,,"{""errors"":[{""category"":""accuracy"",""severity"":""major""}]}",False,"[{""category"":""accuracy"",""severity"":""major""}]",True,1,0,True,True,False,85,85,1218,18,1236,,,652.84,1317,17,1334,0,0,1321.15
564c9c785e47f572514d,359,gemma-3-27b-reasoning,managed-prompt,subtitle,es,nb,- ¿Todavía tienes el plan dental?,-Har du ennå tannlegeplan og alt mulig?,"{""c"":""Har du fortsatt tannlegeplanen?""}",Har du fortsatt tannlegeplanen?,True,1,0,True,True,False,True,,True,,True,"{""reason"":""detector_match"",""detected"":""no"",""confidence"":1.0}",True,[],[],True,,"{""errors"":[{""category"":""accuracy"",""severity"":""major""}]}",False,"[{""category"":""accuracy"",""severity"":""major""}]",True,1,0,True,True,False,85,85,1217,13,1230,,,793.8,1314,17,1331,0,0,1318.05
82733081fda5cd9608d0,360,gemma-3-27b-reasoning,managed-prompt,subtitle,fr,da,"Alex, on peut s'en aller ?","- Alex, lad os smutte.","{""c"":""Alex, kan vi gå nu?""}","Alex, kan vi gå nu?",True,1,0,True,True,False,True,,True,,,"{""reason"":""detector_mismatch_uncertain"",""detected"":""sv"",""confidence"":1.0}",True,[],[],True,,"{""errors"":[]}",True,[],True,1,0,True,True,False,100,100,1217,12,1229,,,658.08,1301,8,1309,0,0,1186.77
67425d85995e813ae297,361,gemma-3-27b-reasoning,managed-prompt,subtitle,fr,da,Bien sûr que non.,"- Nej, selvfølgelig ikke.","{""c"":""Selvfølgelig ikke.""}",Selvfølgelig ikke.,True,1,0,True,True,False,True,,True,,,"{""reason"":""detector_mismatch_uncertain"",""detected"":""no"",""confidence"":1.0}",True,[],[],True,,"{""errors"":[]}",True,[],True,1,0,True,True,False,100,100,1213,12,1225,,,804.25,1299,8,1307,0,0,1258.7
85ed3a13e07bb29ee087,362,gemma-3-27b-reasoning,managed-prompt,subtitle,fr,da,"- Ouais, je reste ici.",- Jeg bliver her.,"{""c"":""Ja, jeg bliver her.""}","Ja, jeg bliver her.",True,1,0,True,True,False,True,,True,,,"{""reason"":""detector_mismatch_uncertain"",""detected"":""no"",""confidence"":1.0}",True,[],[],True,,"{""errors"":[]}",True,[],True,1,0,True,True,False,100,100,1215,11,1226,,,623.49,1294,8,1302,0,0,1300.77
ac0d26dcbc856165f86d,363,gemma-3-27b-reasoning,managed-prompt,subtitle,fr,da,Quoi?,Hvad?,"{""c"":""Hvad?""}",Hvad?,True,1,0,True,True,False,True,,True,,,"{""reason"":""too_short_for_language_detection"",""detected"":null,""confidence"":null}",True,[],[],True,,"{""errors"":[]}",True,[],True,1,0,True,True,False,100,100,1211,8,1219,,,813.2,1285,8,1293,0,0,1133.17
cdc60f6c0d00d781e86d,364,gemma-3-27b-reasoning,managed-prompt,subtitle,fr,da,"Qu'est-il arrivé à Scott? August, je suis désolée.",Hvad er der sket med Scott?,"{""c"":""Hvad er der sket med Scott? August, jeg er ked af det.""}","Hvad er der sket med Scott? August, jeg er ked af det.",True,1,0,True,True,False,True,,True,,True,"{""reason"":""detector_match"",""detected"":""da"",""confidence"":1.0}",True,[],[],True,,"{""errors"":[{""category"":""accuracy"",""severity"":""major""}]}",False,"[{""category"":""accuracy"",""severity"":""major""}]",True,1,0,True,True,False,85,85,1225,21,1246,,,728.74,1321,17,1338,0,0,1226.41
5319b941e3538570ccad,365,gemma-3-27b-reasoning,managed-prompt,subtitle,fr,da,- Qu'est-ce que j'en fais ?,- Hvad skal jeg gøre med denne her?,"{""c"":""Hvad skal jeg gøre med det?""}",Hvad skal jeg gøre med det?,True,1,0,True,True,False,True,,True,,True,"{""reason"":""detector_match"",""detected"":""da"",""confidence"":1.0}",True,[],[],True,,"{""errors"":[]}",True,[],True,1,0,True,True,False,100,100,1220,13,1233,,,718.68,1311,8,1319,0,0,1244.88
53131776bf65d9d11b9d,366,gemma-3-27b-reasoning,managed-prompt,subtitle,fr,da,Parfait.,Det her er godt.,"{""c"":""Parfait.""}",Parfait.,True,1,0,True,True,False,True,,True,,,"{""reason"":""too_short_for_language_detection"",""detected"":null,""confidence"":null}",True,[],"[{""code"":""source_copy_suspected""}]",True,,"{""errors"":[{""category"":""fluency"",""severity"":""minor""}]}",True,"[{""category"":""fluency"",""severity"":""minor""}]",True,1,0,True,True,False,94,94,1211,8,1219,,,667.87,1285,18,1303,0,0,1118.13
de458b7102fdab7ba680,367,gemma-3-27b-reasoning,managed-prompt,subtitle,fr,da,Physiquement les Atrians arrivent à maturité plus vite que nous.,"Atrians bliver hurtigere modne, end vi gør..","{""c"":""Fysisk modnes Atrianerne hurtigere end os.""}",Fysisk modnes Atrianerne hurtigere end os.,True,1,0,True,True,False,True,,True,,True,"{""reason"":""detector_match"",""detected"":""da"",""confidence"":0.9141}",True,[],[],True,,"{""errors"":[]}",True,[],True,1,0,True,True,False,100,100,1222,18,1240,,,945.69,1323,8,1331,0,0,1062.73
291c345cf9a7ae2ce2f2,368,gemma-3-27b-reasoning,managed-prompt,subtitle,fr,da,Je suis ton cadeau.,- Jeg er din fødselsdagsgave.,"{""c"":""Jeg er din gave.""}",Jeg er din gave.,True,1,0,True,True,False,True,,True,,,"{""reason"":""detector_inconclusive"",""detected"":""da"",""confidence"":0.5717}",True,[],[],True,,"{""errors"":[]}",True,[],True,1,0,True,True,False,100,100,1213,10,1223,,,631.05,1297,8,1305,0,0,1248.96
8600b2cc28cd59e0382c,369,gemma-3-27b-reasoning,managed-prompt,subtitle,fr,da,"Qui, M. Lopez?","Hvem, hr. Lopez?","{""c"":""Qui, Hr. Lopez?""}","Qui, Hr. Lopez?",True,1,0,True,True,False,True,,True,,,"{""reason"":""detector_mismatch_uncertain"",""detected"":""ro"",""confidence"":1.0}",True,[],[],True,,"{""errors"":[{""category"":""accuracy"",""severity"":""major""},{""category"":""fluency"",""severity"":""minor""}]}",False,"[{""category"":""accuracy"",""severity"":""major""},{""category"":""fluency"",""severity"":""minor""}]",True,1,0,True,True,False,82,82,1214,11,1225,,,686.01,1295,27,1322,0,0,3296.65
748cb6745d5ce7fbbbdf,370,gemma-3-27b-reasoning,managed-prompt,subtitle,fr,de,- Elle a la pierre.,- Sie hat den Stein.,"{""c"":""Sie hat den Stein.""}",Sie hat den Stein.,True,1,0,True,True,False,True,,True,,True,"{""reason"":""detector_match"",""detected"":""de"",""confidence"":1.0}",True,[],[],True,,"{""errors"":[{""category"":""preservation"",""severity"":""minor""}]}",True,"[{""category"":""preservation"",""severity"":""minor""}]",True,1,0,True,True,False,97,97,1214,10,1224,,,610.1,1292,17,1309,0,0,1191.2
fe75e4d6d7bf1e286245,371,gemma-3-27b-reasoning,managed-prompt,subtitle,fr,de,- Que se passe-t-il ?,"- Hey, was ist hier los?","{""c"":""Was passiert?""}",Was passiert?,True,1,0,True,True,False,True,,True,,,"{""reason"":""detector_inconclusive"",""detected"":""af"",""confidence"":0.8571}",True,[],[],True,,"{""errors"":[]}",True,[],True,1,0,True,True,False,100,100,1217,8,1225,,,705.33,1296,8,1304,0,0,1196.65
cbd58dc94341b9a42030,372,gemma-3-27b-reasoning,managed-prompt,subtitle,fr,de,Je suis le Dr McKay.,Ich bin Dr. McKay.,"{""c"":""Ich bin Dr. McKay.""}",Ich bin Dr. McKay.,True,1,0,True,True,False,True,,True,,True,"{""reason"":""detector_match"",""detected"":""de"",""confidence"":1.0}",True,[],[],True,,"{""errors"":[]}",True,[],True,1,0,True,True,False,100,100,1214,11,1225,,,849.96,1295,8,1303,0,0,1176.2
b79ea5ab323ba93e32b8,373,gemma-3-27b-reasoning,managed-prompt,subtitle,fr,de,je vais juste signer.,Ich unterschreibe einfach.,"{""c"":""Ich werde nur unterschreiben.""}",Ich werde nur unterschreiben.,True,1,0,True,True,False,True,,True,,True,"{""reason"":""detector_match"",""detected"":""de"",""confidence"":1.0}",True,[],[],True,,"{""errors"":[]}",True,[],True,1,0,True,True,False,100,100,1213,12,1225,,,762.39,1297,8,1305,0,0,1182.37
ad4312ff74fc794ff7ea,374,gemma-3-27b-reasoning,managed-prompt,subtitle,fr,de,Tu veux voir Lexi ? Je vais t'y emmener.,Du willst Lexi sehen?,"{""c"":""Möchtest du Lexi sehen? Ich bringe dich dorthin.""}",Möchtest du Lexi sehen? Ich bringe dich dorthin.,True,1,0,True,True,False,True,,True,,True,"{""reason"":""detector_match"",""detected"":""de"",""confidence"":1.0}",True,[],[],True,,"{""errors"":[]}",True,[],True,1,0,True,True,False,100,100,1223,21,1244,,,1025.29,1318,8,1326,0,0,1243.19
39f68fc2247e9a3110ee,375,gemma-3-27b-reasoning,managed-prompt,subtitle,fr,de,Keating.,Keating.,"{""c"":""Keating.""}",Keating.,True,1,0,True,True,False,True,,True,,,"{""reason"":""too_short_for_language_detection"",""detected"":null,""confidence"":null}",True,[],[],True,,"{""errors"":[]}",True,[],True,1,0,True,True,False,100,100,1211,8,1219,,,881.35,1283,8,1291,0,0,1172.73
97a441aab2d9ae4b40a6,376,gemma-3-27b-reasoning,managed-prompt,subtitle,fr,de,Je viens vous apporter la parole de Dieu.,Ich bringe euch das Wort Gottes.,"{""c"":""Ich komme, um euch das Wort Gottes zu bringen.""}","Ich komme, um euch das Wort Gottes zu bringen.",True,1,0,True,True,False,True,,True,,True,"{""reason"":""detector_match"",""detected"":""de"",""confidence"":1.0}",True,[],[],True,,"{""errors"":[]}",True,[],True,1,0,True,True,False,100,100,1217,16,1233,,,1034.25,1318,8,1326,0,0,1178.2
87e0997a12d75f438a18,377,gemma-3-27b-reasoning,managed-prompt,subtitle,fr,de,"Portia avait sur elle une lettre de Sarah, datée de son 21e anniversaire.","Portia trug tatsächlich einen Brief von Sarah bei sich, datiert auf ihren 21. Geburtstag.","{""c"":""Portia hatte einen Brief von Sarah bei sich, datiert an ihrem 21. Geburtstag.""}","Portia hatte einen Brief von Sarah bei sich, datiert an ihrem 21. Geburtstag.",True,1,0,True,True,False,True,,True,,True,"{""reason"":""detector_match"",""detected"":""de"",""confidence"":1.0}",True,[],[],True,,"{""errors"":[{""category"":""accuracy"",""severity"":""minor""}]}",True,"[{""category"":""accuracy"",""severity"":""minor""}]",True,1,0,True,True,False,97,97,1228,25,1253,,,1173.63,1349,17,1366,0,0,1231.93
8709bfe0f437f525be81,378,gemma-3-27b-reasoning,managed-prompt,subtitle,fr,de,Tu pourras ramener une télé ?,"Denkst du, du kannst den Fernseher besorgen?","{""c"":""Kannst du einen Fernseher mitbringen?""}",Kannst du einen Fernseher mitbringen?,True,1,0,True,True,False,True,,True,,True,"{""reason"":""detector_match"",""detected"":""de"",""confidence"":1.0}",True,[],[],True,,"{""errors"":[]}",True,[],True,1,0,True,True,False,100,100,1216,15,1231,,,605.69,1313,8,1321,0,0,1171.66
cdac242a1ae258c14806,379,gemma-3-27b-reasoning,managed-prompt,subtitle,fr,de,"Tu te laisses manipuler par elle, Jack.","Du lässt dich von ihr manipulieren, Jack.","{""c"":""Du lässt dich von ihr manipulieren, Jack.""}","Du lässt dich von ihr manipulieren, Jack.",True,1,0,True,True,False,True,,True,,True,"{""reason"":""detector_match"",""detected"":""de"",""confidence"":1.0}",True,[],[],True,,"{""errors"":[]}",True,[],True,1,0,True,True,False,100,100,1219,15,1234,,,873.24,1312,8,1320,0,0,1061.24
2f5634f649a33de37617,380,gemma-3-27b-reasoning,managed-prompt,subtitle,fr,en,Je vais bien.,I'm fine.,"{""c"":""I am doing well.""}",I am doing well.,True,1,0,True,True,False,True,,True,,,"{""reason"":""detector_inconclusive"",""detected"":""cy"",""confidence"":0.7143}",True,[],[],True,,"{""errors"":[]}",True,[],True,1,0,True,True,False,100,100,1212,10,1222,,,529.3,1285,8,1293,0,0,1135.79
48bf7c72c3d42cf6061f,381,gemma-3-27b-reasoning,managed-prompt,subtitle,fr,en,"Georgina, savez-vous où Val est allée ?","Uh... Georgina, do you know where Val was going?","{""c"":""Georgina, do you know where Val went?""}","Georgina, do you know where Val went?",True,1,0,True,True,False,True,,True,,True,"{""reason"":""detector_match"",""detected"":""en"",""confidence"":1.0}",True,[],[],True,,"{""errors"":[]}",True,[],True,1,0,True,True,False,100,100,1220,15,1235,,,605.11,1314,8,1322,0,0,1059.69
cbbe39a615a205acf27c,382,gemma-3-27b-reasoning,managed-prompt,subtitle,fr,en,"Quoi, mon amour ?","- What, my love?","{""c"":""What, my love?""}","What, my love?",True,1,0,True,True,False,True,,True,,True,"{""reason"":""detector_match"",""detected"":""en"",""confidence"":1.0}",True,[],[],True,,"{""errors"":[]}",True,[],True,1,0,True,True,False,100,100,1214,10,1224,,,562.16,1292,8,1300,0,0,1158.17
3e2530844c945d5a9296,383,gemma-3-27b-reasoning,managed-prompt,subtitle,fr,en,On a de plus gros soucis.,We've got bigger concerns.,"{""c"":""We have bigger problems.""}",We have bigger problems.,True,1,0,True,True,False,True,,True,,,"{""reason"":""detector_mismatch_uncertain"",""detected"":""da"",""confidence"":0.9994}",True,[],[],True,,"{""errors"":[]}",True,[],True,1,0,True,True,False,100,100,1216,10,1226,,,742.38,1292,8,1300,0,0,1158.36
ad48a4ff68e9697f3d8f,384,gemma-3-27b-reasoning,managed-prompt,subtitle,fr,en,Ces gars sont les meilleurs.,Those guys are the best.,"{""c"":""These guys are the best.""}",These guys are the best.,True,1,0,True,True,False,True,,True,,True,"{""reason"":""detector_match"",""detected"":""en"",""confidence"":1.0}",True,[],[],True,,"{""errors"":[]}",True,[],True,1,0,True,True,False,100,100,1214,11,1225,,,546.63,1291,8,1299,0,0,1579.09
32156b0b906c7bdb5d19,385,gemma-3-27b-reasoning,managed-prompt,subtitle,fr,en,- Voilà une concession. - Quoi ?,- That's a concession.,"{""c"":""That's a giveaway. - What?""}",That's a giveaway. - What?,True,1,0,True,True,False,True,,True,,True,"{""reason"":""detector_match"",""detected"":""en"",""confidence"":0.8571}",True,[],[],True,,"{""errors"":[{""category"":""accuracy"",""severity"":""major""},{""category"":""preservation"",""severity"":""minor""}]}",False,"[{""category"":""accuracy"",""severity"":""major""},{""category"":""preservation"",""severity"":""minor""}]",True,1,0,True,True,False,82,82,1217,14,1231,,,1104.72,1304,26,1330,0,0,2151.24
76839a9d1f62fa3df23d,386,gemma-3-27b-reasoning,managed-prompt,subtitle,fr,en,- J'ai suivi Taub.,I followed Taub.,"{""c"":""I followed Taub.""}",I followed Taub.,True,1,0,True,True,False,True,,True,,True,"{""reason"":""detector_match"",""detected"":""en"",""confidence"":1.0}",True,[],[],True,,"{""errors"":[]}",True,[],True,1,0,True,True,False,100,100,1216,10,1226,,,561.14,1293,8,1301,0,0,1201.04
511b32971398068ec529,387,gemma-3-27b-reasoning,managed-prompt,subtitle,fr,en,Salut.,Hi.,"{""c"":""Hi.""}",Hi.,True,1,0,True,True,False,True,,True,,,"{""reason"":""too_short_for_language_detection"",""detected"":null,""confidence"":null}",True,[],[],True,,"{""errors"":[]}",True,[],True,1,0,True,True,False,100,100,1210,7,1217,,,800.47,1279,8,1287,0,0,1263.01
9425baa998f693a27b04,388,gemma-3-27b-reasoning,managed-prompt,subtitle,fr,en,Un Serbe qui a inventé une machine sexuelle pour les femmes.,A serbian man who has invented A sex machine for women.,"{""c"":""A Serb who invented a sex machine for women.""}",A Serb who invented a sex machine for women.,True,1,0,True,True,False,True,,True,,True,"{""reason"":""detector_match"",""detected"":""en"",""confidence"":1.0}",True,[],[],True,,"{""errors"":[]}",True,[],True,1,0,True,True,False,100,100,1223,15,1238,,,926.43,1312,8,1320,0,0,1156.97
f2eaaaa207bd4be47f30,389,gemma-3-27b-reasoning,managed-prompt,subtitle,fr,en,"J'ai commencé à prier car j'ai souvent trouvé du réconfort dans ma Foi et... un jour, j'ai entendu une voix.","I started to pray because I often find consolation in my faith, and, one day... I heard a voice.","{""c"":""I started to pray because I often found comfort in my Faith and... one day, I heard a voice.""}","I started to pray because I often found comfort in my Faith and... one day, I heard a voice.",True,1,0,True,True,False,True,,True,,True,"{""reason"":""detector_match"",""detected"":""en"",""confidence"":1.0}",True,[],[],True,,"{""errors"":[]}",True,[],True,1,0,True,True,False,100,100,1240,27,1267,,,1022.01,1357,8,1365,0,0,1156.19
88ad11fdc23eec5eeca6,390,gemma-3-27b-reasoning,managed-prompt,subtitle,fr,es,"Mon Dieu, ils boivent beaucoup.","Dios mío, cómo bebe esta gente.","{""c"":""¡Madre mía, beben mucho!""}","¡Madre mía, beben mucho!",True,1,0,True,True,False,True,,True,,True,"{""reason"":""detector_match"",""detected"":""es"",""confidence"":1.0}",True,[],[],True,,"{""errors"":[]}",True,[],True,1,0,True,True,False,100,100,1216,14,1230,,,578.53,1311,8,1319,0,0,1254.37
a51bbfee8af796d914cf,391,gemma-3-27b-reasoning,managed-prompt,subtitle,fr,es,Tu ne sais rien du tout à propos de Serena.,Tú no sabes nada sobre Serena.,"{""c"":""No sabes nada de Serena.""}",No sabes nada de Serena.,True,1,0,True,True,False,True,,True,,,"{""reason"":""detector_mismatch_uncertain"",""detected"":""pt"",""confidence"":1.0}",True,[],[],True,,"{""errors"":[]}",True,[],True,1,0,True,True,False,100,100,1219,11,1230,,,601.41,1310,8,1318,0,0,1193.79
0001cc7b9206e10664f0,392,gemma-3-27b-reasoning,managed-prompt,subtitle,fr,es,Attends-moi.,Espera.,"{""c"":""Espérame.""}",Espérame.,True,1,0,True,True,False,True,,True,,,"{""reason"":""detector_mismatch_uncertain"",""detected"":""pt"",""confidence"":1.0}",True,[],[],True,,"{""errors"":[]}",True,[],True,1,0,True,True,False,100,100,1213,9,1222,,,531.64,1287,8,1295,0,0,1305.82
5924f13afd33a5174124,393,gemma-3-27b-reasoning,managed-prompt,subtitle,fr,es,"Shelly, téléphone.","Shelly, teléfono.","{""c"":""Shelly, teléfono.""}","Shelly, teléfono.",True,1,0,True,True,False,True,,True,,,"{""reason"":""detector_mismatch_uncertain"",""detected"":""en"",""confidence"":1.0}",True,[],[],True,,"{""errors"":[]}",True,[],True,1,0,True,True,False,100,100,1213,10,1223,,,796.26,1297,8,1305,0,0,1071.18
ce231ad11b00b5c0f32c,394,gemma-3-27b-reasoning,managed-prompt,subtitle,fr,es,"Tu quittes Las Vegas à 3h30, tu prends la I-40 sans t'arrêter, tu atteins Oklahoma City en 24 heures, Clinton en 23.","Dejaste Las Vegas a las 3:30, condujiste por la I-40 sin parar, llegaste a Oklahoma City en 24 horas, Clinton en 23.","{""c"":""Sales Las Vegas a las 3:30, tomas la I-40 sin detenerte, llegas a Oklahoma City en 24 horas, Clinton en 23.""}","Sales Las Vegas a las 3:30, tomas la I-40 sin detenerte, llegas a Oklahoma City en 24 horas, Clinton en 23.",True,1,0,True,True,False,True,,True,,True,"{""reason"":""detector_match"",""detected"":""es"",""confidence"":1.0}",True,[],[],True,,"{""errors"":[]}",True,[],True,1,0,True,True,False,100,100,1250,44,1294,,,930.11,1397,8,1405,0,0,1198.62
841d222d407c5c6c6d95,395,gemma-3-27b-reasoning,managed-prompt,subtitle,fr,es,Je avais sept ans.,Yo tenía siete años.,"{""c"":""Tenía siete años.""}",Tenía siete años.,True,1,0,True,True,False,True,,True,,True,"{""reason"":""detector_match"",""detected"":""es"",""confidence"":1.0}",True,[],[],True,,"{""errors"":[]}",True,[],True,1,0,True,True,False,100,100,1214,10,1224,,,577.12,1292,8,1300,0,0,1087.07
48ac60e53c88d26ee5c3,396,gemma-3-27b-reasoning,managed-prompt,subtitle,fr,es,Mlle Grubach ?,¿La Sra. Grubach?,"{""c"":""¿Mlle Grubach?""}",¿Mlle Grubach?,True,1,0,True,True,False,True,,True,,,"{""reason"":""detector_mismatch_uncertain"",""detected"":""de"",""confidence"":1.0}",True,[],[],True,,"{""errors"":[]}",True,[],True,1,0,True,True,False,100,100,1213,11,1224,,,549.49,1300,8,1308,0,0,1148.77
5ef2e4145a6040632cbd,397,gemma-3-27b-reasoning,managed-prompt,subtitle,fr,es,Je pense que je serai parti pendant quelques jours.,Estaré fuera varios días.,"{""c"":""Creo que estaré fuera por unos días.""}",Creo que estaré fuera por unos días.,True,1,0,True,True,False,True,,True,,True,"{""reason"":""detector_match"",""detected"":""es"",""confidence"":1.0}",True,[],[],True,,"{""errors"":[]}",True,[],True,1,0,True,True,False,100,100,1219,14,1233,,,576.71,1308,8,1316,0,0,1225.84
f2535c6c737b2e5a6431,398,gemma-3-27b-reasoning,managed-prompt,subtitle,fr,es,C'est Victoria.,Lo ha hecho Victoria.,"{""c"":""Esta es Victoria.""}",Esta es Victoria.,True,1,0,True,True,False,True,,True,,True,"{""reason"":""detector_match"",""detected"":""es"",""confidence"":1.0}",True,[],[],True,,"{""errors"":[]}",True,[],True,1,0,True,True,False,100,100,1213,9,1222,,,576.78,1286,8,1294,0,0,1220.07
449e9243ffc429f99da4,399,gemma-3-27b-reasoning,managed-prompt,subtitle,fr,es,Et les tripes d'une femme ne se trompent jamais.,Y tú sabes que las entrañas de una mujer nunca se equivocan.,"{""c"":""Y las tripas de una mujer nunca se equivocan.""}",Y las tripas de una mujer nunca se equivocan.,True,1,0,True,True,False,True,,True,,True,"{""reason"":""detector_match"",""detected"":""es"",""confidence"":1.0}",True,[],[],True,,"{""errors"":[]}",True,[],True,1,0,True,True,False,100,100,1222,17,1239,,,831.71,1326,8,1334,0,0,1221.62
5767ed795d4a0e48caf8,400,gemma-3-27b-reasoning,managed-prompt,subtitle,fr,it,"Mon dieu, je suis une idiote.","Oh, Dio, Sono un idiota.","{""c"":""Mon dieu, sono una stupida.""}","Mon dieu, sono una stupida.",True,1,0,True,True,False,True,,True,,True,"{""reason"":""detector_match"",""detected"":""it"",""confidence"":1.0}",True,[],[],True,,"{""errors"":[{""category"":""preservation"",""severity"":""minor""}]}",True,"[{""category"":""preservation"",""severity"":""minor""}]",True,1,0,True,True,False,97,97,1217,13,1230,,,778.44,1302,17,1319,0,0,1223.07
c9c00229a2f274bb4af6,401,gemma-3-27b-reasoning,managed-prompt,subtitle,fr,it,Tu surestimes ta capacité à toucher cinq cibles mouvantes.,Sopravvaluti la tua abilita' se dici di poter colpire cinque bersagli in movimento. - Pensi?,"{""c"":""Stai sopravvalutando la tua capacità di colpire cinque bersagli in movimento.""}",Stai sopravvalutando la tua capacità di colpire cinque bersagli in movimento.,True,1,0,True,True,False,True,,True,,True,"{""reason"":""detector_match"",""detected"":""it"",""confidence"":1.0}",True,[],[],True,,"{""errors"":[]}",True,[],True,1,0,True,True,False,100,100,1223,23,1246,,,682.47,1350,8,1358,0,0,1222.69
86e8cbb858611ac8fee8,402,gemma-3-27b-reasoning,managed-prompt,subtitle,fr,it,Je dois m'occuper de ma famille.,"No... no, devo provvedere alla mia famiglia.","{""c"":""Devo prendermi cura della mia famiglia.""}",Devo prendermi cura della mia famiglia.,True,1,0,True,True,False,True,,True,,True,"{""reason"":""detector_match"",""detected"":""it"",""confidence"":1.0}",True,[],[],True,,"{""errors"":[]}",True,[],True,1,0,True,True,False,100,100,1218,14,1232,,,894.57,1308,8,1316,0,0,1061.67
441bd6c47ed751405e2c,403,gemma-3-27b-reasoning,managed-prompt,subtitle,fr,it,"- Allons-y, Tim.","Forza,andiamo,Tim.","{""c"":""Andiamo, Tim.""}","Andiamo, Tim.",True,1,0,True,True,False,True,,True,,,"{""reason"":""detector_inconclusive"",""detected"":""pt"",""confidence"":0.8571}",True,[],[],True,,"{""errors"":[]}",True,[],True,1,0,True,True,False,100,100,1216,10,1226,,,746.72,1297,8,1305,0,0,1049.07
3bde501edf3e57a1b47b,404,gemma-3-27b-reasoning,managed-prompt,subtitle,fr,it,Allez !,Andiamo!,"{""c"":""Andiamo!""}",Andiamo!,True,1,0,True,True,False,True,,True,,,"{""reason"":""too_short_for_language_detection"",""detected"":null,""confidence"":null}",True,[],[],True,,"{""errors"":[]}",True,[],True,1,0,True,True,False,100,100,1211,8,1219,,,733.95,1286,8,1294,0,0,1197.01
ed2507190f5021c4fb18,405,gemma-3-27b-reasoning,managed-prompt,subtitle,fr,it,Si ça ne vous embête pas.,"Quindi, se non le dispiace.","{""c"":""Se non ti disturbo.""}",Se non ti disturbo.,True,1,0,True,True,False,True,,True,,True,"{""reason"":""detector_match"",""detected"":""it"",""confidence"":1.0}",True,[],[],True,,"{""errors"":[{""category"":""accuracy"",""severity"":""minor""}]}",True,"[{""category"":""accuracy"",""severity"":""minor""}]",True,1,0,True,True,False,97,97,1216,11,1227,,,808.14,1296,17,1313,0,0,1226.83
88e917c5939ab683dd3c,406,gemma-3-27b-reasoning,managed-prompt,subtitle,fr,it,Pour moi ?,Me?,"{""c"":""Per me?""}",Per me?,True,1,0,True,True,False,True,,True,,,"{""reason"":""too_short_for_language_detection"",""detected"":null,""confidence"":null}",True,[],[],True,,"{""errors"":[]}",True,[],True,1,0,True,True,False,100,100,1211,8,1219,,,3357.89,1282,8,1290,0,0,1112.28
b3be1b6b668a348c9fbe,407,gemma-3-27b-reasoning,managed-prompt,subtitle,fr,it,Évidemment que j'aime ma femme.,È chiaro che amo mia moglie.,"{""c"":""Ovviamente amo mia moglie.""}",Ovviamente amo mia moglie.,True,1,0,True,True,False,True,,True,,True,"{""reason"":""detector_match"",""detected"":""it"",""confidence"":1.0}",True,[],[],True,,"{""errors"":[]}",True,[],True,1,0,True,True,False,100,100,1217,11,1228,,,788.0,1307,8,1315,0,0,1284.53
9009f3a4d695faeea818,408,gemma-3-27b-reasoning,managed-prompt,subtitle,fr,it,"Seigneur, ça serait tellement sympa.","Oh Dio, sarebbe fantastico!","{""c"":""Signore, sarebbe così gentile.""}","Signore, sarebbe così gentile.",True,1,0,True,True,False,True,,True,,True,"{""reason"":""detector_match"",""detected"":""it"",""confidence"":1.0}",True,[],[],True,,"{""errors"":[{""category"":""accuracy"",""severity"":""minor""}]}",True,"[{""category"":""accuracy"",""severity"":""minor""}]",True,1,0,True,True,False,97,97,1216,12,1228,,,995.95,1304,17,1321,0,0,1211.44
0b01720caa0f32677db9,409,gemma-3-27b-reasoning,managed-prompt,subtitle,fr,it,Maintenant... commence... mon propre rêve... qui ne se terminera jamais.,Ma ora un sogno tutto mio. Che non finirà mai.,"{""c"":""Ora... comincia... il mio sogno... che non finirà mai.""}",Ora... comincia... il mio sogno... che non finirà mai.,True,1,0,True,True,False,True,,True,,True,"{""reason"":""detector_match"",""detected"":""it"",""confidence"":1.0}",True,[],[],True,,"{""errors"":[]}",True,[],True,1,0,True,True,False,100,100,1224,20,1244,,,968.81,1329,8,1337,0,0,1212.62
a4255a5948343dbad1c0,410,gemma-3-27b-reasoning,managed-prompt,subtitle,fr,jp,"Merci, ma reine.",ありがとうございます,"{""c"":""ありがとう、私の女王。""}",ありがとう、私の女王。,True,1,0,True,True,False,True,,True,,True,"{""reason"":""target_script_present"",""detected"":""ja"",""confidence"":1.0}",True,[],[],True,,"{""errors"":[{""category"":""tone"",""severity"":""major""}]}",False,"[{""category"":""tone"",""severity"":""major""}]",True,1,0,True,True,False,85,85,1213,10,1223,,,747.27,1299,17,1316,0,0,1275.13
2329e5e6656dd34e9b4f,411,gemma-3-27b-reasoning,managed-prompt,subtitle,fr,jp,"Ooh, c'est intéressant.",あらら　これは興味深い,"{""c"":""わあ、面白いですね。""}",わあ、面白いですね。,True,1,0,True,True,False,True,,True,,True,"{""reason"":""target_script_present"",""detected"":""ja"",""confidence"":1.0}",True,[],[],True,,"{""errors"":[]}",True,[],True,1,0,True,True,False,100,100,1216,11,1227,,,876.84,1305,8,1313,0,0,1189.39
c3e39847e8b73356e547,412,gemma-3-27b-reasoning,managed-prompt,subtitle,fr,jp,Sortez tous !,- よし、全員降りろ,"{""c"":""みんなで出かけよう！""}",みんなで出かけよう！,True,1,0,True,True,False,True,,True,,True,"{""reason"":""target_script_present"",""detected"":""ja"",""confidence"":1.0}",True,[],[],True,,"{""errors"":[{""category"":""accuracy"",""severity"":""major""}]}",False,"[{""category"":""accuracy"",""severity"":""major""}]",True,1,0,True,True,False,85,85,1212,11,1223,,,908.17,1299,17,1316,0,0,1194.92
dff433fac49f7e3b85b0,413,gemma-3-27b-reasoning,managed-prompt,subtitle,fr,jp,- Bien. - Parfait. - Merci John.,分かった　ありがとう,"{""c"":""いいね。-完璧です。-ありがとう、ジョン。""}",いいね。-完璧です。-ありがとう、ジョン。,True,1,0,True,True,False,True,,True,,True,"{""reason"":""target_script_present"",""detected"":""ja"",""confidence"":1.0}",True,[],[],True,,"{""errors"":[{""category"":""fluency"",""severity"":""minor""}]}",True,"[{""category"":""fluency"",""severity"":""minor""}]",True,1,0,True,True,False,97,97,1219,16,1235,,,876.05,1319,18,1337,0,0,1148.2
f41ca2d6be9734e191c3,414,gemma-3-27b-reasoning,managed-prompt,subtitle,fr,jp,Je pense que parfois.,時々だが...,"{""c"":""時々そう思います。""}",時々そう思います。,True,1,0,True,True,False,True,,True,,True,"{""reason"":""target_script_present"",""detected"":""ja"",""confidence"":1.0}",True,[],[],True,,"{""errors"":[]}",True,[],True,1,0,True,True,False,100,100,1213,10,1223,,,527.11,1291,8,1299,0,0,1184.47
dc94cba94ba7f447ee4d,415,gemma-3-27b-reasoning,managed-prompt,subtitle,fr,jp,"Non, c'était une blague.",あれはジョークさ,"{""c"":""いいえ、それは冗談でした。""}",いいえ、それは冗談でした。,True,1,0,True,True,False,True,,True,,True,"{""reason"":""target_script_present"",""detected"":""ja"",""confidence"":1.0}",True,[],[],True,,"{""errors"":[]}",True,[],True,1,0,True,True,False,100,100,1217,13,1230,,,811.76,1303,8,1311,0,0,1113.94
c13e437e3d7264b2dff3,416,gemma-3-27b-reasoning,managed-prompt,subtitle,fr,jp,Il n'y aura que nous et le V.,集合場所に来るのは俺達だけ そこへVが,"{""c"":""私たちとVだけでしょう。""}",私たちとVだけでしょう。,True,1,0,True,True,False,True,,True,,True,"{""reason"":""target_script_present"",""detected"":""ja"",""confidence"":1.0}",True,[],[],True,,"{""errors"":[]}",True,[],True,1,0,True,True,False,100,100,1219,11,1230,,,2242.87,1317,8,1325,0,0,1245.44
7e62f0822e0038781d2b,417,gemma-3-27b-reasoning,managed-prompt,subtitle,fr,jp,Quoi donc ?,何を？,"{""c"":""どういうこと？""}",どういうこと？,True,1,0,True,True,False,True,,True,,True,"{""reason"":""target_script_present"",""detected"":""ja"",""confidence"":1.0}",True,[],[],True,,"{""errors"":[]}",True,[],True,1,0,True,True,False,100,100,1212,9,1221,,,715.23,1288,8,1296,0,0,1243.77
8a6fdf16ed5a6c2e0bdb,418,gemma-3-27b-reasoning,managed-prompt,subtitle,fr,jp,Ça va aller.,大丈夫よ,"{""c"":""大丈夫です。""}",大丈夫です。,True,1,0,True,True,False,True,,True,,True,"{""reason"":""target_script_present"",""detected"":""ja"",""confidence"":1.0}",True,[],[],True,,"{""errors"":[]}",True,[],True,1,0,True,True,False,100,100,1212,8,1220,,,586.87,1294,8,1302,0,0,1232.56
59d9e491145113d4bb99,419,gemma-3-27b-reasoning,managed-prompt,subtitle,fr,jp,"Je suis désolée, Dr Morgan mais je ne vais pas abandonner si vite.",悪いわね　モーガン先生 まだ終わらせないわ,"{""c"":""申し訳ありません、モーガン博士。でも、そんなに簡単に諦めません。""}",申し訳ありません、モーガン博士。でも、そんなに簡単に諦めません。,True,1,0,True,True,False,True,,True,,True,"{""reason"":""target_script_present"",""detected"":""ja"",""confidence"":1.0}",True,[],[],True,,"{""errors"":[{""category"":""tone"",""severity"":""minor""}]}",True,"[{""category"":""tone"",""severity"":""minor""}]",True,1,0,True,True,False,97,97,1226,22,1248,,,1058.7,1348,17,1365,0,0,1318.49
708b7ca964262e26f5e8,420,gemma-3-27b-reasoning,managed-prompt,subtitle,fr,nl,Salut... Dire que ta mère te battait pour que tu mettes une robe.,Ik herinner me dat je moeder je moest slaan voor je een jurk aantrok.,"{""c"":""Salut... Zeggen dat je moeder je sloeg om een jurk aan te trekken.""}",Salut... Zeggen dat je moeder je sloeg om een jurk aan te trekken.,True,1,0,True,True,False,True,,True,,True,"{""reason"":""detector_match"",""detected"":""nl"",""confidence"":1.0}",True,[],[],True,,"{""errors"":[{""category"":""accuracy"",""severity"":""major""}]}",False,"[{""category"":""accuracy"",""severity"":""major""}]",True,1,0,True,True,False,85,85,1225,25,1250,,,1258.62,1343,17,1360,0,0,1196.71
97b860df4dc8d5c707f8,421,gemma-3-27b-reasoning,managed-prompt,subtitle,fr,nl,Pouvez-vous en dire de même ?,Kun jij dat ook zeggen?,"{""c"":""Kun je hetzelfde zeggen?""}",Kun je hetzelfde zeggen?,True,1,0,True,True,False,True,,True,,True,"{""reason"":""detector_match"",""detected"":""nl"",""confidence"":1.0}",True,[],[],True,,"{""errors"":[]}",True,[],True,1,0,True,True,False,100,100,1217,10,1227,,,949.92,1304,8,1312,0,0,1319.08
f9d581d9e144869bf472,422,gemma-3-27b-reasoning,managed-prompt,subtitle,fr,nl,- De la glace avec un client?,- IJs met een cliënt?,"{""c"":""IJs met een klant?""}",IJs met een klant?,True,1,0,True,True,False,True,,True,,True,"{""reason"":""detector_match"",""detected"":""nl"",""confidence"":1.0}",False,"[{""code"":""terminology_mismatch"",""source_term"":""Glace"",""expected_target_term"":""IJssculptuur""}]",[],True,,"{""errors"":[{""category"":""preservation"",""severity"":""minor""}]}",True,"[{""category"":""preservation"",""severity"":""minor""}]",True,1,0,True,True,False,97,97,1216,11,1227,,,816.33,1299,17,1316,0,0,1291.25
2442e3ca577b3b2c2632,423,gemma-3-27b-reasoning,managed-prompt,subtitle,fr,nl,Elle trouvera Davina avant que cet homme abuse d'elle.,Ze kan Davina vinden voordat die man haar kwaad doet.,"{""c"":""Ze zal Davina vinden voordat die man haar misbruikt.""}",Ze zal Davina vinden voordat die man haar misbruikt.,True,1,0,True,True,False,True,,True,,True,"{""reason"":""detector_match"",""detected"":""nl"",""confidence"":1.0}",True,[],[],True,,"{""errors"":[]}",True,[],True,1,0,True,True,False,100,100,1222,18,1240,,,923.75,1323,8,1331,0,0,1122.0
2e4bd8ec6f1ed1a8500a,424,gemma-3-27b-reasoning,managed-prompt,subtitle,fr,nl,Je t'ai reconnu d'après une photo.,Ik ken je van een foto.,"{""c"":""Ik herkende je op een foto.""}",Ik herkende je op een foto.,True,1,0,True,True,False,True,,True,,True,"{""reason"":""detector_match"",""detected"":""nl"",""confidence"":1.0}",True,[],[],True,,"{""errors"":[]}",True,[],True,1,0,True,True,False,100,100,1219,13,1232,,,757.36,1303,8,1311,0,0,1144.33
2e14652e0cc0b4312fe4,425,gemma-3-27b-reasoning,managed-prompt,subtitle,fr,nl,"D'ailleurs, Jackie ne veut pas de nous.",We maken toch geen van beiden kans bij Jackie.,"{""c"":""Overigens, Jackie wil ons niet.""}","Overigens, Jackie wil ons niet.",True,1,0,True,True,False,True,,True,,,"{""reason"":""detector_mismatch_uncertain"",""detected"":""af"",""confidence"":1.0}",True,[],[],True,,"{""errors"":[]}",True,[],True,1,0,True,True,False,100,100,1219,13,1232,,,583.69,1307,8,1315,0,0,1269.44
ae45c9dd492b78248315,426,gemma-3-27b-reasoning,managed-prompt,subtitle,fr,nl,Oui.,Ja.,"{""c"":""Ja.""}",Ja.,True,1,0,True,True,False,True,,True,,,"{""reason"":""too_short_for_language_detection"",""detected"":null,""confidence"":null}",True,[],[],True,,"{""errors"":[]}",True,[],True,1,0,True,True,False,100,100,1210,7,1217,,,515.56,1281,8,1289,0,0,1287.93
fd7d534ea242ada7f7c0,427,gemma-3-27b-reasoning,managed-prompt,subtitle,fr,nl,N'imaginez pas que vous êtes un as de la romance en vous tripotant les mains et en vous donnant la becquée.,"Denk niet dat jij meer van romantiek weet dan ik. Handje vasthouden, elkaar voeren en afvegen is ook maar gelul.","{""c"":""N'imaginez pas que vous êtes un as de la romance en vous tripotant les mains et en vous donnant la becquée.""}",N'imaginez pas que vous êtes un as de la romance en vous tripotant les mains et en vous donnant la becquée.,True,1,0,True,True,False,True,,True,,,"{""reason"":""detector_mismatch_uncertain"",""detected"":""fr"",""confidence"":1.0}",False,"[{""code"":""source_copied""}]",[],True,,"{""errors"":[{""category"":""accuracy"",""severity"":""critical""},{""category"":""fluency"",""severity"":""critical""}]}",False,"[{""category"":""accuracy"",""severity"":""critical""},{""category"":""fluency"",""severity"":""critical""}]",True,1,0,True,True,False,20,20,1236,33,1269,,,832.99,1372,27,1399,0,0,1246.8
9f217c790d44dc69f50c,428,gemma-3-27b-reasoning,managed-prompt,subtitle,fr,nl,Oui.,Ja.,"{""c"":""Ja.""}",Ja.,True,1,0,True,True,False,True,,True,,,"{""reason"":""too_short_for_language_detection"",""detected"":null,""confidence"":null}",True,[],[],True,,"{""errors"":[]}",True,[],True,1,0,True,True,False,100,100,1210,7,1217,,,472.55,1281,8,1289,0,0,1213.85
23dd65aad5204590e436,429,gemma-3-27b-reasoning,managed-prompt,subtitle,fr,nl,"- Nous, Seymour, on n'a rien contre lui.","Wij, Seymour, hebben geen probleem met hem.","{""c"":""Wij, Seymour, hebben niets tegen hem.""}","Wij, Seymour, hebben niets tegen hem.",True,1,0,True,True,False,True,,True,,True,"{""reason"":""detector_match"",""detected"":""nl"",""confidence"":1.0}",True,[],[],True,,"{""errors"":[]}",True,[],True,1,0,True,True,False,100,100,1221,14,1235,,,606.08,1320,8,1328,0,0,1220.86
6e7d7ed14120b6707bd1,430,gemma-3-27b-reasoning,managed-prompt,subtitle,fr,nb,"Chuck, on a un problème sur la 7ème. Unité psychiatrique.","-Problemer på psykiatrisk, Chuck.","{""c"":""Chuck, vi har et problem på den 7.. Psykiatrisk avdeling.""}","Chuck, vi har et problem på den 7.. Psykiatrisk avdeling.",True,1,0,True,True,False,True,,True,,True,"{""reason"":""detector_match"",""detected"":""no"",""confidence"":0.9999}",True,[],[],True,,"{""errors"":[{""category"":""fluency"",""severity"":""minor""}]}",True,"[{""category"":""fluency"",""severity"":""minor""}]",True,1,0,True,True,False,97,97,1225,23,1248,,,1318.08,1324,18,1342,0,0,1188.42
5549cb339599ff33c176,431,gemma-3-27b-reasoning,managed-prompt,subtitle,fr,nb,"Allez, je ferai pas foirer ton plan !",Kom igjen. Jeg skal ikke ødelegge det for deg.,"{""c"":""Jeg kommer ikke til å ødelegge planen din!""}",Jeg kommer ikke til å ødelegge planen din!,True,1,0,True,True,False,True,,True,,True,"{""reason"":""detector_match"",""detected"":""no"",""confidence"":1.0}",True,[],[],True,,"{""errors"":[]}",True,[],True,1,0,True,True,False,100,100,1221,16,1237,,,845.97,1316,8,1324,0,0,1187.38
2dc8c50c8aaf670e0219,432,gemma-3-27b-reasoning,managed-prompt,subtitle,fr,nb,"Fais gaffe, petit !","Pass deg, gutt!","{""c"":""Pass på, lille venn!""}","Pass på, lille venn!",True,1,0,True,True,False,True,,True,,True,"{""reason"":""detector_match"",""detected"":""no"",""confidence"":1.0}",True,[],[],True,,"{""errors"":[{""category"":""accuracy"",""severity"":""minor""}]}",True,"[{""category"":""accuracy"",""severity"":""minor""}]",True,1,0,True,True,False,97,97,1215,11,1226,,,830.31,1293,17,1310,0,0,1306.43
af1a7dad17cc88dd8642,433,gemma-3-27b-reasoning,managed-prompt,subtitle,fr,nb,Amusant ?,Morsomt?,"{""c"":""Morsomt?""}",Morsomt?,True,1,0,True,True,False,True,,True,,,"{""reason"":""too_short_for_language_detection"",""detected"":null,""confidence"":null}",True,[],[],True,,"{""errors"":[]}",True,[],True,1,0,True,True,False,100,100,1212,9,1221,,,793.41,1288,8,1296,0,0,1179.87
b6d9871c3dac3d3cd988,434,gemma-3-27b-reasoning,managed-prompt,subtitle,fr,nb,"Ainsi que le gouverneur, l'archevêque, et des PDG américains et japonais.","Og det gjør guvernøren, erkebiskopen og sjefene for noen amerikanske og japanske firmaer.","{""c"":""Sammen med guvernøren, erkebiskopen og ledere fra amerikanske og japanske selskaper.""}","Sammen med guvernøren, erkebiskopen og ledere fra amerikanske og japanske selskaper.",True,1,0,True,True,False,True,,True,,True,"{""reason"":""detector_match"",""detected"":""no"",""confidence"":1.0}",True,[],[],True,,"{""errors"":[{""category"":""terminology"",""severity"":""minor""},{""category"":""accuracy"",""severity"":""minor""}]}",True,"[{""category"":""terminology"",""severity"":""minor""},{""category"":""accuracy"",""severity"":""minor""}]",True,1,0,True,True,False,94,94,1229,29,1258,,,1362.11,1348,26,1374,0,0,1422.29
db10c0e3e27504a129ed,435,gemma-3-27b-reasoning,managed-prompt,subtitle,fr,nb,Qu'est-ce que vous voulez qu'on leur donne ?,Hva skal vi liksom gi dem?,"{""c"":""Hva vil dere at vi skal gi dem?""}",Hva vil dere at vi skal gi dem?,True,1,0,True,True,False,True,,True,,,"{""reason"":""detector_inconclusive"",""detected"":""da"",""confidence"":0.7143}",True,[],[],True,,"{""errors"":[]}",True,[],True,1,0,True,True,False,100,100,1222,15,1237,,,991.14,1312,8,1320,0,0,1137.16
6218cec93aa43ce05dee,436,gemma-3-27b-reasoning,managed-prompt,subtitle,fr,nb,Qu'est ce que t'as ?,Hva har du?,"{""c"":""Hva er det med deg?""}",Hva er det med deg?,True,1,0,True,True,False,True,,True,,,"{""reason"":""detector_inconclusive"",""detected"":""no"",""confidence"":0.5214}",True,[],[],True,,"{""errors"":[]}",True,[],True,1,0,True,True,False,100,100,1217,12,1229,,,592.09,1297,8,1305,0,0,1108.58
e78f1df4295d6d0613fe,437,gemma-3-27b-reasoning,managed-prompt,subtitle,fr,nb,"- À part cela, nous ne savons rien.",-Bortsett fra det vet vi ingenting.,"{""c"":""Utover det vet vi ingenting.""}",Utover det vet vi ingenting.,True,1,0,True,True,False,True,,True,,,"{""reason"":""detector_inconclusive"",""detected"":""da"",""confidence"":0.6159}",True,[],[],True,,"{""errors"":[]}",True,[],True,1,0,True,True,False,100,100,1218,14,1232,,,615.37,1306,8,1314,0,0,1289.08
ab7e35d1a284c6cbdc9e,438,gemma-3-27b-reasoning,managed-prompt,subtitle,fr,nb,- Mon dieu !,- Herregud.,"{""c"":""Herregud!""}",Herregud!,True,1,0,True,True,False,True,,True,,,"{""reason"":""detector_inconclusive"",""detected"":""da"",""confidence"":0.8571}",True,[],[],True,,"{""errors"":[{""category"":""preservation"",""severity"":""minor""}]}",True,"[{""category"":""preservation"",""severity"":""minor""}]",True,1,0,True,True,False,97,97,1212,9,1221,,,674.94,1288,17,1305,0,0,1286.99
bf664d894a269036ccb6,439,gemma-3-27b-reasoning,managed-prompt,subtitle,fr,nb,Je n'en supporterai pas davantage.,Jeg holder ikke ut lenger.,"{""c"":""Jeg tåler ikke mer.""}",Jeg tåler ikke mer.,True,1,0,True,True,False,True,,True,,True,"{""reason"":""detector_match"",""detected"":""no"",""confidence"":1.0}",True,[],[],True,,"{""errors"":[]}",True,[],True,1,0,True,True,False,100,100,1217,12,1229,,,919.44,1299,8,1307,0,0,1511.94
eb23d8e093b4d657c417,440,gemma-3-27b-reasoning,managed-prompt,subtitle,it,da,- Non lo so.,- Det ved jeg ikke.,"{""c"":""Jeg ved det ikke.""}",Jeg ved det ikke.,True,1,0,True,True,False,True,,True,,,"{""reason"":""detector_mismatch_uncertain"",""detected"":""no"",""confidence"":1.0}",True,[],[],True,,"{""errors"":[]}",True,[],True,1,0,True,True,False,100,100,1213,10,1223,,,753.29,1288,8,1296,0,0,1238.31
5e8212ca2cabb32458ea,441,gemma-3-27b-reasoning,managed-prompt,subtitle,it,da,Quando glielo diremo?,Hvornår siger vi det til dem?,"{""c"":""Hvornår fortæller vi ham det?""}",Hvornår fortæller vi ham det?,True,1,0,True,True,False,True,,True,,True,"{""reason"":""detector_match"",""detected"":""da"",""confidence"":1.0}",True,[],[],True,,"{""errors"":[{""category"":""accuracy"",""severity"":""major""}]}",False,"[{""category"":""accuracy"",""severity"":""major""}]",True,1,0,True,True,False,85,85,1214,14,1228,,,829.73,1303,17,1320,0,0,1243.8
cce1348bec65b95f6d49,442,gemma-3-27b-reasoning,managed-prompt,subtitle,it,da,"Ma lui è veramente country, si.","Men ja, han spiller ægte country.","{""c"":""Han er virkelig country, ja.""}","Han er virkelig country, ja.",True,1,0,True,True,False,True,,True,,,"{""reason"":""detector_mismatch_uncertain"",""detected"":""no"",""confidence"":1.0}",True,[],[],True,,"{""errors"":[]}",True,[],True,1,0,True,True,False,100,100,1216,12,1228,,,541.92,1299,8,1307,0,0,1196.71
b372eadf9822db906cb5,443,gemma-3-27b-reasoning,managed-prompt,subtitle,it,da,C'è qualcuno qui?,Er der nogen her?,"{""c"":""Er nogen her?""}",Er nogen her?,True,1,0,True,True,False,True,,True,,,"{""reason"":""detector_inconclusive"",""detected"":""de"",""confidence"":0.8571}",True,[],[],True,,"{""errors"":[{""category"":""fluency"",""severity"":""minor""}]}",True,"[{""category"":""fluency"",""severity"":""minor""}]",True,1,0,True,True,False,97,97,1214,9,1223,,,715.56,1292,18,1310,0,0,1139.85
d1f2818599adc81b03ec,444,gemma-3-27b-reasoning,managed-prompt,subtitle,it,da,A dire il vero non abbiamo ancora deciso se prendero' il tuo cognome. Ma sai un cosa?,"Faktisk er jeg ikke sikker på, om jeg vil have dit efternavn.","{""c"":""For at være ærlig har vi endnu ikke besluttet, om jeg skal tage dit efternavn. Men ved du hvad?""}","For at være ærlig har vi endnu ikke besluttet, om jeg skal tage dit efternavn. Men ved du hvad?",True,1,0,True,True,False,True,,True,,True,"{""reason"":""detector_match"",""detected"":""da"",""confidence"":1.0}",True,[],[],True,,"{""errors"":[]}",True,[],True,1,0,True,True,False,100,100,1230,34,1264,,,1255.86,1352,8,1360,0,0,1155.38
84038620a8b90e34441a,445,gemma-3-27b-reasoning,managed-prompt,subtitle,it,da,"No, non lo fara'.","Nej, du gør ikke.","{""c"":""Nej, det vil han ikke.""}","Nej, det vil han ikke.",True,1,0,True,True,False,True,,True,,True,"{""reason"":""detector_match"",""detected"":""da"",""confidence"":1.0}",True,[],[],True,,"{""errors"":[{""category"":""accuracy"",""severity"":""major""}]}",False,"[{""category"":""accuracy"",""severity"":""major""}]",True,1,0,True,True,False,85,85,1214,13,1227,,,864.97,1297,17,1314,0,0,1282.66
2b9e35008967996582d7,446,gemma-3-27b-reasoning,managed-prompt,subtitle,it,da,E' reale.,Det er virkeligt.,"{""c"":""Det er virkeligt.""}",Det er virkeligt.,True,1,0,True,True,False,True,,True,,True,"{""reason"":""detector_match"",""detected"":""da"",""confidence"":1.0}",True,[],[],True,,"{""errors"":[]}",True,[],True,1,0,True,True,False,100,100,1212,11,1223,,,765.39,1288,8,1296,0,0,1280.69
b43dfe4199d61d70013f,447,gemma-3-27b-reasoning,managed-prompt,subtitle,it,da,Quindi credi che sia a lui che Zhang passa la roba?,"Tror du, han er Zhangs bagmand?","{""c"":""Så du tror, at både ham og Zhang giver tingene videre?""}","Så du tror, at både ham og Zhang giver tingene videre?",True,1,0,True,True,False,True,,True,,True,"{""reason"":""detector_match"",""detected"":""da"",""confidence"":1.0}",True,[],[],True,,"{""errors"":[{""category"":""accuracy"",""severity"":""major""}]}",False,"[{""category"":""accuracy"",""severity"":""major""}]",True,1,0,True,True,False,85,85,1223,19,1242,,,649.14,1321,19,1340,0,0,1469.52
9986c852f419ca0a486e,448,gemma-3-27b-reasoning,managed-prompt,subtitle,it,da,Forse se ci arrampichiamo possiamo salvarci.,"Klatrer vi op, bliver vi måske reddet.","{""c"":""Måske kan vi redde os selv, hvis vi klatrer op.""}","Måske kan vi redde os selv, hvis vi klatrer op.",True,1,0,True,True,False,True,,True,,,"{""reason"":""detector_inconclusive"",""detected"":""da"",""confidence"":0.5305}",True,[],[],True,,"{""errors"":[]}",True,[],True,1,0,True,True,False,100,100,1220,22,1242,,,1009.7,1319,8,1327,0,0,1065.69
0c24687766b8d8aced4a,449,gemma-3-27b-reasoning,managed-prompt,subtitle,it,da,Lo apprezzi? Davvero? Si'.,- Gør du det?,"{""c"":""Kan du lide det? Virkelig? Ja.""}",Kan du lide det? Virkelig? Ja.,True,1,0,True,True,False,True,,True,,True,"{""reason"":""detector_match"",""detected"":""da"",""confidence"":1.0}",True,[],[],True,,"{""errors"":[]}",True,[],True,1,0,True,True,False,100,100,1218,16,1234,,,763.25,1306,8,1314,0,0,1187.49
3b8daa297b5aa6920b23,450,gemma-3-27b-reasoning,managed-prompt,subtitle,it,de,"Tu, torna da dove sei venuto!","Du, zurück, wo du hingehörst!","{""c"":""Du, kehre dorthin zurück, wo du hergekommen bist!""}","Du, kehre dorthin zurück, wo du hergekommen bist!",True,1,0,True,True,False,True,,True,,True,"{""reason"":""detector_match"",""detected"":""de"",""confidence"":1.0}",True,[],[],True,,"{""errors"":[]}",True,[],True,1,0,True,True,False,100,100,1217,20,1237,,,1235.84,1312,8,1320,0,0,1173.25
fcd22ca645c213180abb,451,gemma-3-27b-reasoning,managed-prompt,subtitle,it,de,"Ehi, Foster.","- Hey, Foster?","{""c"":""Hey, Foster.""}","Hey, Foster.",True,1,0,True,True,False,True,,True,,,"{""reason"":""detector_inconclusive"",""detected"":""en"",""confidence"":0.7313}",True,[],[],True,,"{""errors"":[]}",True,[],True,1,0,True,True,False,100,100,1213,9,1222,,,683.39,1286,8,1294,0,0,1156.33
96f206aa27b8a0b4a8c0,452,gemma-3-27b-reasoning,managed-prompt,subtitle,it,de,"Anni dopo, finalmente mori', e la sua vita torturata, cesso'.",Jahre später starb er endlich. Und die Qual seines Lebens war vorbei.,"{""c"":""Jahre später starb er endlich, und sein gequältes Leben fand ein Ende.""}","Jahre später starb er endlich, und sein gequältes Leben fand ein Ende.",True,1,0,True,True,False,True,,True,,True,"{""reason"":""detector_match"",""detected"":""de"",""confidence"":1.0}",True,[],[],True,,"{""errors"":[]}",True,[],True,1,0,True,True,False,100,100,1227,23,1250,,,1037.63,1335,8,1343,0,0,1119.78
5a60cc3b6313bd71037f,453,gemma-3-27b-reasoning,managed-prompt,subtitle,it,de,"Tu sei la prossima, ragazza. Siediti, vado a prepararti il colore.","Setz dich, ich gehe deine Farbe mischen.","{""c"":""Du bist die Nächste, Mädchen. Setz dich, ich gehe dir die Farbe vorbereiten.""}","Du bist die Nächste, Mädchen. Setz dich, ich gehe dir die Farbe vorbereiten.",True,1,0,True,True,False,True,,True,,True,"{""reason"":""detector_match"",""detected"":""de"",""confidence"":1.0}",True,[],[],True,,"{""errors"":[{""category"":""fluency"",""severity"":""minor""}]}",True,"[{""category"":""fluency"",""severity"":""minor""}]",True,1,0,True,True,False,97,97,1226,26,1252,,,744.86,1345,18,1363,0,0,1259.43
eb8c330aad442e422081,454,gemma-3-27b-reasoning,managed-prompt,subtitle,it,de,Vattene! (urla),Verschwinde!,"{""c"":""Vattene! (schreien)""}",Vattene! (schreien),True,1,0,True,True,False,True,,True,,True,"{""reason"":""detector_match"",""detected"":""de"",""confidence"":1.0}",True,[],[],True,,"{""errors"":[{""category"":""accuracy"",""severity"":""major""},{""category"":""fluency"",""severity"":""major""}]}",False,"[{""category"":""accuracy"",""severity"":""major""},{""category"":""fluency"",""severity"":""major""}]",True,1,0,True,True,False,70,70,1216,14,1230,,,629.08,1295,27,1322,0,0,1250.03
8cdb833dcc5490cf6dbf,455,gemma-3-27b-reasoning,managed-prompt,subtitle,it,de,"Ouò prestarmi la sua penna, per favore? Orego, signora.","Darf ich mir Ihren Stift ausleihen, bitte?","{""c"":""Könnten Sie mir bitte Ihren Stift leihen? Bitte, meine Dame.""}","Könnten Sie mir bitte Ihren Stift leihen? Bitte, meine Dame.",True,1,0,True,True,False,True,,True,,True,"{""reason"":""detector_match"",""detected"":""de"",""confidence"":1.0}",True,[],[],True,,"{""errors"":[{""category"":""accuracy"",""severity"":""minor""}]}",True,"[{""category"":""accuracy"",""severity"":""minor""}]",True,1,0,True,True,False,97,97,1226,22,1248,,,1248.86,1338,17,1355,0,0,1278.29
eea22b7ef9cffa69de6a,456,gemma-3-27b-reasoning,managed-prompt,subtitle,it,de,"Per te, figlio mio, questa è tutta una prova di fede.","Für Sie, mein Sohn, ist dies alles eine Glaubensprüfung.","{""c"":""Für dich, mein Sohn, ist das alles eine Prüfung des Glaubens.""}","Für dich, mein Sohn, ist das alles eine Prüfung des Glaubens.",True,1,0,True,True,False,True,,True,,True,"{""reason"":""detector_match"",""detected"":""de"",""confidence"":1.0}",True,[],[],True,,"{""errors"":[{""category"":""tone"",""severity"":""major""}]}",False,"[{""category"":""tone"",""severity"":""major""}]",True,1,0,True,True,False,85,85,1222,20,1242,,,716.22,1341,17,1358,0,0,1486.19
65dd083b0310f88981fc,457,gemma-3-27b-reasoning,managed-prompt,subtitle,it,de,I suoi genitori hanno perso il loro unico figlio alle 3:07 di questa mattina.,Seine Eltern verloren ihr einziges Kind um 3: 07Uhr heute morgen.,"{""c"":""Ihre Eltern haben heute Morgen um 3:07 Uhr ihr einziges Kind verloren.""}",Ihre Eltern haben heute Morgen um 3:07 Uhr ihr einziges Kind verloren.,True,1,0,True,True,False,True,,True,,True,"{""reason"":""detector_match"",""detected"":""de"",""confidence"":1.0}",True,[],[],True,,"{""errors"":[]}",True,[],True,1,0,True,True,False,100,100,1227,24,1251,,,1653.07,1346,8,1354,0,0,1161.38
68762c6baac634952749,458,gemma-3-27b-reasoning,managed-prompt,subtitle,it,de,Mi scusi!,Entschuldigen Sie!,"{""c"":""Entschuldigung!""}",Entschuldigung!,True,1,0,True,True,False,True,,True,,True,"{""reason"":""detector_match"",""detected"":""de"",""confidence"":1.0}",True,[],[],True,,"{""errors"":[]}",True,[],True,1,0,True,True,False,100,100,1212,10,1222,,,824.53,1288,8,1296,0,0,1153.3
64f60ce299cd3335daea,459,gemma-3-27b-reasoning,managed-prompt,subtitle,it,de,"- Forza, dai, dai!","- Los, los, los!","{""c"":""Forza, dai, dai!""}","Forza, dai, dai!",True,1,0,True,True,False,True,,True,,,"{""reason"":""detector_mismatch_uncertain"",""detected"":""it"",""confidence"":1.0}",True,[],[],True,,"{""errors"":[{""category"":""accuracy"",""severity"":""critical""}]}",False,"[{""category"":""accuracy"",""severity"":""critical""}]",True,1,0,True,True,False,60,60,1215,12,1227,,,585.99,1295,17,1312,0,0,1165.05
e4679aa366e4d66c42a4,460,gemma-3-27b-reasoning,managed-prompt,subtitle,it,en,- Chiamate un'ambulanza!,Get an ambulance!,"{""c"":""Call an ambulance!""}",Call an ambulance!,True,1,0,True,True,False,True,,True,,,"{""reason"":""detector_inconclusive"",""detected"":""ca"",""confidence"":0.8571}",True,[],[],True,,"{""errors"":[]}",True,[],True,1,0,True,True,False,100,100,1217,9,1226,,,559.19,1290,8,1298,0,0,1080.26
7d33de32539d57b0c5d7,461,gemma-3-27b-reasoning,managed-prompt,subtitle,it,en,Forza!,- C'mon!,"{""c"":""Forza!""}",Forza!,True,1,0,True,True,False,True,,True,,,"{""reason"":""too_short_for_language_detection"",""detected"":null,""confidence"":null}",True,[],"[{""code"":""source_copy_suspected""}]",True,,"{""errors"":[]}",True,[],True,1,0,True,True,False,97,97,1211,8,1219,,,556.87,1284,8,1292,0,0,1077.02
cfa50d21e1c37cf56798,462,gemma-3-27b-reasoning,managed-prompt,subtitle,it,en,- I suoi membri vogliono migliorare?,Your members want to be better?,"{""c"":""Do its members want to improve?""}",Do its members want to improve?,True,1,0,True,True,False,True,,True,,True,"{""reason"":""detector_match"",""detected"":""en"",""confidence"":1.0}",True,[],[],True,,"{""errors"":[]}",True,[],True,1,0,True,True,False,100,100,1215,12,1227,,,1004.58,1299,8,1307,0,0,1207.23
dc09854ea6b14249592f,463,gemma-3-27b-reasoning,managed-prompt,subtitle,it,en,Il tuo amico mi sta insultando.,"Your friend, he insults me.","{""c"":""My friend is insulting me.""}",My friend is insulting me.,True,1,0,True,True,False,True,,True,,True,"{""reason"":""detector_match"",""detected"":""en"",""confidence"":1.0}",True,[],[],True,,"{""errors"":[{""category"":""accuracy"",""severity"":""major""}]}",False,"[{""category"":""accuracy"",""severity"":""major""}]",True,1,0,True,True,False,85,85,1216,11,1227,,,579.66,1297,17,1314,0,0,1125.72
b8bde2c3f15802f36d2f,464,gemma-3-27b-reasoning,managed-prompt,subtitle,it,en,Era Carrie.,Carrie was.,"{""c"":""Era Carrie.""}",Era Carrie.,True,1,0,True,True,False,True,,True,,,"{""reason"":""detector_mismatch_uncertain"",""detected"":""ca"",""confidence"":1.0}",True,[],"[{""code"":""source_copy_suspected""}]",True,,"{""errors"":[]}",True,[],True,1,0,True,True,False,97,97,1211,8,1219,,,643.14,1286,8,1294,0,0,1201.15
e67a36c2fe7b5dfd0bbd,465,gemma-3-27b-reasoning,managed-prompt,subtitle,it,en,E' decisamente Solano.,"Well, it's definitely Solano.","{""c"":""It's definitely Solano.""}",It's definitely Solano.,True,1,0,True,True,False,True,,True,,True,"{""reason"":""detector_match"",""detected"":""en"",""confidence"":1.0}",True,[],[],True,,"{""errors"":[]}",True,[],True,1,0,True,True,False,100,100,1215,12,1227,,,669.95,1295,8,1303,0,0,1121.61
1b939ac60e5e7ac4e3c7,466,gemma-3-27b-reasoning,managed-prompt,subtitle,it,en,Ho appena sentito per caso parlare Victor e Rocco. Hanno ucciso veramente quel bambino vent'anni fa.,"I just overheard Victor and Rocco talking, and they actually killed that kid two decades ago.","{""c"":""I just overheard Victor and Rocco. They really did kill that child twenty years ago.""}",I just overheard Victor and Rocco. They really did kill that child twenty years ago.,True,1,0,True,True,False,True,,True,,True,"{""reason"":""detector_match"",""detected"":""en"",""confidence"":1.0}",True,[],[],True,,"{""errors"":[]}",True,[],True,1,0,True,True,False,100,100,1230,22,1252,,,738.87,1346,8,1354,0,0,1198.06
458c1db426a904b9764e,467,gemma-3-27b-reasoning,managed-prompt,subtitle,it,en,"Cellulite, chirurgia plastica e animali eroici non sono da copertina.","Cellulite, plastic surgery, hero pets, those are not covers.","{""c"":""Cellulite, plastic surgery, and heroic animals are not cover material.""}","Cellulite, plastic surgery, and heroic animals are not cover material.",True,1,0,True,True,False,True,,True,,True,"{""reason"":""detector_match"",""detected"":""en"",""confidence"":0.8571}",True,[],[],True,,"{""errors"":[]}",True,[],True,1,0,True,True,False,100,100,1226,20,1246,,,954.85,1327,8,1335,0,0,1169.88
f81e36f88967962f9e76,468,gemma-3-27b-reasoning,managed-prompt,subtitle,it,en,Possiamo capirlo man mano che andiamo avanti.,We can figure this out as we go along.,"{""c"":""We can figure it out as we go.""}",We can figure it out as we go.,True,1,0,True,True,False,True,,True,,True,"{""reason"":""detector_match"",""detected"":""en"",""confidence"":1.0}",True,[],[],True,,"{""errors"":[]}",True,[],True,1,0,True,True,False,100,100,1219,14,1233,,,791.02,1307,8,1315,0,0,1143.43
7022e5619b3c85c880e6,469,gemma-3-27b-reasoning,managed-prompt,subtitle,it,en,Sei.,YOU ARE.,"{""c"":""Sei.""}",Sei.,True,1,0,True,True,False,True,,True,,,"{""reason"":""too_short_for_language_detection"",""detected"":null,""confidence"":null}",True,[],"[{""code"":""source_copy_suspected""}]",True,,"{""errors"":[{""category"":""accuracy"",""severity"":""critical""}]}",False,"[{""category"":""accuracy"",""severity"":""critical""}]",True,1,0,True,True,False,57,57,1211,8,1219,,,581.32,1280,17,1297,0,0,1251.23
88b9bbe0dccc8aace57d,470,gemma-3-27b-reasoning,managed-prompt,subtitle,it,es,"- Sono io, Mac.","- Soy yo, Mac.","{""c"":""Soy yo, Mac.""}","Soy yo, Mac.",True,1,0,True,True,False,True,,True,,,"{""reason"":""detector_mismatch_uncertain"",""detected"":""so"",""confidence"":1.0}",True,[],[],True,,"{""errors"":[{""category"":""preservation"",""severity"":""minor""}]}",True,"[{""category"":""preservation"",""severity"":""minor""}]",True,1,0,True,True,False,97,97,1214,10,1224,,,991.74,1293,17,1310,0,0,1229.22
83fcf84b098c50237098,471,gemma-3-27b-reasoning,managed-prompt,subtitle,it,es,Scommetto che alcune persone sono fuggite in Tasmania.,Apuesto a que algunos huirían a Tasmania.,"{""c"":""Apuesto a que algunas personas huyeron a Tasmania.""}",Apuesto a que algunas personas huyeron a Tasmania.,True,1,0,True,True,False,True,,True,,True,"{""reason"":""detector_match"",""detected"":""es"",""confidence"":1.0}",True,[],[],True,,"{""errors"":[]}",True,[],True,1,0,True,True,False,100,100,1221,16,1237,,,978.33,1314,8,1322,0,0,1334.11
bf24a68844367dad90b9,472,gemma-3-27b-reasoning,managed-prompt,subtitle,it,es,"Jackson e' diventato capitano della squadra di calcio, la caviglia di Dale va meglio.",Jackson fue nombrado capitán del equipo de futbol. Y el tobillo de Dale está mejor.,"{""c"":""Jackson se ha convertido en el capitán del equipo de fútbol, el tobillo de Dale está mejor.""}","Jackson se ha convertido en el capitán del equipo de fútbol, el tobillo de Dale está mejor.",True,1,0,True,True,False,True,,True,,True,"{""reason"":""detector_match"",""detected"":""es"",""confidence"":1.0}",True,[],[],True,,"{""errors"":[]}",True,[],True,1,0,True,True,False,100,100,1228,25,1253,,,1102.51,1342,8,1350,0,0,1112.12
ee378c1bfca9b4b76fdc,473,gemma-3-27b-reasoning,managed-prompt,subtitle,it,es,- E da quando lo sai?,- ¿Desde cuándo lo sabes?,"{""c"":""¿Desde cuándo lo sabes?""}",¿Desde cuándo lo sabes?,True,1,0,True,True,False,True,,True,,True,"{""reason"":""detector_match"",""detected"":""es"",""confidence"":1.0}",True,[],[],True,,"{""errors"":[]}",True,[],True,1,0,True,True,False,100,100,1215,11,1226,,,585.07,1305,8,1313,0,0,1257.12
f6d6670bac7b03964645,474,gemma-3-27b-reasoning,managed-prompt,subtitle,it,es,-No! Brillante!,"-No, perfecto!","{""c"":""¡No! ¡Brillante!""}",¡No! ¡Brillante!,True,1,0,True,True,False,True,,True,,,"{""reason"":""detector_mismatch_uncertain"",""detected"":""it"",""confidence"":1.0}",True,[],[],True,,"{""errors"":[]}",True,[],True,1,0,True,True,False,100,100,1214,12,1226,,,872.37,1293,8,1301,0,0,1257.25
69593ef3f7fd72efc582,475,gemma-3-27b-reasoning,managed-prompt,subtitle,it,es,Di che parli?,- ¿De qué hablas?,"{""c"":""¿De qué estás hablando?""}",¿De qué estás hablando?,True,1,0,True,True,False,True,,True,,True,"{""reason"":""detector_match"",""detected"":""es"",""confidence"":1.0}",True,[],[],True,,"{""errors"":[]}",True,[],True,1,0,True,True,False,100,100,1212,11,1223,,,2394.63,1299,8,1307,0,0,1249.61
655314f35201430dbd29,476,gemma-3-27b-reasoning,managed-prompt,subtitle,it,es,"Senti, e' solo che non voglio vederti deluso quando non nevichera'.","Mira, sólo quiero que no te sientas decepcionado cuando no nieve.","{""c"":""Senti, es que no quiero que te decepciones si no nieva.""}","Senti, es que no quiero que te decepciones si no nieva.",True,1,0,True,True,False,True,,True,,True,"{""reason"":""detector_match"",""detected"":""es"",""confidence"":1.0}",True,[],[],True,,"{""errors"":[{""category"":""accuracy"",""severity"":""minor""}]}",True,"[{""category"":""accuracy"",""severity"":""minor""}]",True,1,0,True,True,False,97,97,1227,21,1248,,,1168.8,1337,17,1354,0,0,1163.05
d1e6531ec2e6e908275e,477,gemma-3-27b-reasoning,managed-prompt,subtitle,it,es,La distanza.,La distancia,"{""c"":""La distancia.""}",La distancia.,True,1,0,True,True,False,True,,True,,,"{""reason"":""detector_mismatch_uncertain"",""detected"":""it"",""confidence"":1.0}",True,[],[],True,,"{""errors"":[]}",True,[],True,1,0,True,True,False,100,100,1211,8,1219,,,696.01,1283,8,1291,0,0,1195.25
72610b9c24ab6de447f1,478,gemma-3-27b-reasoning,managed-prompt,subtitle,it,es,Che cosa buffa.,Qué chistoso.,"{""c"":""Qué cosa más graciosa.""}",Qué cosa más graciosa.,True,1,0,True,True,False,True,,True,,True,"{""reason"":""detector_match"",""detected"":""es"",""confidence"":1.0}",True,[],[],True,,"{""errors"":[]}",True,[],True,1,0,True,True,False,100,100,1213,11,1224,,,565.13,1293,8,1301,0,0,1181.4
c940857fb03ecac4f068,479,gemma-3-27b-reasoning,managed-prompt,subtitle,it,es,Quanto cazzo stupida sei a volte?,- ¿Cuán estúpida puedes ser?,"{""c"":""¿Qué tan estúpida eres a veces?""}",¿Qué tan estúpida eres a veces?,True,1,0,True,True,False,True,,True,,,"{""reason"":""detector_inconclusive"",""detected"":""ca"",""confidence"":0.3664}",True,[],[],True,,"{""errors"":[{""category"":""accuracy"",""severity"":""minor""}]}",True,"[{""category"":""accuracy"",""severity"":""minor""}]",True,1,0,True,True,False,97,97,1217,15,1232,,,892.45,1315,17,1332,0,0,1274.75
9239e72cb9e6492dfd64,480,gemma-3-27b-reasoning,managed-prompt,subtitle,it,fr,"Oh, Dio, Sono un idiota.","Mon dieu, je suis une idiote.","{""c"":""Oh, mon Dieu, je suis un idiot.""}","Oh, mon Dieu, je suis un idiot.",True,1,0,True,True,False,True,,True,,,"{""reason"":""detector_inconclusive"",""detected"":""fr"",""confidence"":0.7143}",True,[],[],True,,"{""errors"":[]}",True,[],True,1,0,True,True,False,100,100,1217,15,1232,,,786.26,1307,8,1315,0,0,1152.95
0c70f94ebab656f7b370,481,gemma-3-27b-reasoning,managed-prompt,subtitle,it,fr,Sopravvaluti la tua abilita' se dici di poter colpire cinque bersagli in movimento. - Pensi?,Tu surestimes ta capacité à toucher cinq cibles mouvantes.,"{""c"":""Surévaluez pas vos capacités si vous dites pouvoir frapper cinq cibles en mouvement. - Vous pensez ?""}",Surévaluez pas vos capacités si vous dites pouvoir frapper cinq cibles en mouvement. - Vous pensez ?,True,1,0,True,True,False,True,,True,,True,"{""reason"":""detector_match"",""detected"":""fr"",""confidence"":1.0}",True,[],[],True,,"{""errors"":[{""category"":""fluency"",""severity"":""minor""},{""category"":""accuracy"",""severity"":""major""},{""category"":""tone"",""severity"":""major""}]}",False,"[{""category"":""fluency"",""severity"":""minor""},{""category"":""accuracy"",""severity"":""major""},{""category"":""tone"",""severity"":""major""}]",True,1,0,True,True,False,67,67,1234,28,1262,,,1407.63,1359,36,1395,0,0,1378.32
16405eb5ec76a80b37bd,482,gemma-3-27b-reasoning,managed-prompt,subtitle,it,fr,"No... no, devo provvedere alla mia famiglia.",Je dois m'occuper de ma famille.,"{""c"":""Non... non, je dois subvenir aux besoins de ma famille.""}","Non... non, je dois subvenir aux besoins de ma famille.",True,1,0,True,True,False,True,,True,,True,"{""reason"":""detector_match"",""detected"":""fr"",""confidence"":1.0}",True,[],[],True,,"{""errors"":[]}",True,[],True,1,0,True,True,False,100,100,1219,19,1238,,,1276.38,1312,8,1320,0,0,1210.66
be28f859c3f257b04f83,483,gemma-3-27b-reasoning,managed-prompt,subtitle,it,fr,"Forza,andiamo,Tim.","- Allons-y, Tim.","{""c"":""Forza,andiamo,Tim.""}","Forza,andiamo,Tim.",True,1,0,True,True,False,True,,True,,,"{""reason"":""detector_inconclusive"",""detected"":""pt"",""confidence"":0.8571}",True,[],"[{""code"":""source_copy_suspected""}]",True,,"{""errors"":[{""category"":""accuracy"",""severity"":""critical""}]}",False,"[{""category"":""accuracy"",""severity"":""critical""}]",True,1,0,True,True,False,57,57,1216,13,1229,,,610.46,1300,17,1317,0,0,1349.95
848da694d019512f528e,484,gemma-3-27b-reasoning,managed-prompt,subtitle,it,fr,Andiamo!,Allez !,"{""c"":""Allons-y!""}",Allons-y!,True,1,0,True,True,False,True,,True,,,"{""reason"":""too_short_for_language_detection"",""detected"":null,""confidence"":null}",True,[],[],True,,"{""errors"":[]}",True,[],True,1,0,True,True,False,100,100,1211,10,1221,,,610.2,1287,8,1295,0,0,1159.66
63fbf143c1c8b2182e87,485,gemma-3-27b-reasoning,managed-prompt,subtitle,it,fr,"Quindi, se non le dispiace.",Si ça ne vous embête pas.,"{""c"":""Alors, si cela ne vous dérange pas.""}","Alors, si cela ne vous dérange pas.",True,1,0,True,True,False,True,,True,,True,"{""reason"":""detector_match"",""detected"":""fr"",""confidence"":1.0}",True,[],[],True,,"{""errors"":[]}",True,[],True,1,0,True,True,False,100,100,1218,15,1233,,,962.58,1302,8,1310,0,0,1254.65
a5546a2fa9e23db615c4,486,gemma-3-27b-reasoning,managed-prompt,subtitle,it,fr,Me?,Pour moi ?,"{""c"":""Moi?""}",Moi?,True,1,0,True,True,False,True,,True,,,"{""reason"":""too_short_for_language_detection"",""detected"":null,""confidence"":null}",True,[],[],True,,"{""errors"":[]}",True,[],True,1,0,True,True,False,100,100,1210,8,1218,,,497.6,1284,8,1292,0,0,1213.78
149ce231ac5964d9e71c,487,gemma-3-27b-reasoning,managed-prompt,subtitle,it,fr,È chiaro che amo mia moglie.,Évidemment que j'aime ma femme.,"{""c"":""Il est clair que j'aime ma femme.""}",Il est clair que j'aime ma femme.,True,1,0,True,True,False,True,,True,,True,"{""reason"":""detector_match"",""detected"":""fr"",""confidence"":1.0}",True,[],[],True,,"{""errors"":[]}",True,[],True,1,0,True,True,False,100,100,1215,15,1230,,,1160.3,1309,8,1317,0,0,1143.92
027e80ac2c72578f8b93,488,gemma-3-27b-reasoning,managed-prompt,subtitle,it,fr,"Oh Dio, sarebbe fantastico!","Seigneur, ça serait tellement sympa.","{""c"":""Oh mon Dieu, ce serait génial!""}","Oh mon Dieu, ce serait génial!",True,1,0,True,True,False,True,,True,,True,"{""reason"":""detector_match"",""detected"":""fr"",""confidence"":1.0}",True,[],[],True,,"{""errors"":[]}",True,[],True,1,0,True,True,False,100,100,1215,14,1229,,,905.03,1306,8,1314,0,0,1235.33
127962b3730297bf7cb3,489,gemma-3-27b-reasoning,managed-prompt,subtitle,it,fr,Ma ora un sogno tutto mio. Che non finirà mai.,Maintenant... commence... mon propre rêve... qui ne se terminera jamais.,"{""c"":""Et maintenant un rêve qui est tout à moi. Qui ne finira jamais.""}",Et maintenant un rêve qui est tout à moi. Qui ne finira jamais.,True,1,0,True,True,False,True,,True,,True,"{""reason"":""detector_match"",""detected"":""fr"",""confidence"":1.0}",True,[],[],True,,"{""errors"":[]}",True,[],True,1,0,True,True,False,100,100,1221,21,1242,,,935.5,1331,8,1339,0,0,1178.4
fbcdccf4d6026aa80ef1,490,gemma-3-27b-reasoning,managed-prompt,subtitle,it,jp,Non scordare mai...,決して忘れるな マルセル,"{""c"":""忘れないで…""}",忘れないで…,True,1,0,True,True,False,True,,True,,True,"{""reason"":""target_script_present"",""detected"":""ja"",""confidence"":1.0}",True,[],[],True,,"{""errors"":[]}",True,[],True,1,0,True,True,False,100,100,1214,9,1223,,,734.37,1297,8,1305,0,0,1214.97
51780e6b1dc80d6447fe,491,gemma-3-27b-reasoning,managed-prompt,subtitle,it,jp,Questo sono io e questo sei tu. Cioè tu sei questo e io sono questo.,これが俺でこっちがお前 いや これがお前でこれが俺,"{""c"":""これは私で、これはあなたです。つまり、あなたはこれ、私はこれです。""}",これは私で、これはあなたです。つまり、あなたはこれ、私はこれです。,True,1,0,True,True,False,True,,True,,True,"{""reason"":""target_script_present"",""detected"":""ja"",""confidence"":1.0}",True,[],[],True,,"{""errors"":[{""category"":""tone"",""severity"":""major""}]}",False,"[{""category"":""tone"",""severity"":""major""}]",True,1,0,True,True,False,85,85,1226,22,1248,,,1106.75,1348,19,1367,0,0,1613.57
a8fb9f4d78e30dd2f774,492,gemma-3-27b-reasoning,managed-prompt,subtitle,it,jp,Papà!,パパ！,"{""c"":""パパ！""}",パパ！,True,1,0,True,True,False,True,,True,,True,"{""reason"":""target_script_present"",""detected"":""ja"",""confidence"":1.0}",True,[],[],True,,"{""errors"":[]}",True,[],True,1,0,True,True,False,100,100,1211,8,1219,,,654.83,1285,8,1293,0,0,1164.62
c81db0c868aa98eb2f08,493,gemma-3-27b-reasoning,managed-prompt,subtitle,it,jp,Sissignore.,わかりました！,"{""c"":""シッシーニョーレ。""}",シッシーニョーレ。,True,1,0,True,True,False,True,,True,,True,"{""reason"":""target_script_present"",""detected"":""ja"",""confidence"":1.0}",True,[],[],True,,"{""errors"":[{""category"":""accuracy"",""severity"":""major""}]}",False,"[{""category"":""accuracy"",""severity"":""major""}]",True,1,0,True,True,False,85,85,1212,13,1225,,,581.27,1294,17,1311,0,0,2995.18
02345eb9263db2aa8c64,494,gemma-3-27b-reasoning,managed-prompt,subtitle,it,jp,Scofield di nuovo in penitenziario.,スコフィールドがまた刑務所に行く 正直いうと、,"{""c"":""Scofieldが再び刑務所へ。""}",Scofieldが再び刑務所へ。,True,1,0,True,True,False,True,,True,,True,"{""reason"":""target_script_present"",""detected"":""ja"",""confidence"":1.0}",True,[],[],True,,"{""errors"":[]}",True,[],True,1,0,True,True,False,100,100,1218,14,1232,,,763.34,1323,8,1331,0,0,1165.52
b3e18dea9a9073e4250f,495,gemma-3-27b-reasoning,managed-prompt,subtitle,it,jp,"Una volta alle superiori, perche'?",高校の時に一度だけ なぜ？,"{""c"":""高校時代のこと、どうして？""}",高校時代のこと、どうして？,True,1,0,True,True,False,True,,True,,True,"{""reason"":""target_script_present"",""detected"":""ja"",""confidence"":1.0}",True,[],[],True,,"{""errors"":[{""category"":""accuracy"",""severity"":""major""}]}",False,"[{""category"":""accuracy"",""severity"":""major""}]",True,1,0,True,True,False,85,85,1216,12,1228,,,644.47,1311,17,1328,0,0,1356.3
ba507dda0384d62630e6,496,gemma-3-27b-reasoning,managed-prompt,subtitle,it,jp,Quindi... indovina chi non e' piu' l'ultima persona sulla terra?,地球上で最後の人は 他に誰もいない,"{""c"":""さて、地球上で最後の人でなくなったのは誰でしょう？""}",さて、地球上で最後の人でなくなったのは誰でしょう？,True,1,0,True,True,False,True,,True,,True,"{""reason"":""target_script_present"",""detected"":""ja"",""confidence"":1.0}",True,[],[],True,,"{""errors"":[{""category"":""accuracy"",""severity"":""major""}]}",False,"[{""category"":""accuracy"",""severity"":""major""}]",True,1,0,True,True,False,85,85,1226,17,1243,,,673.88,1335,17,1352,0,0,1205.56
2fb0e4bd9ea256b66bc9,497,gemma-3-27b-reasoning,managed-prompt,subtitle,it,jp,Da dove arriva?,どこから流してる？,"{""c"":""どこから来たの？""}",どこから来たの？,True,1,0,True,True,False,True,,True,,True,"{""reason"":""target_script_present"",""detected"":""ja"",""confidence"":1.0}",True,[],[],True,,"{""errors"":[]}",True,[],True,1,0,True,True,False,100,100,1212,10,1222,,,1121.24,1293,8,1301,0,0,1262.94
a692f4a2e8e8273fa9ab,498,gemma-3-27b-reasoning,managed-prompt,subtitle,it,jp,Tutti cosi' perfetti...,完璧です,"{""c"":""皆さん、完璧すぎますね…""}",皆さん、完璧すぎますね…,True,1,0,True,True,False,True,,True,,True,"{""reason"":""target_script_present"",""detected"":""ja"",""confidence"":1.0}",True,[],[],True,,"{""errors"":[]}",True,[],True,1,0,True,True,False,100,100,1215,13,1228,,,587.99,1300,8,1308,0,0,1184.34
5920afe53d8bdad3312b,499,gemma-3-27b-reasoning,managed-prompt,subtitle,it,jp,"- Se ti ordina di dare fuoco ai bambini, il tuo Signore e' diabolico.",子供を焼けと命じたなら あんたの主は悪だ,"{""c"":""子供たちに火をつけるように命じられた場合、あなたの主は悪魔です。""}",子供たちに火をつけるように命じられた場合、あなたの主は悪魔です。,True,1,0,True,True,False,True,,True,,True,"{""reason"":""target_script_present"",""detected"":""ja"",""confidence"":1.0}",True,[],[],True,,"{""errors"":[]}",True,[],True,1,0,True,True,False,100,100,1228,24,1252,,,745.8,1350,8,1358,0,0,1078.71
452300904b569510534d,500,gemma-3-27b-reasoning,managed-prompt,subtitle,it,nl,"Grazie, signore.","Bedankt, meneer.","{""c"":""Grazie, signore.""}","Grazie, signore.",True,1,0,True,True,False,True,,True,,,"{""reason"":""detector_mismatch_uncertain"",""detected"":""it"",""confidence"":1.0}",True,[],"[{""code"":""source_copy_suspected""}]",True,,"{""errors"":[{""category"":""accuracy"",""severity"":""critical""}]}",False,"[{""category"":""accuracy"",""severity"":""critical""}]",True,1,0,True,True,False,57,57,1213,10,1223,,,745.44,1293,17,1310,0,0,1176.33
004fb6fb3dfe4a456927,501,gemma-3-27b-reasoning,managed-prompt,subtitle,it,nl,- Guardate che sento tutto.,- Ik kan alles horen wat jullie zeggen.,"{""c"":""Hoor ik alles, hoor.""}","Hoor ik alles, hoor.",True,1,0,True,True,False,True,,True,,,"{""reason"":""detector_mismatch_uncertain"",""detected"":""af"",""confidence"":0.991}",True,[],[],True,,"{""errors"":[{""category"":""accuracy"",""severity"":""major""},{""category"":""fluency"",""severity"":""minor""}]}",False,"[{""category"":""accuracy"",""severity"":""major""},{""category"":""fluency"",""severity"":""minor""}]",True,1,0,True,True,False,82,82,1216,13,1229,,,1755.36,1307,27,1334,0,0,1429.74
e99577370565b5b27611,502,gemma-3-27b-reasoning,managed-prompt,subtitle,it,nl,Siediti.,Ga gewoon zitten.,"{""c"":""Ga zitten.""}",Ga zitten.,True,1,0,True,True,False,True,,True,,,"{""reason"":""detector_mismatch_uncertain"",""detected"":""de"",""confidence"":1.0}",True,[],[],True,,"{""errors"":[]}",True,[],True,1,0,True,True,False,100,100,1212,8,1220,,,684.27,1287,8,1295,0,0,1198.84
e6af8f62231d92943822,503,gemma-3-27b-reasoning,managed-prompt,subtitle,it,nl,Aveva dei dipendenti?,Had hij werknemers?,"{""c"":""Had hij personeel?""}",Had hij personeel?,True,1,0,True,True,False,True,,True,,True,"{""reason"":""detector_match"",""detected"":""nl"",""confidence"":1.0}",True,[],[],True,,"{""errors"":[]}",True,[],True,1,0,True,True,False,100,100,1214,10,1224,,,1176.21,1291,8,1299,0,0,1150.59
44113bfc049e711555f2,504,gemma-3-27b-reasoning,managed-prompt,subtitle,it,nl,"Lascia stare, Harold.","- Geen punt, Harold.","{""c"":""Laat Harold maar zitten.""}",Laat Harold maar zitten.,True,1,0,True,True,False,True,,True,,True,"{""reason"":""detector_match"",""detected"":""nl"",""confidence"":1.0}",True,[],[],True,,"{""errors"":[]}",True,[],True,1,0,True,True,False,100,100,1214,11,1225,,,925.15,1294,8,1302,0,0,1212.77
00ebbe79f817315a768c,505,gemma-3-27b-reasoning,managed-prompt,subtitle,it,nl,"Gente, ora partiamo perché l'ho detto io, va bene?","Oké, we vertrekken. Wanneer ik het zeg, oké?","{""c"":""Mensen, laten we nu vertrekken omdat ik het heb gezegd, oké?""}","Mensen, laten we nu vertrekken omdat ik het heb gezegd, oké?",True,1,0,True,True,False,True,,True,,True,"{""reason"":""detector_match"",""detected"":""nl"",""confidence"":1.0}",True,[],[],True,,"{""errors"":[]}",True,[],True,1,0,True,True,False,100,100,1224,22,1246,,,1807.33,1337,8,1345,0,0,1068.25
9f40d07d9c051d860630,506,gemma-3-27b-reasoning,managed-prompt,subtitle,it,nl,- Grazie.,-Dank je.,"{""c"":""Bedankt.""}",Bedankt.,True,1,0,True,True,False,True,,True,,,"{""reason"":""too_short_for_language_detection"",""detected"":null,""confidence"":null}",True,[],[],True,,"{""errors"":[{""category"":""preservation"",""severity"":""minor""}]}",True,"[{""category"":""preservation"",""severity"":""minor""}]",True,1,0,True,True,False,97,97,1211,8,1219,,,658.05,1286,17,1303,0,0,2999.99
9c70e6c673067e0cc69c,507,gemma-3-27b-reasoning,managed-prompt,subtitle,it,nl,Magari... torneremo un'altra volta.,Misschien kunnen we beter een andere keer komen.,"{""c"":""Misschien... komen we een andere keer terug.""}",Misschien... komen we een andere keer terug.,True,1,0,True,True,False,True,,True,,True,"{""reason"":""detector_match"",""detected"":""nl"",""confidence"":1.0}",True,[],[],True,,"{""errors"":[]}",True,[],True,1,0,True,True,False,100,100,1219,15,1234,,,1424.21,1311,8,1319,0,0,1177.53
8e43df991a17939ead0e,508,gemma-3-27b-reasoning,managed-prompt,subtitle,it,nl,Ci sono nuove prove.,Er is nieuw bewijs.,"{""c"":""Er is nieuw bewijs.""}",Er is nieuw bewijs.,True,1,0,True,True,False,True,,True,,True,"{""reason"":""detector_match"",""detected"":""nl"",""confidence"":1.0}",True,[],[],True,,"{""errors"":[]}",True,[],True,1,0,True,True,False,100,100,1213,11,1224,,,1112.06,1292,8,1300,0,0,1181.92
fa2abaf384dd70bd5bf1,509,gemma-3-27b-reasoning,managed-prompt,subtitle,it,nl,Non c'è alcun dubbio.,Er bestaat geen twijfel.,"{""c"":""Er is geen twijfel.""}",Er is geen twijfel.,True,1,0,True,True,False,True,,True,,True,"{""reason"":""detector_match"",""detected"":""nl"",""confidence"":1.0}",True,[],[],True,,"{""errors"":[]}",True,[],True,1,0,True,True,False,100,100,1215,12,1227,,,543.75,1295,8,1303,0,0,1115.98
6f4d9bb8d75334130e9c,510,gemma-3-27b-reasoning,managed-prompt,subtitle,it,nb,"Questo no, si, no.","- Den? Nei, jo, vel...","{""c"":""Dette nei, ja, nei.""}","Dette nei, ja, nei.",True,1,0,True,True,False,True,,True,,,"{""reason"":""detector_inconclusive"",""detected"":""fi"",""confidence"":0.8571}",True,[],[],True,,"{""errors"":[{""category"":""fluency"",""severity"":""major""}]}",False,"[{""category"":""fluency"",""severity"":""major""}]",True,1,0,True,True,False,85,85,1215,13,1228,,,724.4,1296,18,1314,0,0,1291.41
8881b25825b7c05d4ee8,511,gemma-3-27b-reasoning,managed-prompt,subtitle,it,nb,La polizia non chiede aiuto ai dilettanti.,Politiet konsulterer ikke amatører.,"{""c"":""Politiet ber ikke om hjelp fra amatører.""}",Politiet ber ikke om hjelp fra amatører.,True,1,0,True,True,False,True,,True,,True,"{""reason"":""detector_match"",""detected"":""no"",""confidence"":1.0}",True,[],[],True,,"{""errors"":[]}",True,[],True,1,0,True,True,False,100,100,1218,16,1234,,,685.7,1311,8,1319,0,0,1842.73
0020f3b2b04043815839,512,gemma-3-27b-reasoning,managed-prompt,subtitle,it,nb,- Non vuoi ricordarlo.,- Du vil ikke huske det.,"{""c"":""Du vil ikke huske det.""}",Du vil ikke huske det.,True,1,0,True,True,False,True,,True,,,"{""reason"":""detector_mismatch_uncertain"",""detected"":""da"",""confidence"":1.0}",True,[],[],True,,"{""errors"":[{""category"":""preservation"",""severity"":""minor""}]}",True,"[{""category"":""preservation"",""severity"":""minor""}]",True,1,0,True,True,False,97,97,1214,12,1226,,,715.05,1294,17,1311,0,0,1250.0
f68d702fa002d24936d9,513,gemma-3-27b-reasoning,managed-prompt,subtitle,it,nb,- Com'e' possibile?,Hvordan er det mulig?,"{""c"":""Hvordan er det mulig?""}",Hvordan er det mulig?,True,1,0,True,True,False,True,,True,,,"{""reason"":""detector_mismatch_uncertain"",""detected"":""da"",""confidence"":1.0}",True,[],[],True,,"{""errors"":[]}",True,[],True,1,0,True,True,False,100,100,1215,11,1226,,,810.31,1297,8,1305,0,0,1148.96
7ae3e455c3082ec84f19,514,gemma-3-27b-reasoning,managed-prompt,subtitle,it,nb,- La verità su Terry Lennox.,- Sannheten om Terry Lennox.,"{""c"":""Sannheten om Terry Lennox.""}",Sannheten om Terry Lennox.,True,1,0,True,True,False,True,,True,,True,"{""reason"":""detector_match"",""detected"":""no"",""confidence"":1.0}",True,[],[],True,,"{""errors"":[{""category"":""preservation"",""severity"":""minor""}]}",True,"[{""category"":""preservation"",""severity"":""minor""}]",True,1,0,True,True,False,97,97,1215,12,1227,,,805.55,1304,17,1321,0,0,1262.47
8169eebd4820d9e8b84c,515,gemma-3-27b-reasoning,managed-prompt,subtitle,it,nb,"Signore, per continuare le ricerche dovremo usare tutto il carburante.",Hvis vi fortsetter ettersøkningen så vil vi bruke opp alt drivstoffet vårt.,"{""c"":""Signore, for å fortsette søket må vi bruke alt drivstoffet.""}","Signore, for å fortsette søket må vi bruke alt drivstoffet.",True,1,0,True,True,False,True,,True,,True,"{""reason"":""detector_match"",""detected"":""no"",""confidence"":1.0}",True,[],[],True,,"{""errors"":[]}",True,[],True,1,0,True,True,False,100,100,1224,22,1246,,,2574.25,1339,8,1347,0,0,1117.69
16e16bb80c50b4c78faa,516,gemma-3-27b-reasoning,managed-prompt,subtitle,it,nb,"Secondo te, sono morti?",Tror du de er døde?,"{""c"":""Tror du de er døde?""}",Tror du de er døde?,True,1,0,True,True,False,True,,True,,,"{""reason"":""detector_inconclusive"",""detected"":""no"",""confidence"":0.4836}",True,[],[],True,,"{""errors"":[]}",True,[],True,1,0,True,True,False,100,100,1214,12,1226,,,704.68,1298,8,1306,0,0,1212.55
e848dc4b03d0903b2a89,517,gemma-3-27b-reasoning,managed-prompt,subtitle,it,nb,Cos'è successo?,Hva skjedde?,"{""c"":""Hva har skjedd?""}",Hva har skjedd?,True,1,0,True,True,False,True,,True,,,"{""reason"":""detector_inconclusive"",""detected"":""sv"",""confidence"":0.7143}",True,[],[],True,,"{""errors"":[]}",True,[],True,1,0,True,True,False,100,100,1213,12,1225,,,772.5,1295,8,1303,0,0,1235.75
e37c25abc868a624a82d,518,gemma-3-27b-reasoning,managed-prompt,subtitle,it,nb,Certo.,Ja visst.,"{""c"":""Jada.""}",Jada.,True,1,0,True,True,False,True,,True,,,"{""reason"":""too_short_for_language_detection"",""detected"":null,""confidence"":null}",True,[],[],True,,"{""errors"":[]}",True,[],True,1,0,True,True,False,100,100,1211,8,1219,,,634.33,1284,8,1292,0,0,1121.41
056e4e36afe82a46ad8c,519,gemma-3-27b-reasoning,managed-prompt,subtitle,it,nb,Praticamente sono sposata con un Buzz Lightyear sexy.,Jeg er gift med en sexy Buzz Lightyear.,"{""c"":""Jeg er praktisk talt gift med en kjekk Buzz Lightyear.""}",Jeg er praktisk talt gift med en kjekk Buzz Lightyear.,True,1,0,True,True,False,True,,True,,True,"{""reason"":""detector_match"",""detected"":""no"",""confidence"":1.0}",True,[],[],True,,"{""errors"":[]}",True,[],True,1,0,True,True,False,100,100,1221,21,1242,,,1870.07,1321,8,1329,0,0,1230.47
4aa10574f86e311552f5,520,gemma-3-27b-reasoning,managed-prompt,subtitle,jp,da,サラによると、深夜零時までだと言った。,"Hun sagde, det var som om vi fik indtil midnat.","{""c"":""Ifølge Sara er det indtil midnat.""}",Ifølge Sara er det indtil midnat.,True,1,0,True,True,False,True,,True,,True,"{""reason"":""detector_match"",""detected"":""da"",""confidence"":1.0}",True,[],[],True,,"{""errors"":[{""category"":""accuracy"",""severity"":""major""}]}",False,"[{""category"":""accuracy"",""severity"":""major""}]",True,1,0,True,True,False,85,85,1219,15,1234,,,1170.45,1315,17,1332,0,0,1300.41
4c63c41e2caf92db3c9f,521,gemma-3-27b-reasoning,managed-prompt,subtitle,jp,da,何でも無い,- Hvad? Intet.,"{""c"":""Intet""}",Intet,True,1,0,True,True,False,True,,True,,,"{""reason"":""too_short_for_language_detection"",""detected"":null,""confidence"":null}",True,[],[],True,,"{""errors"":[]}",True,[],True,1,0,True,True,False,100,100,1211,7,1218,,,508.15,1290,8,1298,0,0,1038.18
3f6fa91c8274b8109649,522,gemma-3-27b-reasoning,managed-prompt,subtitle,jp,da,前にドアがある それを使って,– Brug døren foran dig.,"{""c"":""Der er en dør foran dig Brug den""}",Der er en dør foran dig Brug den,True,1,0,True,True,False,True,,True,,True,"{""reason"":""detector_match"",""detected"":""da"",""confidence"":1.0}",True,[],[],True,,"{""errors"":[]}",True,[],True,1,0,True,True,False,100,100,1213,15,1228,,,1103.67,1305,8,1313,0,0,1200.72
cfcd36091c7300effc90,523,gemma-3-27b-reasoning,managed-prompt,subtitle,jp,da,それを表す 言葉があるわ,Ja og det er der et ord for:,"{""c"":""Der er et ord for det.""}",Der er et ord for det.,True,1,0,True,True,False,True,,True,,True,"{""reason"":""detector_match"",""detected"":""da"",""confidence"":1.0}",True,[],[],True,,"{""errors"":[]}",True,[],True,1,0,True,True,False,100,100,1215,12,1227,,,554.95,1301,8,1309,0,0,1184.02
86a21619080134a47fce,524,gemma-3-27b-reasoning,managed-prompt,subtitle,jp,da,魚には一種の 身ぶり言語がある,"Jeg tror, at fisk har en slags tegnsprog.","{""c"":""Fisk har en slags kropssprog""}",Fisk har en slags kropssprog,True,1,0,True,True,False,True,,True,,,"{""reason"":""detector_mismatch_uncertain"",""detected"":""sv"",""confidence"":1.0}",True,[],[],True,,"{""errors"":[]}",True,[],True,1,0,True,True,False,100,100,1216,14,1230,,,1526.51,1316,8,1324,0,0,1354.45
b0db1f032761947fd1f8,525,gemma-3-27b-reasoning,managed-prompt,subtitle,jp,da,こんにちは、チェスター,"Goddag, Chester.","{""c"":""Hej, Chester""}","Hej, Chester",True,1,0,True,True,False,True,,True,,,"{""reason"":""detector_mismatch_uncertain"",""detected"":""nl"",""confidence"":1.0}",True,[],[],True,,"{""errors"":[]}",True,[],True,1,0,True,True,False,100,100,1212,8,1220,,,672.89,1294,8,1302,0,0,1260.6
066a528b66eb2b778fcd,526,gemma-3-27b-reasoning,managed-prompt,subtitle,jp,da,ちっきしょう,Fandens også.,"{""c"":""For satan!""}",For satan!,True,1,0,True,True,False,True,,True,,,"{""reason"":""detector_mismatch_uncertain"",""detected"":""id"",""confidence"":1.0}",True,[],[],True,,"{""errors"":[]}",True,[],True,1,0,True,True,False,100,100,1211,8,1219,,,529.14,1287,8,1295,0,0,1163.9
363088039d2fa7b3643a,527,gemma-3-27b-reasoning,managed-prompt,subtitle,jp,da,何故ですか?,Hvorfor?,"{""c"":""Hvorfor?""}",Hvorfor?,True,1,0,True,True,False,True,,True,,,"{""reason"":""too_short_for_language_detection"",""detected"":null,""confidence"":null}",True,[],[],True,,"{""errors"":[]}",True,[],True,1,0,True,True,False,100,100,1212,9,1221,,,923.61,1287,8,1295,0,0,1188.07
89e2f5ef10c887b4d289,528,gemma-3-27b-reasoning,managed-prompt,subtitle,jp,da,- いや,Nej.,"{""c"":""Nej""}",Nej,True,1,0,True,True,False,True,,True,,,"{""reason"":""too_short_for_language_detection"",""detected"":null,""confidence"":null}",True,[],[],True,,"{""errors"":[]}",True,[],True,1,0,True,True,False,100,100,1210,7,1217,,,524.91,1283,8,1291,0,0,1547.65
da8d659feec83c43112c,529,gemma-3-27b-reasoning,managed-prompt,subtitle,jp,da,- こんにちは - やぁ,"Hej, skatter.","{""c"":""Hej - Hallo""}",Hej - Hallo,True,1,0,True,True,False,True,,True,,,"{""reason"":""detector_inconclusive"",""detected"":""nl"",""confidence"":0.5714}",True,[],[],True,,"{""errors"":[{""category"":""preservation"",""severity"":""major""}]}",False,"[{""category"":""preservation"",""severity"":""major""}]",True,1,0,True,True,False,85,85,1213,8,1221,,,481.06,1298,17,1315,0,0,1333.53
b370a950a1664d7cc64f,530,gemma-3-27b-reasoning,managed-prompt,subtitle,jp,de,人間の感情は 祖先からの贈り物だ,Menschliche Gefühle sind eine Gabe unserer tierischen Vorfahren.,"{""c"":""Menschliche Emotionen sind ein Geschenk der Vorfahren.""}",Menschliche Emotionen sind ein Geschenk der Vorfahren.,True,1,0,True,True,False,True,,True,,True,"{""reason"":""detector_match"",""detected"":""de"",""confidence"":1.0}",True,[],[],True,,"{""errors"":[]}",True,[],True,1,0,True,True,False,100,100,1217,17,1234,,,753.49,1331,8,1339,0,0,1295.55
4ca7ad0b3379064d5951,531,gemma-3-27b-reasoning,managed-prompt,subtitle,jp,de,なんだ？,Was ist das?,"{""c"":""Was ist los?""}",Was ist los?,True,1,0,True,True,False,True,,True,,,"{""reason"":""detector_inconclusive"",""detected"":""en"",""confidence"":0.8571}",True,[],[],True,,"{""errors"":[]}",True,[],True,1,0,True,True,False,100,100,1210,9,1219,,,737.1,1286,8,1294,0,0,1185.4
6ffadccf9922892c44fe,532,gemma-3-27b-reasoning,managed-prompt,subtitle,jp,de,「今まで何処に」 どうもね,- Wo bist du gewesen?,"{""c"":""\""Bis jetzt nirgendwo.\"" Danke.""}","""Bis jetzt nirgendwo."" Danke.",True,1,0,True,True,False,True,,True,,True,"{""reason"":""detector_match"",""detected"":""de"",""confidence"":1.0}",True,[],[],True,,"{""errors"":[{""category"":""accuracy"",""severity"":""major""},{""category"":""accuracy"",""severity"":""major""}]}",False,"[{""category"":""accuracy"",""severity"":""major""},{""category"":""accuracy"",""severity"":""major""}]",True,1,0,True,True,False,70,70,1217,14,1231,,,618.2,1309,26,1335,0,0,1504.58
07e677605cc7e076e37b,533,gemma-3-27b-reasoning,managed-prompt,subtitle,jp,de,何してるの？,Was machst du hier?,"{""c"":""Was machst du?""}",Was machst du?,True,1,0,True,True,False,True,,True,,True,"{""reason"":""detector_match"",""detected"":""de"",""confidence"":0.8571}",True,[],[],True,,"{""errors"":[]}",True,[],True,1,0,True,True,False,100,100,1212,10,1222,,,556.43,1289,8,1297,0,0,1336.34
8e7f9b7a2f569fac98d0,534,gemma-3-27b-reasoning,managed-prompt,subtitle,jp,de,手榴弾は 何らかの毒物を 放ったに違いない,Die Granate muss eine Art Gift freigesetzt haben.,"{""c"":""Handgranaten müssen irgendwelche Giftstoffe freigesetzt haben.""}",Handgranaten müssen irgendwelche Giftstoffe freigesetzt haben.,True,1,0,True,True,False,True,,True,,True,"{""reason"":""detector_match"",""detected"":""de"",""confidence"":1.0}",True,[],[],True,,"{""errors"":[{""category"":""accuracy"",""severity"":""major""}]}",False,"[{""category"":""accuracy"",""severity"":""major""}]",True,1,0,True,True,False,85,85,1222,19,1241,,,1102.44,1334,17,1351,0,0,1304.32
3c2d55b8e26b1de79905,535,gemma-3-27b-reasoning,managed-prompt,subtitle,jp,de,この３月で３０歳,Sie wäre diesen März 30 geworden.,"{""c"":""Ich werde diesen März 30 Jahre alt""}",Ich werde diesen März 30 Jahre alt,True,1,0,True,True,False,True,,True,,True,"{""reason"":""detector_match"",""detected"":""de"",""confidence"":1.0}",True,[],"[{""code"":""number_not_exact"",""expected"":{""３"":1,""３０"":1},""actual"":{""30"":1}}]",True,,"{""errors"":[]}",True,[],True,1,0,True,True,False,97,97,1215,14,1229,,,613.78,1306,8,1314,0,0,1532.22
4937c6e9b085a6d41567,536,gemma-3-27b-reasoning,managed-prompt,subtitle,jp,de,リストに入ってるんだ、ジュリエット,"Sie stehen auf der Liste, Juliet.","{""c"":""Du bist auf der Liste, Juliette""}","Du bist auf der Liste, Juliette",True,1,0,True,True,False,True,,True,,True,"{""reason"":""detector_match"",""detected"":""de"",""confidence"":1.0}",True,[],[],True,,"{""errors"":[{""category"":""preservation"",""severity"":""minor""}]}",True,"[{""category"":""preservation"",""severity"":""minor""}]",True,1,0,True,True,False,97,97,1216,12,1228,,,613.11,1312,17,1329,0,0,1261.95
bd16c5e69014fa88d35d,537,gemma-3-27b-reasoning,managed-prompt,subtitle,jp,de,彼を庇護するものは 一体.,Eine um ihn zu beschützen.,"{""c"":""Was schützt ihn eigentlich.""}",Was schützt ihn eigentlich.,True,1,0,True,True,False,True,,True,,True,"{""reason"":""detector_match"",""detected"":""de"",""confidence"":1.0}",True,[],[],True,,"{""errors"":[{""category"":""accuracy"",""severity"":""major""}]}",False,"[{""category"":""accuracy"",""severity"":""major""}]",True,1,0,True,True,False,85,85,1217,11,1228,,,788.88,1303,17,1320,0,0,1280.23
33442dc4d17854348e2e,538,gemma-3-27b-reasoning,managed-prompt,subtitle,jp,de,アメリカを取り戻そう！,Und Amerika wieder funktionstüchtig machen!,"{""c"":""Lasst uns Amerika zurückgewinnen!""}",Lasst uns Amerika zurückgewinnen!,True,1,0,True,True,False,True,,True,,True,"{""reason"":""detector_match"",""detected"":""de"",""confidence"":1.0}",True,[],[],True,,"{""errors"":[]}",True,[],True,1,0,True,True,False,100,100,1213,13,1226,,,753.93,1308,8,1316,0,0,1224.11
5995238b335a3535d20e,539,gemma-3-27b-reasoning,managed-prompt,subtitle,jp,de,貴方の為でも　警察の為でもないの いいわね？,Nicht wegen dir und nicht wegen der Polizei.,"{""c"":""Es ist weder für dich noch für die Polizei. Ist gut?""}",Es ist weder für dich noch für die Polizei. Ist gut?,True,1,0,True,True,False,True,,True,,True,"{""reason"":""detector_match"",""detected"":""de"",""confidence"":1.0}",True,[],[],True,,"{""errors"":[{""category"":""accuracy"",""severity"":""minor""},{""category"":""tone"",""severity"":""minor""}]}",True,"[{""category"":""accuracy"",""severity"":""minor""},{""category"":""tone"",""severity"":""minor""}]",True,1,0,True,True,False,94,94,1224,18,1242,,,658.76,1328,26,1354,0,0,1273.85
68e5e0591be0925d8075,540,gemma-3-27b-reasoning,managed-prompt,subtitle,jp,en,チャーリー！ チャーリー！,Charlie!,"{""c"":""Charlie! Charlie!""}",Charlie! Charlie!,True,1,0,True,True,False,True,,True,,,"{""reason"":""detector_mismatch_uncertain"",""detected"":""nl"",""confidence"":1.0}",True,[],[],True,,"{""errors"":[]}",True,[],True,1,0,True,True,False,100,100,1215,9,1224,,,595.51,1291,8,1299,0,0,1177.22
10d53d548fa690a9d41e,541,gemma-3-27b-reasoning,managed-prompt,subtitle,jp,en,どのように2会うたのですか？,How did you two meet?,"{""c"":""How did you manage to meet twice?""}",How did you manage to meet twice?,True,1,0,True,True,False,True,,True,,,"{""reason"":""detector_inconclusive"",""detected"":""en"",""confidence"":0.5714}",True,[],"[{""code"":""number_not_exact"",""expected"":{""2"":1},""actual"":{}}]",True,,"{""errors"":[{""category"":""accuracy"",""severity"":""major""}]}",False,"[{""category"":""accuracy"",""severity"":""major""}]",True,1,0,True,True,False,82,82,1216,13,1229,,,650.34,1298,17,1315,0,0,1321.9
2d5b3c0fac680bf24004,542,gemma-3-27b-reasoning,managed-prompt,subtitle,jp,en,パパ！,Dad.,"{""c"":""Dad!""}",Dad!,True,1,0,True,True,False,True,,True,,,"{""reason"":""too_short_for_language_detection"",""detected"":null,""confidence"":null}",True,[],[],True,,"{""errors"":[]}",True,[],True,1,0,True,True,False,100,100,1211,7,1218,,,530.29,1280,8,1288,0,0,1153.91
546d15240d8531ce811f,543,gemma-3-27b-reasoning,managed-prompt,subtitle,jp,en,前回までの Z Nation は,Previously on Z Nation.,"{""c"":""Previous Z Nation episodes are -> en""}",Previous Z Nation episodes are -> en,True,1,0,True,True,False,True,,True,,,"{""reason"":""detector_inconclusive"",""detected"":""fr"",""confidence"":0.7143}",True,[],[],True,,"{""errors"":[{""category"":""fluency"",""severity"":""critical""},{""category"":""accuracy"",""severity"":""major""}]}",False,"[{""category"":""fluency"",""severity"":""critical""},{""category"":""accuracy"",""severity"":""major""}]",True,1,0,True,True,False,45,45,1213,12,1225,,,833.34,1292,27,1319,0,0,2325.12
c90ee93793692b99c7ff,544,gemma-3-27b-reasoning,managed-prompt,subtitle,jp,en,君が正しかったよ,"You know, you were right.","{""c"":""You were right.""}",You were right.,True,1,0,True,True,False,True,,True,,True,"{""reason"":""detector_match"",""detected"":""en"",""confidence"":0.8571}",True,[],[],True,,"{""errors"":[]}",True,[],True,1,0,True,True,False,100,100,1213,9,1222,,,587.95,1291,8,1299,0,0,1076.11
ff486311b1a5985e78af,545,gemma-3-27b-reasoning,managed-prompt,subtitle,jp,en,（ありさ） 多分 寝てないんだね 昨日,He probably didn't sleep. -Yesterday? -Yesterday.,"{""c"":""(Arisa) You probably didn't sleep yesterday.""}",(Arisa) You probably didn't sleep yesterday.,True,1,0,True,True,False,True,,True,,,"{""reason"":""detector_inconclusive"",""detected"":""en"",""confidence"":0.4286}",True,[],[],True,,"{""errors"":[]}",True,[],True,1,0,True,True,False,100,100,1220,17,1237,,,931.8,1316,8,1324,0,0,1264.53
bb83d98cb29929497033,546,gemma-3-27b-reasoning,managed-prompt,subtitle,jp,en,あなたが...,You're...,"{""c"":""You are...""}",You are...,True,1,0,True,True,False,True,,True,,,"{""reason"":""too_short_for_language_detection"",""detected"":null,""confidence"":null}",True,[],[],True,,"{""errors"":[]}",True,[],True,1,0,True,True,False,100,100,1210,8,1218,,,569.31,1284,8,1292,0,0,1160.23
a7e6d6d71819e0e23ae4,547,gemma-3-27b-reasoning,managed-prompt,subtitle,jp,en,乗る前に　私を殺さないって 約束してよね,"Ehi, before you get in the car, you have to promise not to kill me. Why? What did you do?","{""c"":""Promise you won't kill me before you ride.""}",Promise you won't kill me before you ride.,True,1,0,True,True,False,True,,True,,True,"{""reason"":""detector_match"",""detected"":""en"",""confidence"":1.0}",True,[],[],True,,"{""errors"":[{""category"":""accuracy"",""severity"":""minor""}]}",True,"[{""category"":""accuracy"",""severity"":""minor""}]",True,1,0,True,True,False,97,97,1223,16,1239,,,835.28,1328,17,1345,0,0,1217.63
a0f6c64fb3ad73a3e897,548,gemma-3-27b-reasoning,managed-prompt,subtitle,jp,en,彼等は命令に従う,They follow orders.,"{""c"":""They obey the orders""}",They obey the orders,True,1,0,True,True,False,True,,True,,True,"{""reason"":""detector_match"",""detected"":""en"",""confidence"":1.0}",True,[],[],True,,"{""errors"":[]}",True,[],True,1,0,True,True,False,100,100,1213,9,1222,,,606.11,1291,8,1299,0,0,1230.54
7e383773c1d224dbabb1,549,gemma-3-27b-reasoning,managed-prompt,subtitle,jp,en,何?,What?,"{""c"":""What?""}",What?,True,1,0,True,True,False,True,,True,,,"{""reason"":""too_short_for_language_detection"",""detected"":null,""confidence"":null}",True,[],[],True,,"{""errors"":[]}",True,[],True,1,0,True,True,False,100,100,1210,7,1217,,,535.98,1279,8,1287,0,0,1306.35
d133feb117288d496622,550,gemma-3-27b-reasoning,managed-prompt,subtitle,jp,es,おい どうしてだよ 俺が好きだろ？,¿Qué sucede cariño ¿No te gusto?,"{""c"":""¿Por qué haces eso? ¿No te gusto?""}",¿Por qué haces eso? ¿No te gusto?,True,1,0,True,True,False,True,,True,,,"{""reason"":""detector_mismatch_uncertain"",""detected"":""pt"",""confidence"":1.0}",True,[],[],True,,"{""errors"":[{""category"":""accuracy"",""severity"":""minor""}]}",True,"[{""category"":""accuracy"",""severity"":""minor""}]",True,1,0,True,True,False,97,97,1217,16,1233,,,663.99,1328,17,1345,0,0,1220.88
4f98a11181ac1f8e55d6,551,gemma-3-27b-reasoning,managed-prompt,subtitle,jp,es,私も会いたいわ,Yo también quiero verte.,"{""c"":""私も会いたいわ""}",私も会いたいわ,True,1,0,True,True,False,True,,True,,False,"{""reason"":""unexpected_script"",""detected"":null,""confidence"":null}",True,[],"[{""code"":""source_copy_suspected""}]",True,,"{""errors"":[{""category"":""accuracy"",""severity"":""critical""}]}",False,"[{""category"":""accuracy"",""severity"":""critical""}]",True,1,0,True,True,False,57,57,1212,9,1221,,,787.38,1297,17,1314,0,0,1326.75
667a44d15e69b69e1886,552,gemma-3-27b-reasoning,managed-prompt,subtitle,jp,es,ＣＡＡは　ＡＰＰ遺伝子の突然変異で 発生します,La AAC viene de una mutación del gen APP.,"{""c"":""CAA ocurre debido a una mutación en el gen APP.""}",CAA ocurre debido a una mutación en el gen APP.,True,1,0,True,True,False,True,,True,,True,"{""reason"":""detector_match"",""detected"":""es"",""confidence"":1.0}",True,[],[],True,,"{""errors"":[]}",True,[],True,1,0,True,True,False,100,100,1227,17,1244,,,966.5,1337,8,1345,0,0,2296.68
8e6942c1ed31e86558f4,553,gemma-3-27b-reasoning,managed-prompt,subtitle,jp,es,私も,Yo también.,"{""c"":""Yo también""}",Yo también,True,1,0,True,True,False,True,,True,,True,"{""reason"":""detector_match"",""detected"":""es"",""confidence"":1.0}",True,[],[],True,,"{""errors"":[]}",True,[],True,1,0,True,True,False,100,100,1209,7,1216,,,913.95,1282,8,1290,0,0,1229.69
84d1b69c75a49447c6bd,554,gemma-3-27b-reasoning,managed-prompt,subtitle,jp,es,彼女はそこだ！,¡Ella está dentro!,"{""c"":""¡Ella está ahí!""}",¡Ella está ahí!,True,1,0,True,True,False,True,,True,,True,"{""reason"":""detector_match"",""detected"":""es"",""confidence"":1.0}",True,[],[],True,,"{""errors"":[]}",True,[],True,1,0,True,True,False,100,100,1213,10,1223,,,716.69,1296,8,1304,0,0,1085.22
2f96576665e499868267,555,gemma-3-27b-reasoning,managed-prompt,subtitle,jp,es,お会いできて　光栄です！,Es un placer conocerlo.,"{""c"":""¡Un placer conocerte!""}",¡Un placer conocerte!,True,1,0,True,True,False,True,,True,,True,"{""reason"":""detector_match"",""detected"":""es"",""confidence"":1.0}",True,[],[],True,,"{""errors"":[]}",True,[],True,1,0,True,True,False,100,100,1218,11,1229,,,718.7,1299,8,1307,0,0,1125.58
128d651b18de2811b060,556,gemma-3-27b-reasoning,managed-prompt,subtitle,jp,es,第３位,En tercer lugar:,"{""c"":""Tercer puesto""}",Tercer puesto,True,1,0,True,True,False,True,,True,,True,"{""reason"":""detector_match"",""detected"":""es"",""confidence"":1.0}",True,[],"[{""code"":""number_not_exact"",""expected"":{""３"":1},""actual"":{}}]",True,,"{""errors"":[]}",True,[],True,1,0,True,True,False,97,97,1211,9,1220,,,635.66,1286,8,1294,0,0,1098.19
3c481b49c999e2f5d928,557,gemma-3-27b-reasoning,managed-prompt,subtitle,jp,es,彼らはずっと以前にあんたを監禁した 多分　あんたに代償を払わせた,"Debieron encerrarte hace mucho tiempo, para que pagaras por lo que has hecho.","{""c"":""Ellos te mantuvieron cautivo mucho antes. Tal vez para hacerte pagar.""}",Ellos te mantuvieron cautivo mucho antes. Tal vez para hacerte pagar.,True,1,0,True,True,False,True,,True,,True,"{""reason"":""detector_match"",""detected"":""es"",""confidence"":1.0}",True,[],[],True,,"{""errors"":[{""category"":""accuracy"",""severity"":""major""}]}",False,"[{""category"":""accuracy"",""severity"":""major""}]",True,1,0,True,True,False,85,85,1234,22,1256,,,1109.71,1351,17,1368,0,0,1294.76
67670fa188433a4aead3,558,gemma-3-27b-reasoning,managed-prompt,subtitle,jp,es,ケイティは　時折ワインを飲みましたが なぜ　ですか？,¿Por qué- - Kati tomaba vino de vez en cuando.,"{""c"":""Katie a veces bebía vino, ¿por qué?""}","Katie a veces bebía vino, ¿por qué?",True,1,0,True,True,False,True,,True,,,"{""reason"":""detector_inconclusive"",""detected"":""es"",""confidence"":0.7143}",True,[],[],True,,"{""errors"":[]}",True,[],True,1,0,True,True,False,100,100,1227,16,1243,,,968.01,1335,8,1343,0,0,1165.69
820240f5e2b400b412f6,559,gemma-3-27b-reasoning,managed-prompt,subtitle,jp,es,- 痛むよ。,Duele.,"{""c"":""Duele.""}",Duele.,True,1,0,True,True,False,True,,True,,,"{""reason"":""too_short_for_language_detection"",""detected"":null,""confidence"":null}",True,[],[],True,,"{""errors"":[]}",True,[],True,1,0,True,True,False,100,100,1214,8,1222,,,1551.03,1288,8,1296,0,0,1385.39
e1e7539aa5bcd8a91d40,560,gemma-3-27b-reasoning,managed-prompt,subtitle,jp,fr,ありがとうございます,"Merci, ma reine.","{""c"":""Merci beaucoup""}",Merci beaucoup,True,1,0,True,True,False,True,,True,,,"{""reason"":""detector_inconclusive"",""detected"":""fr"",""confidence"":0.5714}",True,[],[],True,,"{""errors"":[]}",True,[],True,1,0,True,True,False,100,100,1209,7,1216,,,479.82,1294,8,1302,0,0,1232.44
1cb6b1bc8a0d6ecc8e6a,561,gemma-3-27b-reasoning,managed-prompt,subtitle,jp,fr,あらら　これは興味深い,"Ooh, c'est intéressant.","{""c"":""Oh là là, c'est intéressant""}","Oh là là, c'est intéressant",True,1,0,True,True,False,True,,True,,,"{""reason"":""detector_inconclusive"",""detected"":""fr"",""confidence"":0.5714}",True,[],[],True,,"{""errors"":[]}",True,[],True,1,0,True,True,False,100,100,1216,13,1229,,,611.89,1306,8,1314,0,0,1293.26
c471683efe906100f5b6,562,gemma-3-27b-reasoning,managed-prompt,subtitle,jp,fr,- よし、全員降りろ,Sortez tous !,"{""c"":""Ok, tout le monde descend!\""""}","Ok, tout le monde descend!""",True,1,0,True,True,False,True,,True,,True,"{""reason"":""detector_match"",""detected"":""fr"",""confidence"":1.0}",True,[],[],True,,"{""errors"":[{""category"":""accuracy"",""severity"":""major""},{""category"":""preservation"",""severity"":""minor""}]}",False,"[{""category"":""accuracy"",""severity"":""major""},{""category"":""preservation"",""severity"":""minor""}]",True,1,0,True,True,False,82,82,1215,13,1228,,,832.31,1298,26,1324,0,0,1341.58
2463408f49609d424966,563,gemma-3-27b-reasoning,managed-prompt,subtitle,jp,fr,分かった　ありがとう,- Bien. - Parfait. - Merci John.,"{""c"":""Compris, merci""}","Compris, merci",True,1,0,True,True,False,True,,True,,,"{""reason"":""detector_mismatch_uncertain"",""detected"":""pt"",""confidence"":1.0}",True,[],[],True,,"{""errors"":[]}",True,[],True,1,0,True,True,False,100,100,1214,10,1224,,,1346.9,1303,8,1311,0,0,1118.65
05a216249893d49d0d41,564,gemma-3-27b-reasoning,managed-prompt,subtitle,jp,fr,時々だが...,Je pense que parfois.,"{""c"":""De temps en temps...""}",De temps en temps...,True,1,0,True,True,False,True,,True,,,"{""reason"":""detector_mismatch_uncertain"",""detected"":""nl"",""confidence"":1.0}",True,[],[],True,,"{""errors"":[]}",True,[],True,1,0,True,True,False,100,100,1212,10,1222,,,731.41,1290,8,1298,0,0,1157.78
5da5a9927df3ad986987,565,gemma-3-27b-reasoning,managed-prompt,subtitle,jp,fr,あれはジョークさ,"Non, c'était une blague.","{""c"":""C'était une blague.""}",C'était une blague.,True,1,0,True,True,False,True,,True,,True,"{""reason"":""detector_match"",""detected"":""fr"",""confidence"":1.0}",True,[],[],True,,"{""errors"":[]}",True,[],True,1,0,True,True,False,100,100,1213,12,1225,,,1173.9,1296,8,1304,0,0,1188.22
2ba028b75a141b14668e,566,gemma-3-27b-reasoning,managed-prompt,subtitle,jp,fr,集合場所に来るのは俺達だけ そこへVが,Il n'y aura que nous et le V.,"{""c"":""Le seul endroit où nous irons, c'est là où V est.""}","Le seul endroit où nous irons, c'est là où V est.",True,1,0,True,True,False,True,,True,,True,"{""reason"":""detector_match"",""detected"":""fr"",""confidence"":1.0}",True,[],[],True,,"{""errors"":[{""category"":""accuracy"",""severity"":""major""}]}",False,"[{""category"":""accuracy"",""severity"":""major""}]",True,1,0,True,True,False,85,85,1219,20,1239,,,1546.55,1322,17,1339,0,0,1341.98
61db801256473a3610ee,567,gemma-3-27b-reasoning,managed-prompt,subtitle,jp,fr,何を？,Quoi donc ?,"{""c"":""Quoi ?""}",Quoi ?,True,1,0,True,True,False,True,,True,,,"{""reason"":""too_short_for_language_detection"",""detected"":null,""confidence"":null}",True,[],[],True,,"{""errors"":[]}",True,[],True,1,0,True,True,False,100,100,1210,8,1218,,,644.27,1286,8,1294,0,0,1167.98
37c171c5ae3a3c6c19e8,568,gemma-3-27b-reasoning,managed-prompt,subtitle,jp,fr,大丈夫よ,Ça va aller.,"{""c"":""大丈夫よ""}",大丈夫よ,True,1,0,True,True,False,True,,True,,False,"{""reason"":""unexpected_script"",""detected"":null,""confidence"":null}",True,[],"[{""code"":""source_copy_suspected""}]",True,,"{""errors"":[{""category"":""accuracy"",""severity"":""critical""}]}",False,"[{""category"":""accuracy"",""severity"":""critical""}]",True,1,0,True,True,False,57,57,1210,7,1217,,,633.39,1294,17,1311,0,0,1345.84
d8c42760f489154dc096,569,gemma-3-27b-reasoning,managed-prompt,subtitle,jp,fr,悪いわね　モーガン先生 まだ終わらせないわ,"Je suis désolée, Dr Morgan mais je ne vais pas abandonner si vite.","{""c"":""Oh, la la, Mlle Morgan, je ne suis pas encore finie.""}","Oh, la la, Mlle Morgan, je ne suis pas encore finie.",True,1,0,True,True,False,True,,True,,True,"{""reason"":""detector_match"",""detected"":""fr"",""confidence"":1.0}",True,[],[],True,,"{""errors"":[{""category"":""accuracy"",""severity"":""major""},{""category"":""terminology"",""severity"":""minor""}]}",False,"[{""category"":""accuracy"",""severity"":""major""},{""category"":""terminology"",""severity"":""minor""}]",True,1,0,True,True,False,82,82,1223,22,1245,,,775.08,1335,26,1361,0,0,1450.46
0784c2f902a39864c47e,570,gemma-3-27b-reasoning,managed-prompt,subtitle,jp,it,決して忘れるな マルセル,Non scordare mai...,"{""c"":""Non dimenticare mai Marcel""}",Non dimenticare mai Marcel,True,1,0,True,True,False,True,,True,,,"{""reason"":""detector_mismatch_uncertain"",""detected"":""ro"",""confidence"":1.0}",True,[],[],True,,"{""errors"":[]}",True,[],True,1,0,True,True,False,100,100,1214,10,1224,,,562.09,1296,8,1304,0,0,1227.93
e10759d6749958a7aa44,571,gemma-3-27b-reasoning,managed-prompt,subtitle,jp,it,これが俺でこっちがお前 いや これがお前でこれが俺,Questo sono io e questo sei tu. Cioè tu sei questo e io sono questo.,"{""c"":""Questo sono io e tu sei quello là. No, questo sei tu e io sono quello là.""}","Questo sono io e tu sei quello là. No, questo sei tu e io sono quello là.",True,1,0,True,True,False,True,,True,,True,"{""reason"":""detector_match"",""detected"":""it"",""confidence"":1.0}",True,[],[],True,,"{""errors"":[]}",True,[],True,1,0,True,True,False,100,100,1222,25,1247,,,1232.31,1338,8,1346,0,0,1117.4
8b143a3146aedbc1ef8f,572,gemma-3-27b-reasoning,managed-prompt,subtitle,jp,it,パパ！,Papà!,"{""c"":""Papà!""}",Papà!,True,1,0,True,True,False,True,,True,,,"{""reason"":""too_short_for_language_detection"",""detected"":null,""confidence"":null}",True,[],[],True,,"{""errors"":[]}",True,[],True,1,0,True,True,False,100,100,1211,8,1219,,,861.8,1284,8,1292,0,0,1188.78
33eab0efb396cad56c74,573,gemma-3-27b-reasoning,managed-prompt,subtitle,jp,it,わかりました！,Sissignore.,"{""c"":""Ho capito!""}",Ho capito!,True,1,0,True,True,False,True,,True,,True,"{""reason"":""detector_match"",""detected"":""it"",""confidence"":1.0}",True,[],[],True,,"{""errors"":[]}",True,[],True,1,0,True,True,False,100,100,1211,8,1219,,,875.19,1287,8,1295,0,0,1204.99
3b3b4ba114d6fd120266,574,gemma-3-27b-reasoning,managed-prompt,subtitle,jp,it,スコフィールドがまた刑務所に行く 正直いうと、,Scofield di nuovo in penitenziario.,"{""c"":""Scofield sta andando di nuovo in prigione. Ad essere onesti, ""}","Scofield sta andando di nuovo in prigione. Ad essere onesti, ",True,1,0,True,True,False,True,,True,,True,"{""reason"":""detector_match"",""detected"":""it"",""confidence"":1.0}",True,[],[],True,,"{""errors"":[]}",True,[],True,1,0,True,True,False,100,100,1221,21,1242,,,842.64,1328,8,1336,0,0,1237.13
a7e941d5d8bd7ba2b0fb,575,gemma-3-27b-reasoning,managed-prompt,subtitle,jp,it,高校の時に一度だけ なぜ？,"Una volta alle superiori, perche'?","{""c"":""Perché solo una volta al liceo?""}",Perché solo una volta al liceo?,True,1,0,True,True,False,True,,True,,True,"{""reason"":""detector_match"",""detected"":""it"",""confidence"":1.0}",True,[],[],True,,"{""errors"":[]}",True,[],True,1,0,True,True,False,100,100,1216,14,1230,,,812.13,1308,8,1316,0,0,1117.91
819f823ca0a04443f855,576,gemma-3-27b-reasoning,managed-prompt,subtitle,jp,it,地球上で最後の人は 他に誰もいない,Quindi... indovina chi non e' piu' l'ultima persona sulla terra?,"{""c"":""L'ultima persona sulla Terra, non c'è nessun altro.""}","L'ultima persona sulla Terra, non c'è nessun altro.",True,1,0,True,True,False,True,,True,,True,"{""reason"":""detector_match"",""detected"":""it"",""confidence"":1.0}",True,[],[],True,,"{""errors"":[{""category"":""accuracy"",""severity"":""major""}]}",False,"[{""category"":""accuracy"",""severity"":""major""}]",True,1,0,True,True,False,85,85,1216,19,1235,,,2477.94,1324,17,1341,0,0,1320.92
3e42f44734a0794f5168,577,gemma-3-27b-reasoning,managed-prompt,subtitle,jp,it,どこから流してる？,Da dove arriva?,"{""c"":""Da dove stai trasmettendo?""}",Da dove stai trasmettendo?,True,1,0,True,True,False,True,,True,,True,"{""reason"":""detector_match"",""detected"":""it"",""confidence"":1.0}",True,[],[],True,,"{""errors"":[]}",True,[],True,1,0,True,True,False,100,100,1213,12,1225,,,932.37,1294,8,1302,0,0,1221.78
bf47043bb4e9e16222b0,578,gemma-3-27b-reasoning,managed-prompt,subtitle,jp,it,完璧です,Tutti cosi' perfetti...,"{""c"":""Perfetto""}",Perfetto,True,1,0,True,True,False,True,,True,,True,"{""reason"":""detector_match"",""detected"":""it"",""confidence"":1.0}",True,[],[],True,,"{""errors"":[]}",True,[],True,1,0,True,True,False,100,100,1210,7,1217,,,566.5,1288,8,1296,0,0,1214.72
e79c8c142173b2981463,579,gemma-3-27b-reasoning,managed-prompt,subtitle,jp,it,子供を焼けと命じたなら あんたの主は悪だ,"- Se ti ordina di dare fuoco ai bambini, il tuo Signore e' diabolico.","{""c"":""Se hai ordinato di bruciare i bambini, il tuo padrone è malvagio""}","Se hai ordinato di bruciare i bambini, il tuo padrone è malvagio",True,1,0,True,True,False,True,,True,,True,"{""reason"":""detector_match"",""detected"":""it"",""confidence"":1.0}",True,[],[],True,,"{""errors"":[{""category"":""accuracy"",""severity"":""major""}]}",False,"[{""category"":""accuracy"",""severity"":""major""}]",True,1,0,True,True,False,85,85,1222,24,1246,,,703.02,1341,17,1358,0,0,1234.16
6ee138c45b6cae7dd762,580,gemma-3-27b-reasoning,managed-prompt,subtitle,jp,nl,- 何が起きたんだ！ - なんだそれ？,- Wat gebeurt er?,"{""c"":""Wat gebeurde er! - Wat is dat?""}",Wat gebeurde er! - Wat is dat?,True,1,0,True,True,False,True,,True,,,"{""reason"":""detector_inconclusive"",""detected"":""af"",""confidence"":0.7143}",True,[],[],True,,"{""errors"":[{""category"":""preservation"",""severity"":""minor""},{""category"":""fluency"",""severity"":""minor""}]}",True,"[{""category"":""preservation"",""severity"":""minor""},{""category"":""fluency"",""severity"":""minor""}]",True,1,0,True,True,False,94,94,1220,15,1235,,,762.52,1312,27,1339,0,0,1234.49
d6e01c668485a2b65d6d,581,gemma-3-27b-reasoning,managed-prompt,subtitle,jp,nl,ぉ前の魂を食らつてやる,Ik ga me tegoed doen aan je ziel.,"{""c"":""Ik ga je ziel verslinden""}",Ik ga je ziel verslinden,True,1,0,True,True,False,True,,True,,True,"{""reason"":""detector_match"",""detected"":""nl"",""confidence"":1.0}",True,[],[],True,,"{""errors"":[]}",True,[],True,1,0,True,True,False,100,100,1217,12,1229,,,796.29,1312,8,1320,0,0,1248.31
293f65131b3c066fc242,582,gemma-3-27b-reasoning,managed-prompt,subtitle,jp,nl,ありがとう,Dankjewel.,"{""c"":""Bedankt""}",Bedankt,True,1,0,True,True,False,True,,True,,,"{""reason"":""too_short_for_language_detection"",""detected"":null,""confidence"":null}",True,[],[],True,,"{""errors"":[]}",True,[],True,1,0,True,True,False,100,100,1209,7,1216,,,645.48,1289,8,1297,0,0,1276.15
b75a6babd4c36e761f66,583,gemma-3-27b-reasoning,managed-prompt,subtitle,jp,nl,したいが それには対価が要る,Dat zou ik graag willen. Maar er zit een prijskaartje aan.,"{""c"":""Ik wil het graag doen, maar daar heb ik een prijs voor nodig.""}","Ik wil het graag doen, maar daar heb ik een prijs voor nodig.",True,1,0,True,True,False,True,,True,,True,"{""reason"":""detector_match"",""detected"":""nl"",""confidence"":1.0}",True,[],[],True,,"{""errors"":[]}",True,[],True,1,0,True,True,False,100,100,1217,20,1237,,,735.59,1329,8,1337,0,0,1139.56
b8a9f9227c56e2f50194,584,gemma-3-27b-reasoning,managed-prompt,subtitle,jp,nl,いいえ、サー。,"Nee, meneer.","{""c"":""Nee, meneer.""}","Nee, meneer.",True,1,0,True,True,False,True,,True,,True,"{""reason"":""detector_match"",""detected"":""nl"",""confidence"":1.0}",True,[],[],True,,"{""errors"":[]}",True,[],True,1,0,True,True,False,100,100,1213,11,1224,,,753.59,1294,8,1302,0,0,1216.77
a9de2bfa4cbb4ce27fa0,585,gemma-3-27b-reasoning,managed-prompt,subtitle,jp,nl,さあどうぞ カウボーイ　プリンセス,"Hé, jongens. Pak maar.","{""c"":""さあどうぞ カウボーイ　プリンセス""}",さあどうぞ カウボーイ　プリンセス,True,1,0,True,True,False,True,,True,,False,"{""reason"":""unexpected_script"",""detected"":null,""confidence"":null}",True,[],"[{""code"":""source_copy_suspected""}]",True,,"{""errors"":[{""category"":""accuracy"",""severity"":""critical""}]}",False,"[{""category"":""accuracy"",""severity"":""critical""}]",True,1,0,True,True,False,57,57,1220,17,1237,,,664.39,1322,17,1339,0,0,1225.73
4604713df4e7b84a9fd9,586,gemma-3-27b-reasoning,managed-prompt,subtitle,jp,nl,- 私の家族は？,M'n familie?,"{""c"":""Mijn familie?""}",Mijn familie?,True,1,0,True,True,False,True,,True,,True,"{""reason"":""detector_match"",""detected"":""nl"",""confidence"":1.0}",True,[],[],True,,"{""errors"":[]}",True,[],True,1,0,True,True,False,100,100,1214,9,1223,,,1064.75,1291,8,1299,0,0,1166.08
596d4da1244f19246d48,587,gemma-3-27b-reasoning,managed-prompt,subtitle,jp,nl,それが塩や金や 油であろうとなかろうと,"Of het nou zout, goud of olie is.","{""c"":""Of het nu zout, goud of olie is""}","Of het nu zout, goud of olie is",True,1,0,True,True,False,True,,True,,True,"{""reason"":""detector_match"",""detected"":""nl"",""confidence"":1.0}",True,[],[],True,,"{""errors"":[]}",True,[],True,1,0,True,True,False,100,100,1219,16,1235,,,856.36,1316,8,1324,0,0,1212.98
03545a6c182834348177,588,gemma-3-27b-reasoning,managed-prompt,subtitle,jp,nl,- そうなの　わたし、ピューターが大好きなの,Daar ben ik gek op.,"{""c"":""Dat klopt, ik ben dol op tin.""}","Dat klopt, ik ben dol op tin.",True,1,0,True,True,False,True,,True,,,"{""reason"":""detector_mismatch_uncertain"",""detected"":""af"",""confidence"":1.0}",True,[],[],True,,"{""errors"":[{""category"":""accuracy"",""severity"":""critical""}]}",False,"[{""category"":""accuracy"",""severity"":""critical""}]",True,1,0,True,True,False,60,60,1221,15,1236,,,645.08,1314,17,1331,0,0,1338.49
d337f3cc9b490f3779b8,589,gemma-3-27b-reasoning,managed-prompt,subtitle,jp,nl,メイソン　今週はどうだった？,"Mason, hoe was je week?","{""c"":""メイソン, deze week ging het?""}","メイソン, deze week ging het?",True,1,0,True,True,False,True,,True,,False,"{""reason"":""unexpected_script"",""detected"":null,""confidence"":null}",True,[],[],True,,"{""errors"":[{""category"":""preservation"",""severity"":""major""},{""category"":""accuracy"",""severity"":""major""}]}",False,"[{""category"":""preservation"",""severity"":""major""},{""category"":""accuracy"",""severity"":""major""}]",True,1,0,True,True,False,70,70,1218,13,1231,,,1122.46,1304,26,1330,0,0,1259.75
6cce89ed800c61e859e5,590,gemma-3-27b-reasoning,managed-prompt,subtitle,jp,nb,父さんは殺ろされたんじゃない,"Min far ble ikke drept, han...","{""c"":""Faren min ble ikke drept.""}",Faren min ble ikke drept.,True,1,0,True,True,False,True,,True,,True,"{""reason"":""detector_match"",""detected"":""no"",""confidence"":1.0}",True,[],[],True,,"{""errors"":[]}",True,[],True,1,0,True,True,False,100,100,1214,12,1226,,,1045.15,1307,8,1315,0,0,1315.24
5691e2afa89930ab74c3,591,gemma-3-27b-reasoning,managed-prompt,subtitle,jp,nb,- いや,- Nei.,"{""c"":""nei""}",nei,True,1,0,True,True,False,True,,True,,,"{""reason"":""too_short_for_language_detection"",""detected"":null,""confidence"":null}",True,[],[],True,,"{""errors"":[{""category"":""preservation"",""severity"":""minor""}]}",True,"[{""category"":""preservation"",""severity"":""minor""}]",True,1,0,True,True,False,97,97,1210,6,1216,,,699.07,1281,17,1298,0,0,1285.84
a7abbad7620ebb2edc11,592,gemma-3-27b-reasoning,managed-prompt,subtitle,jp,nb,もう大丈夫,Det går bra nå.,"{""c"":""Jeg er OK nå.""}",Jeg er OK nå.,True,1,0,True,True,False,True,,True,,True,"{""reason"":""detector_match"",""detected"":""no"",""confidence"":1.0}",True,[],[],True,,"{""errors"":[]}",True,[],True,1,0,True,True,False,100,100,1210,10,1220,,,555.92,1293,8,1301,0,0,2524.81
a754930dfdc8e4e480a5,593,gemma-3-27b-reasoning,managed-prompt,subtitle,jp,nb,私のようにね 私はアルメニア人だ,Som meg Jeg er armener.,"{""c"":""Som meg, jeg er armener.""}","Som meg, jeg er armener.",True,1,0,True,True,False,True,,True,,True,"{""reason"":""detector_match"",""detected"":""no"",""confidence"":1.0}",True,[],[],True,,"{""errors"":[]}",True,[],True,1,0,True,True,False,100,100,1218,13,1231,,,746.97,1304,8,1312,0,0,1177.0
1534f5064983e7c55ac0,594,gemma-3-27b-reasoning,managed-prompt,subtitle,jp,nb,君の番号を聞いてない,-Kom igjen. Jeg fikk ikke nummeret ditt!,"{""c"":""Jeg har ikke spurt etter nummeret ditt""}",Jeg har ikke spurt etter nummeret ditt,True,1,0,True,True,False,True,,True,,True,"{""reason"":""detector_match"",""detected"":""no"",""confidence"":1.0}",True,[],[],True,,"{""errors"":[]}",True,[],True,1,0,True,True,False,100,100,1214,13,1227,,,565.68,1313,8,1321,0,0,1216.96
ba1b287665dc45ee36d8,595,gemma-3-27b-reasoning,managed-prompt,subtitle,jp,nb,準備は出来てる,Og jeg er klar for det.,"{""c"":""Klar for å gå""}",Klar for å gå,True,1,0,True,True,False,True,,True,,True,"{""reason"":""detector_match"",""detected"":""no"",""confidence"":1.0}",True,[],[],True,,"{""errors"":[]}",True,[],True,1,0,True,True,False,100,100,1212,10,1222,,,562.35,1296,8,1304,0,0,1120.35
5a385822cf5ee1f067be,596,gemma-3-27b-reasoning,managed-prompt,subtitle,jp,nb,続けろ,Stå på.,"{""c"":""Fortsett""}",Fortsett,True,1,0,True,True,False,True,,True,,True,"{""reason"":""detector_match"",""detected"":""no"",""confidence"":1.0}",True,[],[],True,,"{""errors"":[]}",True,[],True,1,0,True,True,False,100,100,1210,7,1217,,,573.21,1285,8,1293,0,0,1157.66
1e7da04c9d4f23c889fc,597,gemma-3-27b-reasoning,managed-prompt,subtitle,jp,nb,礼ならいいよ,Bare hyggelig.,"{""c"":""Hvis du er høflig, er det greit.""}","Hvis du er høflig, er det greit.",True,1,0,True,True,False,True,,True,,,"{""reason"":""detector_inconclusive"",""detected"":""da"",""confidence"":0.8571}",True,[],[],True,,"{""errors"":[{""category"":""accuracy"",""severity"":""major""}]}",False,"[{""category"":""accuracy"",""severity"":""major""}]",True,1,0,True,True,False,85,85,1212,17,1229,,,725.59,1299,17,1316,0,0,1523.35
55f9bb46c47742dfed5e,598,gemma-3-27b-reasoning,managed-prompt,subtitle,jp,nb,何も！,Ingenting!,"{""c"":""Ingenting!""}",Ingenting!,True,1,0,True,True,False,True,,True,,,"{""reason"":""detector_mismatch_uncertain"",""detected"":""tl"",""confidence"":1.0}",True,[],[],True,,"{""errors"":[]}",True,[],True,1,0,True,True,False,100,100,1210,8,1218,,,828.0,1283,8,1291,0,0,1152.79
d1a3e5617df43dddc3ae,599,gemma-3-27b-reasoning,managed-prompt,subtitle,jp,nb,全く予想しなかった 15年前の失敗と同じくらい... 君と共に働くのが 好きになった,"Jeg forutså ikke hvor vanskelig de siste 15 årene har vært for meg, hvor mye jeg ville komme til å elske å arbeide sammen med deg.","{""c"":""Helt uventet, like en feil for 15 år siden... Jeg har blitt glad i å jobbe med deg""}","Helt uventet, like en feil for 15 år siden... Jeg har blitt glad i å jobbe med deg",True,1,0,True,True,False,True,,True,,True,"{""reason"":""detector_match"",""detected"":""no"",""confidence"":1.0}",True,[],[],True,,"{""errors"":[{""category"":""accuracy"",""severity"":""major""}]}",False,"[{""category"":""accuracy"",""severity"":""major""}]",True,1,0,True,True,False,85,85,1228,32,1260,,,796.61,1381,17,1398,0,0,1192.01
7f505357e7bec1643460,600,gemma-3-27b-reasoning,managed-prompt,subtitle,nl,da,Heb je een rotdag?,Har du en dårlig dag?,"{""c"":""Har du en dårlig dag?""}",Har du en dårlig dag?,True,1,0,True,True,False,True,,True,,,"{""reason"":""detector_mismatch_uncertain"",""detected"":""sv"",""confidence"":0.9942}",True,[],[],True,,"{""errors"":[]}",True,[],True,1,0,True,True,False,100,100,1215,12,1227,,,683.74,1299,8,1307,0,0,3391.89
0c53b1f31b36269890c3,601,gemma-3-27b-reasoning,managed-prompt,subtitle,nl,da,- Sinds ik jou ken.,"- Ja, siden jeg mødte dig.","{""c"":""Siden jeg lærte dig at kende.""}",Siden jeg lærte dig at kende.,True,1,0,True,True,False,True,,True,,True,"{""reason"":""detector_match"",""detected"":""da"",""confidence"":1.0}",True,[],[],True,,"{""errors"":[]}",True,[],True,1,0,True,True,False,100,100,1215,16,1231,,,594.39,1301,8,1309,0,0,1307.04
7b1a5e287559a5153ddf,602,gemma-3-27b-reasoning,managed-prompt,subtitle,nl,da,- Hemeltje. Haak. - Haak?,Klo.,"{""c"":""Hemeltje. Krog. - Krog?""}",Hemeltje. Krog. - Krog?,True,1,0,True,True,False,True,,True,,,"{""reason"":""detector_inconclusive"",""detected"":""no"",""confidence"":0.6259}",True,[],[],True,,"{""errors"":[]}",True,[],True,1,0,True,True,False,100,100,1220,16,1236,,,670.83,1306,8,1314,0,0,1281.69
3e16f6f3aa3044661920,603,gemma-3-27b-reasoning,managed-prompt,subtitle,nl,da,Ik wilde niet dat er iemand gearresteerd werd.,Jeg... ville ikke have nogen arresteret.,"{""c"":""Jeg ville ikke have nogen anholdt.""}",Jeg ville ikke have nogen anholdt.,True,1,0,True,True,False,True,,True,,True,"{""reason"":""detector_match"",""detected"":""da"",""confidence"":1.0}",True,[],[],True,,"{""errors"":[]}",True,[],True,1,0,True,True,False,100,100,1219,14,1233,,,690.67,1309,8,1317,0,0,1295.91
61ae525d2e70941f9eb4,604,gemma-3-27b-reasoning,managed-prompt,subtitle,nl,da,Helemaal niet slecht.,Ikke dårligt.,"{""c"":""Slet ikke dårligt.""}",Slet ikke dårligt.,True,1,0,True,True,False,True,,True,,True,"{""reason"":""detector_match"",""detected"":""da"",""confidence"":1.0}",True,[],[],True,,"{""errors"":[]}",True,[],True,1,0,True,True,False,100,100,1214,12,1226,,,565.53,1293,8,1301,0,0,1306.95
c8a67e5f3e7e54c7ffef,605,gemma-3-27b-reasoning,managed-prompt,subtitle,nl,da,Daar komt Grey.,Grey kommer!,"{""c"":""Her kommer Grey.""}",Her kommer Grey.,True,1,0,True,True,False,True,,True,,True,"{""reason"":""detector_match"",""detected"":""da"",""confidence"":1.0}",True,[],[],True,,"{""errors"":[]}",True,[],True,1,0,True,True,False,100,100,1213,9,1222,,,796.24,1283,8,1291,0,0,1294.71
e8313d2cffe8557fe148,606,gemma-3-27b-reasoning,managed-prompt,subtitle,nl,da,Een condoom?,Et kondom?,"{""c"":""En kondom?""}",En kondom?,True,1,0,True,True,False,True,,True,,,"{""reason"":""detector_mismatch_uncertain"",""detected"":""no"",""confidence"":1.0}",True,[],[],True,,"{""errors"":[{""category"":""fluency"",""severity"":""major""}]}",False,"[{""category"":""fluency"",""severity"":""major""}]",True,1,0,True,True,False,85,85,1212,9,1221,,,855.4,1285,18,1303,0,0,1253.69
06602e2c8154f4527043,607,gemma-3-27b-reasoning,managed-prompt,subtitle,nl,da,Dr Stella.,- Dr. Stella.,"{""c"":""Dr. Stella.""}",Dr. Stella.,True,1,0,True,True,False,True,,True,,,"{""reason"":""detector_inconclusive"",""detected"":""it"",""confidence"":0.5714}",True,[],[],True,,"{""errors"":[]}",True,[],True,1,0,True,True,False,100,100,1211,9,1220,,,590.92,1286,8,1294,0,0,1269.74
cc22c0ff2b38b6e8242a,608,gemma-3-27b-reasoning,managed-prompt,subtitle,nl,da,Ik heb een lang weekend tegoed.,Jeg har en lang weekend til gode.,"{""c"":""Jeg har en lang weekend til gode.""}",Jeg har en lang weekend til gode.,True,1,0,True,True,False,True,,True,,,"{""reason"":""detector_inconclusive"",""detected"":""af"",""confidence"":0.8571}",True,[],[],True,,"{""errors"":[]}",True,[],True,1,0,True,True,False,100,100,1216,13,1229,,,822.44,1302,8,1310,0,0,1617.36
de5e242b10de9b161edd,609,gemma-3-27b-reasoning,managed-prompt,subtitle,nl,da,Dat zijn de regels.,Sådan er reglernes.,"{""c"":""Det er reglerne.""}",Det er reglerne.,True,1,0,True,True,False,True,,True,,True,"{""reason"":""detector_match"",""detected"":""da"",""confidence"":1.0}",True,[],[],True,,"{""errors"":[]}",True,[],True,1,0,True,True,False,100,100,1214,10,1224,,,598.54,1292,8,1300,0,0,1117.69
86b4829ffffee0e3e4dd,610,gemma-3-27b-reasoning,managed-prompt,subtitle,nl,de,"Dat je het koud hebt, en rillerig bent.",Uns wird kalt und wir frösteln.,"{""c"":""Wenn du frierst und zitterst.""}",Wenn du frierst und zitterst.,True,1,0,True,True,False,True,,True,,True,"{""reason"":""detector_match"",""detected"":""de"",""confidence"":1.0}",True,[],[],True,,"{""errors"":[]}",True,[],True,1,0,True,True,False,100,100,1221,14,1235,,,756.81,1310,8,1318,0,0,1184.57
c674e078e640e9c0e4e8,611,gemma-3-27b-reasoning,managed-prompt,subtitle,nl,de,Mijn vader laat me constant bewaken.,Mein Vater hält mich unter ständiger Beobachtung.,"{""c"":""Mein Vater lässt mich ständig bewachen.""}",Mein Vater lässt mich ständig bewachen.,True,1,0,True,True,False,True,,True,,True,"{""reason"":""detector_match"",""detected"":""de"",""confidence"":1.0}",True,[],[],True,,"{""errors"":[]}",True,[],True,1,0,True,True,False,100,100,1217,13,1230,,,635.01,1319,8,1327,0,0,1184.49
3b20026157e8125a829b,612,gemma-3-27b-reasoning,managed-prompt,subtitle,nl,de,"Dit klinkt vast een beetje... of heel erg vreemd, maar we zijn je broers.",Es wird dir vielleicht ein wenig... Vielleicht sogar sehr verrückt vorkommen. Aber wir sind deine Brüder.,"{""c"":""Das klingt vielleicht... oder sehr seltsam, aber wir sind deine Brüder.""}","Das klingt vielleicht... oder sehr seltsam, aber wir sind deine Brüder.",True,1,0,True,True,False,True,,True,,True,"{""reason"":""detector_match"",""detected"":""de"",""confidence"":1.0}",True,[],[],True,,"{""errors"":[]}",True,[],True,1,0,True,True,False,100,100,1229,22,1251,,,821.87,1360,8,1368,0,0,1161.24
2cbe2a927ea86f75b0ac,613,gemma-3-27b-reasoning,managed-prompt,subtitle,nl,de,- Anderhalf.,-Anderthalb.,"{""c"":""Anderhalb.""}",Anderhalb.,True,1,0,True,True,False,True,,True,,True,"{""reason"":""detector_match"",""detected"":""de"",""confidence"":1.0}",True,[],[],True,,"{""errors"":[{""category"":""accuracy"",""severity"":""minor""},{""category"":""preservation"",""severity"":""minor""}]}",True,"[{""category"":""accuracy"",""severity"":""minor""},{""category"":""preservation"",""severity"":""minor""}]",True,1,0,True,True,False,94,94,1212,9,1221,,,713.6,1286,26,1312,0,0,1305.96
6b37ed0edbb404b1fcdc,614,gemma-3-27b-reasoning,managed-prompt,subtitle,nl,de,"- Wacht, ik heb hulp nodig.",Ich brauche... - Ich brauche eure Hilfe.,"{""c"":""Warte, ich brauche Hilfe.""}","Warte, ich brauche Hilfe.",True,1,0,True,True,False,True,,True,,True,"{""reason"":""detector_match"",""detected"":""de"",""confidence"":1.0}",True,[],[],True,,"{""errors"":[]}",True,[],True,1,0,True,True,False,100,100,1217,13,1230,,,1000.8,1315,8,1323,0,0,1149.06
b6a46b118ebca28968c8,615,gemma-3-27b-reasoning,managed-prompt,subtitle,nl,de,Einstein is twee keer van school weggestuurd.,Einstein flog auch zweimal von der Schule.,"{""c"":""Einstein wurde zweimal von der Schule verwiesen.""}",Einstein wurde zweimal von der Schule verwiesen.,True,1,0,True,True,False,True,,True,,True,"{""reason"":""detector_match"",""detected"":""de"",""confidence"":1.0}",True,[],[],True,,"{""errors"":[]}",True,[],True,1,0,True,True,False,100,100,1220,14,1234,,,579.87,1308,8,1316,0,0,1152.98
31fb1bf7872c959ab141,616,gemma-3-27b-reasoning,managed-prompt,subtitle,nl,de,Geef me de zaklamp.,Die Taschenlampe.,"{""c"":""Gib mir die Taschenlampe.""}",Gib mir die Taschenlampe.,True,1,0,True,True,False,True,,True,,True,"{""reason"":""detector_match"",""detected"":""de"",""confidence"":1.0}",True,[],[],True,,"{""errors"":[]}",True,[],True,1,0,True,True,False,100,100,1215,12,1227,,,606.08,1300,8,1308,0,0,1222.46
00e9d87eb248af4d0862,617,gemma-3-27b-reasoning,managed-prompt,subtitle,nl,de,Jij bent in staat tot medeleven... en vriendelijkheid en vrijgevigheid.,"Du bist imstande, sympathisch, freundlich und großzügig zu sein.","{""c"":""Du bist fähig zu Mitgefühl... und Freundlichkeit und Großzügigkeit.""}",Du bist fähig zu Mitgefühl... und Freundlichkeit und Großzügigkeit.,True,1,0,True,True,False,True,,True,,True,"{""reason"":""detector_match"",""detected"":""de"",""confidence"":1.0}",True,[],[],True,,"{""errors"":[]}",True,[],True,1,0,True,True,False,100,100,1226,23,1249,,,2391.42,1341,8,1349,0,0,1070.72
493bd70e43ca5f615578,618,gemma-3-27b-reasoning,managed-prompt,subtitle,nl,de,Veel mensen kwamen naar me toe en vroegen:,Viele Leute haben mich gefragt:,"{""c"":""Viele Leute kamen auf mich zu und fragten: ""}",Viele Leute kamen auf mich zu und fragten: ,True,1,0,True,True,False,True,,True,,True,"{""reason"":""detector_match"",""detected"":""de"",""confidence"":1.0}",True,[],[],True,,"{""errors"":[]}",True,[],True,1,0,True,True,False,100,100,1220,15,1235,,,926.8,1313,8,1321,0,0,1197.85
eb148d1616640118e581,619,gemma-3-27b-reasoning,managed-prompt,subtitle,nl,de,- Waarom niet?,- Nein. - Warum nicht?,"{""c"":""Warum nicht?""}",Warum nicht?,True,1,0,True,True,False,True,,True,,True,"{""reason"":""detector_match"",""detected"":""de"",""confidence"":1.0}",True,[],[],True,,"{""errors"":[{""category"":""preservation"",""severity"":""major""}]}",False,"[{""category"":""preservation"",""severity"":""major""}]",True,1,0,True,True,False,85,85,1213,8,1221,,,634.85,1295,17,1312,0,0,1182.21
38a1dac227bd3c49b884,620,gemma-3-27b-reasoning,managed-prompt,subtitle,nl,en,Misschien omdat ze allemaal dood zijn!,- Maybe they're not because they're all dead!,"{""c"":""Maybe because they are all dead!""}",Maybe because they are all dead!,True,1,0,True,True,False,True,,True,,True,"{""reason"":""detector_match"",""detected"":""en"",""confidence"":1.0}",True,[],[],True,,"{""errors"":[]}",True,[],True,1,0,True,True,False,100,100,1216,12,1228,,,595.32,1301,8,1309,0,0,1227.94
ae90f260faf6df0ce24f,621,gemma-3-27b-reasoning,managed-prompt,subtitle,nl,en,"Heeft u de ratten gezien, of heeft u ze horen krabben?",Have you seen the rats or have you just heard scratching?,"{""c"":""Have you seen the rats, or heard them scratching?""}","Have you seen the rats, or heard them scratching?",True,1,0,True,True,False,True,,True,,True,"{""reason"":""detector_match"",""detected"":""en"",""confidence"":1.0}",True,[],[],True,,"{""errors"":[]}",True,[],True,1,0,True,True,False,100,100,1227,16,1243,,,646.86,1317,8,1325,0,0,1156.89
461581f47ac6d79e97dd,622,gemma-3-27b-reasoning,managed-prompt,subtitle,nl,en,"Genetische manipulatie, maar hoe?","Genetic manipulation, obviously, but what kind?","{""c"":""Genetic manipulation, but how?""}","Genetic manipulation, but how?",True,1,0,True,True,False,True,,True,,True,"{""reason"":""detector_match"",""detected"":""en"",""confidence"":1.0}",True,[],[],True,,"{""errors"":[]}",True,[],True,1,0,True,True,False,100,100,1217,11,1228,,,584.87,1301,8,1309,0,0,1183.97
cc0782bdf31b7606f1a8,623,gemma-3-27b-reasoning,managed-prompt,subtitle,nl,en,Vond u het erg dat hij populairder was?,Didn't it bother you that he was more popular?,"{""c"":""Did it bother you that he was more popular?""}",Did it bother you that he was more popular?,True,1,0,True,True,False,True,,True,,True,"{""reason"":""detector_match"",""detected"":""en"",""confidence"":1.0}",True,[],[],True,,"{""errors"":[]}",True,[],True,1,0,True,True,False,100,100,1220,15,1235,,,999.84,1311,8,1319,0,0,2802.92
f65a2615ef2fe32a38af,624,gemma-3-27b-reasoning,managed-prompt,subtitle,nl,en,Die man vroeg mij om vreselijke dingen te doen.,This man asked me to do terrible things.,"{""c"":""He asked me to do terrible things.""}",He asked me to do terrible things.,True,1,0,True,True,False,True,,True,,True,"{""reason"":""detector_match"",""detected"":""en"",""confidence"":1.0}",True,[],[],True,,"{""errors"":[]}",True,[],True,1,0,True,True,False,100,100,1220,13,1233,,,1119.06,1304,8,1312,0,0,1245.83
e4eb9ea43f9f01434b45,625,gemma-3-27b-reasoning,managed-prompt,subtitle,nl,en,Laat me je eens bekijken!,Just let me get a look at you!,"{""c"":""Let me take a look at you!""}",Let me take a look at you!,True,1,0,True,True,False,True,,True,,,"{""reason"":""detector_inconclusive"",""detected"":""af"",""confidence"":0.7143}",True,[],[],True,,"{""errors"":[]}",True,[],True,1,0,True,True,False,100,100,1216,13,1229,,,656.1,1299,8,1307,0,0,1235.57
4681df2d2913bdb7cdb3,626,gemma-3-27b-reasoning,managed-prompt,subtitle,nl,en,"O Jesus, Sam.","Jesus, Sam.","{""c"":""O Jesus, Sam.""}","O Jesus, Sam.",True,1,0,True,True,False,True,,True,,,"{""reason"":""detector_inconclusive"",""detected"":""pt"",""confidence"":0.8571}",True,[],"[{""code"":""source_copy_suspected""}]",True,,"{""errors"":[]}",True,[],True,1,0,True,True,False,97,97,1213,10,1223,,,651.38,1285,8,1293,0,0,1068.63
15e756e0442debb2e085,627,gemma-3-27b-reasoning,managed-prompt,subtitle,nl,en,De boom is te zwaar.,The tree's too heavy.,"{""c"":""The tree is too heavy.""}",The tree is too heavy.,True,1,0,True,True,False,True,,True,,True,"{""reason"":""detector_match"",""detected"":""en"",""confidence"":1.0}",True,[],[],True,,"{""errors"":[]}",True,[],True,1,0,True,True,False,100,100,1215,11,1226,,,591.71,1290,8,1298,0,0,1148.77
18aca7e3337619b14d71,628,gemma-3-27b-reasoning,managed-prompt,subtitle,nl,en,"Mama, stop.","Mama, stop.","{""c"":""Mama, stop.""}","Mama, stop.",True,1,0,True,True,False,True,,True,,,"{""reason"":""detector_inconclusive"",""detected"":""hr"",""confidence"":0.8571}",True,[],[],True,,"{""errors"":[]}",True,[],True,1,0,True,True,False,100,100,1212,9,1221,,,483.65,1286,8,1294,0,0,1185.92
00602cb9f51176fb2c77,629,gemma-3-27b-reasoning,managed-prompt,subtitle,nl,en,Grace is echt van streek omdat ze dit stadsfoto projekt niet kan doen.,"Aw, Grace is pretty upset about not being able to do this town photo.","{""c"":""Grace is really upset that she can't do this City Walk project.""}",Grace is really upset that she can't do this City Walk project.,True,1,0,True,True,False,True,,True,,True,"{""reason"":""detector_match"",""detected"":""en"",""confidence"":1.0}",True,[],[],True,,"{""errors"":[{""category"":""terminology"",""severity"":""minor""}]}",True,"[{""category"":""terminology"",""severity"":""minor""}]",True,1,0,True,True,False,97,97,1225,20,1245,,,663.89,1322,17,1339,0,0,1243.05
3ede8d88894a5d24e30d,630,gemma-3-27b-reasoning,managed-prompt,subtitle,nl,es,Wilt u dat ik ermee ophoud?,- ¿Quiere que pare?,"{""c"":""¿Quieres que pare?""}",¿Quieres que pare?,True,1,0,True,True,False,True,,True,,,"{""reason"":""detector_mismatch_uncertain"",""detected"":""fr"",""confidence"":1.0}",True,[],[],True,,"{""errors"":[{""category"":""tone"",""severity"":""minor""}]}",True,"[{""category"":""tone"",""severity"":""minor""}]",True,1,0,True,True,False,97,97,1218,10,1228,,,804.15,1304,17,1321,0,0,1234.09
ea9ae58467cae62abeef,631,gemma-3-27b-reasoning,managed-prompt,subtitle,nl,es,Hoe was de film van gisteren?,¿Qué tal la película de anoche?,"{""c"":""¿Cómo estuvo la película de ayer?""}",¿Cómo estuvo la película de ayer?,True,1,0,True,True,False,True,,True,,True,"{""reason"":""detector_match"",""detected"":""es"",""confidence"":1.0}",True,[],[],True,,"{""errors"":[]}",True,[],True,1,0,True,True,False,100,100,1216,13,1229,,,852.92,1311,8,1319,0,0,1265.26
200ab8405ca53fe7bc01,632,gemma-3-27b-reasoning,managed-prompt,subtitle,nl,es,Gundars. Mr.,Sr. Gundars. ¿Ves?,"{""c"":""Gundars. Sr.""}",Gundars. Sr.,True,1,0,True,True,False,True,,True,,,"{""reason"":""detector_mismatch_uncertain"",""detected"":""sv"",""confidence"":1.0}",True,[],[],True,,"{""errors"":[]}",True,[],True,1,0,True,True,False,100,100,1214,11,1225,,,699.22,1299,8,1307,0,0,1253.71
fa0709e0594b1a090bd5,633,gemma-3-27b-reasoning,managed-prompt,subtitle,nl,es,"Alstublieft, iedereen... Vandaag vieren we de aankomst van El Murfi in de Stad van de Zero's.","Por favor, todos vosotros, hoy celebramos la llegada de El Murfi a la ciudad de los zeros.","{""c"":""Por favor, todos... Hoy celebramos la llegada de El Murfi a la Ciudad de los Ceros.""}","Por favor, todos... Hoy celebramos la llegada de El Murfi a la Ciudad de los Ceros.",True,1,0,True,True,False,True,,True,,True,"{""reason"":""detector_match"",""detected"":""es"",""confidence"":1.0}",True,[],[],True,,"{""errors"":[]}",True,[],True,1,0,True,True,False,100,100,1237,27,1264,,,807.07,1364,8,1372,0,0,1092.04
18eed7fedf28b36d93ff,634,gemma-3-27b-reasoning,managed-prompt,subtitle,nl,es,Je loopt een gevaarlijk pad af en je trekt mij met je mee.,Estás yendo por un camino peligroso y me estás arrastrando contigo.,"{""c"":""Estás tomando un camino peligroso y me arrastras contigo.""}",Estás tomando un camino peligroso y me arrastras contigo.,True,1,0,True,True,False,True,,True,,True,"{""reason"":""detector_match"",""detected"":""es"",""confidence"":1.0}",True,[],[],True,,"{""errors"":[]}",True,[],True,1,0,True,True,False,100,100,1225,19,1244,,,968.84,1334,8,1342,0,0,1127.43
35189bf1d73a987f3d46,635,gemma-3-27b-reasoning,managed-prompt,subtitle,nl,es,Vergeet dit alles hier.,Olvida todo esto.,"{""c"":""Olvídate de todo esto aquí.""}",Olvídate de todo esto aquí.,True,1,0,True,True,False,True,,True,,,"{""reason"":""detector_mismatch_uncertain"",""detected"":""pt"",""confidence"":1.0}",True,[],[],True,,"{""errors"":[]}",True,[],True,1,0,True,True,False,100,100,1215,13,1228,,,572.39,1297,8,1305,0,0,1268.75
ccb4e79e8ac69a75f143,636,gemma-3-27b-reasoning,managed-prompt,subtitle,nl,es,"Ik houd ook van jou, Lois.","Yo también te quiero, Lois.","{""c"":""Yo también te quiero, Lois.""}","Yo también te quiero, Lois.",True,1,0,True,True,False,True,,True,,True,"{""reason"":""detector_match"",""detected"":""es"",""confidence"":1.0}",True,[],[],True,,"{""errors"":[]}",True,[],True,1,0,True,True,False,100,100,1216,12,1228,,,584.45,1307,8,1315,0,0,1218.28
4e3d57b1847a6c9b57cd,637,gemma-3-27b-reasoning,managed-prompt,subtitle,nl,es,"Nee, het was iemand anders.","No. No, se trataba de otro tipo.","{""c"":""No, fue otra persona.""}","No, fue otra persona.",True,1,0,True,True,False,True,,True,,True,"{""reason"":""detector_match"",""detected"":""es"",""confidence"":1.0}",True,[],[],True,,"{""errors"":[]}",True,[],True,1,0,True,True,False,100,100,1216,11,1227,,,809.14,1299,8,1307,0,0,1284.49
2546751ea984b8eb2c6b,638,gemma-3-27b-reasoning,managed-prompt,subtitle,nl,es,Dat is het goede aan hertenvlees.,Eso es lo bueno de la carne de ciervo.,"{""c"":""Eso es lo bueno del venado.""}",Eso es lo bueno del venado.,True,1,0,True,True,False,True,,True,,True,"{""reason"":""detector_match"",""detected"":""es"",""confidence"":1.0}",True,[],[],True,,"{""errors"":[]}",True,[],True,1,0,True,True,False,100,100,1217,13,1230,,,1683.62,1310,8,1318,0,0,2371.12
8286eceab5342daae995,639,gemma-3-27b-reasoning,managed-prompt,subtitle,nl,es,"Die vorige generaal was al een vreselijke viespeuk, maar Ban Sung is erger.","Ya era difícil hacer negocios con el baboso del viejo general, pero Ban Sung es todavía peor.","{""c"":""El general anterior ya era un repugnante y sucio bribón, pero Ban Sung es peor.""}","El general anterior ya era un repugnante y sucio bribón, pero Ban Sung es peor.",True,1,0,True,True,False,True,,True,,True,"{""reason"":""detector_match"",""detected"":""es"",""confidence"":1.0}",True,[],[],True,,"{""errors"":[]}",True,[],True,1,0,True,True,False,100,100,1229,25,1254,,,743.46,1349,8,1357,0,0,1164.04
38cff194062934574ecf,640,gemma-3-27b-reasoning,managed-prompt,subtitle,nl,fr,Ik herinner me dat je moeder je moest slaan voor je een jurk aantrok.,Salut... Dire que ta mère te battait pour que tu mettes une robe.,"{""c"":""Je me souviens que ta mère devait te gifler pour que tu mettes une robe.""}",Je me souviens que ta mère devait te gifler pour que tu mettes une robe.,True,1,0,True,True,False,True,,True,,True,"{""reason"":""detector_match"",""detected"":""fr"",""confidence"":1.0}",True,[],[],True,,"{""errors"":[]}",True,[],True,1,0,True,True,False,100,100,1227,25,1252,,,876.17,1340,8,1348,0,0,1194.11
9fcc34621cf43b6d0753,641,gemma-3-27b-reasoning,managed-prompt,subtitle,nl,fr,Kun jij dat ook zeggen?,Pouvez-vous en dire de même ?,"{""c"":""Peux-tu dire ça aussi?""}",Peux-tu dire ça aussi?,True,1,0,True,True,False,True,,True,,True,"{""reason"":""detector_match"",""detected"":""fr"",""confidence"":1.0}",True,[],[],True,,"{""errors"":[]}",True,[],True,1,0,True,True,False,100,100,1214,13,1227,,,631.92,1305,8,1313,0,0,1246.15
510ad29ba48e68a2df31,642,gemma-3-27b-reasoning,managed-prompt,subtitle,nl,fr,- IJs met een cliënt?,- De la glace avec un client?,"{""c"":""Glace avec un client?""}",Glace avec un client?,True,1,0,True,True,False,True,,True,,True,"{""reason"":""detector_match"",""detected"":""fr"",""confidence"":1.0}",True,[],[],True,,"{""errors"":[]}",True,[],True,1,0,True,True,False,100,100,1216,11,1227,,,632.34,1299,8,1307,0,0,1131.07
f87279e8a70bb9178406,643,gemma-3-27b-reasoning,managed-prompt,subtitle,nl,fr,Ze kan Davina vinden voordat die man haar kwaad doet.,Elle trouvera Davina avant que cet homme abuse d'elle.,"{""c"":""Elle peut trouver Davina avant que cet homme ne lui fasse du mal.""}",Elle peut trouver Davina avant que cet homme ne lui fasse du mal.,True,1,0,True,True,False,True,,True,,True,"{""reason"":""detector_match"",""detected"":""fr"",""confidence"":1.0}",True,[],[],True,,"{""errors"":[]}",True,[],True,1,0,True,True,False,100,100,1221,20,1241,,,691.27,1326,8,1334,0,0,1136.49
6420c34d0c6b84db53e9,644,gemma-3-27b-reasoning,managed-prompt,subtitle,nl,fr,Ik ken je van een foto.,Je t'ai reconnu d'après une photo.,"{""c"":""Je te reconnais d'une photo.""}",Je te reconnais d'une photo.,True,1,0,True,True,False,True,,True,,True,"{""reason"":""detector_match"",""detected"":""fr"",""confidence"":1.0}",True,[],[],True,,"{""errors"":[]}",True,[],True,1,0,True,True,False,100,100,1215,14,1229,,,769.53,1301,8,1309,0,0,1080.53
561209c196b02255f6e7,645,gemma-3-27b-reasoning,managed-prompt,subtitle,nl,fr,We maken toch geen van beiden kans bij Jackie.,"D'ailleurs, Jackie ne veut pas de nous.","{""c"":""Nous n'avons aucun des deux de chances avec Jackie.""}",Nous n'avons aucun des deux de chances avec Jackie.,True,1,0,True,True,False,True,,True,,True,"{""reason"":""detector_match"",""detected"":""fr"",""confidence"":1.0}",True,[],[],True,,"{""errors"":[{""category"":""fluency"",""severity"":""major""}]}",False,"[{""category"":""fluency"",""severity"":""major""}]",True,1,0,True,True,False,85,85,1218,17,1235,,,633.71,1311,18,1329,0,0,2132.64
4969e0845016e9000c42,646,gemma-3-27b-reasoning,managed-prompt,subtitle,nl,fr,Ja.,Oui.,"{""c"":""Oui.""}",Oui.,True,1,0,True,True,False,True,,True,,,"{""reason"":""too_short_for_language_detection"",""detected"":null,""confidence"":null}",True,[],[],True,,"{""errors"":[]}",True,[],True,1,0,True,True,False,100,100,1210,7,1217,,,658.39,1282,8,1290,0,0,1200.92
d0c0f948cef77ff07f78,647,gemma-3-27b-reasoning,managed-prompt,subtitle,nl,fr,"Denk niet dat jij meer van romantiek weet dan ik. Handje vasthouden, elkaar voeren en afvegen is ook maar gelul.",N'imaginez pas que vous êtes un as de la romance en vous tripotant les mains et en vous donnant la becquée.,"{""c"":""Ne pense pas que tu en saches plus sur le romantisme que moi. Se tenir la main, se nourrir l'un l'autre et s'essuyer est aussi n'importe quoi.""}","Ne pense pas que tu en saches plus sur le romantisme que moi. Se tenir la main, se nourrir l'un l'autre et s'essuyer est aussi n'importe quoi.",True,1,0,True,True,False,True,,True,,True,"{""reason"":""detector_match"",""detected"":""fr"",""confidence"":1.0}",True,[],[],True,,"{""errors"":[{""category"":""accuracy"",""severity"":""major""},{""category"":""tone"",""severity"":""major""}]}",False,"[{""category"":""accuracy"",""severity"":""major""},{""category"":""tone"",""severity"":""major""}]",True,1,0,True,True,False,70,70,1240,47,1287,,,1094.53,1388,26,1414,0,0,1320.27
868e6b3e53e1ddcae1e2,648,gemma-3-27b-reasoning,managed-prompt,subtitle,nl,fr,Ja.,Oui.,"{""c"":""Oui.""}",Oui.,True,1,0,True,True,False,True,,True,,,"{""reason"":""too_short_for_language_detection"",""detected"":null,""confidence"":null}",True,[],[],True,,"{""errors"":[]}",True,[],True,1,0,True,True,False,100,100,1210,7,1217,,,656.59,1282,8,1290,0,0,1077.46
444a8e4bf9edcf7f4c4b,649,gemma-3-27b-reasoning,managed-prompt,subtitle,nl,fr,"Wij, Seymour, hebben geen probleem met hem.","- Nous, Seymour, on n'a rien contre lui.","{""c"":""Nous, Seymour, n'avons aucun problème avec lui.""}","Nous, Seymour, n'avons aucun problème avec lui.",True,1,0,True,True,False,True,,True,,True,"{""reason"":""detector_match"",""detected"":""fr"",""confidence"":1.0}",True,[],[],True,,"{""errors"":[]}",True,[],True,1,0,True,True,False,100,100,1218,17,1235,,,821.31,1325,8,1333,0,0,1131.76
dd2d8f420cacd75008b0,650,gemma-3-27b-reasoning,managed-prompt,subtitle,nl,it,"Bedankt, meneer.","Grazie, signore.","{""c"":""Grazie, signore.""}","Grazie, signore.",True,1,0,True,True,False,True,,True,,True,"{""reason"":""detector_match"",""detected"":""it"",""confidence"":1.0}",True,[],[],True,,"{""errors"":[]}",True,[],True,1,0,True,True,False,100,100,1214,10,1224,,,920.94,1293,8,1301,0,0,2520.86
bb307c17dbd7855c50f9,651,gemma-3-27b-reasoning,managed-prompt,subtitle,nl,it,- Ik kan alles horen wat jullie zeggen.,- Guardate che sento tutto.,"{""c"":""Posso sentire tutto quello che dici.""}",Posso sentire tutto quello che dici.,True,1,0,True,True,False,True,,True,,True,"{""reason"":""detector_match"",""detected"":""it"",""confidence"":1.0}",True,[],[],True,,"{""errors"":[{""category"":""accuracy"",""severity"":""major""}]}",False,"[{""category"":""accuracy"",""severity"":""major""}]",True,1,0,True,True,False,85,85,1218,13,1231,,,621.02,1307,17,1324,0,0,1230.94
a3f6276c8dc702e6fc33,652,gemma-3-27b-reasoning,managed-prompt,subtitle,nl,it,Ga gewoon zitten.,Siediti.,"{""c"":""Semplicemente siediti.""}",Semplicemente siediti.,True,1,0,True,True,False,True,,True,,True,"{""reason"":""detector_match"",""detected"":""it"",""confidence"":1.0}",True,[],[],True,,"{""errors"":[]}",True,[],True,1,0,True,True,False,100,100,1212,11,1223,,,887.61,1289,8,1297,0,0,1181.85
c4929bae6cffaef706f6,653,gemma-3-27b-reasoning,managed-prompt,subtitle,nl,it,Had hij werknemers?,Aveva dei dipendenti?,"{""c"":""Aveva dipendenti?""}",Aveva dipendenti?,True,1,0,True,True,False,True,,True,,True,"{""reason"":""detector_match"",""detected"":""it"",""confidence"":1.0}",True,[],[],True,,"{""errors"":[]}",True,[],True,1,0,True,True,False,100,100,1214,10,1224,,,569.2,1292,8,1300,0,0,1202.28
67779427d19f4a9300d7,654,gemma-3-27b-reasoning,managed-prompt,subtitle,nl,it,"- Geen punt, Harold.","Lascia stare, Harold.","{""c"":""Niente punto, Harold.""}","Niente punto, Harold.",True,1,0,True,True,False,True,,True,,,"{""reason"":""detector_inconclusive"",""detected"":""it"",""confidence"":0.5714}",True,[],[],True,,"{""errors"":[{""category"":""accuracy"",""severity"":""major""}]}",False,"[{""category"":""accuracy"",""severity"":""major""}]",True,1,0,True,True,False,85,85,1215,11,1226,,,537.67,1293,17,1310,0,0,1214.99
5f146afbaf428c60fb4f,655,gemma-3-27b-reasoning,managed-prompt,subtitle,nl,it,"Oké, we vertrekken. Wanneer ik het zeg, oké?","Gente, ora partiamo perché l'ho detto io, va bene?","{""c"":""Oké, we vertrekken. Wanneer ik het zeg, oké?""}","Oké, we vertrekken. Wanneer ik het zeg, oké?",True,1,0,True,True,False,True,,True,,,"{""reason"":""detector_inconclusive"",""detected"":""nl"",""confidence"":0.5714}",False,"[{""code"":""source_copied""}]",[],True,,"{""errors"":[{""category"":""accuracy"",""severity"":""critical""}]}",False,"[{""category"":""accuracy"",""severity"":""critical""}]",True,1,0,True,True,False,60,60,1223,20,1243,,,1079.43,1336,17,1353,0,0,1184.21
4465ae02cd9763f9e118,656,gemma-3-27b-reasoning,managed-prompt,subtitle,nl,it,-Dank je.,- Grazie.,"{""c"":""Grazie.""}",Grazie.,True,1,0,True,True,False,True,,True,,,"{""reason"":""too_short_for_language_detection"",""detected"":null,""confidence"":null}",True,[],[],True,,"{""errors"":[]}",True,[],True,1,0,True,True,False,100,100,1213,7,1220,,,519.47,1285,8,1293,0,0,1044.64
f804b396d9ac36c1fd6a,657,gemma-3-27b-reasoning,managed-prompt,subtitle,nl,it,Misschien kunnen we beter een andere keer komen.,Magari... torneremo un'altra volta.,"{""c"":""Forse possiamo venire un'altra volta.""}",Forse possiamo venire un'altra volta.,True,1,0,True,True,False,True,,True,,True,"{""reason"":""detector_match"",""detected"":""it"",""confidence"":1.0}",True,[],[],True,,"{""errors"":[]}",True,[],True,1,0,True,True,False,100,100,1218,14,1232,,,590.8,1310,8,1318,0,0,1243.99
e463571ffca4e72f3eb5,658,gemma-3-27b-reasoning,managed-prompt,subtitle,nl,it,Er is nieuw bewijs.,Ci sono nuove prove.,"{""c"":""Ci sono nuove prove.""}",Ci sono nuove prove.,True,1,0,True,True,False,True,,True,,True,"{""reason"":""detector_match"",""detected"":""it"",""confidence"":1.0}",True,[],[],True,,"{""errors"":[]}",True,[],True,1,0,True,True,False,100,100,1214,10,1224,,,1332.96,1292,8,1300,0,0,1151.93
e151d339a3f0ed5b21a7,659,gemma-3-27b-reasoning,managed-prompt,subtitle,nl,it,Er bestaat geen twijfel.,Non c'è alcun dubbio.,"{""c"":""Non c'è dubbio.""}",Non c'è dubbio.,True,1,0,True,True,False,True,,True,,True,"{""reason"":""detector_match"",""detected"":""it"",""confidence"":1.0}",True,[],[],True,,"{""errors"":[]}",True,[],True,1,0,True,True,False,100,100,1215,11,1226,,,724.93,1296,8,1304,0,0,1218.36
b0d2204a7fbacaa3596b,660,gemma-3-27b-reasoning,managed-prompt,subtitle,nl,jp,- Wat gebeurt er?,- 何が起きたんだ！ - なんだそれ？,"{""c"":""どうしたの？""}",どうしたの？,True,1,0,True,True,False,True,,True,,True,"{""reason"":""target_script_present"",""detected"":""ja"",""confidence"":1.0}",True,[],[],True,,"{""errors"":[]}",True,[],True,1,0,True,True,False,100,100,1214,9,1223,,,638.0,1307,8,1315,0,0,1167.63
8422df8144581e1ec682,661,gemma-3-27b-reasoning,managed-prompt,subtitle,nl,jp,Ik ga me tegoed doen aan je ziel.,ぉ前の魂を食らつてやる,"{""c"":""あなたの魂をむさぼり食う。""}",あなたの魂をむさぼり食う。,True,1,0,True,True,False,True,,True,,True,"{""reason"":""target_script_present"",""detected"":""ja"",""confidence"":1.0}",True,[],[],True,,"{""errors"":[]}",True,[],True,1,0,True,True,False,100,100,1218,15,1233,,,662.83,1317,8,1325,0,0,1905.96
79a805637f54e3eb55d6,662,gemma-3-27b-reasoning,managed-prompt,subtitle,nl,jp,Dankjewel.,ありがとう,"{""c"":""ありがとうございます。""}",ありがとうございます。,True,1,0,True,True,False,True,,True,,True,"{""reason"":""target_script_present"",""detected"":""ja"",""confidence"":1.0}",True,[],[],True,,"{""errors"":[{""category"":""tone"",""severity"":""minor""}]}",True,"[{""category"":""tone"",""severity"":""minor""}]",True,1,0,True,True,False,97,97,1213,7,1220,,,1117.46,1293,17,1310,0,0,1262.83
5139c0ffc656d4ffb448,663,gemma-3-27b-reasoning,managed-prompt,subtitle,nl,jp,Dat zou ik graag willen. Maar er zit een prijskaartje aan.,したいが それには対価が要る,"{""c"":""それは喜んで。でも、それには対価が必要です。""}",それは喜んで。でも、それには対価が必要です。,True,1,0,True,True,False,True,,True,,True,"{""reason"":""target_script_present"",""detected"":""ja"",""confidence"":1.0}",True,[],[],True,,"{""errors"":[]}",True,[],True,1,0,True,True,False,100,100,1224,17,1241,,,689.19,1325,8,1333,0,0,1130.7
7dbb5da44f29e7843d48,664,gemma-3-27b-reasoning,managed-prompt,subtitle,nl,jp,"Nee, meneer.",いいえ、サー。,"{""c"":""いいえ、さん。""}",いいえ、さん。,True,1,0,True,True,False,True,,True,,True,"{""reason"":""target_script_present"",""detected"":""ja"",""confidence"":1.0}",True,[],[],True,,"{""errors"":[{""category"":""terminology"",""severity"":""major""}]}",False,"[{""category"":""terminology"",""severity"":""major""}]",True,1,0,True,True,False,85,85,1214,10,1224,,,1123.44,1296,17,1313,0,0,1162.18
6fc871ce72344061be4a,665,gemma-3-27b-reasoning,managed-prompt,subtitle,nl,jp,"Hé, jongens. Pak maar.",さあどうぞ カウボーイ　プリンセス,"{""c"":""ねえ、みんな。どうぞ。""}",ねえ、みんな。どうぞ。,True,1,0,True,True,False,True,,True,,True,"{""reason"":""target_script_present"",""detected"":""ja"",""confidence"":1.0}",True,[],[],True,,"{""errors"":[]}",True,[],True,1,0,True,True,False,100,100,1216,12,1228,,,1008.21,1318,8,1326,0,0,1166.03
b3812d02faca723ab730,666,gemma-3-27b-reasoning,managed-prompt,subtitle,nl,jp,M'n familie?,- 私の家族は？,"{""c"":""私の家族？""}",私の家族？,True,1,0,True,True,False,True,,True,,True,"{""reason"":""target_script_present"",""detected"":""ja"",""confidence"":1.0}",True,[],[],True,,"{""errors"":[]}",True,[],True,1,0,True,True,False,100,100,1213,8,1221,,,669.1,1292,8,1300,0,0,1269.25
f076a8adfb5a063175cb,667,gemma-3-27b-reasoning,managed-prompt,subtitle,nl,jp,"Of het nou zout, goud of olie is.",それが塩や金や 油であろうとなかろうと,"{""c"":""塩であろうと、金であろうと、油であろうと。""}",塩であろうと、金であろうと、油であろうと。,True,1,0,True,True,False,True,,True,,True,"{""reason"":""target_script_present"",""detected"":""ja"",""confidence"":1.0}",True,[],[],True,,"{""errors"":[{""category"":""accuracy"",""severity"":""major""}]}",False,"[{""category"":""accuracy"",""severity"":""major""}]",True,1,0,True,True,False,85,85,1220,17,1237,,,1251.98,1323,17,1340,0,0,1152.1
12aee416cdb1837dd87e,668,gemma-3-27b-reasoning,managed-prompt,subtitle,nl,jp,Daar ben ik gek op.,- そうなの　わたし、ピューターが大好きなの,"{""c"":""大好きです。""}",大好きです。,True,1,0,True,True,False,True,,True,,True,"{""reason"":""target_script_present"",""detected"":""ja"",""confidence"":1.0}",True,[],[],True,,"{""errors"":[]}",True,[],True,1,0,True,True,False,100,100,1215,8,1223,,,550.08,1307,8,1315,0,0,1246.04
6364e8ae2d6dea1669ab,669,gemma-3-27b-reasoning,managed-prompt,subtitle,nl,jp,"Mason, hoe was je week?",メイソン　今週はどうだった？,"{""c"":""Masonさん、今週はどうでしたか？""}",Masonさん、今週はどうでしたか？,True,1,0,True,True,False,True,,True,,True,"{""reason"":""target_script_present"",""detected"":""ja"",""confidence"":1.0}",True,[],[],True,,"{""errors"":[]}",True,[],True,1,0,True,True,False,100,100,1215,14,1229,,,956.63,1311,8,1319,0,0,1184.36
be08663ec6d9a1d683e8,670,gemma-3-27b-reasoning,managed-prompt,subtitle,nl,nb,Ik zeg het alleen maar.,Jeg bare sier det.,"{""c"":""Jeg sier det bare.""}",Jeg sier det bare.,True,1,0,True,True,False,True,,True,,True,"{""reason"":""detector_match"",""detected"":""no"",""confidence"":0.9378}",True,[],[],True,,"{""errors"":[]}",True,[],True,1,0,True,True,False,100,100,1214,10,1224,,,570.79,1294,8,1302,0,0,2688.69
7b8b7b36e42b6a8a94d2,671,gemma-3-27b-reasoning,managed-prompt,subtitle,nl,nb,Oké... oké.,Ok.,"{""c"":""Oké... oké.""}",Oké... oké.,True,1,0,True,True,False,True,,True,,,"{""reason"":""too_short_for_language_detection"",""detected"":null,""confidence"":null}",True,[],"[{""code"":""source_copy_suspected""}]",True,,"{""errors"":[]}",True,[],True,1,0,True,True,False,97,97,1214,11,1225,,,539.52,1287,8,1295,0,0,1125.65
d5bb50a256b30fdc0341,672,gemma-3-27b-reasoning,managed-prompt,subtitle,nl,nb,Denk je nu dat je het antwoord hebt?,Tror du at du har et svar nå?,"{""c"":""Tror du nå at du har svaret?""}",Tror du nå at du har svaret?,True,1,0,True,True,False,True,,True,,,"{""reason"":""detector_inconclusive"",""detected"":""sv"",""confidence"":0.8571}",True,[],[],True,,"{""errors"":[]}",True,[],True,1,0,True,True,False,100,100,1219,15,1234,,,621.55,1312,8,1320,0,0,1201.19
24911658b1d8cb92ef9a,673,gemma-3-27b-reasoning,managed-prompt,subtitle,nl,nb,"Op mijn scheiding, ja.",For skilsmissen min!,"{""c"":""På mitt skilsmisse, ja.""}","På mitt skilsmisse, ja.",True,1,0,True,True,False,True,,True,,,"{""reason"":""detector_inconclusive"",""detected"":""et"",""confidence"":0.7143}",True,[],[],True,,"{""errors"":[{""category"":""fluency"",""severity"":""major""}]}",False,"[{""category"":""fluency"",""severity"":""major""}]",True,1,0,True,True,False,85,85,1215,14,1229,,,604.38,1293,18,1311,0,0,1702.41
af56cb40db01eca8b167,674,gemma-3-27b-reasoning,managed-prompt,subtitle,nl,nb,Voel je je goed?,Føles det bra?,"{""c"":""Føler du deg bra?""}",Føler du deg bra?,True,1,0,True,True,False,True,,True,,True,"{""reason"":""detector_match"",""detected"":""no"",""confidence"":0.897}",True,[],[],True,,"{""errors"":[]}",True,[],True,1,0,True,True,False,100,100,1214,12,1226,,,537.24,1296,8,1304,0,0,1129.49
f5036b5ad65373e478ff,675,gemma-3-27b-reasoning,managed-prompt,subtitle,nl,nb,Enige tijd geleden was er een beloning uit voor Bill San Antonio.,For en tid siden ble det satt en belønning på Bill San Antonio.,"{""c"":""For en stund siden var det en belønning for Bill San Antonio.""}",For en stund siden var det en belønning for Bill San Antonio.,True,1,0,True,True,False,True,,True,,,"{""reason"":""detector_mismatch_uncertain"",""detected"":""da"",""confidence"":0.9921}",True,[],[],True,,"{""errors"":[]}",True,[],True,1,0,True,True,False,100,100,1223,21,1244,,,1210.15,1322,8,1330,0,0,1134.9
1ec623640f77a2e4c03c,676,gemma-3-27b-reasoning,managed-prompt,subtitle,nl,nb,"Kom, dan gaan we.",Kom.,"{""c"":""Kom, la oss gå.""}","Kom, la oss gå.",True,1,0,True,True,False,True,,True,,True,"{""reason"":""detector_match"",""detected"":""no"",""confidence"":0.8863}",True,[],[],True,,"{""errors"":[]}",True,[],True,1,0,True,True,False,100,100,1214,11,1225,,,1885.84,1291,8,1299,0,0,1231.91
7381d308fb583980f58d,677,gemma-3-27b-reasoning,managed-prompt,subtitle,nl,nb,Het gebeurt.,Det skjer.,"{""c"":""Det skjer.""}",Det skjer.,True,1,0,True,True,False,True,,True,,True,"{""reason"":""detector_match"",""detected"":""no"",""confidence"":1.0}",True,[],[],True,,"{""errors"":[]}",True,[],True,1,0,True,True,False,100,100,1212,9,1221,,,1832.33,1283,8,1291,0,0,1167.23
4393547f22997ad4c490,678,gemma-3-27b-reasoning,managed-prompt,subtitle,nl,nb,- Jamey.,- Jamey?,"{""c"":""Jamey.""}",Jamey.,True,1,0,True,True,False,True,,True,,,"{""reason"":""too_short_for_language_detection"",""detected"":null,""confidence"":null}",True,[],[],True,,"{""errors"":[{""category"":""preservation"",""severity"":""minor""}]}",True,"[{""category"":""preservation"",""severity"":""minor""}]",True,1,0,True,True,False,97,97,1212,8,1220,,,511.66,1285,17,1302,0,0,3016.04
fbcb1ebdcab3ff9b0f3a,679,gemma-3-27b-reasoning,managed-prompt,subtitle,nl,nb,Niemand rust!,Ingen må hvile!,"{""c"":""Ingen ruster!""}",Ingen ruster!,True,1,0,True,True,False,True,,True,,,"{""reason"":""detector_inconclusive"",""detected"":""de"",""confidence"":0.8581}",True,[],[],True,,"{""errors"":[{""category"":""accuracy"",""severity"":""critical""}]}",False,"[{""category"":""accuracy"",""severity"":""critical""}]",True,1,0,True,True,False,60,60,1213,10,1223,,,512.14,1287,17,1304,0,0,1363.07
c9de68a27b20dc66f4e7,680,gemma-3-27b-reasoning,managed-prompt,subtitle,nb,da,Barna har ikke sagt ja til noe.,Børnene har ikke sagt ja til noget.,"{""c"":""Barna har ikke sagt ja til noe.""}",Barna har ikke sagt ja til noe.,True,1,0,True,True,False,True,,True,,,"{""reason"":""detector_mismatch_uncertain"",""detected"":""no"",""confidence"":1.0}",False,"[{""code"":""source_copied""}]",[],True,,"{""errors"":[{""category"":""fluency"",""severity"":""critical""}]}",False,"[{""category"":""fluency"",""severity"":""critical""}]",True,1,0,True,True,False,60,60,1217,14,1231,,,674.26,1308,18,1326,0,0,1213.85
91097dbed2a28b5ddc82,681,gemma-3-27b-reasoning,managed-prompt,subtitle,nb,da,La oss ta en drink før vi går.,"Lad os tage en drink, før vi går.","{""c"":""Lad os få en drink, før vi går.""}","Lad os få en drink, før vi går.",True,1,0,True,True,False,True,,True,,,"{""reason"":""detector_inconclusive"",""detected"":""da"",""confidence"":0.5046}",True,[],[],True,,"{""errors"":[]}",True,[],True,1,0,True,True,False,100,100,1217,15,1232,,,984.18,1306,8,1314,0,0,1134.39
840b13bb27dff1053695,682,gemma-3-27b-reasoning,managed-prompt,subtitle,nb,da,Her er nummeret mitt.,Her er mit nummer.,"{""c"":""Her er mit nummer.""}",Her er mit nummer.,True,1,0,True,True,False,True,,True,,True,"{""reason"":""detector_match"",""detected"":""da"",""confidence"":0.8571}",True,[],[],True,,"{""errors"":[]}",True,[],True,1,0,True,True,False,100,100,1214,10,1224,,,688.07,1288,8,1296,0,0,1295.36
a92928bbe033a149d499,683,gemma-3-27b-reasoning,managed-prompt,subtitle,nb,da,Men en gang i tiden var jeg svært forelsket i ham.,Men en gang var jeg meget forelsket i ham.,"{""c"":""Engang var jeg meget forelsket i ham.""}",Engang var jeg meget forelsket i ham.,True,1,0,True,True,False,True,,True,,,"{""reason"":""detector_mismatch_uncertain"",""detected"":""no"",""confidence"":1.0}",True,[],[],True,,"{""errors"":[{""category"":""accuracy"",""severity"":""minor""}]}",True,"[{""category"":""accuracy"",""severity"":""minor""}]",True,1,0,True,True,False,97,97,1223,17,1240,,,1822.32,1310,17,1327,0,0,1212.25
e1ee05dce511418079e6,684,gemma-3-27b-reasoning,managed-prompt,subtitle,nb,da,-Jeg vet.,- Ja.,"{""c"":""Jeg ved det.""}",Jeg ved det.,True,1,0,True,True,False,True,,True,,True,"{""reason"":""detector_match"",""detected"":""da"",""confidence"":1.0}",True,[],[],True,,"{""errors"":[]}",True,[],True,1,0,True,True,False,100,100,1212,9,1221,,,687.14,1285,8,1293,0,0,1172.76
d46894f71f04a1de45ec,685,gemma-3-27b-reasoning,managed-prompt,subtitle,nb,da,Og jeg har kameraet. Hva nå?,Jeg har kameraet i mit.,"{""c"":""Og jeg har kameraet. Hvad nu?""}",Og jeg har kameraet. Hvad nu?,True,1,0,True,True,False,True,,True,,,"{""reason"":""detector_inconclusive"",""detected"":""hr"",""confidence"":0.8571}",True,[],[],True,,"{""errors"":[]}",True,[],True,1,0,True,True,False,100,100,1218,15,1233,,,906.21,1309,8,1317,0,0,1211.36
973b20729bffb9807919,686,gemma-3-27b-reasoning,managed-prompt,subtitle,nb,da,"Ok, folkens.","Okay, venner.","{""c"":""Okay, folkens.""}","Okay, folkens.",True,1,0,True,True,False,True,,True,,,"{""reason"":""detector_mismatch_uncertain"",""detected"":""no"",""confidence"":1.0}",True,[],[],True,,"{""errors"":[]}",True,[],True,1,0,True,True,False,100,100,1213,10,1223,,,763.85,1288,8,1296,0,0,1237.53
2646c20da3c0bbc17f80,687,gemma-3-27b-reasoning,managed-prompt,subtitle,nb,da,De fortalte meg aldri.,De har aldrig fortalt mig det.,"{""c"":""De fortalte mig aldrig.""}",De fortalte mig aldrig.,True,1,0,True,True,False,True,,True,,True,"{""reason"":""detector_match"",""detected"":""da"",""confidence"":1.0}",True,[],[],True,,"{""errors"":[]}",True,[],True,1,0,True,True,False,100,100,1215,11,1226,,,509.35,1298,8,1306,0,0,1226.51
8a98459fef84c01f4f3f,688,gemma-3-27b-reasoning,managed-prompt,subtitle,nb,da,Retter om kameraet mot nord-nordøst.,"Retter kameraet nord, nordøst.","{""c"":""Rett kameraet mot nord-nordøst.""}",Rett kameraet mot nord-nordøst.,True,1,0,True,True,False,True,,True,,,"{""reason"":""detector_mismatch_uncertain"",""detected"":""no"",""confidence"":1.0}",True,[],[],True,,"{""errors"":[]}",True,[],True,1,0,True,True,False,100,100,1219,15,1234,,,587.72,1310,8,1318,0,0,1111.67
d813be9e2ff082e426ca,689,gemma-3-27b-reasoning,managed-prompt,subtitle,nb,da,- Du bekjemper kriminalitet.,- Du er noget af en kriminalknuser.,"{""c"":""Du bekæmper kriminalitet.""}",Du bekæmper kriminalitet.,True,1,0,True,True,False,True,,True,,,"{""reason"":""detector_inconclusive"",""detected"":""da"",""confidence"":0.5714}",True,[],[],True,,"{""errors"":[]}",True,[],True,1,0,True,True,False,100,100,1216,13,1229,,,790.07,1305,8,1313,0,0,2648.54
d1da678032629c4e6924,690,gemma-3-27b-reasoning,managed-prompt,subtitle,nb,de,Det er mer.,Und noch mehr.,"{""c"":""Es gibt mehr.""}",Es gibt mehr.,True,1,0,True,True,False,True,,True,,True,"{""reason"":""detector_match"",""detected"":""de"",""confidence"":1.0}",True,[],[],True,,"{""errors"":[]}",True,[],True,1,0,True,True,False,100,100,1212,9,1221,,,894.94,1284,8,1292,0,0,1262.88
d3a95598b69b36e1f78e,691,gemma-3-27b-reasoning,managed-prompt,subtitle,nb,de,Du kommer til meg først.,Du kommst also zuerst zu mir.,"{""c"":""Du kommst zuerst zu mir.""}",Du kommst zuerst zu mir.,True,1,0,True,True,False,True,,True,,True,"{""reason"":""detector_match"",""detected"":""de"",""confidence"":1.0}",True,[],[],True,,"{""errors"":[]}",True,[],True,1,0,True,True,False,100,100,1214,12,1226,,,1873.19,1296,8,1304,0,0,1155.09
c7f0ffe8709ec49a5acf,692,gemma-3-27b-reasoning,managed-prompt,subtitle,nb,de,Det er helt feil. Og Nikki ville ikke like det.,Das ist falsch und würde Nikki nicht gefallen.,"{""c"":""Das ist völlig falsch. Und Nikki würde das nicht mögen.""}",Das ist völlig falsch. Und Nikki würde das nicht mögen.,True,1,0,True,True,False,True,,True,,True,"{""reason"":""detector_match"",""detected"":""de"",""confidence"":1.0}",True,[],[],True,,"{""errors"":[]}",True,[],True,1,0,True,True,False,100,100,1221,18,1239,,,713.02,1320,8,1328,0,0,1147.2
1b6d3e86c98249d3d5e5,693,gemma-3-27b-reasoning,managed-prompt,subtitle,nb,de,Teorien min var riktig.,Meine Theorie war richtig.,"{""c"":""Meine Theorie stimmte.""}",Meine Theorie stimmte.,True,1,0,True,True,False,True,,True,,True,"{""reason"":""detector_match"",""detected"":""de"",""confidence"":1.0}",True,[],[],True,,"{""errors"":[]}",True,[],True,1,0,True,True,False,100,100,1216,11,1227,,,734.53,1300,8,1308,0,0,1235.69
03441753eaaac40268d5,694,gemma-3-27b-reasoning,managed-prompt,subtitle,nb,de,Si det om de som døde.,"Wiederhole das über die Leute, die gestorben sind.","{""c"":""Erzähl mir von den Verstorbenen.""}",Erzähl mir von den Verstorbenen.,True,1,0,True,True,False,True,,True,,True,"{""reason"":""detector_match"",""detected"":""de"",""confidence"":1.0}",True,[],[],True,,"{""errors"":[{""category"":""accuracy"",""severity"":""minor""}]}",True,"[{""category"":""accuracy"",""severity"":""minor""}]",True,1,0,True,True,False,97,97,1215,15,1230,,,669.4,1309,17,1326,0,0,1293.79
a7f3c5b6fa9879528191,695,gemma-3-27b-reasoning,managed-prompt,subtitle,nb,de,Osmund.,Osmund! Osmund!,"{""c"":""Osmund.""}",Osmund.,True,1,0,True,True,False,True,,True,,,"{""reason"":""too_short_for_language_detection"",""detected"":null,""confidence"":null}",True,[],"[{""code"":""source_copy_suspected""}]",True,,"{""errors"":[]}",True,[],True,1,0,True,True,False,97,97,1211,8,1219,,,612.49,1287,8,1295,0,0,1204.41
87be44935c7398659d2a,696,gemma-3-27b-reasoning,managed-prompt,subtitle,nb,de,- Hvorfor ikke?,- Wieso nicht?,"{""c"":""Warum nicht?""}",Warum nicht?,True,1,0,True,True,False,True,,True,,True,"{""reason"":""detector_match"",""detected"":""de"",""confidence"":1.0}",True,[],[],True,,"{""errors"":[]}",True,[],True,1,0,True,True,False,100,100,1214,8,1222,,,815.55,1290,8,1298,0,0,1227.65
47e9cd70ac0941dfad80,697,gemma-3-27b-reasoning,managed-prompt,subtitle,nb,de,Kom igjen! Kom igjen! Fortsett!,"Los, vorwärts.","{""c"":""Auf geht's! Auf geht's! Mach weiter!""}",Auf geht's! Auf geht's! Mach weiter!,True,1,0,True,True,False,True,,True,,True,"{""reason"":""detector_match"",""detected"":""de"",""confidence"":1.0}",True,[],[],True,,"{""errors"":[]}",True,[],True,1,0,True,True,False,100,100,1217,18,1235,,,950.47,1310,8,1318,0,0,2087.5
7560f5c4c31312b35576,698,gemma-3-27b-reasoning,managed-prompt,subtitle,nb,de,Dette er bare begynnelsen.,Das ist erst der Anfang. - Alles klar.,"{""c"":""Das ist erst der Anfang.""}",Das ist erst der Anfang.,True,1,0,True,True,False,True,,True,,True,"{""reason"":""detector_match"",""detected"":""de"",""confidence"":1.0}",True,[],[],True,,"{""errors"":[]}",True,[],True,1,0,True,True,False,100,100,1216,11,1227,,,750.54,1302,8,1310,0,0,1428.65
ba51c432321a37331513,699,gemma-3-27b-reasoning,managed-prompt,subtitle,nb,de,Mamma? Er pappa der?,Mom... ist Dad da?,"{""c"":""Mama? Ist Papa da?""}",Mama? Ist Papa da?,True,1,0,True,True,False,True,,True,,,"{""reason"":""detector_mismatch_uncertain"",""detected"":""id"",""confidence"":1.0}",True,[],[],True,,"{""errors"":[]}",True,[],True,1,0,True,True,False,100,100,1216,11,1227,,,813.71,1296,8,1304,0,0,1191.4
88480847cac6ce780c0d,700,gemma-3-27b-reasoning,managed-prompt,subtitle,nb,en,Hvordan vet vi hvem som vinner?,How... How do we know who's won?,"{""c"":""How do we know who wins?""}",How do we know who wins?,True,1,0,True,True,False,True,,True,,True,"{""reason"":""detector_match"",""detected"":""en"",""confidence"":1.0}",True,[],[],True,,"{""errors"":[]}",True,[],True,1,0,True,True,False,100,100,1218,12,1230,,,642.28,1302,8,1310,0,0,1309.58
da88c06532aaf73d8b90,701,gemma-3-27b-reasoning,managed-prompt,subtitle,nb,en,"Kom, Sonja!","Come, Sonja!","{""c"":""Come, Sonja!""}","Come, Sonja!",True,1,0,True,True,False,True,,True,,,"{""reason"":""detector_mismatch_uncertain"",""detected"":""hr"",""confidence"":1.0}",True,[],[],True,,"{""errors"":[]}",True,[],True,1,0,True,True,False,100,100,1212,9,1221,,,769.85,1290,8,1298,0,0,1273.23
afb5eb014ed3891bdc3e,702,gemma-3-27b-reasoning,managed-prompt,subtitle,nb,en,"Pappa, når du kommer tilbake fra forretningsreisen, er jeg i Sør-Afrika.","Dad, by the time you get back from your business trip, I'll be in South Africa.","{""c"":""Pappa, when you return from your business trip, I will be in South Africa.""}","Pappa, when you return from your business trip, I will be in South Africa.",True,1,0,True,True,False,True,,True,,True,"{""reason"":""detector_match"",""detected"":""en"",""confidence"":1.0}",True,[],[],True,,"{""errors"":[]}",True,[],True,1,0,True,True,False,100,100,1230,23,1253,,,729.06,1336,8,1344,0,0,1120.63
1934e9e4b8b01eab53c5,703,gemma-3-27b-reasoning,managed-prompt,subtitle,nb,en,- Med oss alle fanget under denne tingen?,With all of us trapped under this thing? Isn't it? You don't know that.,"{""c"":""With all of us trapped under this thing?""}",With all of us trapped under this thing?,True,1,0,True,True,False,True,,True,,True,"{""reason"":""detector_match"",""detected"":""en"",""confidence"":1.0}",True,[],[],True,,"{""errors"":[]}",True,[],True,1,0,True,True,False,100,100,1219,14,1233,,,630.77,1314,8,1322,0,0,1179.59
3abc40faa151939805e4,704,gemma-3-27b-reasoning,managed-prompt,subtitle,nb,en,De udøde omgir meg.,The undead surround me.,"{""c"":""The undead surround me.""}",The undead surround me.,True,1,0,True,True,False,True,,True,,True,"{""reason"":""detector_match"",""detected"":""en"",""confidence"":1.0}",True,[],[],True,,"{""errors"":[]}",True,[],True,1,0,True,True,False,100,100,1216,10,1226,,,856.49,1294,8,1302,0,0,1122.85
398492f06c4e9ed81cef,705,gemma-3-27b-reasoning,managed-prompt,subtitle,nb,en,Hjelp meg med å finne henne.,Please help me find her.,"{""c"":""Help me find her.""}",Help me find her.,True,1,0,True,True,False,True,,True,,,"{""reason"":""detector_mismatch_uncertain"",""detected"":""da"",""confidence"":1.0}",True,[],[],True,,"{""errors"":[]}",True,[],True,1,0,True,True,False,100,100,1217,10,1227,,,569.67,1294,8,1302,0,0,1182.46
81776c86b098a9c17b2b,706,gemma-3-27b-reasoning,managed-prompt,subtitle,nb,en,Noen har vokset litt siden sist.,Some have grown a bit since last time.,"{""c"":""Someone has grown a bit since last time.""}",Someone has grown a bit since last time.,True,1,0,True,True,False,True,,True,,True,"{""reason"":""detector_match"",""detected"":""en"",""confidence"":1.0}",True,[],[],True,,"{""errors"":[]}",True,[],True,1,0,True,True,False,100,100,1217,14,1231,,,815.38,1302,8,1310,0,0,1058.35
48e2438cb55b5e69df1c,707,gemma-3-27b-reasoning,managed-prompt,subtitle,nb,en,Så hvis noen vet hva som skjedde med Ronnie...,So if anybody knows what happened to ronnie...,"{""c"":""So if anyone knows what happened to Ronnie...""}",So if anyone knows what happened to Ronnie...,True,1,0,True,True,False,True,,True,,True,"{""reason"":""detector_match"",""detected"":""en"",""confidence"":1.0}",True,[],[],True,,"{""errors"":[]}",True,[],True,1,0,True,True,False,100,100,1220,14,1234,,,665.12,1312,8,1320,0,0,1193.54
0fc34b62210ce5bfb443,708,gemma-3-27b-reasoning,managed-prompt,subtitle,nb,en,Beklager.,- I'm sorry.,"{""c"":""Sorry.""}",Sorry.,True,1,0,True,True,False,True,,True,,,"{""reason"":""too_short_for_language_detection"",""detected"":null,""confidence"":null}",True,[],[],True,,"{""errors"":[]}",True,[],True,1,0,True,True,False,100,100,1211,7,1218,,,524.69,1283,8,1291,0,0,1191.36
beb7576327d4c38ec975,709,gemma-3-27b-reasoning,managed-prompt,subtitle,nb,en,"Nei , Inspector .","No, Inspector.","{""c"":""Nei, Inspector.""}","Nei, Inspector.",True,1,0,True,True,False,True,,True,,,"{""reason"":""detector_mismatch_uncertain"",""detected"":""ro"",""confidence"":1.0}",True,[],[],True,,"{""errors"":[{""category"":""accuracy"",""severity"":""critical""}]}",False,"[{""category"":""accuracy"",""severity"":""critical""}]",True,1,0,True,True,False,60,60,1213,10,1223,,,676.74,1286,17,1303,0,0,1161.46
bf109dcded3056534e31,710,gemma-3-27b-reasoning,managed-prompt,subtitle,nb,es,Vi er sammen om dette.,Estamos todos juntos en esto.,"{""c"":""Estamos juntos en esto.""}",Estamos juntos en esto.,True,1,0,True,True,False,True,,True,,True,"{""reason"":""detector_match"",""detected"":""es"",""confidence"":1.0}",True,[],[],True,,"{""errors"":[]}",True,[],True,1,0,True,True,False,100,100,1214,10,1224,,,742.62,1294,8,1302,0,0,1164.93
ec56003686e8f02e8704,711,gemma-3-27b-reasoning,managed-prompt,subtitle,nb,es,- Du lot pappa komme hjem igjen!,¡Dejaste que papá volviera a casa!,"{""c"":""¡Este lote, papá, vuelve a casa de nuevo!""}","¡Este lote, papá, vuelve a casa de nuevo!",True,1,0,True,True,False,True,,True,,True,"{""reason"":""detector_match"",""detected"":""es"",""confidence"":1.0}",True,[],[],True,,"{""errors"":[{""category"":""accuracy"",""severity"":""major""}]}",False,"[{""category"":""accuracy"",""severity"":""major""}]",True,1,0,True,True,False,85,85,1217,17,1234,,,948.67,1314,17,1331,0,0,1291.8
545d19432c7970ec347f,712,gemma-3-27b-reasoning,managed-prompt,subtitle,nb,es,Det var feil av meg å si det.,Me equivoqué al decirte eso.,"{""c"":""Fue un error por mi parte decirlo.""}",Fue un error por mi parte decirlo.,True,1,0,True,True,False,True,,True,,True,"{""reason"":""detector_match"",""detected"":""es"",""confidence"":1.0}",True,[],[],True,,"{""errors"":[]}",True,[],True,1,0,True,True,False,100,100,1218,13,1231,,,642.0,1304,8,1312,0,0,1284.75
8d6d6491a1fc5b3244e7,713,gemma-3-27b-reasoning,managed-prompt,subtitle,nb,es,Jeg er forelsket i kona.,Estoy enamorado de mi esposa.,"{""c"":""Estoy enamorado de mi esposa.""}",Estoy enamorado de mi esposa.,True,1,0,True,True,False,True,,True,,True,"{""reason"":""detector_match"",""detected"":""es"",""confidence"":1.0}",True,[],[],True,,"{""errors"":[]}",True,[],True,1,0,True,True,False,100,100,1217,12,1229,,,1084.0,1305,8,1313,0,0,1245.03
c0ae582fb0b1f7eb2628,714,gemma-3-27b-reasoning,managed-prompt,subtitle,nb,es,-La meg hjeIpe deg.,- Déjeme ayudarlo.,"{""c"":""Déjame ayudarte.""}",Déjame ayudarte.,True,1,0,True,True,False,True,,True,,,"{""reason"":""detector_inconclusive"",""detected"":""hu"",""confidence"":0.4286}",True,[],[],True,,"{""errors"":[]}",True,[],True,1,0,True,True,False,100,100,1217,10,1227,,,758.17,1296,8,1304,0,0,1215.38
038168e6514692f68269,715,gemma-3-27b-reasoning,managed-prompt,subtitle,nb,es,Du forstår ikke.,No entiendes.,"{""c"":""No entiendes.""}",No entiendes.,True,1,0,True,True,False,True,,True,,True,"{""reason"":""detector_match"",""detected"":""es"",""confidence"":0.8571}",True,[],[],True,,"{""errors"":[]}",True,[],True,1,0,True,True,False,100,100,1213,9,1222,,,825.64,1287,8,1295,0,0,2329.76
b3fe9c613fcaadbbd66e,716,gemma-3-27b-reasoning,managed-prompt,subtitle,nb,es,Hun ser skrekkslagen ut.,Parece aterrada.,"{""c"":""Parece aterrorizada.""}",Parece aterrorizada.,True,1,0,True,True,False,True,,True,,,"{""reason"":""detector_mismatch_uncertain"",""detected"":""pt"",""confidence"":1.0}",True,[],[],True,,"{""errors"":[]}",True,[],True,1,0,True,True,False,100,100,1216,11,1227,,,762.3,1294,8,1302,0,0,1208.31
1d01937467fc3e70ab53,717,gemma-3-27b-reasoning,managed-prompt,subtitle,nb,es,Det er et menneske!,¡Es un hombre!,"{""c"":""¡Es un humano!""}",¡Es un humano!,True,1,0,True,True,False,True,,True,,True,"{""reason"":""detector_match"",""detected"":""es"",""confidence"":0.8571}",True,[],[],True,,"{""errors"":[]}",True,[],True,1,0,True,True,False,100,100,1214,10,1224,,,767.67,1291,8,1299,0,0,1793.74
817f32a37f58fbd0a4f2,718,gemma-3-27b-reasoning,managed-prompt,subtitle,nb,es,Slik du hjalp Gentry?,Vamos. ¿Como ayudaste a Gentry?,"{""c"":""¿Cómo ayudaste a Gentry?""}",¿Cómo ayudaste a Gentry?,True,1,0,True,True,False,True,,True,,True,"{""reason"":""detector_match"",""detected"":""es"",""confidence"":1.0}",True,[],[],True,,"{""errors"":[]}",True,[],True,1,0,True,True,False,100,100,1217,13,1230,,,677.94,1314,8,1322,0,0,1236.79
ccfed1ba5a774469f623,719,gemma-3-27b-reasoning,managed-prompt,subtitle,nb,es,-Har du ennå tannlegeplan og alt mulig?,- ¿Todavía tienes el plan dental?,"{""c"":""¿Todavía tienes plan de dentista y todo lo demás?""}",¿Todavía tienes plan de dentista y todo lo demás?,True,1,0,True,True,False,True,,True,,True,"{""reason"":""detector_match"",""detected"":""es"",""confidence"":1.0}",True,[],[],True,,"{""errors"":[]}",True,[],True,1,0,True,True,False,100,100,1220,18,1238,,,803.69,1321,8,1329,0,0,1140.36
e3af9c8e1c6ec0615c45,720,gemma-3-27b-reasoning,managed-prompt,subtitle,nb,fr,"-Problemer på psykiatrisk, Chuck.","Chuck, on a un problème sur la 7ème. Unité psychiatrique.","{""c"":""Problèmes psychiatriques, Chuck.""}","Problèmes psychiatriques, Chuck.",True,1,0,True,True,False,True,,True,,True,"{""reason"":""detector_match"",""detected"":""fr"",""confidence"":1.0}",True,[],[],True,,"{""errors"":[{""category"":""accuracy"",""severity"":""major""}]}",False,"[{""category"":""accuracy"",""severity"":""major""}]",True,1,0,True,True,False,85,85,1219,13,1232,,,1022.62,1313,17,1330,0,0,1219.77
88b1f2d44ae3bc639571,721,gemma-3-27b-reasoning,managed-prompt,subtitle,nb,fr,Kom igjen. Jeg skal ikke ødelegge det for deg.,"Allez, je ferai pas foirer ton plan !","{""c"":""Allez, je ne vais pas te ruiner.""}","Allez, je ne vais pas te ruiner.",True,1,0,True,True,False,True,,True,,True,"{""reason"":""detector_match"",""detected"":""fr"",""confidence"":1.0}",True,[],[],True,,"{""errors"":[{""category"":""accuracy"",""severity"":""major""}]}",False,"[{""category"":""accuracy"",""severity"":""major""}]",True,1,0,True,True,False,85,85,1221,16,1237,,,742.96,1315,17,1332,0,0,1249.93
7ccf4cce67326b53b697,722,gemma-3-27b-reasoning,managed-prompt,subtitle,nb,fr,"Pass deg, gutt!","Fais gaffe, petit !","{""c"":""Passe ton chemin, mec !""}","Passe ton chemin, mec !",True,1,0,True,True,False,True,,True,,,"{""reason"":""detector_mismatch_uncertain"",""detected"":""en"",""confidence"":1.0}",True,[],[],True,,"{""errors"":[{""category"":""accuracy"",""severity"":""major""}]}",False,"[{""category"":""accuracy"",""severity"":""major""}]",True,1,0,True,True,False,85,85,1213,12,1225,,,556.0,1297,17,1314,0,0,1640.99
caf18a9cfb9400548fa8,723,gemma-3-27b-reasoning,managed-prompt,subtitle,nb,fr,Morsomt?,Amusant ?,"{""c"":""Amusant?\""""}","Amusant?""",True,1,0,True,True,False,True,,True,,,"{""reason"":""too_short_for_language_detection"",""detected"":null,""confidence"":null}",True,[],[],True,,"{""errors"":[{""category"":""preservation"",""severity"":""minor""}]}",True,"[{""category"":""preservation"",""severity"":""minor""}]",True,1,0,True,True,False,97,97,1212,10,1222,,,730.84,1290,17,1307,0,0,1272.05
c8592f3baa210682f624,724,gemma-3-27b-reasoning,managed-prompt,subtitle,nb,fr,"Og det gjør guvernøren, erkebiskopen og sjefene for noen amerikanske og japanske firmaer.","Ainsi que le gouverneur, l'archevêque, et des PDG américains et japonais.","{""c"":""Et c'est ce que font le gouverneur, l'archevêque et les chefs de certaines entreprises américaines et japonaises.""}","Et c'est ce que font le gouverneur, l'archevêque et les chefs de certaines entreprises américaines et japonaises.",True,1,0,True,True,False,True,,True,,True,"{""reason"":""detector_match"",""detected"":""fr"",""confidence"":1.0}",True,[],[],True,,"{""errors"":[]}",True,[],True,1,0,True,True,False,100,100,1233,34,1267,,,1217.86,1356,8,1364,0,0,1127.23
30d577cc4a14df7b471e,725,gemma-3-27b-reasoning,managed-prompt,subtitle,nb,fr,Hva skal vi liksom gi dem?,Qu'est-ce que vous voulez qu'on leur donne ?,"{""c"":""Qu'est-ce qu'on va bien pouvoir leur offrir?""}",Qu'est-ce qu'on va bien pouvoir leur offrir?,True,1,0,True,True,False,True,,True,,True,"{""reason"":""detector_match"",""detected"":""fr"",""confidence"":1.0}",True,[],[],True,,"{""errors"":[]}",True,[],True,1,0,True,True,False,100,100,1217,19,1236,,,638.59,1318,8,1326,0,0,1127.31
37eea2b4197388c1f37f,726,gemma-3-27b-reasoning,managed-prompt,subtitle,nb,fr,Hva har du?,Qu'est ce que t'as ?,"{""c"":""Qu'est-ce que tu as?""}",Qu'est-ce que tu as?,True,1,0,True,True,False,True,,True,,True,"{""reason"":""detector_match"",""detected"":""fr"",""confidence"":1.0}",True,[],[],True,,"{""errors"":[]}",True,[],True,1,0,True,True,False,100,100,1213,14,1227,,,1009.38,1300,8,1308,0,0,1095.26
b3998b33215a45b2047c,727,gemma-3-27b-reasoning,managed-prompt,subtitle,nb,fr,-Bortsett fra det vet vi ingenting.,"- À part cela, nous ne savons rien.","{""c"":""À part ça, nous ne savons rien.""}","À part ça, nous ne savons rien.",True,1,0,True,True,False,True,,True,,True,"{""reason"":""detector_match"",""detected"":""fr"",""confidence"":1.0}",True,[],[],True,,"{""errors"":[]}",True,[],True,1,0,True,True,False,100,100,1219,14,1233,,,1023.69,1308,8,1316,0,0,1166.56
f06319bb315f3828518e,728,gemma-3-27b-reasoning,managed-prompt,subtitle,nb,fr,- Herregud.,- Mon dieu !,"{""c"":""Mon Dieu.""}",Mon Dieu.,True,1,0,True,True,False,True,,True,,,"{""reason"":""too_short_for_language_detection"",""detected"":null,""confidence"":null}",True,[],[],True,,"{""errors"":[{""category"":""preservation"",""severity"":""minor""}]}",True,"[{""category"":""preservation"",""severity"":""minor""}]",True,1,0,True,True,False,97,97,1213,8,1221,,,644.35,1288,17,1305,0,0,1163.66
d7a06de9e15186fb7274,729,gemma-3-27b-reasoning,managed-prompt,subtitle,nb,fr,Jeg holder ikke ut lenger.,Je n'en supporterai pas davantage.,"{""c"":""Je n\""en peux plus.""}","Je n""en peux plus.",True,1,0,True,True,False,True,,True,,True,"{""reason"":""detector_match"",""detected"":""fr"",""confidence"":1.0}",True,[],[],True,,"{""errors"":[]}",True,[],True,1,0,True,True,False,100,100,1215,12,1227,,,812.87,1299,8,1307,0,0,1167.96
cfa1eaea01deb359e069,730,gemma-3-27b-reasoning,managed-prompt,subtitle,nb,it,"- Den? Nei, jo, vel...","Questo no, si, no.","{""c"":""Den? No, sì, beh...""}","Den? No, sì, beh...",True,1,0,True,True,False,True,,True,,,"{""reason"":""detector_mismatch_uncertain"",""detected"":""nl"",""confidence"":1.0}",True,[],[],True,,"{""errors"":[]}",True,[],True,1,0,True,True,False,100,100,1217,13,1230,,,580.84,1301,8,1309,0,0,1242.66
3727780363820b6067dc,731,gemma-3-27b-reasoning,managed-prompt,subtitle,nb,it,Politiet konsulterer ikke amatører.,La polizia non chiede aiuto ai dilettanti.,"{""c"":""La polizia non consulta gli amatori.""}",La polizia non consulta gli amatori.,True,1,0,True,True,False,True,,True,,True,"{""reason"":""detector_match"",""detected"":""it"",""confidence"":1.0}",True,[],[],True,,"{""errors"":[{""category"":""accuracy"",""severity"":""minor""}]}",True,"[{""category"":""accuracy"",""severity"":""minor""}]",True,1,0,True,True,False,97,97,1217,13,1230,,,557.2,1307,17,1324,0,0,1182.52
dd0f8e108ce3e4ebd164,732,gemma-3-27b-reasoning,managed-prompt,subtitle,nb,it,- Du vil ikke huske det.,- Non vuoi ricordarlo.,"{""c"":""Non te lo ricorderai.""}",Non te lo ricorderai.,True,1,0,True,True,False,True,,True,,True,"{""reason"":""detector_match"",""detected"":""it"",""confidence"":1.0}",True,[],[],True,,"{""errors"":[{""category"":""accuracy"",""severity"":""major""}]}",False,"[{""category"":""accuracy"",""severity"":""major""}]",True,1,0,True,True,False,85,85,1216,12,1228,,,576.51,1294,17,1311,0,0,1182.1
d9a0265971b455adcf87,733,gemma-3-27b-reasoning,managed-prompt,subtitle,nb,it,Hvordan er det mulig?,- Com'e' possibile?,"{""c"":""Come è possibile?""}",Come è possibile?,True,1,0,True,True,False,True,,True,,True,"{""reason"":""detector_match"",""detected"":""it"",""confidence"":1.0}",True,[],[],True,,"{""errors"":[]}",True,[],True,1,0,True,True,False,100,100,1214,9,1223,,,518.09,1294,8,1302,0,0,1178.17
9af530bc96a686aa539c,734,gemma-3-27b-reasoning,managed-prompt,subtitle,nb,it,- Sannheten om Terry Lennox.,- La verità su Terry Lennox.,"{""c"":""La verità su Terry Lennox.""}",La verità su Terry Lennox.,True,1,0,True,True,False,True,,True,,True,"{""reason"":""detector_match"",""detected"":""it"",""confidence"":1.0}",True,[],[],True,,"{""errors"":[{""category"":""preservation"",""severity"":""minor""}]}",True,"[{""category"":""preservation"",""severity"":""minor""}]",True,1,0,True,True,False,97,97,1216,11,1227,,,757.14,1302,17,1319,0,0,1142.43
ce94b06a6dba78e3178c,735,gemma-3-27b-reasoning,managed-prompt,subtitle,nb,it,Hvis vi fortsetter ettersøkningen så vil vi bruke opp alt drivstoffet vårt.,"Signore, per continuare le ricerche dovremo usare tutto il carburante.","{""c"":""Se continuiamo la ricerca, consumeremo tutto il carburante.""}","Se continuiamo la ricerca, consumeremo tutto il carburante.",True,1,0,True,True,False,True,,True,,True,"{""reason"":""detector_match"",""detected"":""it"",""confidence"":1.0}",True,[],[],True,,"{""errors"":[]}",True,[],True,1,0,True,True,False,100,100,1227,19,1246,,,706.65,1335,8,1343,0,0,1160.73
017589cdaf57105da4c2,736,gemma-3-27b-reasoning,managed-prompt,subtitle,nb,it,Tror du de er døde?,"Secondo te, sono morti?","{""c"":""Credi di essere morto?""}",Credi di essere morto?,True,1,0,True,True,False,True,,True,,True,"{""reason"":""detector_match"",""detected"":""it"",""confidence"":1.0}",True,[],[],True,,"{""errors"":[{""category"":""accuracy"",""severity"":""critical""}]}",False,"[{""category"":""accuracy"",""severity"":""critical""}]",True,1,0,True,True,False,60,60,1215,11,1226,,,626.77,1297,17,1314,0,0,1292.78
bef73ad043759f6f4562,737,gemma-3-27b-reasoning,managed-prompt,subtitle,nb,it,Hva skjedde?,Cos'è successo?,"{""c"":""Cosa è successo?""}",Cosa è successo?,True,1,0,True,True,False,True,,True,,True,"{""reason"":""detector_match"",""detected"":""it"",""confidence"":1.0}",True,[],[],True,,"{""errors"":[]}",True,[],True,1,0,True,True,False,100,100,1214,10,1224,,,619.33,1293,8,1301,0,0,1194.43
beab473f5eca8e9cee8f,738,gemma-3-27b-reasoning,managed-prompt,subtitle,nb,it,Ja visst.,Certo.,"{""c"":""Certo.""}",Certo.,True,1,0,True,True,False,True,,True,,,"{""reason"":""too_short_for_language_detection"",""detected"":null,""confidence"":null}",True,[],[],True,,"{""errors"":[]}",True,[],True,1,0,True,True,False,100,100,1212,8,1220,,,699.34,1284,8,1292,0,0,1145.88
c35689bdb09f308d5006,739,gemma-3-27b-reasoning,managed-prompt,subtitle,nb,it,Jeg er gift med en sexy Buzz Lightyear.,Praticamente sono sposata con un Buzz Lightyear sexy.,"{""c"":""Sono sposato con un sexy Buzz Lightyear.""}",Sono sposato con un sexy Buzz Lightyear.,True,1,0,True,True,False,True,,True,,,"{""reason"":""detector_inconclusive"",""detected"":""it"",""confidence"":0.7143}",True,[],[],True,,"{""errors"":[]}",True,[],True,1,0,True,True,False,100,100,1218,15,1233,,,658.61,1315,8,1323,0,0,1257.75
fbc7b278d04f48930c12,740,gemma-3-27b-reasoning,managed-prompt,subtitle,nb,jp,"Min far ble ikke drept, han...",父さんは殺ろされたんじゃない,"{""c"":""私の父は殺されなかった、彼は…""}",私の父は殺されなかった、彼は…,True,1,0,True,True,False,True,,True,,True,"{""reason"":""target_script_present"",""detected"":""ja"",""confidence"":1.0}",True,[],[],True,,"{""errors"":[{""category"":""tone"",""severity"":""minor""}]}",True,"[{""category"":""tone"",""severity"":""minor""}]",True,1,0,True,True,False,97,97,1216,14,1230,,,985.6,1314,17,1331,0,0,1286.02
6f1c0b30aad4297ea719,741,gemma-3-27b-reasoning,managed-prompt,subtitle,nb,jp,- Nei.,- いや,"{""c"":""ねい。""}",ねい。,True,1,0,True,True,False,True,,True,,True,"{""reason"":""target_script_present"",""detected"":""ja"",""confidence"":1.0}",True,[],[],True,,"{""errors"":[{""category"":""accuracy"",""severity"":""critical""}]}",False,"[{""category"":""accuracy"",""severity"":""critical""}]",True,1,0,True,True,False,60,60,1211,8,1219,,,702.44,1284,17,1301,0,0,1259.38
ce41150d4ef35f22c8e2,742,gemma-3-27b-reasoning,managed-prompt,subtitle,nb,jp,Det går bra nå.,もう大丈夫,"{""c"":""もう大丈夫です。""}",もう大丈夫です。,True,1,0,True,True,False,True,,True,,True,"{""reason"":""target_script_present"",""detected"":""ja"",""confidence"":1.0}",True,[],[],True,,"{""errors"":[]}",True,[],True,1,0,True,True,False,100,100,1213,9,1222,,,570.68,1296,8,1304,0,0,1227.27
3e577a78cf1da9fc39b6,743,gemma-3-27b-reasoning,managed-prompt,subtitle,nb,jp,Som meg Jeg er armener.,私のようにね 私はアルメニア人だ,"{""c"":""私はアルメニア人です。""}",私はアルメニア人です。,True,1,0,True,True,False,True,,True,,True,"{""reason"":""target_script_present"",""detected"":""ja"",""confidence"":1.0}",True,[],[],True,,"{""errors"":[{""category"":""accuracy"",""severity"":""major""}]}",False,"[{""category"":""accuracy"",""severity"":""major""}]",True,1,0,True,True,False,85,85,1215,12,1227,,,721.79,1307,17,1324,0,0,1253.83
b86dc047268fa7dac012,744,gemma-3-27b-reasoning,managed-prompt,subtitle,nb,jp,-Kom igjen. Jeg fikk ikke nummeret ditt!,君の番号を聞いてない,"{""c"":""おい、番号をくれなかったぞ！""}",おい、番号をくれなかったぞ！,True,1,0,True,True,False,True,,True,,True,"{""reason"":""target_script_present"",""detected"":""ja"",""confidence"":1.0}",True,[],[],True,,"{""errors"":[{""category"":""accuracy"",""severity"":""major""}]}",False,"[{""category"":""accuracy"",""severity"":""major""}]",True,1,0,True,True,False,85,85,1219,13,1232,,,611.45,1315,17,1332,0,0,1171.48
22faab3e6b4d18d599d9,745,gemma-3-27b-reasoning,managed-prompt,subtitle,nb,jp,Og jeg er klar for det.,準備は出来てる,"{""c"":""Og jeg er klar for det。""}",Og jeg er klar for det。,True,1,0,True,True,False,True,,True,,False,"{""reason"":""target_script_missing"",""detected"":null,""confidence"":null}",True,[],[],True,,"{""errors"":[{""category"":""accuracy"",""severity"":""critical""}]}",False,"[{""category"":""accuracy"",""severity"":""critical""}]",True,1,0,True,True,False,60,60,1215,12,1227,,,625.16,1298,17,1315,0,0,1735.02
78ced820c250dca8309e,746,gemma-3-27b-reasoning,managed-prompt,subtitle,nb,jp,Stå på.,続けろ,"{""c"":""頑張って。""}",頑張って。,True,1,0,True,True,False,True,,True,,True,"{""reason"":""target_script_present"",""detected"":""ja"",""confidence"":1.0}",True,[],[],True,,"{""errors"":[]}",True,[],True,1,0,True,True,False,100,100,1212,8,1220,,,545.89,1287,8,1295,0,0,1397.18
7bbd9e280060e28fc709,747,gemma-3-27b-reasoning,managed-prompt,subtitle,nb,jp,Bare hyggelig.,礼ならいいよ,"{""c"":""Bare hyggelig.""}",Bare hyggelig.,True,1,0,True,True,False,True,,True,,False,"{""reason"":""target_script_missing"",""detected"":null,""confidence"":null}",True,[],"[{""code"":""source_copy_suspected""}]",True,,"{""errors"":[{""category"":""accuracy"",""severity"":""critical""}]}",False,"[{""category"":""accuracy"",""severity"":""critical""}]",True,1,0,True,True,False,57,57,1213,10,1223,,,764.2,1292,17,1309,0,0,1334.06
a76b6a1f78837c3248e9,748,gemma-3-27b-reasoning,managed-prompt,subtitle,nb,jp,Ingenting!,何も！,"{""c"":""何も！""}",何も！,True,1,0,True,True,False,True,,True,,True,"{""reason"":""target_script_present"",""detected"":""ja"",""confidence"":1.0}",True,[],[],True,,"{""errors"":[]}",True,[],True,1,0,True,True,False,100,100,1211,7,1218,,,743.61,1283,8,1291,0,0,1149.92
527bf14df1cd166fafda,749,gemma-3-27b-reasoning,managed-prompt,subtitle,nb,jp,"Jeg forutså ikke hvor vanskelig de siste 15 årene har vært for meg, hvor mye jeg ville komme til å elske å arbeide sammen med deg.",全く予想しなかった 15年前の失敗と同じくらい... 君と共に働くのが 好きになった,"{""c"":""過去15年間がこんなに大変になるとは予想していませんでしたし、あなたと働くことをこんなに愛するようになるとも思っていませんでした。""}",過去15年間がこんなに大変になるとは予想していませんでしたし、あなたと働くことをこんなに愛するようになるとも思っていませんでした。,True,1,0,True,True,False,True,,True,,True,"{""reason"":""target_script_present"",""detected"":""ja"",""confidence"":1.0}",True,[],[],True,,"{""errors"":[]}",True,[],True,1,0,True,True,False,100,100,1244,35,1279,,,1424.96,1406,8,1414,0,0,1236.45
1da7ba54404189c677cf,750,gemma-3-27b-reasoning,managed-prompt,subtitle,nb,nl,Jeg bare sier det.,Ik zeg het alleen maar.,"{""c"":""Ik zeg het gewoon.""}",Ik zeg het gewoon.,True,1,0,True,True,False,True,,True,,True,"{""reason"":""detector_match"",""detected"":""nl"",""confidence"":1.0}",True,[],[],True,,"{""errors"":[]}",True,[],True,1,0,True,True,False,100,100,1213,10,1223,,,982.57,1296,8,1304,0,0,1265.23
f0482f4c25223cc1374d,751,gemma-3-27b-reasoning,managed-prompt,subtitle,nb,nl,Ok.,Oké... oké.,"{""c"":""Ok.""}",Ok.,True,1,0,True,True,False,True,,True,,,"{""reason"":""too_short_for_language_detection"",""detected"":null,""confidence"":null}",True,[],"[{""code"":""source_copy_suspected""}]",True,,"{""errors"":[]}",True,[],True,1,0,True,True,False,97,97,1210,7,1217,,,665.7,1282,8,1290,0,0,1098.78
a2669af8ed7f2c26af60,752,gemma-3-27b-reasoning,managed-prompt,subtitle,nb,nl,Tror du at du har et svar nå?,Denk je nu dat je het antwoord hebt?,"{""c"":""Denk je dat je nu een antwoord hebt?""}",Denk je dat je nu een antwoord hebt?,True,1,0,True,True,False,True,,True,,True,"{""reason"":""detector_match"",""detected"":""nl"",""confidence"":1.0}",True,[],[],True,,"{""errors"":[]}",True,[],True,1,0,True,True,False,100,100,1218,16,1234,,,1080.47,1314,8,1322,0,0,1171.65
346cc96255813d4fcc58,753,gemma-3-27b-reasoning,managed-prompt,subtitle,nb,nl,For skilsmissen min!,"Op mijn scheiding, ja.","{""c"":""Voor mijn scheiding!""}",Voor mijn scheiding!,True,1,0,True,True,False,True,,True,,True,"{""reason"":""detector_match"",""detected"":""nl"",""confidence"":1.0}",True,[],[],True,,"{""errors"":[]}",True,[],True,1,0,True,True,False,100,100,1215,10,1225,,,834.11,1291,8,1299,0,0,1182.12
c6b4226c07576545d43e,754,gemma-3-27b-reasoning,managed-prompt,subtitle,nb,nl,Føles det bra?,Voel je je goed?,"{""c"":""Voelt het goed?""}",Voelt het goed?,True,1,0,True,True,False,True,,True,,True,"{""reason"":""detector_match"",""detected"":""nl"",""confidence"":1.0}",True,[],[],True,,"{""errors"":[]}",True,[],True,1,0,True,True,False,100,100,1214,10,1224,,,874.1,1295,8,1303,0,0,1240.11
811797c59e7636a5ff61,755,gemma-3-27b-reasoning,managed-prompt,subtitle,nb,nl,For en tid siden ble det satt en belønning på Bill San Antonio.,Enige tijd geleden was er een beloning uit voor Bill San Antonio.,"{""c"":""Er is een tijdje geleden een beloning uitgeloofd op Bill San Antonio.""}",Er is een tijdje geleden een beloning uitgeloofd op Bill San Antonio.,True,1,0,True,True,False,True,,True,,True,"{""reason"":""detector_match"",""detected"":""nl"",""confidence"":1.0}",True,[],[],True,,"{""errors"":[]}",True,[],True,1,0,True,True,False,100,100,1224,23,1247,,,1038.45,1325,8,1333,0,0,1114.5
514ab6fded849ba78fed,756,gemma-3-27b-reasoning,managed-prompt,subtitle,nb,nl,Kom.,"Kom, dan gaan we.","{""c"":""Kom.""}",Kom.,True,1,0,True,True,False,True,,True,,,"{""reason"":""too_short_for_language_detection"",""detected"":null,""confidence"":null}",True,[],"[{""code"":""source_copy_suspected""}]",True,,"{""errors"":[]}",True,[],True,1,0,True,True,False,97,97,1210,7,1217,,,823.03,1285,8,1293,0,0,2871.72
3b3e833bd062a9cb57aa,757,gemma-3-27b-reasoning,managed-prompt,subtitle,nb,nl,Det skjer.,Het gebeurt.,"{""c"":""Het gebeurt.""}",Het gebeurt.,True,1,0,True,True,False,True,,True,,True,"{""reason"":""detector_match"",""detected"":""nl"",""confidence"":1.0}",True,[],[],True,,"{""errors"":[]}",True,[],True,1,0,True,True,False,100,100,1212,9,1221,,,574.8,1283,8,1291,0,0,1149.14
826982c2f9e10fa5912b,758,gemma-3-27b-reasoning,managed-prompt,subtitle,nb,nl,- Jamey?,- Jamey.,"{""c"":""Jamey?""}",Jamey?,True,1,0,True,True,False,True,,True,,,"{""reason"":""too_short_for_language_detection"",""detected"":null,""confidence"":null}",True,[],[],True,,"{""errors"":[{""category"":""preservation"",""severity"":""minor""}]}",True,"[{""category"":""preservation"",""severity"":""minor""}]",True,1,0,True,True,False,97,97,1212,8,1220,,,687.41,1287,17,1304,0,0,1166.15
b910567e0c3dea13206d,759,gemma-3-27b-reasoning,managed-prompt,subtitle,nb,nl,Ingen må hvile!,Niemand rust!,"{""c"":""Niemand mag rusten!""}",Niemand mag rusten!,True,1,0,True,True,False,True,,True,,True,"{""reason"":""detector_match"",""detected"":""nl"",""confidence"":0.8571}",True,[],[],True,,"{""errors"":[]}",True,[],True,1,0,True,True,False,100,100,1214,12,1226,,,1223.47,1289,8,1297,0,0,1126.3
5327c4dc0652e9247ab6,760,gemma-3-27b-reasoning,managed-prompt,tatoeba,da,de,Anden Verdenskrig begyndte i 1939.,Der Zweite Weltkrieg begann 1939.,"{""c"":""Der Zweite Weltkrieg begann 1939.""}",Der Zweite Weltkrieg begann 1939.,True,1,0,True,True,False,True,,True,,True,"{""reason"":""detector_match"",""detected"":""de"",""confidence"":1.0}",True,[],[],True,,"{""errors"":[]}",True,[],True,1,0,True,True,False,100,100,1223,16,1239,,,1223.24,1313,8,1321,0,0,1121.21
3eadbaee044e722b38d0,761,gemma-3-27b-reasoning,managed-prompt,tatoeba,da,de,På havet herskede der i går en voldsom søgang.,Auf dem Meer herrschte gestern starker Seegang.,"{""c"":""Auf dem Meer herrschte gestern eine heftige See.""}",Auf dem Meer herrschte gestern eine heftige See.,True,1,0,True,True,False,True,,True,,True,"{""reason"":""detector_match"",""detected"":""de"",""confidence"":1.0}",True,[],[],True,,"{""errors"":[]}",True,[],True,1,0,True,True,False,100,100,1224,17,1241,,,872.85,1319,8,1327,0,0,1196.4
d3e9d8c75dcd71e7c817,762,gemma-3-27b-reasoning,managed-prompt,tatoeba,da,de,Det er ingen hemmelighed at Tom ikke kan lide Maria.,"Es ist kein Geheimnis, dass Tom Mary nicht mag.","{""c"":""Es ist kein Geheimnis, dass Tom Maria nicht mag.""}","Es ist kein Geheimnis, dass Tom Maria nicht mag.",True,1,0,True,True,False,True,,True,,True,"{""reason"":""detector_match"",""detected"":""de"",""confidence"":1.0}",True,[],[],True,,"{""errors"":[]}",True,[],True,1,0,True,True,False,100,100,1223,17,1240,,,904.39,1317,8,1325,0,0,1153.68
4d34a4d0f451f9612309,763,gemma-3-27b-reasoning,managed-prompt,tatoeba,da,de,Han fik kørekort til lastbil mens han var inde som soldat.,Er hat bei der Bundeswehr seinen LKW-Führerschein gemacht.,"{""c"":""Er hat seinen LKW-Führerschein gemacht, während er als Soldat diente.""}","Er hat seinen LKW-Führerschein gemacht, während er als Soldat diente.",True,1,0,True,True,False,True,,True,,True,"{""reason"":""detector_match"",""detected"":""de"",""confidence"":1.0}",True,[],[],True,,"{""errors"":[]}",True,[],True,1,0,True,True,False,100,100,1224,24,1248,,,813.93,1332,8,1340,0,0,1072.52
d91e396002ef301ec698,764,gemma-3-27b-reasoning,managed-prompt,tatoeba,da,de,Fransk er ikke mit modersmål.,Französisch ist nicht meine Muttersprache.,"{""c"":""Französisch ist nicht meine Muttersprache.""}",Französisch ist nicht meine Muttersprache.,True,1,0,True,True,False,True,,True,,True,"{""reason"":""detector_match"",""detected"":""de"",""confidence"":1.0}",True,[],[],True,,"{""errors"":[]}",True,[],True,1,0,True,True,False,100,100,1218,15,1233,,,628.03,1306,8,1314,0,0,1182.88
12941a84d0f2a3a34d20,765,gemma-3-27b-reasoning,managed-prompt,tatoeba,da,de,Vi har opdaget en hemmelig gang.,Wir haben einen Geheimgang entdeckt.,"{""c"":""Wir haben einen geheimen Gang entdeckt.""}",Wir haben einen geheimen Gang entdeckt.,True,1,0,True,True,False,True,,True,,True,"{""reason"":""detector_match"",""detected"":""de"",""confidence"":1.0}",True,[],[],True,,"{""errors"":[]}",True,[],True,1,0,True,True,False,100,100,1219,13,1232,,,585.37,1308,8,1316,0,0,1102.15
3b1a51d8a2e3a64f5fba,766,gemma-3-27b-reasoning,managed-prompt,tatoeba,da,de,Tom kunne ikke beslutte sig for om hans hund skulle hedde Cookie eller Pochi.,"Tom konnte sich nicht entscheiden, ob er seinen Hund Cookie oder Pochi nennen sollte.","{""c"":""Tom konnte sich nicht entscheiden, ob sein Hund Cookie oder Pochi heißen sollte.""}","Tom konnte sich nicht entscheiden, ob sein Hund Cookie oder Pochi heißen sollte.",True,1,0,True,True,False,True,,True,,True,"{""reason"":""detector_match"",""detected"":""de"",""confidence"":1.0}",True,[],[],True,,"{""errors"":[]}",True,[],True,1,0,True,True,False,100,100,1226,22,1248,,,757.41,1342,8,1350,0,0,1359.19
45b428c4e32d3477b424,767,gemma-3-27b-reasoning,managed-prompt,tatoeba,da,de,Jeg har plantet et æbletræ i min have.,Ich habe einen Apfelbaum in meinen Garten gepflanzt.,"{""c"":""Ich habe einen Apfelbaum in meinem Garten gepflanzt.""}",Ich habe einen Apfelbaum in meinem Garten gepflanzt.,True,1,0,True,True,False,True,,True,,True,"{""reason"":""detector_match"",""detected"":""de"",""confidence"":1.0}",True,[],[],True,,"{""errors"":[]}",True,[],True,1,0,True,True,False,100,100,1221,19,1240,,,784.47,1328,8,1336,0,0,1086.23
46622804ba5af92e7fac,768,gemma-3-27b-reasoning,managed-prompt,tatoeba,da,de,"Ved du hvad, Tom, du har ret!","Weißt du was, Tom? Du hast recht!","{""c"":""Weißt du was, Tom, du hast Recht!""}","Weißt du was, Tom, du hast Recht!",True,1,0,True,True,False,True,,True,,True,"{""reason"":""detector_match"",""detected"":""de"",""confidence"":1.0}",True,[],[],True,,"{""errors"":[]}",True,[],True,1,0,True,True,False,100,100,1218,17,1235,,,752.88,1313,8,1321,0,0,1171.28
f06d7f57d82badd4918d,769,gemma-3-27b-reasoning,managed-prompt,tatoeba,da,de,Maria kom sidst.,Maria kam zuletzt.,"{""c"":""Maria kam als Letzte.""}",Maria kam als Letzte.,True,1,0,True,True,False,True,,True,,,"{""reason"":""detector_inconclusive"",""detected"":""de"",""confidence"":0.7143}",True,[],[],True,,"{""errors"":[]}",True,[],True,1,0,True,True,False,100,100,1213,11,1224,,,706.49,1289,8,1297,0,0,1274.35
436c03a14a17411f3b8f,770,gemma-3-27b-reasoning,managed-prompt,tatoeba,da,en,I Amerika er der højrekørsel.,In America traffic keeps to the right.,"{""c"":""In America, there is right-hand traffic.""}","In America, there is right-hand traffic.",True,1,0,True,True,False,True,,True,,True,"{""reason"":""detector_match"",""detected"":""en"",""confidence"":1.0}",True,[],[],True,,"{""errors"":[]}",True,[],True,1,0,True,True,False,100,100,1217,15,1232,,,808.42,1298,8,1306,0,0,1209.3
93e5831bbf92a9a48de9,771,gemma-3-27b-reasoning,managed-prompt,tatoeba,da,en,Tom tog imod udfordringen.,Tom accepted the challenge.,"{""c"":""Tom accepted the challenge.""}",Tom accepted the challenge.,True,1,0,True,True,False,True,,True,,True,"{""reason"":""detector_match"",""detected"":""en"",""confidence"":1.0}",True,[],[],True,,"{""errors"":[]}",True,[],True,1,0,True,True,False,100,100,1216,10,1226,,,559.05,1289,8,1297,0,0,1241.86
d7b16b84ccdb0818e906,772,gemma-3-27b-reasoning,managed-prompt,tatoeba,da,en,Tom har små hænder.,Tom has tiny hands.,"{""c"":""Tom has small hands.""}",Tom has small hands.,True,1,0,True,True,False,True,,True,,True,"{""reason"":""detector_match"",""detected"":""en"",""confidence"":1.0}",True,[],[],True,,"{""errors"":[]}",True,[],True,1,0,True,True,False,100,100,1214,10,1224,,,678.51,1288,8,1296,0,0,1227.1
8d7f64e570d290816ecc,773,gemma-3-27b-reasoning,managed-prompt,tatoeba,da,en,Hvad tid starter rodeoen?,What time does the rodeo start?,"{""c"":""What time does the rodeo start?""}",What time does the rodeo start?,True,1,0,True,True,False,True,,True,,True,"{""reason"":""detector_match"",""detected"":""en"",""confidence"":1.0}",True,[],[],True,,"{""errors"":[]}",True,[],True,1,0,True,True,False,100,100,1215,12,1227,,,647.32,1298,8,1306,0,0,1198.9
25cfc4c5edabafb32187,774,gemma-3-27b-reasoning,managed-prompt,tatoeba,da,en,Jeg troede at Tom var rig.,I thought that Tom was rich.,"{""c"":""I thought Tom was rich.""}",I thought Tom was rich.,True,1,0,True,True,False,True,,True,,True,"{""reason"":""detector_match"",""detected"":""en"",""confidence"":1.0}",True,[],[],True,,"{""errors"":[]}",True,[],True,1,0,True,True,False,100,100,1216,11,1227,,,643.8,1294,8,1302,0,0,1345.34
f4c47090151bb826fc20,775,gemma-3-27b-reasoning,managed-prompt,tatoeba,da,en,Er jeg i sikkerhed nu?,Am I safe now?,"{""c"":""Are we safe now?""}",Are we safe now?,True,1,0,True,True,False,True,,True,,,"{""reason"":""detector_inconclusive"",""detected"":""en"",""confidence"":0.7143}",True,[],[],True,,"{""errors"":[{""category"":""accuracy"",""severity"":""major""}]}",False,"[{""category"":""accuracy"",""severity"":""major""}]",True,1,0,True,True,False,85,85,1215,10,1225,,,827.64,1291,17,1308,0,0,1112.8
5cac1c6290cfe2b466ac,776,gemma-3-27b-reasoning,managed-prompt,tatoeba,da,en,Kan I ikke gøre det?,Can't you do that?,"{""c"":""Can't I do it?""}",Can't I do it?,True,1,0,True,True,False,True,,True,,True,"{""reason"":""detector_match"",""detected"":""en"",""confidence"":0.8571}",True,[],[],True,,"{""errors"":[{""category"":""accuracy"",""severity"":""major""}]}",False,"[{""category"":""accuracy"",""severity"":""major""}]",True,1,0,True,True,False,85,85,1214,12,1226,,,851.73,1294,17,1311,0,0,1319.85
6ce16e5c7050fa7d3b20,777,gemma-3-27b-reasoning,managed-prompt,tatoeba,da,en,Åbn døren.,Open the door.,"{""c"":""Open the door.""}",Open the door.,True,1,0,True,True,False,True,,True,,,"{""reason"":""detector_mismatch_uncertain"",""detected"":""nl"",""confidence"":1.0}",True,[],[],True,,"{""errors"":[]}",True,[],True,1,0,True,True,False,100,100,1213,9,1222,,,633.58,1285,8,1293,0,0,1256.29
d8fc7ca45840dcfc7074,778,gemma-3-27b-reasoning,managed-prompt,tatoeba,da,en,Har du besluttet hvor du vil holde juleaften?,Have you decided where you're going to celebrate Christmas Eve?,"{""c"":""Have you decided where you want to spend Christmas Eve?""}",Have you decided where you want to spend Christmas Eve?,True,1,0,True,True,False,True,,True,,True,"{""reason"":""detector_match"",""detected"":""en"",""confidence"":1.0}",True,[],[],True,,"{""errors"":[]}",True,[],True,1,0,True,True,False,100,100,1223,16,1239,,,934.06,1311,8,1319,0,0,1198.6
4d359ecf42d4baa41af8,779,gemma-3-27b-reasoning,managed-prompt,tatoeba,da,en,Alle har stemt.,Everyone has voted.,"{""c"":""Everyone has voted.""}",Everyone has voted.,True,1,0,True,True,False,True,,True,,True,"{""reason"":""detector_match"",""detected"":""en"",""confidence"":1.0}",True,[],[],True,,"{""errors"":[]}",True,[],True,1,0,True,True,False,100,100,1213,9,1222,,,584.2,1285,8,1293,0,0,1081.49
4f617d76e14eb1ef58ea,780,gemma-3-27b-reasoning,managed-prompt,tatoeba,da,es,Han har oversat Homer fra græsk til engelsk.,Él tradujo a Homero del griego al inglés.,"{""c"":""Ha traducido a Homero del griego al inglés.""}",Ha traducido a Homero del griego al inglés.,True,1,0,True,True,False,True,,True,,True,"{""reason"":""detector_match"",""detected"":""es"",""confidence"":1.0}",True,[],[],True,,"{""errors"":[]}",True,[],True,1,0,True,True,False,100,100,1221,16,1237,,,804.98,1311,8,1319,0,0,1085.16
d07e72df87e6b064b708,781,gemma-3-27b-reasoning,managed-prompt,tatoeba,da,es,Katten sover på en stol.,El gato duerme en una silla.,"{""c"":""El gato duerme en una silla.""}",El gato duerme en una silla.,True,1,0,True,True,False,True,,True,,True,"{""reason"":""detector_match"",""detected"":""es"",""confidence"":1.0}",True,[],[],True,,"{""errors"":[]}",True,[],True,1,0,True,True,False,100,100,1216,13,1229,,,653.26,1303,8,1311,0,0,1175.39
9fbd728b8feadc5f5264,782,gemma-3-27b-reasoning,managed-prompt,tatoeba,da,es,Du kan spise morgenmaden mellem klokken syv og klokken ni.,Se puede desayunar entre las siete y las nueve.,"{""c"":""Puedes desayunar entre las siete y las nueve.""}",Puedes desayunar entre las siete y las nueve.,True,1,0,True,True,False,True,,True,,True,"{""reason"":""detector_match"",""detected"":""es"",""confidence"":1.0}",True,[],[],True,,"{""errors"":[]}",True,[],True,1,0,True,True,False,100,100,1227,15,1242,,,632.67,1321,8,1329,0,0,1224.23
5db70a59173d5de6d9f3,783,gemma-3-27b-reasoning,managed-prompt,tatoeba,da,es,Vand består af brint og ilt.,El agua está compuesta de hidrógeno y oxígeno.,"{""c"":""El agua está compuesta de hidrógeno y oxígeno.""}",El agua está compuesta de hidrógeno y oxígeno.,True,1,0,True,True,False,True,,True,,True,"{""reason"":""detector_match"",""detected"":""es"",""confidence"":1.0}",True,[],[],True,,"{""errors"":[]}",True,[],True,1,0,True,True,False,100,100,1218,14,1232,,,1061.06,1312,8,1320,0,0,1493.85
648740d4ff6a773ca988,784,gemma-3-27b-reasoning,managed-prompt,tatoeba,da,es,Vi mødes her en gang om ugen.,Nos reunimos aquí una vez por semana.,"{""c"":""Nos reunimos aquí una vez a la semana.""}",Nos reunimos aquí una vez a la semana.,True,1,0,True,True,False,True,,True,,,"{""reason"":""detector_mismatch_uncertain"",""detected"":""ca"",""confidence"":1.0}",True,[],[],True,,"{""errors"":[]}",True,[],True,1,0,True,True,False,100,100,1218,15,1233,,,740.37,1306,8,1314,0,0,1193.84
8de01c7afe783eeb4969,785,gemma-3-27b-reasoning,managed-prompt,tatoeba,da,es,Der blæste en kold vind.,Soplaba un viento frío.,"{""c"":""Sopló un viento frío.""}",Sopló un viento frío.,True,1,0,True,True,False,True,,True,,True,"{""reason"":""detector_match"",""detected"":""es"",""confidence"":1.0}",True,[],[],True,,"{""errors"":[]}",True,[],True,1,0,True,True,False,100,100,1217,12,1229,,,828.12,1300,8,1308,0,0,1137.93
a703729c1f583d51f308,786,gemma-3-27b-reasoning,managed-prompt,tatoeba,da,es,"Det er dig hun elsker, ikke mig.","Es a ti a quien ella ama, no a mí.","{""c"":""Ella te ama a ti, no a mí.""}","Ella te ama a ti, no a mí.",True,1,0,True,True,False,True,,True,,,"{""reason"":""detector_mismatch_uncertain"",""detected"":""ca"",""confidence"":1.0}",True,[],[],True,,"{""errors"":[]}",True,[],True,1,0,True,True,False,100,100,1218,15,1233,,,753.91,1309,8,1317,0,0,1131.69
3acdf9365b5ee1d55cd4,787,gemma-3-27b-reasoning,managed-prompt,tatoeba,da,es,Du er meget modig.,Eres muy valiente.,"{""c"":""You are very brave.""}",You are very brave.,True,1,0,True,True,False,True,,True,,,"{""reason"":""detector_inconclusive"",""detected"":""en"",""confidence"":0.4286}",True,[],[],True,,"{""errors"":[{""category"":""accuracy"",""severity"":""critical""}]}",False,"[{""category"":""accuracy"",""severity"":""critical""}]",True,1,0,True,True,False,60,60,1214,10,1224,,,602.86,1289,17,1306,0,0,1138.78
3c5e86de1aa6256f1a26,788,gemma-3-27b-reasoning,managed-prompt,tatoeba,da,es,Han stod med hænderne i lommen.,Él estaba parado con las manos en los bolsillos.,"{""c"":""Estaba de pie con las manos en los bolsillos.""}",Estaba de pie con las manos en los bolsillos.,True,1,0,True,True,False,True,,True,,True,"{""reason"":""detector_match"",""detected"":""es"",""confidence"":1.0}",True,[],[],True,,"{""errors"":[]}",True,[],True,1,0,True,True,False,100,100,1218,17,1235,,,855.62,1313,8,1321,0,0,1215.22
0073091707b6c420e65f,789,gemma-3-27b-reasoning,managed-prompt,tatoeba,da,es,Tag kniven og skær spidsen af.,Toma el cuchillo y córtale la punta.,"{""c"":""Coge el cuchillo y corta la punta.""}",Coge el cuchillo y corta la punta.,True,1,0,True,True,False,True,,True,,True,"{""reason"":""detector_match"",""detected"":""es"",""confidence"":1.0}",True,[],[],True,,"{""errors"":[]}",True,[],True,1,0,True,True,False,100,100,1219,15,1234,,,930.23,1311,8,1319,0,0,1210.2
cc892488fc28196a1686,790,gemma-3-27b-reasoning,managed-prompt,tatoeba,da,fr,Det er ikke nødvendigt.,Ce n'est pas nécessaire.,"{""c"":""Ce n'est pas nécessaire.""}",Ce n'est pas nécessaire.,True,1,0,True,True,False,True,,True,,True,"{""reason"":""detector_match"",""detected"":""fr"",""confidence"":1.0}",True,[],[],True,,"{""errors"":[]}",True,[],True,1,0,True,True,False,100,100,1215,12,1227,,,556.75,1297,8,1305,0,0,1169.58
f6b18694fa65843a3c58,791,gemma-3-27b-reasoning,managed-prompt,tatoeba,da,fr,Det er for varmt.,Il fait trop chaud.,"{""c"":""Il fait trop chaud.""}",Il fait trop chaud.,True,1,0,True,True,False,True,,True,,True,"{""reason"":""detector_match"",""detected"":""fr"",""confidence"":1.0}",True,[],[],True,,"{""errors"":[]}",True,[],True,1,0,True,True,False,100,100,1214,10,1224,,,789.58,1291,8,1299,0,0,1222.16
f7f813b216429309ecf4,792,gemma-3-27b-reasoning,managed-prompt,tatoeba,da,fr,Der er syv dage i en uge.,Il y a sept jours dans une semaine.,"{""c"":""Il y a sept jours dans une semaine.""}",Il y a sept jours dans une semaine.,True,1,0,True,True,False,True,,True,,True,"{""reason"":""detector_match"",""detected"":""fr"",""confidence"":1.0}",True,[],[],True,,"{""errors"":[]}",True,[],True,1,0,True,True,False,100,100,1218,14,1232,,,780.27,1304,8,1312,0,0,1114.38
a4c7c6c1469648cd55ba,793,gemma-3-27b-reasoning,managed-prompt,tatoeba,da,fr,I dag er himlen blå og skyfri.,"Aujourd'hui, le ciel est bleu et sans nuages.","{""c"":""Aujourd'hui, le ciel est bleu et sans nuages.""}","Aujourd'hui, le ciel est bleu et sans nuages.",True,1,0,True,True,False,True,,True,,True,"{""reason"":""detector_match"",""detected"":""fr"",""confidence"":1.0}",True,[],[],True,,"{""errors"":[]}",True,[],True,1,0,True,True,False,100,100,1218,19,1237,,,700.17,1315,8,1323,0,0,1166.97
5f9a25cd95fda06b8dae,794,gemma-3-27b-reasoning,managed-prompt,tatoeba,da,fr,Hvorfor stiller du spørgsmål som du allerede kender svaret på?,Pourquoi poses-tu cette question alors que tu connais déjà la réponse ?,"{""c"":""Pourquoi posez-vous des questions dont vous connaissez déjà la réponse ?""}",Pourquoi posez-vous des questions dont vous connaissez déjà la réponse ?,True,1,0,True,True,False,True,,True,,True,"{""reason"":""detector_match"",""detected"":""fr"",""confidence"":1.0}",True,[],[],True,,"{""errors"":[]}",True,[],True,1,0,True,True,False,100,100,1226,19,1245,,,714.46,1341,8,1349,0,0,1089.73
5702b177f2ed4790fdb3,795,gemma-3-27b-reasoning,managed-prompt,tatoeba,da,fr,"Den Europæiske Union oprettes med det formål at gøre en ende på de mange blodige nabokrige, der kulminerede med den anden verdenskrig.",L'Union européenne a été créée dans le but de mettre fin aux guerres qui ont régulièrement ensanglanté le continent pour aboutir à la Seconde guerre mondiale.,"{""c"":""L\""Union européenne est créée dans le but de mettre fin aux nombreuses guerres sanglantes entre voisins, qui ont culminé avec la seconde guerre mondiale.""}","L""Union européenne est créée dans le but de mettre fin aux nombreuses guerres sanglantes entre voisins, qui ont culminé avec la seconde guerre mondiale.",True,1,0,True,True,False,True,,True,,True,"{""reason"":""detector_match"",""detected"":""fr"",""confidence"":1.0}",True,[],[],True,,"{""errors"":[{""category"":""preservation"",""severity"":""minor""}]}",True,"[{""category"":""preservation"",""severity"":""minor""}]",True,1,0,True,True,False,97,97,1244,37,1281,,,1133.82,1391,17,1408,0,0,1262.1
2dea9190748bc35ff5b6,796,gemma-3-27b-reasoning,managed-prompt,tatoeba,da,fr,Hun har en hund og seks katte.,Elle a un chien et six chats.,"{""c"":""Elle a un chien et six chats.""}",Elle a un chien et six chats.,True,1,0,True,True,False,True,,True,,True,"{""reason"":""detector_match"",""detected"":""fr"",""confidence"":1.0}",True,[],[],True,,"{""errors"":[]}",True,[],True,1,0,True,True,False,100,100,1217,13,1230,,,1143.1,1302,8,1310,0,0,1866.11
e23084722c7699dee792,797,gemma-3-27b-reasoning,managed-prompt,tatoeba,da,fr,Selvfølgelig husker jeg dig.,Bien sûr que je me souviens de toi.,"{""c"":""Bien sûr, je me souviens de vous.""}","Bien sûr, je me souviens de vous.",True,1,0,True,True,False,True,,True,,True,"{""reason"":""detector_match"",""detected"":""fr"",""confidence"":1.0}",True,[],[],True,,"{""errors"":[]}",True,[],True,1,0,True,True,False,100,100,1218,16,1234,,,711.79,1311,8,1319,0,0,1166.93
6d5f72da41eb4faa7a87,798,gemma-3-27b-reasoning,managed-prompt,tatoeba,da,fr,Der er en klar forskel mellem de to.,Il y a une nette différence entre ces deux-là.,"{""c"":""Il y a une différence claire entre les deux.""}",Il y a une différence claire entre les deux.,True,1,0,True,True,False,True,,True,,True,"{""reason"":""detector_match"",""detected"":""fr"",""confidence"":1.0}",True,[],[],True,,"{""errors"":[]}",True,[],True,1,0,True,True,False,100,100,1218,15,1233,,,952.76,1307,8,1315,0,0,1247.59
99d94cb74de9a64594b0,799,gemma-3-27b-reasoning,managed-prompt,tatoeba,da,fr,Katten leger med en levende mus.,Le chat joue avec une souris vivante.,"{""c"":""Un chat joue avec une souris vivante.""}",Un chat joue avec une souris vivante.,True,1,0,True,True,False,True,,True,,True,"{""reason"":""detector_match"",""detected"":""fr"",""confidence"":1.0}",True,[],[],True,,"{""errors"":[]}",True,[],True,1,0,True,True,False,100,100,1217,14,1231,,,948.28,1304,8,1312,0,0,1085.65
186727213001390e7dc7,800,gemma-3-27b-reasoning,managed-prompt,tatoeba,da,it,Ja.,Sì.,"{""c"":""Sì.""}",Sì.,True,1,0,True,True,False,True,,True,,,"{""reason"":""too_short_for_language_detection"",""detected"":null,""confidence"":null}",True,[],[],True,,"{""errors"":[]}",True,[],True,1,0,True,True,False,100,100,1210,8,1218,,,559.64,1282,8,1290,0,0,1176.1
f8ba782e14c0cc65d09a,801,gemma-3-27b-reasoning,managed-prompt,tatoeba,da,it,Han er bøsse.,È gay.,"{""c"":""È gay.""}",È gay.,True,1,0,True,True,False,True,,True,,,"{""reason"":""too_short_for_language_detection"",""detected"":null,""confidence"":null}",True,[],[],True,,"{""errors"":[]}",True,[],True,1,0,True,True,False,100,100,1213,8,1221,,,694.08,1283,8,1291,0,0,1129.99
0099ac8d4abfc0071166,802,gemma-3-27b-reasoning,managed-prompt,tatoeba,da,it,"De snakker ikke om det, men du kan se det.","Essi non ne parlano, ma si può vedere.","{""c"":""Non ne parlano, ma puoi vederlo.""}","Non ne parlano, ma puoi vederlo.",True,1,0,True,True,False,True,,True,,True,"{""reason"":""detector_match"",""detected"":""it"",""confidence"":1.0}",True,[],[],True,,"{""errors"":[]}",True,[],True,1,0,True,True,False,100,100,1222,15,1237,,,773.78,1310,8,1318,0,0,1263.74
d86ac7b236cf0c116064,803,gemma-3-27b-reasoning,managed-prompt,tatoeba,da,it,Jeg er et menneske.,Sono una persona.,"{""c"":""Io sono un essere umano.""}",Io sono un essere umano.,True,1,0,True,True,False,True,,True,,True,"{""reason"":""detector_match"",""detected"":""it"",""confidence"":0.8571}",True,[],[],True,,"{""errors"":[]}",True,[],True,1,0,True,True,False,100,100,1214,11,1225,,,651.14,1291,8,1299,0,0,1084.45
4884db2a5b5325f2ff1c,804,gemma-3-27b-reasoning,managed-prompt,tatoeba,da,it,Han studerer fransk og webdesign.,Studia francese e web design.,"{""c"":""Sta studiando francese e webdesign.""}",Sta studiando francese e webdesign.,True,1,0,True,True,False,True,,True,,True,"{""reason"":""detector_match"",""detected"":""it"",""confidence"":1.0}",True,[],[],True,,"{""errors"":[]}",True,[],True,1,0,True,True,False,100,100,1217,13,1230,,,622.61,1300,8,1308,0,0,1266.14
112f160045a70c12ee14,805,gemma-3-27b-reasoning,managed-prompt,tatoeba,da,it,"Det er min skyld, ikke din.","È colpa mia, non vostra.","{""c"":""È colpa mia, non tua.""}","È colpa mia, non tua.",True,1,0,True,True,False,True,,True,,True,"{""reason"":""detector_match"",""detected"":""it"",""confidence"":1.0}",True,[],[],True,,"{""errors"":[]}",True,[],True,1,0,True,True,False,100,100,1217,13,1230,,,763.17,1300,8,1308,0,0,1131.72
d585f039fc7c0846d68b,806,gemma-3-27b-reasoning,managed-prompt,tatoeba,da,it,Dette er et varsel som vi må tage alvorligt.,Questo è un avvertimento che dobbiamo prendere sul serio.,"{""c"":""Questo è un avviso che dobbiamo prendere sul serio.""}",Questo è un avviso che dobbiamo prendere sul serio.,True,1,0,True,True,False,True,,True,,True,"{""reason"":""detector_match"",""detected"":""it"",""confidence"":1.0}",True,[],[],True,,"{""errors"":[]}",True,[],True,1,0,True,True,False,100,100,1222,16,1238,,,909.91,1321,8,1329,0,0,1255.64
79f17a58016291935200,807,gemma-3-27b-reasoning,managed-prompt,tatoeba,da,it,Vaccinen er særdeles effektiv.,Il vaccino è estremamente efficace.,"{""c"":""Il vaccino è particolarmente efficace.""}",Il vaccino è particolarmente efficace.,True,1,0,True,True,False,True,,True,,True,"{""reason"":""detector_match"",""detected"":""it"",""confidence"":1.0}",True,[],[],True,,"{""errors"":[]}",True,[],True,1,0,True,True,False,100,100,1216,12,1228,,,729.01,1302,8,1310,0,0,1215.82
e5e5958af7d6e3f15760,808,gemma-3-27b-reasoning,managed-prompt,tatoeba,da,it,Auckland er en by i New Zealand.,Auckland è una città della Nuova Zelanda.,"{""c"":""Auckland è una città in Nuova Zelanda.""}",Auckland è una città in Nuova Zelanda.,True,1,0,True,True,False,True,,True,,True,"{""reason"":""detector_match"",""detected"":""it"",""confidence"":1.0}",True,[],[],True,,"{""errors"":[]}",True,[],True,1,0,True,True,False,100,100,1217,16,1233,,,888.37,1303,8,1311,0,0,1300.34
ab3bb75e0cd5c413b7b9,809,gemma-3-27b-reasoning,managed-prompt,tatoeba,da,it,Hun er for gammel til ham.,Lei è troppo vecchia per lui.,"{""c"":""È troppo vecchia per lui.""}",È troppo vecchia per lui.,True,1,0,True,True,False,True,,True,,True,"{""reason"":""detector_match"",""detected"":""it"",""confidence"":1.0}",True,[],[],True,,"{""errors"":[]}",True,[],True,1,0,True,True,False,100,100,1216,11,1227,,,622.53,1296,8,1304,0,0,1283.81
23f52811a13d39ee18b2,810,gemma-3-27b-reasoning,managed-prompt,tatoeba,da,jp,Må jeg bruge denne ordbog?,この辞書を使っても良いですか。,"{""c"":""この辞書を使ってもいいですか？""}",この辞書を使ってもいいですか？,True,1,0,True,True,False,True,,True,,True,"{""reason"":""target_script_present"",""detected"":""ja"",""confidence"":1.0}",True,[],[],True,,"{""errors"":[]}",True,[],True,1,0,True,True,False,100,100,1217,13,1230,,,650.05,1311,8,1319,0,0,1219.37
0434962595a24c6213f8,811,gemma-3-27b-reasoning,managed-prompt,tatoeba,da,jp,Jeg kan ikke svare på så mange spørgsmål på én gang.,一度にそんなにたくさんの質問には答えられない。,"{""c"":""一度にたくさんの質問には答えられません。""}",一度にたくさんの質問には答えられません。,True,1,0,True,True,False,True,,True,,True,"{""reason"":""target_script_present"",""detected"":""ja"",""confidence"":1.0}",True,[],[],True,,"{""errors"":[]}",True,[],True,1,0,True,True,False,100,100,1222,14,1236,,,681.19,1327,8,1335,0,0,1166.72
c08fcd62570a0b2d6006,812,gemma-3-27b-reasoning,managed-prompt,tatoeba,da,jp,Dette er et billede af min mor.,これが私の母の写真です。,"{""c"":""これは私のお母さんの写真です。""}",これは私のお母さんの写真です。,True,1,0,True,True,False,True,,True,,True,"{""reason"":""target_script_present"",""detected"":""ja"",""confidence"":1.0}",True,[],[],True,,"{""errors"":[]}",True,[],True,1,0,True,True,False,100,100,1218,13,1231,,,846.57,1305,8,1313,0,0,1237.18
0d1975a6e08d3d124c45,813,gemma-3-27b-reasoning,managed-prompt,tatoeba,da,jp,Det er ikke os alle der kan tale engelsk.,我々全員が英語を話せるわけではない。,"{""c"":""私たち全員が英語を話せるわけではありません。""}",私たち全員が英語を話せるわけではありません。,True,1,0,True,True,False,True,,True,,True,"{""reason"":""target_script_present"",""detected"":""ja"",""confidence"":1.0}",True,[],[],True,,"{""errors"":[]}",True,[],True,1,0,True,True,False,100,100,1219,15,1234,,,687.16,1317,8,1325,0,0,1191.39
01121de9b1172ba4f92b,814,gemma-3-27b-reasoning,managed-prompt,tatoeba,da,jp,Luk dine øjne.,目を閉じて。,"{""c"":""目を閉じてください。""}",目を閉じてください。,True,1,0,True,True,False,True,,True,,True,"{""reason"":""target_script_present"",""detected"":""ja"",""confidence"":1.0}",True,[],[],True,,"{""errors"":[{""category"":""tone"",""severity"":""minor""}]}",True,"[{""category"":""tone"",""severity"":""minor""}]",True,1,0,True,True,False,97,97,1213,10,1223,,,745.07,1297,17,1314,0,0,1273.48
651d71b07f7a2b0cb97d,815,gemma-3-27b-reasoning,managed-prompt,tatoeba,da,jp,Jeg købte en masse bøger.,本をたくさん買った。,"{""c"":""私はたくさんの本を買いました。""}",私はたくさんの本を買いました。,True,1,0,True,True,False,True,,True,,True,"{""reason"":""target_script_present"",""detected"":""ja"",""confidence"":1.0}",True,[],[],True,,"{""errors"":[]}",True,[],True,1,0,True,True,False,100,100,1217,11,1228,,,584.6,1305,8,1313,0,0,1181.25
ce1eabc28a53a8a5f0d0,816,gemma-3-27b-reasoning,managed-prompt,tatoeba,da,jp,En dag mødte jeg ham.,ある日、私は彼に会った。,"{""c"":""ある日、彼に出会いました。""}",ある日、彼に出会いました。,True,1,0,True,True,False,True,,True,,True,"{""reason"":""target_script_present"",""detected"":""ja"",""confidence"":1.0}",True,[],[],True,,"{""errors"":[]}",True,[],True,1,0,True,True,False,100,100,1216,13,1229,,,830.9,1304,8,1312,0,0,1129.04
4f88a127d1a64a8fe955,817,gemma-3-27b-reasoning,managed-prompt,tatoeba,da,jp,I går var det torsdag.,昨日は木曜日だった。,"{""c"":""昨日、木曜日でした。""}",昨日、木曜日でした。,True,1,0,True,True,False,True,,True,,True,"{""reason"":""target_script_present"",""detected"":""ja"",""confidence"":1.0}",True,[],[],True,,"{""errors"":[]}",True,[],True,1,0,True,True,False,100,100,1215,11,1226,,,651.56,1303,8,1311,0,0,1175.49
56e1f2aa161b2d1372a8,818,gemma-3-27b-reasoning,managed-prompt,tatoeba,da,jp,Fugle lægger æg.,鳥は卵を産む。,"{""c"":""鳥が卵を産む。""}",鳥が卵を産む。,True,1,0,True,True,False,True,,True,,True,"{""reason"":""target_script_present"",""detected"":""ja"",""confidence"":1.0}",True,[],[],True,,"{""errors"":[{""category"":""fluency"",""severity"":""minor""}]}",True,"[{""category"":""fluency"",""severity"":""minor""}]",True,1,0,True,True,False,97,97,1216,12,1228,,,658.06,1302,18,1320,0,0,1836.02
6b0acffee2cc4ad25a89,819,gemma-3-27b-reasoning,managed-prompt,tatoeba,da,jp,Han leder efter et job.,彼は職を探している。,"{""c"":""彼は仕事を探しています。""}",彼は仕事を探しています。,True,1,0,True,True,False,True,,True,,True,"{""reason"":""target_script_present"",""detected"":""ja"",""confidence"":1.0}",True,[],[],True,,"{""errors"":[]}",True,[],True,1,0,True,True,False,100,100,1214,10,1224,,,709.32,1299,8,1307,0,0,1055.52
a914de610beae2c77b29,820,gemma-3-27b-reasoning,managed-prompt,tatoeba,da,nl,Stop!,Stop!,"{""c"":""Stop!""}",Stop!,True,1,0,True,True,False,True,,True,,,"{""reason"":""too_short_for_language_detection"",""detected"":null,""confidence"":null}",True,[],[],True,,"{""errors"":[]}",True,[],True,1,0,True,True,False,100,100,1210,7,1217,,,798.5,1277,8,1285,0,0,1120.73
71ca04326ebe2e31ce4f,821,gemma-3-27b-reasoning,managed-prompt,tatoeba,da,nl,"Han lader altid vinduet være åbent, når han sover.",Hij laat altijd het venster open als hij slaapt.,"{""c"":""Hij laat altijd het raam open als hij slaapt.""}",Hij laat altijd het raam open als hij slaapt.,True,1,0,True,True,False,True,,True,,True,"{""reason"":""detector_match"",""detected"":""nl"",""confidence"":1.0}",True,[],[],True,,"{""errors"":[]}",True,[],True,1,0,True,True,False,100,100,1223,17,1240,,,676.94,1319,8,1327,0,0,1172.68
b1d26c7dc97273870cef,822,gemma-3-27b-reasoning,managed-prompt,tatoeba,da,nl,De respekterer ham.,Ze respecteren hem.,"{""c"":""Ze respecteren hem.""}",Ze respecteren hem.,True,1,0,True,True,False,True,,True,,True,"{""reason"":""detector_match"",""detected"":""nl"",""confidence"":1.0}",True,[],[],True,,"{""errors"":[]}",True,[],True,1,0,True,True,False,100,100,1214,10,1224,,,612.95,1287,8,1295,0,0,1272.9
7cfcd04a3a849f967a24,823,gemma-3-27b-reasoning,managed-prompt,tatoeba,da,nl,Tom tager ikke sit arbejde ret alvorligt.,Tom neemt zijn baan niet erg serieus.,"{""c"":""Tom neemt zijn werk niet erg serieus.""}",Tom neemt zijn werk niet erg serieus.,True,1,0,True,True,False,True,,True,,True,"{""reason"":""detector_match"",""detected"":""nl"",""confidence"":1.0}",True,[],[],True,,"{""errors"":[]}",True,[],True,1,0,True,True,False,100,100,1219,14,1233,,,621.21,1308,8,1316,0,0,2694.43
9481f7775922e2f00bf3,824,gemma-3-27b-reasoning,managed-prompt,tatoeba,da,nl,Hun ryger 20 cigaretter om dagen.,Ze rookt twintig sigaretten per dag.,"{""c"":""Ze rookt 20 sigaretten per dag.""}",Ze rookt 20 sigaretten per dag.,True,1,0,True,True,False,True,,True,,,"{""reason"":""detector_inconclusive"",""detected"":""sv"",""confidence"":0.5714}",True,[],[],True,,"{""errors"":[{""category"":""preservation"",""severity"":""minor""}]}",True,"[{""category"":""preservation"",""severity"":""minor""}]",True,1,0,True,True,False,97,97,1220,17,1237,,,980.21,1307,17,1324,0,0,1117.77
66939d960d7cd2be205a,825,gemma-3-27b-reasoning,managed-prompt,tatoeba,da,nl,Hvor er nærmeste bank?,Waar is de dichtstbijzijnde bank?,"{""c"":""Waar is de dichtstbijzijnde bank?""}",Waar is de dichtstbijzijnde bank?,True,1,0,True,True,False,True,,True,,True,"{""reason"":""detector_match"",""detected"":""nl"",""confidence"":1.0}",True,[],[],True,,"{""errors"":[]}",True,[],True,1,0,True,True,False,100,100,1215,15,1230,,,734.68,1307,8,1315,0,0,1252.91
9dc7ff6f9698387d7fb9,826,gemma-3-27b-reasoning,managed-prompt,tatoeba,da,nl,Jeg kan godt lide at skrive digte.,Ik schrijf graag gedichten.,"{""c"":""Ik hou ervan om gedichten te schrijven.""}",Ik hou ervan om gedichten te schrijven.,True,1,0,True,True,False,True,,True,,True,"{""reason"":""detector_match"",""detected"":""nl"",""confidence"":1.0}",True,[],[],True,,"{""errors"":[]}",True,[],True,1,0,True,True,False,100,100,1219,15,1234,,,939.14,1308,8,1316,0,0,1174.19
143c98599f0d52b32b3e,827,gemma-3-27b-reasoning,managed-prompt,tatoeba,da,nl,Jeg har hovedpine.,Ik heb hoofdpijn.,"{""c"":""Ik heb hoofdpijn.""}",Ik heb hoofdpijn.,True,1,0,True,True,False,True,,True,,True,"{""reason"":""detector_match"",""detected"":""nl"",""confidence"":1.0}",True,[],[],True,,"{""errors"":[]}",True,[],True,1,0,True,True,False,100,100,1213,11,1224,,,558.26,1296,8,1304,0,0,1033.39
e524190fed15acad1362,828,gemma-3-27b-reasoning,managed-prompt,tatoeba,da,nl,Hvordan har din kone det?,Hoe gaat het met je vrouw?,"{""c"":""Hoe gaat het met je vrouw?""}",Hoe gaat het met je vrouw?,True,1,0,True,True,False,True,,True,,True,"{""reason"":""detector_match"",""detected"":""nl"",""confidence"":1.0}",True,[],[],True,,"{""errors"":[]}",True,[],True,1,0,True,True,False,100,100,1215,12,1227,,,579.5,1304,8,1312,0,0,1057.04
dfd60d7e99a330418543,829,gemma-3-27b-reasoning,managed-prompt,tatoeba,da,nl,Han lovede mig at komme tidligt.,Hij beloofde me om vroeg te komen.,"{""c"":""Hij beloofde me vroeg te komen.""}",Hij beloofde me vroeg te komen.,True,1,0,True,True,False,True,,True,,True,"{""reason"":""detector_match"",""detected"":""nl"",""confidence"":1.0}",True,[],[],True,,"{""errors"":[]}",True,[],True,1,0,True,True,False,100,100,1217,14,1231,,,589.54,1305,8,1313,0,0,1219.16
3c9a7e5cee93a3b4b990,830,gemma-3-27b-reasoning,managed-prompt,tatoeba,da,nb,Han stiller hele tiden dumme spørgsmål.,Han spør stadig dumme spørsmål.,"{""c"":""Han stiller stadig dumme spørsmål.""}",Han stiller stadig dumme spørsmål.,True,1,0,True,True,False,True,,True,,,"{""reason"":""detector_mismatch_uncertain"",""detected"":""da"",""confidence"":1.0}",True,[],[],True,,"{""errors"":[]}",True,[],True,1,0,True,True,False,100,100,1219,15,1234,,,654.64,1308,8,1316,0,0,1180.83
7fdf5356c53cbb373acc,831,gemma-3-27b-reasoning,managed-prompt,tatoeba,da,nb,Hun begyndte at synge.,Hun begynte å synge.,"{""c"":""Hun begynte å synge.""}",Hun begynte å synge.,True,1,0,True,True,False,True,,True,,True,"{""reason"":""detector_match"",""detected"":""no"",""confidence"":1.0}",True,[],[],True,,"{""errors"":[]}",True,[],True,1,0,True,True,False,100,100,1216,12,1228,,,773.66,1295,8,1303,0,0,1217.69
8b7348ed7afd19acde60,832,gemma-3-27b-reasoning,managed-prompt,tatoeba,da,nb,Dette er et varsel som vi må tage alvorligt.,Dette er et varsel som vi må ta på alvor.,"{""c"":""Dette er en advarsel vi må ta på alvor.""}",Dette er en advarsel vi må ta på alvor.,True,1,0,True,True,False,True,,True,,True,"{""reason"":""detector_match"",""detected"":""no"",""confidence"":1.0}",True,[],[],True,,"{""errors"":[]}",True,[],True,1,0,True,True,False,100,100,1222,19,1241,,,1138.99,1311,8,1319,0,0,1207.71
bd08814a42fc44e61a34,833,gemma-3-27b-reasoning,managed-prompt,tatoeba,da,nb,Hans barnlige latter er charmerende.,Hans barnslige latter er sjarmerende.,"{""c"":""Hans barnlige latter er sjarmerende.""}",Hans barnlige latter er sjarmerende.,True,1,0,True,True,False,True,,True,,True,"{""reason"":""detector_match"",""detected"":""no"",""confidence"":1.0}",True,[],[],True,,"{""errors"":[]}",True,[],True,1,0,True,True,False,100,100,1217,15,1232,,,1230.92,1299,8,1307,0,0,1079.29
02a327c255af83d02e94,834,gemma-3-27b-reasoning,managed-prompt,tatoeba,da,nb,Denne by er kold og ensom uden dig.,Denne byen er kald og ensom uten deg.,"{""c"":""Denne byen er kald og einsam utan deg.""}",Denne byen er kald og einsam utan deg.,True,1,0,True,True,False,True,,True,,True,"{""reason"":""detector_match"",""detected"":""no"",""confidence"":1.0}",True,[],[],True,,"{""errors"":[{""category"":""fluency"",""severity"":""major""},{""category"":""fluency"",""severity"":""minor""}]}",False,"[{""category"":""fluency"",""severity"":""major""},{""category"":""fluency"",""severity"":""minor""}]",True,1,0,True,True,False,82,82,1219,15,1234,,,753.22,1309,28,1337,0,0,1411.21
14d84e0de3d6d52fbddd,835,gemma-3-27b-reasoning,managed-prompt,tatoeba,da,nb,Jeg stod sent op i dag til morgen.,Jeg sto opp sent i dag morges.,"{""c"":""Jeg stod sent opp i dag morges.""}",Jeg stod sent opp i dag morges.,True,1,0,True,True,False,True,,True,,True,"{""reason"":""detector_match"",""detected"":""no"",""confidence"":1.0}",True,[],[],True,,"{""errors"":[]}",True,[],True,1,0,True,True,False,100,100,1217,14,1231,,,780.11,1307,8,1315,0,0,1103.61
0394db6117aa31c393a9,836,gemma-3-27b-reasoning,managed-prompt,tatoeba,da,nb,Jeg har altid ønsket at møde dig.,Jeg har alltid ville møte deg.,"{""c"":""Jeg har alltid ønsket å møte deg.""}",Jeg har alltid ønsket å møte deg.,True,1,0,True,True,False,True,,True,,True,"{""reason"":""detector_match"",""detected"":""no"",""confidence"":1.0}",True,[],[],True,,"{""errors"":[]}",True,[],True,1,0,True,True,False,100,100,1218,15,1233,,,979.12,1307,8,1315,0,0,1084.83
f7eb03e62c829504ce5e,837,gemma-3-27b-reasoning,managed-prompt,tatoeba,da,nb,Du hjalp mig ikke.,Du hjalp meg ikke.,"{""c"":""Du hjalp meg ikke.""}",Du hjalp meg ikke.,True,1,0,True,True,False,True,,True,,,"{""reason"":""detector_inconclusive"",""detected"":""no"",""confidence"":0.5714}",True,[],[],True,,"{""errors"":[]}",True,[],True,1,0,True,True,False,100,100,1215,12,1227,,,943.13,1293,8,1301,0,0,1279.8
29b8102460e09efcbd50,838,gemma-3-27b-reasoning,managed-prompt,tatoeba,da,nb,Ankommer de klokken seks eller klokken syv?,Kommer du klokken seks eller klokken syv?,"{""c"":""Kommer de klokken seks eller klokken syv?""}",Kommer de klokken seks eller klokken syv?,True,1,0,True,True,False,True,,True,,True,"{""reason"":""detector_match"",""detected"":""no"",""confidence"":1.0}",True,[],[],True,,"{""errors"":[{""category"":""accuracy"",""severity"":""major""}]}",False,"[{""category"":""accuracy"",""severity"":""major""}]",True,1,0,True,True,False,85,85,1222,19,1241,,,905.54,1319,17,1336,0,0,1349.07
14c10ca363f12bbb50a5,839,gemma-3-27b-reasoning,managed-prompt,tatoeba,da,nb,"Tag den du bedst kan lide, lige meget hvilken det er.","Ta den du liker best, samme hvilken det er.","{""c"":""Merk den du liker best, uansett hvilken det er.""}","Merk den du liker best, uansett hvilken det er.",True,1,0,True,True,False,True,,True,,True,"{""reason"":""detector_match"",""detected"":""no"",""confidence"":1.0}",True,[],[],True,,"{""errors"":[]}",True,[],True,1,0,True,True,False,100,100,1224,20,1244,,,1024.83,1317,8,1325,0,0,2175.21
5bc107f2e672e146cd24,840,gemma-3-27b-reasoning,managed-prompt,tatoeba,de,da,Der Zweite Weltkrieg begann 1939.,Anden Verdenskrig begyndte i 1939.,"{""c"":""Anden Verdenskrig begyndte i 1939.""}",Anden Verdenskrig begyndte i 1939.,True,1,0,True,True,False,True,,True,,True,"{""reason"":""detector_match"",""detected"":""da"",""confidence"":1.0}",True,[],[],True,,"{""errors"":[]}",True,[],True,1,0,True,True,False,100,100,1219,20,1239,,,766.76,1313,8,1321,0,0,1228.61
9f823aff9b5218ed6b16,841,gemma-3-27b-reasoning,managed-prompt,tatoeba,de,da,Auf dem Meer herrschte gestern starker Seegang.,På havet herskede der i går en voldsom søgang.,"{""c"":""I går var der kraftig sø på havet.""}",I går var der kraftig sø på havet.,True,1,0,True,True,False,True,,True,,,"{""reason"":""detector_mismatch_uncertain"",""detected"":""no"",""confidence"":1.0}",True,[],[],True,,"{""errors"":[{""category"":""accuracy"",""severity"":""major""}]}",False,"[{""category"":""accuracy"",""severity"":""major""}]",True,1,0,True,True,False,85,85,1220,16,1236,,,865.82,1316,17,1333,0,0,1255.95
a99948a416a960c898b1,842,gemma-3-27b-reasoning,managed-prompt,tatoeba,de,da,"Es ist kein Geheimnis, dass Tom Mary nicht mag.",Det er ingen hemmelighed at Tom ikke kan lide Maria.,"{""c"":""Det er ingen hemmelighed, at Tom ikke kan lide Mary.""}","Det er ingen hemmelighed, at Tom ikke kan lide Mary.",True,1,0,True,True,False,True,,True,,True,"{""reason"":""detector_match"",""detected"":""da"",""confidence"":1.0}",True,[],[],True,,"{""errors"":[]}",True,[],True,1,0,True,True,False,100,100,1220,21,1241,,,963.68,1316,8,1324,0,0,1023.84
4481c01d82eb187c8694,843,gemma-3-27b-reasoning,managed-prompt,tatoeba,de,da,Er hat bei der Bundeswehr seinen LKW-Führerschein gemacht.,Han fik kørekort til lastbil mens han var inde som soldat.,"{""c"":""Han taget sit lastbilskørekort i det tyske forsvar.""}",Han taget sit lastbilskørekort i det tyske forsvar.,True,1,0,True,True,False,True,,True,,,"{""reason"":""detector_mismatch_uncertain"",""detected"":""no"",""confidence"":0.9998}",True,[],[],True,,"{""errors"":[{""category"":""fluency"",""severity"":""critical""},{""category"":""accuracy"",""severity"":""minor""}]}",False,"[{""category"":""fluency"",""severity"":""critical""},{""category"":""accuracy"",""severity"":""minor""}]",True,1,0,True,True,False,57,57,1224,21,1245,,,977.11,1327,27,1354,0,0,1347.8
c976a3fc8b11a3b29d8a,844,gemma-3-27b-reasoning,managed-prompt,tatoeba,de,da,Französisch ist nicht meine Muttersprache.,Fransk er ikke mit modersmål.,"{""c"":""Fransk er ikke mit modersmål.""}",Fransk er ikke mit modersmål.,True,1,0,True,True,False,True,,True,,True,"{""reason"":""detector_match"",""detected"":""da"",""confidence"":1.0}",True,[],[],True,,"{""errors"":[]}",True,[],True,1,0,True,True,False,100,100,1218,15,1233,,,800.93,1302,8,1310,0,0,1199.97
8e223ca139f9a3ed5455,845,gemma-3-27b-reasoning,managed-prompt,tatoeba,de,da,Wir haben einen Geheimgang entdeckt.,Vi har opdaget en hemmelig gang.,"{""c"":""Vi har opdaget en hemmelig gang.""}",Vi har opdaget en hemmelig gang.,True,1,0,True,True,False,True,,True,,True,"{""reason"":""detector_match"",""detected"":""da"",""confidence"":1.0}",True,[],[],True,,"{""errors"":[]}",True,[],True,1,0,True,True,False,100,100,1217,16,1233,,,835.4,1305,8,1313,0,0,1588.52
0c2940f0dc33b56a8d2c,846,gemma-3-27b-reasoning,managed-prompt,tatoeba,de,da,"Tom konnte sich nicht entscheiden, ob er seinen Hund Cookie oder Pochi nennen sollte.",Tom kunne ikke beslutte sig for om hans hund skulle hedde Cookie eller Pochi.,"{""c"":""Tom kunne ikke beslutte sig for, om han skulle kalde sin hund Cookie eller Pochi.""}","Tom kunne ikke beslutte sig for, om han skulle kalde sin hund Cookie eller Pochi.",True,1,0,True,True,False,True,,True,,,"{""reason"":""detector_mismatch_uncertain"",""detected"":""no"",""confidence"":1.0}",True,[],[],True,,"{""errors"":[]}",True,[],True,1,0,True,True,False,100,100,1225,25,1250,,,765.02,1340,8,1348,0,0,1246.43
677995c4f158d3821da0,847,gemma-3-27b-reasoning,managed-prompt,tatoeba,de,da,Ich habe einen Apfelbaum in meinen Garten gepflanzt.,Jeg har plantet et æbletræ i min have.,"{""c"":""Jeg har plantet et æbletræ i min have.""}",Jeg har plantet et æbletræ i min have.,True,1,0,True,True,False,True,,True,,True,"{""reason"":""detector_match"",""detected"":""da"",""confidence"":1.0}",True,[],[],True,,"{""errors"":[]}",True,[],True,1,0,True,True,False,100,100,1222,18,1240,,,1126.87,1322,8,1330,0,0,1219.77
21782847ee9ed2231836,848,gemma-3-27b-reasoning,managed-prompt,tatoeba,de,da,"Weißt du was, Tom? Du hast recht!","Ved du hvad, Tom, du har ret!","{""c"":""Ved du hvad, Tom? Du har ret!""}","Ved du hvad, Tom? Du har ret!",True,1,0,True,True,False,True,,True,,,"{""reason"":""detector_inconclusive"",""detected"":""da"",""confidence"":0.5977}",True,[],[],True,,"{""errors"":[]}",True,[],True,1,0,True,True,False,100,100,1220,15,1235,,,1133.86,1308,8,1316,0,0,1162.16
e6eca2defed4244a20fb,849,gemma-3-27b-reasoning,managed-prompt,tatoeba,de,da,Maria kam zuletzt.,Maria kom sidst.,"{""c"":""Maria kom sidst.""}",Maria kom sidst.,True,1,0,True,True,False,True,,True,,,"{""reason"":""detector_mismatch_uncertain"",""detected"":""sv"",""confidence"":1.0}",True,[],[],True,,"{""errors"":[]}",True,[],True,1,0,True,True,False,100,100,1212,10,1222,,,840.6,1287,8,1295,0,0,1164.3
60bb4236484af9897a88,850,gemma-3-27b-reasoning,managed-prompt,tatoeba,de,en,"Ich verstehe nicht, warum er sie nicht einfach fragt, ob sie mit ihm ausgeht.",I don't see why he doesn't just ask her out.,"{""c"":""I don't understand why he doesn't just ask her out.""}",I don't understand why he doesn't just ask her out.,True,1,0,True,True,False,True,,True,,True,"{""reason"":""detector_match"",""detected"":""en"",""confidence"":1.0}",True,[],[],True,,"{""errors"":[]}",True,[],True,1,0,True,True,False,100,100,1228,20,1248,,,887.21,1322,8,1330,0,0,1220.0
b935a3cce66dacef017c,851,gemma-3-27b-reasoning,managed-prompt,tatoeba,de,en,Wir haben dort niemanden gesehen.,We didn't see anybody there.,"{""c"":""We didn't see anyone there.""}",We didn't see anyone there.,True,1,0,True,True,False,True,,True,,True,"{""reason"":""detector_match"",""detected"":""en"",""confidence"":1.0}",True,[],[],True,,"{""errors"":[]}",True,[],True,1,0,True,True,False,100,100,1215,13,1228,,,778.45,1295,8,1303,0,0,1219.73
cd37d72bc8ad09f553a2,852,gemma-3-27b-reasoning,managed-prompt,tatoeba,de,en,Die Lebensqualität in München ist sehr hoch.,The quality of life in Munich is very high.,"{""c"":""The quality of life in Munich is very high.""}",The quality of life in Munich is very high.,True,1,0,True,True,False,True,,True,,True,"{""reason"":""detector_match"",""detected"":""en"",""confidence"":1.0}",True,[],[],True,,"{""errors"":[]}",True,[],True,1,0,True,True,False,100,100,1217,15,1232,,,686.56,1304,8,1312,0,0,1113.38
e2d45ba623e341931004,853,gemma-3-27b-reasoning,managed-prompt,tatoeba,de,en,Wir mussten unsere Schulden abschreiben.,We had to write off the debt.,"{""c"":""We had to write off our debts.""}",We had to write off our debts.,True,1,0,True,True,False,True,,True,,True,"{""reason"":""detector_match"",""detected"":""en"",""confidence"":1.0}",True,[],[],True,,"{""errors"":[]}",True,[],True,1,0,True,True,False,100,100,1216,13,1229,,,651.71,1303,8,1311,0,0,1125.53
a0aba4a0df0de6afcc4c,854,gemma-3-27b-reasoning,managed-prompt,tatoeba,de,en,Tom ist letztlich doch nicht nach Boston gefahren.,Tom didn't go to Boston after all.,"{""c"":""Tom ultimately did not go to Boston.""}",Tom ultimately did not go to Boston.,True,1,0,True,True,False,True,,True,,True,"{""reason"":""detector_match"",""detected"":""en"",""confidence"":1.0}",True,[],[],True,,"{""errors"":[]}",True,[],True,1,0,True,True,False,100,100,1219,13,1232,,,627.86,1302,8,1310,0,0,1125.36
d7eefd0d3f11222efedd,855,gemma-3-27b-reasoning,managed-prompt,tatoeba,de,en,Ich arbeite als Busfahrerin.,I work as a bus driver.,"{""c"":""I work as a bus driver.""}",I work as a bus driver.,True,1,0,True,True,False,True,,True,,True,"{""reason"":""detector_match"",""detected"":""en"",""confidence"":0.8571}",True,[],[],True,,"{""errors"":[]}",True,[],True,1,0,True,True,False,100,100,1216,12,1228,,,787.65,1296,8,1304,0,0,1103.92
2ba1edcf12e9a653f8fe,856,gemma-3-27b-reasoning,managed-prompt,tatoeba,de,en,In dieser Straße kannst du deinen Wagen nicht parken.,You can't park your car in this road.,"{""c"":""You can't park your car on this street.""}",You can't park your car on this street.,True,1,0,True,True,False,True,,True,,True,"{""reason"":""detector_match"",""detected"":""en"",""confidence"":1.0}",True,[],[],True,,"{""errors"":[]}",True,[],True,1,0,True,True,False,100,100,1219,16,1235,,,964.4,1308,8,1316,0,0,1708.98
77f6107ba87566582bf1,857,gemma-3-27b-reasoning,managed-prompt,tatoeba,de,en,"Ich glaube Naomi nicht. Ich glaube, sie lügt.",I don't believe Naomi. I think she's lying.,"{""c"":""I don't believe Naomi. I think she's lying.""}",I don't believe Naomi. I think she's lying.,True,1,0,True,True,False,True,,True,,True,"{""reason"":""detector_match"",""detected"":""en"",""confidence"":1.0}",True,[],[],True,,"{""errors"":[]}",True,[],True,1,0,True,True,False,100,100,1221,19,1240,,,695.06,1320,8,1328,0,0,1274.94
e70b99b46c552b46a7b7,858,gemma-3-27b-reasoning,managed-prompt,tatoeba,de,en,Dienstliche Angelegenheiten sind niemals dringend.,Official business is never urgent.,"{""c"":""Official business is never urgent.""}",Official business is never urgent.,True,1,0,True,True,False,True,,True,,True,"{""reason"":""detector_match"",""detected"":""en"",""confidence"":1.0}",True,[],[],True,,"{""errors"":[]}",True,[],True,1,0,True,True,False,100,100,1218,11,1229,,,1155.33,1300,8,1308,0,0,1236.6
829a429fd44d4093a895,859,gemma-3-27b-reasoning,managed-prompt,tatoeba,de,en,Halt die Klappe und küss mich.,Shut up and kiss me.,"{""c"":""Shut your mouth and kiss me.""}",Shut your mouth and kiss me.,True,1,0,True,True,False,True,,True,,True,"{""reason"":""detector_match"",""detected"":""en"",""confidence"":1.0}",True,[],[],True,,"{""errors"":[]}",True,[],True,1,0,True,True,False,100,100,1218,12,1230,,,748.6,1299,8,1307,0,0,1312.58
a91e2e6ef6638374587a,860,gemma-3-27b-reasoning,managed-prompt,tatoeba,de,es,"Wie kann ich einem Freund helfen, mit dem Rauchen aufzuhören?",¿Cómo puedo ayudar a un amigo a dejar de fumar?,"{""c"":""¿Cómo puedo ayudar a un amigo a dejar de fumar?""}",¿Cómo puedo ayudar a un amigo a dejar de fumar?,True,1,0,True,True,False,True,,True,,True,"{""reason"":""detector_match"",""detected"":""es"",""confidence"":1.0}",True,[],[],True,,"{""errors"":[]}",True,[],True,1,0,True,True,False,100,100,1224,17,1241,,,893.71,1339,8,1347,0,0,1109.23
2dbecd2f0578903a64e9,861,gemma-3-27b-reasoning,managed-prompt,tatoeba,de,es,Wie viele Bücher liest du pro Monat?,¿Cuántos libros lees al mes?,"{""c"":""¿Cuántos libros lees al mes?""}",¿Cuántos libros lees al mes?,True,1,0,True,True,False,True,,True,,True,"{""reason"":""detector_match"",""detected"":""es"",""confidence"":1.0}",True,[],[],True,,"{""errors"":[]}",True,[],True,1,0,True,True,False,100,100,1217,13,1230,,,959.17,1314,8,1322,0,0,1148.42
a5ec18d4efd352885ced,862,gemma-3-27b-reasoning,managed-prompt,tatoeba,de,es,Wir sind nicht jung.,No somos jóvenes.,"{""c"":""No somos jóvenes.""}",No somos jóvenes.,True,1,0,True,True,False,True,,True,,True,"{""reason"":""detector_match"",""detected"":""es"",""confidence"":1.0}",True,[],[],True,,"{""errors"":[]}",True,[],True,1,0,True,True,False,100,100,1213,9,1222,,,556.94,1294,8,1302,0,0,1196.43
3ff88d0f675e2dbb4ad3,863,gemma-3-27b-reasoning,managed-prompt,tatoeba,de,es,Damals waren wir reich.,Entonces éramos ricos.,"{""c"":""En aquellos días éramos ricos.""}",En aquellos días éramos ricos.,True,1,0,True,True,False,True,,True,,True,"{""reason"":""detector_match"",""detected"":""es"",""confidence"":1.0}",True,[],[],True,,"{""errors"":[]}",True,[],True,1,0,True,True,False,100,100,1214,12,1226,,,761.21,1296,8,1304,0,0,5532.15
8fd8ba60b97b5f1438fb,864,gemma-3-27b-reasoning,managed-prompt,tatoeba,de,es,"Der Mann, den ich besuchte, war Herr Doi.",El hombre que visité era el señor Doi.,"{""c"":""El hombre que visité fue el Sr. Doi.""}",El hombre que visité fue el Sr. Doi.,True,1,0,True,True,False,True,,True,,,"{""reason"":""detector_mismatch_uncertain"",""detected"":""fr"",""confidence"":1.0}",True,[],[],True,,"{""errors"":[]}",True,[],True,1,0,True,True,False,100,100,1219,16,1235,,,724.91,1313,8,1321,0,0,1229.93
dedce3af8c203ce22d94,865,gemma-3-27b-reasoning,managed-prompt,tatoeba,de,es,Hast du den Hund heute Morgen gefüttert?,¿Alimentaste al perro esta mañana?,"{""c"":""¿Has alimentado al perro esta mañana?""}",¿Has alimentado al perro esta mañana?,True,1,0,True,True,False,True,,True,,True,"{""reason"":""detector_match"",""detected"":""es"",""confidence"":1.0}",True,[],[],True,,"{""errors"":[]}",True,[],True,1,0,True,True,False,100,100,1218,14,1232,,,979.98,1316,8,1324,0,0,1205.17
10638cf80b0b433f47da,866,gemma-3-27b-reasoning,managed-prompt,tatoeba,de,es,Mein Hobby ist Gitarre spielen.,Mi pasatiempo es tocar la guitarra.,"{""c"":""Mi afición es tocar la guitarra.""}",Mi afición es tocar la guitarra.,True,1,0,True,True,False,True,,True,,True,"{""reason"":""detector_match"",""detected"":""es"",""confidence"":0.8571}",True,[],[],True,,"{""errors"":[]}",True,[],True,1,0,True,True,False,100,100,1215,13,1228,,,597.13,1304,8,1312,0,0,1201.91
8e882df20293056b3b30,867,gemma-3-27b-reasoning,managed-prompt,tatoeba,de,es,Ändere bitte die Flagge.,"Por favor, cambia la bandera.","{""c"":""Por favor, cambia la bandera.""}","Por favor, cambia la bandera.",True,1,0,True,True,False,True,,True,,True,"{""reason"":""detector_match"",""detected"":""es"",""confidence"":1.0}",True,[],[],True,,"{""errors"":[]}",True,[],True,1,0,True,True,False,100,100,1216,12,1228,,,632.72,1300,8,1308,0,0,1090.32
7100275da4689022b486,868,gemma-3-27b-reasoning,managed-prompt,tatoeba,de,es,Ich kenne hier niemanden.,Aquí no conozco a nadie.,"{""c"":""No conozco a nadie aquí.""}",No conozco a nadie aquí.,True,1,0,True,True,False,True,,True,,True,"{""reason"":""detector_match"",""detected"":""es"",""confidence"":0.9971}",True,[],[],True,,"{""errors"":[]}",True,[],True,1,0,True,True,False,100,100,1215,12,1227,,,649.2,1300,8,1308,0,0,1125.94
1a659a54c481f4f4962d,869,gemma-3-27b-reasoning,managed-prompt,tatoeba,de,es,Sie wurde rot vor Scham.,Ella se ruborizó de vergüenza.,"{""c"":""Se puso roja de vergüenza.""}",Se puso roja de vergüenza.,True,1,0,True,True,False,True,,True,,,"{""reason"":""detector_mismatch_uncertain"",""detected"":""sl"",""confidence"":1.0}",True,[],[],True,,"{""errors"":[]}",True,[],True,1,0,True,True,False,100,100,1215,13,1228,,,910.39,1300,8,1308,0,0,1311.13
9f81e8e94ccfc6b36448,870,gemma-3-27b-reasoning,managed-prompt,tatoeba,de,fr,Tom hat mir nicht zugehört.,Tom ne m'a pas écouté.,"{""c"":""Tom ne m\""a pas écouté.""}","Tom ne m""a pas écouté.",True,1,0,True,True,False,True,,True,,True,"{""reason"":""detector_match"",""detected"":""fr"",""confidence"":1.0}",True,[],[],True,,"{""errors"":[{""category"":""preservation"",""severity"":""minor""}]}",True,"[{""category"":""preservation"",""severity"":""minor""}]",True,1,0,True,True,False,97,97,1216,15,1231,,,753.1,1299,17,1316,0,0,2595.73
a3f605cd858687c47502,871,gemma-3-27b-reasoning,managed-prompt,tatoeba,de,fr,Ihr könnt genauso gut Ski fahren wie euer Bruder.,Vous pouvez skier aussi bien que votre frère.,"{""c"":""Vous pouvez aussi bien skier que votre frère.""}",Vous pouvez aussi bien skier que votre frère.,True,1,0,True,True,False,True,,True,,True,"{""reason"":""detector_match"",""detected"":""fr"",""confidence"":1.0}",True,[],[],True,,"{""errors"":[]}",True,[],True,1,0,True,True,False,100,100,1218,14,1232,,,902.41,1320,8,1328,0,0,1122.26
4fafda977081dd08732d,872,gemma-3-27b-reasoning,managed-prompt,tatoeba,de,fr,Wie wird ein weiches Ei anständig gegessen?,Comment mange-t-on un œuf à la coque convenablement ?,"{""c"":""Comment manger un œuf mollet décemment?""}",Comment manger un œuf mollet décemment?,True,1,0,True,True,False,True,,True,,True,"{""reason"":""detector_match"",""detected"":""fr"",""confidence"":1.0}",True,[],[],True,,"{""errors"":[{""category"":""accuracy"",""severity"":""major""}]}",False,"[{""category"":""accuracy"",""severity"":""major""}]",True,1,0,True,True,False,85,85,1219,15,1234,,,1180.02,1318,19,1337,0,0,1555.9
bea5486cdf2a1d499804,873,gemma-3-27b-reasoning,managed-prompt,tatoeba,de,fr,Wann kommt ihr?,Quand viendrez-vous ?,"{""c"":""Quand venez-vous?""}",Quand venez-vous?,True,1,0,True,True,False,True,,True,,,"{""reason"":""detector_mismatch_uncertain"",""detected"":""de"",""confidence"":1.0}",True,[],[],True,,"{""errors"":[]}",True,[],True,1,0,True,True,False,100,100,1213,10,1223,,,568.52,1298,8,1306,0,0,1175.47
5214ab29c02a3ab378ca,874,gemma-3-27b-reasoning,managed-prompt,tatoeba,de,fr,Haben Sie schon mal etwas von dieser Person gehört?,Avez-vous déjà entendu parler de cette personne ?,"{""c"":""Avez-vous déjà entendu parler de cette personne ?""}",Avez-vous déjà entendu parler de cette personne ?,True,1,0,True,True,False,True,,True,,True,"{""reason"":""detector_match"",""detected"":""fr"",""confidence"":1.0}",True,[],[],True,,"{""errors"":[]}",True,[],True,1,0,True,True,False,100,100,1219,16,1235,,,1077.37,1325,8,1333,0,0,1139.57
59d5e67e0d39cb92abab,875,gemma-3-27b-reasoning,managed-prompt,tatoeba,de,fr,Die Innenstadt ist laut.,Le centre-ville est bruyant.,"{""c"":""Le centre-ville est bruyant.""}",Le centre-ville est bruyant.,True,1,0,True,True,False,True,,True,,True,"{""reason"":""detector_match"",""detected"":""fr"",""confidence"":1.0}",True,[],[],True,,"{""errors"":[]}",True,[],True,1,0,True,True,False,100,100,1214,14,1228,,,711.82,1298,8,1306,0,0,2244.93
fcc588668933e0d6497f,876,gemma-3-27b-reasoning,managed-prompt,tatoeba,de,fr,Ihr gebt selten Zucker in euren Kaffee.,Vous mettez rarement du sucre dans votre café.,"{""c"":""Vous mettez rarement du sucre dans votre café.""}",Vous mettez rarement du sucre dans votre café.,True,1,0,True,True,False,True,,True,,True,"{""reason"":""detector_match"",""detected"":""fr"",""confidence"":1.0}",True,[],[],True,,"{""errors"":[]}",True,[],True,1,0,True,True,False,100,100,1218,15,1233,,,778.43,1318,8,1326,0,0,1225.04
c14cdd53daa4a0c870b8,877,gemma-3-27b-reasoning,managed-prompt,tatoeba,de,fr,Sie wissen es noch nicht.,Elles l'ignorent encore.,"{""c"":""Vous ne le savez pas encore.""}",Vous ne le savez pas encore.,True,1,0,True,True,False,True,,True,,True,"{""reason"":""detector_match"",""detected"":""fr"",""confidence"":1.0}",True,[],[],True,,"{""errors"":[]}",True,[],True,1,0,True,True,False,100,100,1214,12,1226,,,1229.55,1296,8,1304,0,0,1232.47
45bade454ce5e17fa1fb,878,gemma-3-27b-reasoning,managed-prompt,tatoeba,de,fr,Bitte rauchen Sie nicht drinnen.,Veuillez ne pas fumer à l'intérieur.,"{""c"":""Il est interdit de fumer à l'intérieur.""}",Il est interdit de fumer à l'intérieur.,True,1,0,True,True,False,True,,True,,True,"{""reason"":""detector_match"",""detected"":""fr"",""confidence"":1.0}",True,[],[],True,,"{""errors"":[{""category"":""tone"",""severity"":""minor""}]}",True,"[{""category"":""tone"",""severity"":""minor""}]",True,1,0,True,True,False,97,97,1216,16,1232,,,627.42,1312,17,1329,0,0,1256.04
0d75bbb9cf6b02af4af0,879,gemma-3-27b-reasoning,managed-prompt,tatoeba,de,fr,Ich will ihn nicht verärgern.,Je ne veux pas l'énerver.,"{""c"":""Je ne veux pas le contrarier.""}",Je ne veux pas le contrarier.,True,1,0,True,True,False,True,,True,,True,"{""reason"":""detector_match"",""detected"":""fr"",""confidence"":1.0}",True,[],[],True,,"{""errors"":[]}",True,[],True,1,0,True,True,False,100,100,1216,13,1229,,,635.21,1301,8,1309,0,0,1246.42
b53e15b49dadb0dd18ba,880,gemma-3-27b-reasoning,managed-prompt,tatoeba,de,it,Du bist eine Verdächtige.,Sei una sospettata.,"{""c"":""Sei un sospettoso.""}",Sei un sospettoso.,True,1,0,True,True,False,True,,True,,True,"{""reason"":""detector_match"",""detected"":""it"",""confidence"":1.0}",True,[],[],True,,"{""errors"":[{""category"":""accuracy"",""severity"":""major""},{""category"":""fluency"",""severity"":""minor""}]}",False,"[{""category"":""accuracy"",""severity"":""major""},{""category"":""fluency"",""severity"":""minor""}]",True,1,0,True,True,False,82,82,1216,12,1228,,,1158.09,1296,27,1323,0,0,1368.05
b0cfdd7eb8a78a14eae0,881,gemma-3-27b-reasoning,managed-prompt,tatoeba,de,it,"Ich weiß, dass Sie Lehrer sind.",So che sei un maestro.,"{""c"":""So che sei un insegnante.""}",So che sei un insegnante.,True,1,0,True,True,False,True,,True,,True,"{""reason"":""detector_match"",""detected"":""it"",""confidence"":1.0}",True,[],[],True,,"{""errors"":[{""category"":""terminology"",""severity"":""minor""}]}",True,"[{""category"":""terminology"",""severity"":""minor""}]",True,1,0,True,True,False,97,97,1216,12,1228,,,641.14,1299,17,1316,0,0,1155.96
90ec45fa2788df47d539,882,gemma-3-27b-reasoning,managed-prompt,tatoeba,de,it,Ich stehe um sieben Uhr auf.,Mi alzo alle 7:00.,"{""c"":""Mi sveglio alle sette.""}",Mi sveglio alle sette.,True,1,0,True,True,False,True,,True,,True,"{""reason"":""detector_match"",""detected"":""it"",""confidence"":1.0}",True,[],[],True,,"{""errors"":[{""category"":""accuracy"",""severity"":""major""}]}",False,"[{""category"":""accuracy"",""severity"":""major""}]",True,1,0,True,True,False,85,85,1216,11,1227,,,539.42,1300,17,1317,0,0,1114.0
d7b1d83f90ceba1e5b57,883,gemma-3-27b-reasoning,managed-prompt,tatoeba,de,it,"Wisst ihr, Tom ist intelligenter als ihr.","Tom è più intelligente di voi, sapete.","{""c"":""Sapete, Tom è più intelligente di voi.""}","Sapete, Tom è più intelligente di voi.",True,1,0,True,True,False,True,,True,,True,"{""reason"":""detector_match"",""detected"":""it"",""confidence"":1.0}",True,[],[],True,,"{""errors"":[]}",True,[],True,1,0,True,True,False,100,100,1219,15,1234,,,620.84,1308,8,1316,0,0,1227.22
2cd483e5234ea064ac85,884,gemma-3-27b-reasoning,managed-prompt,tatoeba,de,it,Ich brauche Ihre Hilfe nicht.,Non ho bisogno del suo aiuto.,"{""c"":""Non ho bisogno del tuo aiuto.""}",Non ho bisogno del tuo aiuto.,True,1,0,True,True,False,True,,True,,True,"{""reason"":""detector_match"",""detected"":""it"",""confidence"":1.0}",True,[],[],True,,"{""errors"":[{""category"":""tone"",""severity"":""minor""}]}",True,"[{""category"":""tone"",""severity"":""minor""}]",True,1,0,True,True,False,97,97,1215,12,1227,,,1246.45,1304,17,1321,0,0,1196.53
34185487c5ee29570c96,885,gemma-3-27b-reasoning,managed-prompt,tatoeba,de,it,Die Scheinheiligkeit ist der Tod der Demokratie.,L'ipocrisia è la morte della democrazia.,"{""c"":""L'ipocrisia è la morte della democrazia.""}",L'ipocrisia è la morte della democrazia.,True,1,0,True,True,False,True,,True,,True,"{""reason"":""detector_match"",""detected"":""it"",""confidence"":1.0}",True,[],[],True,,"{""errors"":[]}",True,[],True,1,0,True,True,False,100,100,1219,19,1238,,,676.48,1313,8,1321,0,0,1250.88
7031895d910485502876,886,gemma-3-27b-reasoning,managed-prompt,tatoeba,de,it,Nicht an meine alte Adresse schreiben! Ich bin umgezogen.,"Non scrivermi al vecchio indirizzo, mi sono trasferito.","{""c"":""Non scrivere al mio vecchio indirizzo! Mi sono trasferito.""}",Non scrivere al mio vecchio indirizzo! Mi sono trasferito.,True,1,0,True,True,False,True,,True,,True,"{""reason"":""detector_match"",""detected"":""it"",""confidence"":1.0}",True,[],[],True,,"{""errors"":[]}",True,[],True,1,0,True,True,False,100,100,1221,18,1239,,,1270.43,1328,8,1336,0,0,1174.1
2ba5c0a1d7eb05ccd8e1,887,gemma-3-27b-reasoning,managed-prompt,tatoeba,de,it,"Lass uns abwarten und schauen, wie sich die Dinge entwickeln.",Cerchiamo di aspettare e vedere come si sviluppano le cose.,"{""c"":""Vediamo come vanno le cose.""}",Vediamo come vanno le cose.,True,1,0,True,True,False,True,,True,,True,"{""reason"":""detector_match"",""detected"":""it"",""confidence"":1.0}",True,[],[],True,,"{""errors"":[{""category"":""accuracy"",""severity"":""minor""}]}",True,"[{""category"":""accuracy"",""severity"":""minor""}]",True,1,0,True,True,False,97,97,1223,12,1235,,,575.82,1321,17,1338,0,0,1192.6
8af777e463ee1cd31461,888,gemma-3-27b-reasoning,managed-prompt,tatoeba,de,it,Wer hat das gesagt? Das ist völlig falsch!,Chi l'ha detto? È assolutamente falso!,"{""c"":""Chi l'ha detto? Questo è completamente sbagliato!""}",Chi l'ha detto? Questo è completamente sbagliato!,True,1,0,True,True,False,True,,True,,True,"{""reason"":""detector_match"",""detected"":""it"",""confidence"":1.0}",True,[],[],True,,"{""errors"":[]}",True,[],True,1,0,True,True,False,100,100,1218,17,1235,,,851.16,1317,8,1325,0,0,2637.18
5fb9549475ffe5fe4cc4,889,gemma-3-27b-reasoning,managed-prompt,tatoeba,de,it,"Tom hatte Angst davor, einen Fehler zu machen.",Tom temeva di commettere un errore.,"{""c"":""Tom aveva paura di commettere un errore.""}",Tom aveva paura di commettere un errore.,True,1,0,True,True,False,True,,True,,True,"{""reason"":""detector_match"",""detected"":""it"",""confidence"":1.0}",True,[],[],True,,"{""errors"":[]}",True,[],True,1,0,True,True,False,100,100,1219,15,1234,,,922.37,1310,8,1318,0,0,1212.91
7b70d3478554109fff13,890,gemma-3-27b-reasoning,managed-prompt,tatoeba,de,jp,Du hättest mich anrufen sollen!,電話してくれればよかったのに。,"{""c"":""電話してくれればよかったのに！""}",電話してくれればよかったのに！,True,1,0,True,True,False,True,,True,,True,"{""reason"":""target_script_present"",""detected"":""ja"",""confidence"":1.0}",True,[],[],True,,"{""errors"":[]}",True,[],True,1,0,True,True,False,100,100,1217,12,1229,,,625.48,1309,8,1317,0,0,1232.32
de9194cd89dcfbcf1c95,891,gemma-3-27b-reasoning,managed-prompt,tatoeba,de,jp,Gab es eigentlich Pandas im Zoo von Ueno?,上野動物園にパンダっていたっけ？,"{""c"":""上野動物園にはパンダがいたんでしょうか？""}",上野動物園にはパンダがいたんでしょうか？,True,1,0,True,True,False,True,,True,,True,"{""reason"":""target_script_present"",""detected"":""ja"",""confidence"":1.0}",True,[],[],True,,"{""errors"":[]}",True,[],True,1,0,True,True,False,100,100,1218,18,1236,,,1093.58,1326,8,1334,0,0,2814.02
a15add03cb67494d04c2,892,gemma-3-27b-reasoning,managed-prompt,tatoeba,de,jp,"Wenn ich am Bahnhof ankomme, rufe ich dich sofort an.",駅に着いたらすぐ電話するよ。,"{""c"":""駅に着いたら、すぐに電話するよ。""}",駅に着いたら、すぐに電話するよ。,True,1,0,True,True,False,True,,True,,True,"{""reason"":""target_script_present"",""detected"":""ja"",""confidence"":1.0}",True,[],[],True,,"{""errors"":[]}",True,[],True,1,0,True,True,False,100,100,1223,14,1237,,,900.58,1330,8,1338,0,0,1137.81
57ce8fa28162e9b5f129,893,gemma-3-27b-reasoning,managed-prompt,tatoeba,de,jp,Sie schickt zweimal im Monat einen Brief an ihre Brieffreundin in London.,彼女は月に２回ロンドンのペンフレンドに手紙を出します。,"{""c"":""彼女はロンドンの文通友達に月に2回手紙を書きます。""}",彼女はロンドンの文通友達に月に2回手紙を書きます。,True,1,0,True,True,False,True,,True,,True,"{""reason"":""target_script_present"",""detected"":""ja"",""confidence"":1.0}",True,[],"[{""code"":""number_not_exact"",""expected"":{},""actual"":{""2"":1}}]",True,,"{""errors"":[]}",True,[],True,1,0,True,True,False,97,97,1226,22,1248,,,1232.7,1349,8,1357,0,0,1275.95
17e14065b6930c4e037e,894,gemma-3-27b-reasoning,managed-prompt,tatoeba,de,jp,Ich lese.,私は読みます。,"{""c"":""私は読みます。""}",私は読みます。,True,1,0,True,True,False,True,,True,,True,"{""reason"":""target_script_present"",""detected"":""ja"",""confidence"":1.0}",True,[],[],True,,"{""errors"":[]}",True,[],True,1,0,True,True,False,100,100,1211,9,1220,,,935.17,1290,8,1298,0,0,1206.44
d949ac05fcb7d5cfc6cf,895,gemma-3-27b-reasoning,managed-prompt,tatoeba,de,jp,Tom ist Politiker.,トムは政治家です。,"{""c"":""トムは政治家です。""}",トムは政治家です。,True,1,0,True,True,False,True,,True,,True,"{""reason"":""target_script_present"",""detected"":""ja"",""confidence"":1.0}",True,[],[],True,,"{""errors"":[]}",True,[],True,1,0,True,True,False,100,100,1212,11,1223,,,595.94,1294,8,1302,0,0,2423.02
316840d2a0ad7ebbafce,896,gemma-3-27b-reasoning,managed-prompt,tatoeba,de,jp,"Tom wusste zwar, dass man sich aufgrund seiner Körpergröße über ihn lustig machen würde, aber er beschloss dennoch, sich um einen Platz in der Basketballmannschaft zu bemühen.",トムは自分の身長についてからかわれることを知ってたけど、バスケットチームにトライアウトすることに決めた。,"{""c"":""トムは、自分の身長のせいでからかわれるだろうと分かっていたが、それでもバスケットボールチームに入るために努力することを決めた。""}",トムは、自分の身長のせいでからかわれるだろうと分かっていたが、それでもバスケットボールチームに入るために努力することを決めた。,True,1,0,True,True,False,True,,True,,True,"{""reason"":""target_script_present"",""detected"":""ja"",""confidence"":1.0}",True,[],[],True,,"{""errors"":[]}",True,[],True,1,0,True,True,False,100,100,1246,35,1281,,,900.28,1422,8,1430,0,0,1253.88
98f3af50e11a3c3de9d7,897,gemma-3-27b-reasoning,managed-prompt,tatoeba,de,jp,Ist ein Brief von ihm gekommen?,彼から便りはあった？,"{""c"":""彼から手紙は届きましたか？""}",彼から手紙は届きましたか？,True,1,0,True,True,False,True,,True,,True,"{""reason"":""target_script_present"",""detected"":""ja"",""confidence"":1.0}",True,[],[],True,,"{""errors"":[]}",True,[],True,1,0,True,True,False,100,100,1215,14,1229,,,885.4,1305,8,1313,0,0,1201.83
88819f229e89bacf2ecb,898,gemma-3-27b-reasoning,managed-prompt,tatoeba,de,jp,"Ich wünschte, ich wäre größer.",もっと背が高ければいいのになあ。,"{""c"":""もっと大きくなれたらいいのに。""}",もっと大きくなれたらいいのに。,True,1,0,True,True,False,True,,True,,True,"{""reason"":""target_script_present"",""detected"":""ja"",""confidence"":1.0}",True,[],[],True,,"{""errors"":[]}",True,[],True,1,0,True,True,False,100,100,1217,13,1230,,,714.43,1317,8,1325,0,0,1138.3
af56470407fc2af26789,899,gemma-3-27b-reasoning,managed-prompt,tatoeba,de,jp,"Es soll gesünder sein, Obst vor den Mahlzeiten anstatt danach zu essen.",果物は食後よりも食前に食べた方が体にいいらしいよ。,"{""c"":""食事の前に果物を食べる方が、食後に食べるよりも健康的であるべきです。""}",食事の前に果物を食べる方が、食後に食べるよりも健康的であるべきです。,True,1,0,True,True,False,True,,True,,True,"{""reason"":""target_script_present"",""detected"":""ja"",""confidence"":1.0}",True,[],[],True,,"{""errors"":[{""category"":""accuracy"",""severity"":""major""},{""category"":""tone"",""severity"":""major""}]}",False,"[{""category"":""accuracy"",""severity"":""major""},{""category"":""tone"",""severity"":""major""}]",True,1,0,True,True,False,70,70,1227,22,1249,,,1073.92,1358,26,1384,0,0,1301.79
ff196c09108a6e7ba773,900,gemma-3-27b-reasoning,managed-prompt,tatoeba,de,nl,Tom öffnete eine Thunfischdose.,Tom opende een blik tonijn.,"{""c"":""Tom opende een blik tonijn.""}",Tom opende een blik tonijn.,True,1,0,True,True,False,True,,True,,True,"{""reason"":""detector_match"",""detected"":""nl"",""confidence"":1.0}",True,[],[],True,,"{""errors"":[]}",True,[],True,1,0,True,True,False,100,100,1217,14,1231,,,821.93,1303,8,1311,0,0,1115.99
1ab4506ac1a29065978c,901,gemma-3-27b-reasoning,managed-prompt,tatoeba,de,nl,David ist sehr attraktiv.,David is erg aantrekkelijk.,"{""c"":""David is erg aantrekkelijk.""}",David is erg aantrekkelijk.,True,1,0,True,True,False,True,,True,,True,"{""reason"":""detector_match"",""detected"":""nl"",""confidence"":1.0}",True,[],[],True,,"{""errors"":[]}",True,[],True,1,0,True,True,False,100,100,1214,12,1226,,,828.7,1298,8,1306,0,0,1166.7
98330d9100388b5c58ae,902,gemma-3-27b-reasoning,managed-prompt,tatoeba,de,nl,Das passiert schon mal.,Dat gebeurt wel eens.,"{""c"":""Dat gebeurt wel eens.""}",Dat gebeurt wel eens.,True,1,0,True,True,False,True,,True,,True,"{""reason"":""detector_match"",""detected"":""nl"",""confidence"":0.8571}",True,[],[],True,,"{""errors"":[]}",True,[],True,1,0,True,True,False,100,100,1213,11,1224,,,1107.27,1294,8,1302,0,0,1143.89
4f8962340a46524fdf89,903,gemma-3-27b-reasoning,managed-prompt,tatoeba,de,nl,Eine Lungenentzündung verursacht Atembeschwerden.,Een longontsteking veroorzaakt ademhalingsproblemen.,"{""c"":""Een longontsteking veroorzaakt ademhalingsproblemen.""}",Een longontsteking veroorzaakt ademhalingsproblemen.,True,1,0,True,True,False,True,,True,,True,"{""reason"":""detector_match"",""detected"":""nl"",""confidence"":1.0}",True,[],[],True,,"{""errors"":[]}",True,[],True,1,0,True,True,False,100,100,1219,20,1239,,,1527.06,1320,8,1328,0,0,1246.48
d26cfa9c2c54ff212211,904,gemma-3-27b-reasoning,managed-prompt,tatoeba,de,nl,Ich war jung und unschuldig.,Ik was jong en onschuldig.,"{""c"":""Ik was jong en onschuldig.""}",Ik was jong en onschuldig.,True,1,0,True,True,False,True,,True,,True,"{""reason"":""detector_match"",""detected"":""nl"",""confidence"":0.8571}",True,[],[],True,,"{""errors"":[]}",True,[],True,1,0,True,True,False,100,100,1216,13,1229,,,886.09,1303,8,1311,0,0,1139.62
743a84c99b0ceaee79c6,905,gemma-3-27b-reasoning,managed-prompt,tatoeba,de,nl,Ich wasche mir fast täglich die Haare.,Ik was mijn haar bijna elke dag.,"{""c"":""Ik was mijn haar bijna elke dag.""}",Ik was mijn haar bijna elke dag.,True,1,0,True,True,False,True,,True,,True,"{""reason"":""detector_match"",""detected"":""nl"",""confidence"":1.0}",True,[],[],True,,"{""errors"":[]}",True,[],True,1,0,True,True,False,100,100,1218,13,1231,,,2242.57,1310,8,1318,0,0,1127.99
2715ed838b5b75280210,906,gemma-3-27b-reasoning,managed-prompt,tatoeba,de,nl,Der König neigte zu Schwermut und Langerweile.,De koning had last van zwaarmoedigheid en verveling.,"{""c"":""De koning was geneigd tot melancholie en verveling.""}",De koning was geneigd tot melancholie en verveling.,True,1,0,True,True,False,True,,True,,True,"{""reason"":""detector_match"",""detected"":""nl"",""confidence"":1.0}",True,[],[],True,,"{""errors"":[]}",True,[],True,1,0,True,True,False,100,100,1220,18,1238,,,880.32,1317,8,1325,0,0,1140.66
b6e66eb0ce9cfc58d3b3,907,gemma-3-27b-reasoning,managed-prompt,tatoeba,de,nl,Die Finnen trinken viel Kaffee.,De Finnen drinken veel koffie.,"{""c"":""De Finnen drinken veel koffie.""}",De Finnen drinken veel koffie.,True,1,0,True,True,False,True,,True,,True,"{""reason"":""detector_match"",""detected"":""nl"",""confidence"":1.0}",True,[],[],True,,"{""errors"":[]}",True,[],True,1,0,True,True,False,100,100,1216,14,1230,,,593.39,1308,8,1316,0,0,1127.88
32fa54ad56bbf0d93b9f,908,gemma-3-27b-reasoning,managed-prompt,tatoeba,de,nl,Es hat nur geringen Wert.,Het heeft weinig waarde.,"{""c"":""Het heeft maar weinig waarde.""}",Het heeft maar weinig waarde.,True,1,0,True,True,False,True,,True,,True,"{""reason"":""detector_match"",""detected"":""nl"",""confidence"":1.0}",True,[],[],True,,"{""errors"":[]}",True,[],True,1,0,True,True,False,100,100,1215,11,1226,,,586.29,1295,8,1303,0,0,1132.75
c0e29fcd51a8a93dd3a4,909,gemma-3-27b-reasoning,managed-prompt,tatoeba,de,nl,Rumänien ist ein Balkanstaat. Seine Hauptstadt ist Bukarest.,Roemenië is een Balkanland. Zijn hoofdstad is Boekarest.,"{""c"":""Roemenië is een Balkanstaat. De hoofdstad is Boekarest.""}",Roemenië is een Balkanstaat. De hoofdstad is Boekarest.,True,1,0,True,True,False,True,,True,,True,"{""reason"":""detector_match"",""detected"":""nl"",""confidence"":1.0}",True,[],[],True,,"{""errors"":[]}",True,[],True,1,0,True,True,False,100,100,1222,21,1243,,,747.59,1334,8,1342,0,0,1046.72
a0631f403e1a38cd5d16,910,gemma-3-27b-reasoning,managed-prompt,tatoeba,de,nb,Ich fühlte mich schlecht.,Jeg følte meg dårlig.,"{""c"":""Jeg følte meg dårlig.""}",Jeg følte meg dårlig.,True,1,0,True,True,False,True,,True,,True,"{""reason"":""detector_match"",""detected"":""no"",""confidence"":1.0}",True,[],[],True,,"{""errors"":[]}",True,[],True,1,0,True,True,False,100,100,1215,12,1227,,,782.01,1299,8,1307,0,0,1052.67
3f41a6999d8bc799947e,911,gemma-3-27b-reasoning,managed-prompt,tatoeba,de,nb,Das glaube ich nicht.,Det tror jeg ikke.,"{""c"":""Det tror jeg ikke.""}",Det tror jeg ikke.,True,1,0,True,True,False,True,,True,,True,"{""reason"":""detector_match"",""detected"":""no"",""confidence"":1.0}",True,[],[],True,,"{""errors"":[]}",True,[],True,1,0,True,True,False,100,100,1213,10,1223,,,522.66,1290,8,1298,0,0,1233.74
50f5bdde9d6a0508d1a2,912,gemma-3-27b-reasoning,managed-prompt,tatoeba,de,nb,Warum erzählst du uns das?,Hvorfor forteller du oss dette?,"{""c"":""Hvorfor forteller du oss dette?""}",Hvorfor forteller du oss dette?,True,1,0,True,True,False,True,,True,,True,"{""reason"":""detector_match"",""detected"":""no"",""confidence"":1.0}",True,[],[],True,,"{""errors"":[]}",True,[],True,1,0,True,True,False,100,100,1216,14,1230,,,678.16,1304,8,1312,0,0,1195.23
e00d62122581a1b2136b,913,gemma-3-27b-reasoning,managed-prompt,tatoeba,de,nb,Tom ist noch nicht zurückgekommen.,Tom har ikke kommet tilbake ennå.,"{""c"":""Tom er ikke kommet tilbake ennå.""}",Tom er ikke kommet tilbake ennå.,True,1,0,True,True,False,True,,True,,True,"{""reason"":""detector_match"",""detected"":""no"",""confidence"":1.0}",True,[],[],True,,"{""errors"":[]}",True,[],True,1,0,True,True,False,100,100,1216,14,1230,,,1503.37,1305,8,1313,0,0,1202.95
1dbf24150f3c79e0b16b,914,gemma-3-27b-reasoning,managed-prompt,tatoeba,de,nb,"Äpfel sind gewöhnlich grün, gelb oder rot.","Epler er vanligvis grønne, gule eller røde.","{""c"":""Epler er vanligvis grønne, gule eller røde.""}","Epler er vanligvis grønne, gule eller røde.",True,1,0,True,True,False,True,,True,,True,"{""reason"":""detector_match"",""detected"":""no"",""confidence"":0.9864}",True,[],[],True,,"{""errors"":[]}",True,[],True,1,0,True,True,False,100,100,1222,20,1242,,,940.55,1322,8,1330,0,0,1136.82
89767d41d259a7dc51e4,915,gemma-3-27b-reasoning,managed-prompt,tatoeba,de,nb,Kannst du ein gutes Buch empfehlen?,Kan du anbefale en god bok?,"{""c"":""Kan du anbefale en god bok?""}",Kan du anbefale en god bok?,True,1,0,True,True,False,True,,True,,,"{""reason"":""detector_inconclusive"",""detected"":""af"",""confidence"":0.7143}",True,[],[],True,,"{""errors"":[]}",True,[],True,1,0,True,True,False,100,100,1216,13,1229,,,829.05,1312,8,1320,0,0,1002.05
62dc44253b337018bdb6,916,gemma-3-27b-reasoning,managed-prompt,tatoeba,de,nb,Sie taten alles für ihn.,De gjorde alt for ham.,"{""c"":""De gjorde alt for ham.""}",De gjorde alt for ham.,True,1,0,True,True,False,True,,True,,True,"{""reason"":""detector_match"",""detected"":""no"",""confidence"":1.0}",True,[],[],True,,"{""errors"":[]}",True,[],True,1,0,True,True,False,100,100,1215,11,1226,,,1072.68,1292,8,1300,0,0,1155.4
98a3f83af44e7172742d,917,gemma-3-27b-reasoning,managed-prompt,tatoeba,de,nb,Algerien ist einer unserer Partner im Mittelmeerraum.,Algerie er en av våre partnere i Middelhavsregionen.,"{""c"":""Algerie er en av våre partnere i Middelhavsområdet.""}",Algerie er en av våre partnere i Middelhavsområdet.,True,1,0,True,True,False,True,,True,,True,"{""reason"":""detector_match"",""detected"":""no"",""confidence"":1.0}",True,[],[],True,,"{""errors"":[]}",True,[],True,1,0,True,True,False,100,100,1220,22,1242,,,734.15,1326,8,1334,0,0,1862.56
468e776143366b963a2e,918,gemma-3-27b-reasoning,managed-prompt,tatoeba,de,nb,Er ist viel geschickter als ich.,Han er mye flinkere enn meg.,"{""c"":""Han er mye dyktigere enn meg.""}",Han er mye dyktigere enn meg.,True,1,0,True,True,False,True,,True,,True,"{""reason"":""detector_match"",""detected"":""no"",""confidence"":1.0}",True,[],[],True,,"{""errors"":[]}",True,[],True,1,0,True,True,False,100,100,1217,14,1231,,,651.13,1304,8,1312,0,0,1121.95
4b1c674ccaafd6511b71,919,gemma-3-27b-reasoning,managed-prompt,tatoeba,de,nb,Hast du was gesagt?,Sa du noko?,"{""c"":""Sa du noe?""}",Sa du noe?,True,1,0,True,True,False,True,,True,,,"{""reason"":""too_short_for_language_detection"",""detected"":null,""confidence"":null}",True,[],[],True,,"{""errors"":[]}",True,[],True,1,0,True,True,False,100,100,1213,9,1222,,,688.95,1291,8,1299,0,0,1083.06
72d5d1fcbcee3271f244,920,gemma-3-27b-reasoning,managed-prompt,tatoeba,en,da,In America traffic keeps to the right.,I Amerika er der højrekørsel.,"{""c"":""I Amerika holder trafikken til højre.""}",I Amerika holder trafikken til højre.,True,1,0,True,True,False,True,,True,,True,"{""reason"":""detector_match"",""detected"":""da"",""confidence"":1.0}",True,[],[],True,,"{""errors"":[]}",True,[],True,1,0,True,True,False,100,100,1216,14,1230,,,681.51,1298,8,1306,0,0,1067.34
e79786e5600a3123b7f6,921,gemma-3-27b-reasoning,managed-prompt,tatoeba,en,da,Tom accepted the challenge.,Tom tog imod udfordringen.,"{""c"":""Tom accepterede udfordringen.""}",Tom accepterede udfordringen.,True,1,0,True,True,False,True,,True,,True,"{""reason"":""detector_match"",""detected"":""da"",""confidence"":1.0}",True,[],[],True,,"{""errors"":[]}",True,[],True,1,0,True,True,False,100,100,1213,12,1225,,,969.5,1291,8,1299,0,0,1194.07
99c4edd0d2f71c3c3060,922,gemma-3-27b-reasoning,managed-prompt,tatoeba,en,da,Tom has tiny hands.,Tom har små hænder.,"{""c"":""Tom har små hænder.""}",Tom har små hænder.,True,1,0,True,True,False,True,,True,,True,"{""reason"":""detector_match"",""detected"":""da"",""confidence"":1.0}",True,[],[],True,,"{""errors"":[]}",True,[],True,1,0,True,True,False,100,100,1213,11,1224,,,567.55,1290,8,1298,0,0,1172.21
63961cbde72265d404c9,923,gemma-3-27b-reasoning,managed-prompt,tatoeba,en,da,What time does the rodeo start?,Hvad tid starter rodeoen?,"{""c"":""Hvornår starter rodeoen?""}",Hvornår starter rodeoen?,True,1,0,True,True,False,True,,True,,,"{""reason"":""detector_inconclusive"",""detected"":""da"",""confidence"":0.5946}",True,[],[],True,,"{""errors"":[]}",True,[],True,1,0,True,True,False,100,100,1215,12,1227,,,1064.57,1299,8,1307,0,0,1112.07
1e8114bf56c4122f9688,924,gemma-3-27b-reasoning,managed-prompt,tatoeba,en,da,I thought that Tom was rich.,Jeg troede at Tom var rig.,"{""c"":""Jeg troede, at Tom var rig.""}","Jeg troede, at Tom var rig.",True,1,0,True,True,False,True,,True,,,"{""reason"":""detector_inconclusive"",""detected"":""af"",""confidence"":0.5714}",True,[],[],True,,"{""errors"":[]}",True,[],True,1,0,True,True,False,100,100,1215,14,1229,,,889.57,1299,8,1307,0,0,1220.06
904ceef8591766a0b0f0,925,gemma-3-27b-reasoning,managed-prompt,tatoeba,en,da,Am I safe now?,Er jeg i sikkerhed nu?,"{""c"":""Er jeg sikker nu?""}",Er jeg sikker nu?,True,1,0,True,True,False,True,,True,,,"{""reason"":""detector_mismatch_uncertain"",""detected"":""no"",""confidence"":1.0}",True,[],[],True,,"{""errors"":[]}",True,[],True,1,0,True,True,False,100,100,1213,10,1223,,,552.46,1292,8,1300,0,0,1094.77
976a7eae514f614004b7,926,gemma-3-27b-reasoning,managed-prompt,tatoeba,en,da,Can't you do that?,Kan I ikke gøre det?,"{""c"":""Kan du ikke det?""}",Kan du ikke det?,True,1,0,True,True,False,True,,True,,,"{""reason"":""detector_inconclusive"",""detected"":""af"",""confidence"":0.8573}",True,[],[],True,,"{""errors"":[{""category"":""accuracy"",""severity"":""major""}]}",False,"[{""category"":""accuracy"",""severity"":""major""}]",True,1,0,True,True,False,85,85,1215,10,1225,,,527.3,1294,17,1311,0,0,1127.36
fa5c078fc6a229ee3388,927,gemma-3-27b-reasoning,managed-prompt,tatoeba,en,da,Open the door.,Åbn døren.,"{""c"":""Åbn døren.""}",Åbn døren.,True,1,0,True,True,False,True,,True,,,"{""reason"":""detector_mismatch_uncertain"",""detected"":""no"",""confidence"":1.0}",True,[],[],True,,"{""errors"":[]}",True,[],True,1,0,True,True,False,100,100,1212,10,1222,,,782.92,1287,8,1295,0,0,1786.36
946b985726c5568cd66f,928,gemma-3-27b-reasoning,managed-prompt,tatoeba,en,da,Have you decided where you're going to celebrate Christmas Eve?,Har du besluttet hvor du vil holde juleaften?,"{""c"":""Har du besluttet, hvor du vil fejre juleaften?""}","Har du besluttet, hvor du vil fejre juleaften?",True,1,0,True,True,False,True,,True,,True,"{""reason"":""detector_match"",""detected"":""da"",""confidence"":1.0}",True,[],[],True,,"{""errors"":[]}",True,[],True,1,0,True,True,False,100,100,1221,22,1243,,,939.38,1316,8,1324,0,0,1229.17
8e305deec07f513cdd52,929,gemma-3-27b-reasoning,managed-prompt,tatoeba,en,da,Everyone has voted.,Alle har stemt.,"{""c"":""Alle har stemt.""}",Alle har stemt.,True,1,0,True,True,False,True,,True,,True,"{""reason"":""detector_match"",""detected"":""da"",""confidence"":1.0}",True,[],[],True,,"{""errors"":[]}",True,[],True,1,0,True,True,False,100,100,1212,10,1222,,,740.31,1287,8,1295,0,0,2268.11
fc636a3d4d881f97280f,930,gemma-3-27b-reasoning,managed-prompt,tatoeba,en,de,I don't see why he doesn't just ask her out.,"Ich verstehe nicht, warum er sie nicht einfach fragt, ob sie mit ihm ausgeht.","{""c"":""Ich verstehe nicht, warum er sie nicht einfach um ein Date bittet.""}","Ich verstehe nicht, warum er sie nicht einfach um ein Date bittet.",True,1,0,True,True,False,True,,True,,True,"{""reason"":""detector_match"",""detected"":""de"",""confidence"":1.0}",True,[],[],True,,"{""errors"":[]}",True,[],True,1,0,True,True,False,100,100,1223,21,1244,,,805.86,1329,8,1337,0,0,1199.94
c86cb441513a01477655,931,gemma-3-27b-reasoning,managed-prompt,tatoeba,en,de,We didn't see anybody there.,Wir haben dort niemanden gesehen.,"{""c"":""Wir haben dort niemanden gesehen.""}",Wir haben dort niemanden gesehen.,True,1,0,True,True,False,True,,True,,True,"{""reason"":""detector_match"",""detected"":""de"",""confidence"":1.0}",True,[],[],True,,"{""errors"":[]}",True,[],True,1,0,True,True,False,100,100,1216,12,1228,,,639.87,1298,8,1306,0,0,1140.06
f33435c71bee80570942,932,gemma-3-27b-reasoning,managed-prompt,tatoeba,en,de,The quality of life in Munich is very high.,Die Lebensqualität in München ist sehr hoch.,"{""c"":""Die Lebensqualität in München ist sehr hoch.""}",Die Lebensqualität in München ist sehr hoch.,True,1,0,True,True,False,True,,True,,True,"{""reason"":""detector_match"",""detected"":""de"",""confidence"":1.0}",True,[],[],True,,"{""errors"":[]}",True,[],True,1,0,True,True,False,100,100,1218,14,1232,,,690.76,1307,8,1315,0,0,1112.0
91703cd55ea4fb29ed0f,933,gemma-3-27b-reasoning,managed-prompt,tatoeba,en,de,We had to write off the debt.,Wir mussten unsere Schulden abschreiben.,"{""c"":""Wir mussten die Schuld abschreiben.""}",Wir mussten die Schuld abschreiben.,True,1,0,True,True,False,True,,True,,True,"{""reason"":""detector_match"",""detected"":""de"",""confidence"":1.0}",True,[],[],True,,"{""errors"":[]}",True,[],True,1,0,True,True,False,100,100,1216,12,1228,,,817.61,1308,8,1316,0,0,1211.99
b875ce00d680491cb94d,934,gemma-3-27b-reasoning,managed-prompt,tatoeba,en,de,Tom didn't go to Boston after all.,Tom ist letztlich doch nicht nach Boston gefahren.,"{""c"":""Tom fuhr schlussendlich doch nicht nach Boston.""}",Tom fuhr schlussendlich doch nicht nach Boston.,True,1,0,True,True,False,True,,True,,True,"{""reason"":""detector_match"",""detected"":""de"",""confidence"":1.0}",True,[],[],True,,"{""errors"":[]}",True,[],True,1,0,True,True,False,100,100,1218,16,1234,,,690.16,1307,8,1315,0,0,1099.76
3657aba3a90ae98150b8,935,gemma-3-27b-reasoning,managed-prompt,tatoeba,en,de,I work as a bus driver.,Ich arbeite als Busfahrerin.,"{""c"":""Ich arbeite als Busfahrer.""}",Ich arbeite als Busfahrer.,True,1,0,True,True,False,True,,True,,True,"{""reason"":""detector_match"",""detected"":""de"",""confidence"":1.0}",True,[],[],True,,"{""errors"":[]}",True,[],True,1,0,True,True,False,100,100,1215,12,1227,,,642.86,1299,8,1307,0,0,1124.78
4ef01f75f5cf341e3d8e,936,gemma-3-27b-reasoning,managed-prompt,tatoeba,en,de,You can't park your car in this road.,In dieser Straße kannst du deinen Wagen nicht parken.,"{""c"":""Man kann hier nicht mit dem Auto parken.""}",Man kann hier nicht mit dem Auto parken.,True,1,0,True,True,False,True,,True,,,"{""reason"":""detector_inconclusive"",""detected"":""de"",""confidence"":0.5714}",True,[],[],True,,"{""errors"":[]}",True,[],True,1,0,True,True,False,100,100,1219,15,1234,,,1120.28,1308,8,1316,0,0,1151.59
1c703f6cfab4b72e0d7b,937,gemma-3-27b-reasoning,managed-prompt,tatoeba,en,de,I don't believe Naomi. I think she's lying.,"Ich glaube Naomi nicht. Ich glaube, sie lügt.","{""c"":""Ich glaube Naomi nicht. Ich denke, sie lügt.""}","Ich glaube Naomi nicht. Ich denke, sie lügt.",True,1,0,True,True,False,True,,True,,True,"{""reason"":""detector_match"",""detected"":""de"",""confidence"":1.0}",True,[],[],True,,"{""errors"":[]}",True,[],True,1,0,True,True,False,100,100,1222,18,1240,,,1003.7,1326,8,1334,0,0,1142.33
faa9c73e015c564614fa,938,gemma-3-27b-reasoning,managed-prompt,tatoeba,en,de,Official business is never urgent.,Dienstliche Angelegenheiten sind niemals dringend.,"{""c"":""Offizielle Angelegenheiten sind nie dringend.""}",Offizielle Angelegenheiten sind nie dringend.,True,1,0,True,True,False,True,,True,,True,"{""reason"":""detector_match"",""detected"":""de"",""confidence"":1.0}",True,[],[],True,,"{""errors"":[{""category"":""terminology"",""severity"":""minor""}]}",True,"[{""category"":""terminology"",""severity"":""minor""}]",True,1,0,True,True,False,97,97,1214,14,1228,,,560.48,1310,17,1327,0,0,1287.34
d755d752ee51bd5803b4,939,gemma-3-27b-reasoning,managed-prompt,tatoeba,en,de,Shut up and kiss me.,Halt die Klappe und küss mich.,"{""c"":""Halt die Klappe und küss mich.""}",Halt die Klappe und küss mich.,True,1,0,True,True,False,True,,True,,True,"{""reason"":""detector_match"",""detected"":""de"",""confidence"":1.0}",True,[],[],True,,"{""errors"":[]}",True,[],True,1,0,True,True,False,100,100,1214,15,1229,,,1631.78,1304,8,1312,0,0,1167.69
85db1eb114ebad0ee006,940,gemma-3-27b-reasoning,managed-prompt,tatoeba,en,es,I want to be as happy as Tom.,Quiero ser tan feliz como Tom.,"{""c"":""Quiero ser tan feliz como Tom.""}",Quiero ser tan feliz como Tom.,True,1,0,True,True,False,True,,True,,,"{""reason"":""detector_inconclusive"",""detected"":""pt"",""confidence"":0.8571}",True,[],[],True,,"{""errors"":[]}",True,[],True,1,0,True,True,False,100,100,1217,13,1230,,,765.25,1300,8,1308,0,0,1142.03
6de15c409e5eb824fbcc,941,gemma-3-27b-reasoning,managed-prompt,tatoeba,en,es,The new year will begin.,Va a comenzar el año nuevo.,"{""c"":""El año nuevo comenzará.""}",El año nuevo comenzará.,True,1,0,True,True,False,True,,True,,True,"{""reason"":""detector_match"",""detected"":""es"",""confidence"":1.0}",True,[],[],True,,"{""errors"":[]}",True,[],True,1,0,True,True,False,100,100,1214,11,1225,,,665.8,1291,8,1299,0,0,1202.78
bc5221d32ec5471ba70b,942,gemma-3-27b-reasoning,managed-prompt,tatoeba,en,es,How are you doing that with your hand?,¿Cómo estás haciendo eso con tu mano?,"{""c"":""¿Cómo haces eso con tu mano?""}",¿Cómo haces eso con tu mano?,True,1,0,True,True,False,True,,True,,True,"{""reason"":""detector_match"",""detected"":""es"",""confidence"":1.0}",True,[],[],True,,"{""errors"":[]}",True,[],True,1,0,True,True,False,100,100,1217,13,1230,,,652.08,1314,8,1322,0,0,1178.24
d305b21c52e467a3d600,943,gemma-3-27b-reasoning,managed-prompt,tatoeba,en,es,I'm not surprised to hear that.,No me sorprende oír eso.,"{""c"":""No me sorprende oír eso.""}",No me sorprende oír eso.,True,1,0,True,True,False,True,,True,,,"{""reason"":""detector_inconclusive"",""detected"":""pt"",""confidence"":0.7152}",True,[],[],True,,"{""errors"":[]}",True,[],True,1,0,True,True,False,100,100,1217,13,1230,,,1185.35,1299,8,1307,0,0,1146.36
e3d6b21cab6bb9fcccb3,944,gemma-3-27b-reasoning,managed-prompt,tatoeba,en,es,Tom put the frying pan on the stove.,Tom puso la sartén sobre la estufa.,"{""c"":""Tom puso la sartén en la estufa.""}",Tom puso la sartén en la estufa.,True,1,0,True,True,False,True,,True,,True,"{""reason"":""detector_match"",""detected"":""es"",""confidence"":0.8571}",True,[],[],True,,"{""errors"":[]}",True,[],True,1,0,True,True,False,100,100,1217,15,1232,,,1266.71,1308,8,1316,0,0,1200.49
fda1f9306e1d038cb561,945,gemma-3-27b-reasoning,managed-prompt,tatoeba,en,es,They are looking up the meaning of the word in the dictionary.,Buscan el significado de la palabra en el diccionario.,"{""c"":""Están buscando el significado de la palabra en el diccionario.""}",Están buscando el significado de la palabra en el diccionario.,True,1,0,True,True,False,True,,True,,True,"{""reason"":""detector_match"",""detected"":""es"",""confidence"":1.0}",True,[],[],True,,"{""errors"":[]}",True,[],True,1,0,True,True,False,100,100,1221,17,1238,,,675.69,1316,8,1324,0,0,1246.14
b0029ef626a022614261,946,gemma-3-27b-reasoning,managed-prompt,tatoeba,en,es,Are you never content?,¿Nunca estarás contento?,"{""c"":""¿Nunca estás contento?""}",¿Nunca estás contento?,True,1,0,True,True,False,True,,True,,True,"{""reason"":""detector_match"",""detected"":""es"",""confidence"":1.0}",True,[],[],True,,"{""errors"":[]}",True,[],True,1,0,True,True,False,100,100,1213,10,1223,,,540.64,1299,8,1307,0,0,1287.84
2e7fd931c403a40eac08,947,gemma-3-27b-reasoning,managed-prompt,tatoeba,en,es,Do you want some vodka?,¿Quieres vodka?,"{""c"":""¿Quieres un poco de vodka?""}",¿Quieres un poco de vodka?,True,1,0,True,True,False,True,,True,,True,"{""reason"":""detector_match"",""detected"":""es"",""confidence"":1.0}",True,[],[],True,,"{""errors"":[]}",True,[],True,1,0,True,True,False,100,100,1214,12,1226,,,557.5,1301,8,1309,0,0,1216.33
7d4e98b470f0b83b4da7,948,gemma-3-27b-reasoning,managed-prompt,tatoeba,en,es,'A' comes before 'B' in the alphabet.,"En el alfabeto, la ""A"" viene antes que la ""B"".","{""c"":""'A' viene antes que 'B' en el alfabeto.""}",'A' viene antes que 'B' en el alfabeto.,True,1,0,True,True,False,True,,True,,True,"{""reason"":""detector_match"",""detected"":""es"",""confidence"":1.0}",True,[],[],True,,"{""errors"":[]}",True,[],True,1,0,True,True,False,100,100,1220,18,1238,,,664.16,1314,8,1322,0,0,1195.68
6f069adab559973dc472,949,gemma-3-27b-reasoning,managed-prompt,tatoeba,en,es,You have one hour to get this done.,Dispones de una hora para terminar esto.,"{""c"":""Tengo una hora para hacer esto.""}",Tengo una hora para hacer esto.,True,1,0,True,True,False,True,,True,,True,"{""reason"":""detector_match"",""detected"":""es"",""confidence"":1.0}",True,[],[],True,,"{""errors"":[{""category"":""accuracy"",""severity"":""major""}]}",False,"[{""category"":""accuracy"",""severity"":""major""}]",True,1,0,True,True,False,85,85,1217,13,1230,,,931.71,1300,17,1317,0,0,1182.39
15843006fd578794fc54,950,gemma-3-27b-reasoning,managed-prompt,tatoeba,en,fr,I just heard that Tom and Mary are moving to Boston.,Je viens d'apprendre que Tom et Mary déménagent à Boston.,"{""c"":""Je viens d'apprendre que Tom et Mary déménagent à Boston.""}",Je viens d'apprendre que Tom et Mary déménagent à Boston.,True,1,0,True,True,False,True,,True,,True,"{""reason"":""detector_match"",""detected"":""fr"",""confidence"":1.0}",True,[],[],True,,"{""errors"":[]}",True,[],True,1,0,True,True,False,100,100,1220,21,1241,,,1077.88,1321,8,1329,0,0,1160.48
243f1b897a01324010d4,951,gemma-3-27b-reasoning,managed-prompt,tatoeba,en,fr,He told the truth.,Il disait la vérité.,"{""c"":""Il a dit la vérité.""}",Il a dit la vérité.,True,1,0,True,True,False,True,,True,,True,"{""reason"":""detector_match"",""detected"":""fr"",""confidence"":1.0}",True,[],[],True,,"{""errors"":[]}",True,[],True,1,0,True,True,False,100,100,1213,11,1224,,,640.51,1292,8,1300,0,0,1102.97
08f4538dbe22e6cd8578,952,gemma-3-27b-reasoning,managed-prompt,tatoeba,en,fr,"Horrible helicopter accident in a Belgian cemetery, the rescuers have already salvaged more than 500 corpses.","Terrible accident d'hélicoptère dans un cimetière belge, les sauveteurs ont déjà dégagé plus de 500 corps.","{""c"":""Horrible accident d'hélicoptère dans un cimetière belge, les sauveteurs ont déjà récupéré plus de 500 corps.""}","Horrible accident d'hélicoptère dans un cimetière belge, les sauveteurs ont déjà récupéré plus de 500 corps.",True,1,0,True,True,False,True,,True,,True,"{""reason"":""detector_match"",""detected"":""fr"",""confidence"":1.0}",True,[],[],True,,"{""errors"":[]}",True,[],True,1,0,True,True,False,100,100,1230,36,1266,,,1216.85,1372,8,1380,0,0,1295.69
ee4c15b0dde868ad704f,953,gemma-3-27b-reasoning,managed-prompt,tatoeba,en,fr,She served us a good meal.,Elle nous a servi un bon repas.,"{""c"":""Elle nous a servi un bon repas.""}",Elle nous a servi un bon repas.,True,1,0,True,True,False,True,,True,,,"{""reason"":""detector_inconclusive"",""detected"":""fr"",""confidence"":0.7143}",True,[],[],True,,"{""errors"":[]}",True,[],True,1,0,True,True,False,100,100,1215,13,1228,,,655.31,1298,8,1306,0,0,1195.52
96c9adf599172b444397,954,gemma-3-27b-reasoning,managed-prompt,tatoeba,en,fr,How did you lose your arm?,Comment as-tu perdu ton bras ?,"{""c"":""Comment as-tu perdu ton bras ?""}",Comment as-tu perdu ton bras ?,True,1,0,True,True,False,True,,True,,,"{""reason"":""detector_inconclusive"",""detected"":""fr"",""confidence"":0.5714}",True,[],[],True,,"{""errors"":[]}",True,[],True,1,0,True,True,False,100,100,1215,13,1228,,,626.65,1301,8,1309,0,0,2721.46
247c344bd2531b17f626,955,gemma-3-27b-reasoning,managed-prompt,tatoeba,en,fr,Get to bed.,Allez au lit !,"{""c"":""Va te coucher.""}",Va te coucher.,True,1,0,True,True,False,True,,True,,,"{""reason"":""detector_mismatch_uncertain"",""detected"":""en"",""confidence"":1.0}",True,[],[],True,,"{""errors"":[]}",True,[],True,1,0,True,True,False,100,100,1212,9,1221,,,856.61,1287,8,1295,0,0,1224.04
2324a7c946c6311f5f45,956,gemma-3-27b-reasoning,managed-prompt,tatoeba,en,fr,Your house is for sale.,Ta maison est en vente.,"{""c"":""Votre maison est à vendre.""}",Votre maison est à vendre.,True,1,0,True,True,False,True,,True,,True,"{""reason"":""detector_match"",""detected"":""fr"",""confidence"":1.0}",True,[],[],True,,"{""errors"":[]}",True,[],True,1,0,True,True,False,100,100,1214,11,1225,,,778.41,1295,8,1303,0,0,1257.21
e0680ae388dcb009a49f,957,gemma-3-27b-reasoning,managed-prompt,tatoeba,en,fr,Where are you heading?,Où te diriges-tu ?,"{""c"":""Où allez-vous?""}",Où allez-vous?,True,1,0,True,True,False,True,,True,,,"{""reason"":""detector_inconclusive"",""detected"":""hu"",""confidence"":0.7143}",True,[],[],True,,"{""errors"":[]}",True,[],True,1,0,True,True,False,100,100,1213,11,1224,,,755.13,1294,8,1302,0,0,1108.89
175cdcc117f86f70664a,958,gemma-3-27b-reasoning,managed-prompt,tatoeba,en,fr,You won't believe what just happened!,Vous ne croirez pas ce qui vient d'arriver !,"{""c"":""Tu ne croiras jamais ce qui vient de se passer !""}",Tu ne croiras jamais ce qui vient de se passer !,True,1,0,True,True,False,True,,True,,True,"{""reason"":""detector_match"",""detected"":""fr"",""confidence"":1.0}",True,[],[],True,,"{""errors"":[]}",True,[],True,1,0,True,True,False,100,100,1217,17,1234,,,922.89,1312,8,1320,0,0,1243.86
da5eff2f4abe57cfb585,959,gemma-3-27b-reasoning,managed-prompt,tatoeba,en,fr,There is a flower on the table.,Il y a une fleur sur la table.,"{""c"":""Il y a une fleur sur la table.""}",Il y a une fleur sur la table.,True,1,0,True,True,False,True,,True,,True,"{""reason"":""detector_match"",""detected"":""fr"",""confidence"":1.0}",True,[],[],True,,"{""errors"":[]}",True,[],True,1,0,True,True,False,100,100,1216,14,1230,,,852.87,1299,8,1307,0,0,1140.4
6052c30f433bd8723d79,960,gemma-3-27b-reasoning,managed-prompt,tatoeba,en,it,Tom's girlfriend saw him with another girl.,La fidanzata di Tom l'ha visto con un'altra ragazza.,"{""c"":""La fidanzata di Tom lo ha visto con un'altra ragazza.""}",La fidanzata di Tom lo ha visto con un'altra ragazza.,True,1,0,True,True,False,True,,True,,True,"{""reason"":""detector_match"",""detected"":""it"",""confidence"":1.0}",True,[],[],True,,"{""errors"":[]}",True,[],True,1,0,True,True,False,100,100,1218,20,1238,,,795.72,1315,8,1323,0,0,1336.09
fcdf2b3886d71cbda4c7,961,gemma-3-27b-reasoning,managed-prompt,tatoeba,en,it,"You can talk to me, you know?","Puoi parlarmi, sai?","{""c"":""Lo sai, puoi parlare con me?""}","Lo sai, puoi parlare con me?",True,1,0,True,True,False,True,,True,,True,"{""reason"":""detector_match"",""detected"":""it"",""confidence"":1.0}",True,[],[],True,,"{""errors"":[]}",True,[],True,1,0,True,True,False,100,100,1217,13,1230,,,566.14,1303,8,1311,0,0,2518.28
4de59b4bc0c8eadcb460,962,gemma-3-27b-reasoning,managed-prompt,tatoeba,en,it,Tom asked Mary where John was.,Tom chiese a Mary dove fosse John.,"{""c"":""Tom ha chiesto a Mary dove fosse John.""}",Tom ha chiesto a Mary dove fosse John.,True,1,0,True,True,False,True,,True,,,"{""reason"":""detector_mismatch_uncertain"",""detected"":""en"",""confidence"":1.0}",True,[],[],True,,"{""errors"":[]}",True,[],True,1,0,True,True,False,100,100,1215,14,1229,,,673.51,1299,8,1307,0,0,1226.12
dfce0864e294e5cbc174,963,gemma-3-27b-reasoning,managed-prompt,tatoeba,en,it,Are you really a foreigner?,È veramente una straniera?,"{""c"":""Sei davvero uno straniero?""}",Sei davvero uno straniero?,True,1,0,True,True,False,True,,True,,True,"{""reason"":""detector_match"",""detected"":""it"",""confidence"":1.0}",True,[],[],True,,"{""errors"":[]}",True,[],True,1,0,True,True,False,100,100,1214,12,1226,,,647.37,1296,8,1304,0,0,1202.12
96a1df42c0166700720e,964,gemma-3-27b-reasoning,managed-prompt,tatoeba,en,it,Don't open the doors.,Non aprire le porte.,"{""c"":""Non aprire le porte.""}",Non aprire le porte.,True,1,0,True,True,False,True,,True,,,"{""reason"":""detector_mismatch_uncertain"",""detected"":""fr"",""confidence"":1.0}",True,[],[],True,,"{""errors"":[]}",True,[],True,1,0,True,True,False,100,100,1215,10,1225,,,764.62,1291,8,1299,0,0,1168.45
df48707ca30063a7c607,965,gemma-3-27b-reasoning,managed-prompt,tatoeba,en,it,Lock all the doors.,Chiuda a chiave tutte le porte.,"{""c"":""Chiudi tutte le porte.""}",Chiudi tutte le porte.,True,1,0,True,True,False,True,,True,,True,"{""reason"":""detector_match"",""detected"":""it"",""confidence"":1.0}",True,[],[],True,,"{""errors"":[{""category"":""accuracy"",""severity"":""major""}]}",False,"[{""category"":""accuracy"",""severity"":""major""}]",True,1,0,True,True,False,85,85,1213,11,1224,,,556.12,1297,17,1314,0,0,1214.44
eb0c6d6beb09819b0d29,966,gemma-3-27b-reasoning,managed-prompt,tatoeba,en,it,The location has changed.,Il luogo è cambiato.,"{""c"":""La posizione è cambiata.""}",La posizione è cambiata.,True,1,0,True,True,False,True,,True,,True,"{""reason"":""detector_match"",""detected"":""it"",""confidence"":1.0}",True,[],[],True,,"{""errors"":[]}",True,[],True,1,0,True,True,False,100,100,1213,11,1224,,,663.98,1292,8,1300,0,0,1184.14
9ce2de18dc7b9ac88222,967,gemma-3-27b-reasoning,managed-prompt,tatoeba,en,it,Is this legal?,È legale?,"{""c"":""È legale?""}",È legale?,True,1,0,True,True,False,True,,True,,,"{""reason"":""too_short_for_language_detection"",""detected"":null,""confidence"":null}",True,[],[],True,,"{""errors"":[]}",True,[],True,1,0,True,True,False,100,100,1212,8,1220,,,658.31,1285,8,1293,0,0,1230.0
c1d33665de7fbd056811,968,gemma-3-27b-reasoning,managed-prompt,tatoeba,en,it,Can I speak to a lawyer?,Posso parlare con un avvocato?,"{""c"":""Posso parlare con un avvocato?""}",Posso parlare con un avvocato?,True,1,0,True,True,False,True,,True,,True,"{""reason"":""detector_match"",""detected"":""it"",""confidence"":1.0}",True,[],[],True,,"{""errors"":[]}",True,[],True,1,0,True,True,False,100,100,1215,14,1229,,,591.89,1304,8,1312,0,0,1239.13
8b8b1252b16a1c9ea708,969,gemma-3-27b-reasoning,managed-prompt,tatoeba,en,it,"An excellent man: he has no enemies, and none of his friends like him.",Un uomo eccellente: non ha nemici e non piace a nessun amico.,"{""c"":""Un uomo eccellente: non ha nemici e nessuno dei suoi amici lo sopporta.""}",Un uomo eccellente: non ha nemici e nessuno dei suoi amici lo sopporta.,True,1,0,True,True,False,True,,True,,True,"{""reason"":""detector_match"",""detected"":""it"",""confidence"":1.0}",True,[],[],True,,"{""errors"":[]}",True,[],True,1,0,True,True,False,100,100,1225,25,1250,,,1894.45,1334,8,1342,0,0,1223.88
69e1179e926859bd89b9,970,gemma-3-27b-reasoning,managed-prompt,tatoeba,en,jp,I study French and English.,フランス語と英語を勉強しています。,"{""c"":""私はフランス語と英語を勉強しています。""}",私はフランス語と英語を勉強しています。,True,1,0,True,True,False,True,,True,,True,"{""reason"":""target_script_present"",""detected"":""ja"",""confidence"":1.0}",True,[],[],True,,"{""errors"":[]}",True,[],True,1,0,True,True,False,100,100,1214,14,1228,,,862.0,1309,8,1317,0,0,1173.21
1d91da31bbeeaeec8ccb,971,gemma-3-27b-reasoning,managed-prompt,tatoeba,en,jp,I think it necessary that you should do so.,私は君がそうすることは必要だと思う。,"{""c"":""そうする必要があると思います。""}",そうする必要があると思います。,True,1,0,True,True,False,True,,True,,True,"{""reason"":""target_script_present"",""detected"":""ja"",""confidence"":1.0}",True,[],[],True,,"{""errors"":[{""category"":""accuracy"",""severity"":""major""}]}",False,"[{""category"":""accuracy"",""severity"":""major""}]",True,1,0,True,True,False,85,85,1218,10,1228,,,844.0,1309,17,1326,0,0,1106.25
f1ff96753db06d7fd96c,972,gemma-3-27b-reasoning,managed-prompt,tatoeba,en,jp,His story turned out to be false.,彼の話はうそであることがわかった。,"{""c"":""彼の話は嘘だと判明しました。""}",彼の話は嘘だと判明しました。,True,1,0,True,True,False,True,,True,,True,"{""reason"":""target_script_present"",""detected"":""ja"",""confidence"":1.0}",True,[],[],True,,"{""errors"":[]}",True,[],True,1,0,True,True,False,100,100,1216,14,1230,,,894.66,1310,8,1318,0,0,1201.58
96f0f36ecf147433194c,973,gemma-3-27b-reasoning,managed-prompt,tatoeba,en,jp,It's time to go to bed.,寝る時間ですよ。,"{""c"":""おやすみの時間だよ。""}",おやすみの時間だよ。,True,1,0,True,True,False,True,,True,,True,"{""reason"":""target_script_present"",""detected"":""ja"",""confidence"":1.0}",True,[],[],True,,"{""errors"":[{""category"":""tone"",""severity"":""minor""}]}",True,"[{""category"":""tone"",""severity"":""minor""}]",True,1,0,True,True,False,97,97,1217,11,1228,,,682.44,1302,17,1319,0,0,1178.27
b5aada33a3ab63557aa6,974,gemma-3-27b-reasoning,managed-prompt,tatoeba,en,jp,Our team was in high spirits because of the victory.,その勝利で私たちのチームは意気が上がった。,"{""c"":""チームは勝利のおかげで気分が高揚していました。""}",チームは勝利のおかげで気分が高揚していました。,True,1,0,True,True,False,True,,True,,True,"{""reason"":""target_script_present"",""detected"":""ja"",""confidence"":1.0}",True,[],[],True,,"{""errors"":[]}",True,[],True,1,0,True,True,False,100,100,1219,17,1236,,,670.31,1323,8,1331,0,0,1269.52
22c7ec18676edfdabe64,975,gemma-3-27b-reasoning,managed-prompt,tatoeba,en,jp,She is reluctant to marry him.,彼女は彼と結婚するのを嫌がっている。,"{""c"":""彼女は彼と結婚するのをためらっている。""}",彼女は彼と結婚するのをためらっている。,True,1,0,True,True,False,True,,True,,True,"{""reason"":""target_script_present"",""detected"":""ja"",""confidence"":1.0}",True,[],[],True,,"{""errors"":[]}",True,[],True,1,0,True,True,False,100,100,1215,16,1231,,,793.24,1319,8,1327,0,0,2577.39
40116da6298805439fd8,976,gemma-3-27b-reasoning,managed-prompt,tatoeba,en,jp,She seems to have known the secret.,彼女はその秘密を知っていたようだ。,"{""c"":""彼女は秘密を知っていたようだ。""}",彼女は秘密を知っていたようだ。,True,1,0,True,True,False,True,,True,,True,"{""reason"":""target_script_present"",""detected"":""ja"",""confidence"":1.0}",True,[],[],True,,"{""errors"":[]}",True,[],True,1,0,True,True,False,100,100,1216,12,1228,,,949.31,1314,8,1322,0,0,1099.83
403a39512e5d8bf44dbc,977,gemma-3-27b-reasoning,managed-prompt,tatoeba,en,jp,Don't come back again.,もう二度と戻って来るな。,"{""c"":""もう戻ってこないで。""}",もう戻ってこないで。,True,1,0,True,True,False,True,,True,,True,"{""reason"":""target_script_present"",""detected"":""ja"",""confidence"":1.0}",True,[],[],True,,"{""errors"":[]}",True,[],True,1,0,True,True,False,100,100,1215,12,1227,,,552.29,1301,8,1309,0,0,1132.07
9c1efc034532e7ed162e,978,gemma-3-27b-reasoning,managed-prompt,tatoeba,en,jp,I can hardly see anything.,ほとんど何も見えないんだ。,"{""c"":""ほとんど何も見えません。""}",ほとんど何も見えません。,True,1,0,True,True,False,True,,True,,True,"{""reason"":""target_script_present"",""detected"":""ja"",""confidence"":1.0}",True,[],[],True,,"{""errors"":[{""category"":""tone"",""severity"":""minor""}]}",True,"[{""category"":""tone"",""severity"":""minor""}]",True,1,0,True,True,False,97,97,1214,11,1225,,,552.73,1304,17,1321,0,0,1264.53
fafafcbc73e980d5b94a,979,gemma-3-27b-reasoning,managed-prompt,tatoeba,en,jp,Due to unavoidable circumstances this summer I can't stay in my holiday cottage.,よんどころない事情で、今年の夏は別荘で過ごせないんだ。,"{""c"":""今年の夏は、やむを得ない事情により、私の別荘に滞在することができません。""}",今年の夏は、やむを得ない事情により、私の別荘に滞在することができません。,True,1,0,True,True,False,True,,True,,True,"{""reason"":""target_script_present"",""detected"":""ja"",""confidence"":1.0}",True,[],[],True,,"{""errors"":[]}",True,[],True,1,0,True,True,False,100,100,1224,25,1249,,,690.76,1348,8,1356,0,0,1197.8
9f16e2ea81326cd3fd36,980,gemma-3-27b-reasoning,managed-prompt,tatoeba,en,nl,Tom is dying.,Tom sterft.,"{""c"":""Tom gaat dood.""}",Tom gaat dood.,True,1,0,True,True,False,True,,True,,,"{""reason"":""detector_inconclusive"",""detected"":""nl"",""confidence"":0.7143}",True,[],[],True,,"{""errors"":[]}",True,[],True,1,0,True,True,False,100,100,1212,9,1221,,,685.88,1285,8,1293,0,0,1234.88
8070705f038db79fe40e,981,gemma-3-27b-reasoning,managed-prompt,tatoeba,en,nl,Mary bites her nails.,Maria bijt op haar nagels.,"{""c"":""Mary bijt op haar nagels.""}",Mary bijt op haar nagels.,True,1,0,True,True,False,True,,True,,True,"{""reason"":""detector_match"",""detected"":""nl"",""confidence"":1.0}",True,[],[],True,,"{""errors"":[]}",True,[],True,1,0,True,True,False,100,100,1213,13,1226,,,633.03,1294,8,1302,0,0,1386.87
858d399b6e4d8de325f7,982,gemma-3-27b-reasoning,managed-prompt,tatoeba,en,nl,He's allergic to cats.,Hij is allergisch voor katten.,"{""c"":""Hij is allergisch voor katten.""}",Hij is allergisch voor katten.,True,1,0,True,True,False,True,,True,,True,"{""reason"":""detector_match"",""detected"":""nl"",""confidence"":1.0}",True,[],[],True,,"{""errors"":[]}",True,[],True,1,0,True,True,False,100,100,1215,13,1228,,,600.48,1294,8,1302,0,0,1249.73
2e59f0916fa506521868,983,gemma-3-27b-reasoning,managed-prompt,tatoeba,en,nl,He can't run very fast.,Hij kan niet erg snel rennen.,"{""c"":""Hij kan niet erg snel rennen.""}",Hij kan niet erg snel rennen.,True,1,0,True,True,False,True,,True,,True,"{""reason"":""detector_match"",""detected"":""nl"",""confidence"":1.0}",True,[],[],True,,"{""errors"":[]}",True,[],True,1,0,True,True,False,100,100,1216,13,1229,,,596.68,1298,8,1306,0,0,1214.98
e8f5839e17fe68eae7c9,984,gemma-3-27b-reasoning,managed-prompt,tatoeba,en,nl,Stop Tom.,Stop Tom.,"{""c"":""Stop Tom.""}",Stop Tom.,True,1,0,True,True,False,True,,True,,,"{""reason"":""too_short_for_language_detection"",""detected"":null,""confidence"":null}",True,[],[],True,,"{""errors"":[]}",True,[],True,1,0,True,True,False,100,100,1211,8,1219,,,542.91,1280,8,1288,0,0,1273.47
a9d858469e3258b9b93f,985,gemma-3-27b-reasoning,managed-prompt,tatoeba,en,nl,How much is 300 euros in Canadian dollars?,Hoeveel is 300 euro in Canadese dollars?,"{""c"":""Hoeveel is 300 euro in Canadese dollars?""}",Hoeveel is 300 euro in Canadese dollars?,True,1,0,True,True,False,True,,True,,True,"{""reason"":""detector_match"",""detected"":""nl"",""confidence"":1.0}",True,[],[],True,,"{""errors"":[]}",True,[],True,1,0,True,True,False,100,100,1220,18,1238,,,653.4,1314,8,1322,0,0,1084.12
aae155b31b4e1ea57425,986,gemma-3-27b-reasoning,managed-prompt,tatoeba,en,nl,Tom can't stand being interrupted.,Tom kan het niet uitstaan onderbroken te worden.,"{""c"":""Tom kan niet tegen onderbroken worden.""}",Tom kan niet tegen onderbroken worden.,True,1,0,True,True,False,True,,True,,True,"{""reason"":""detector_match"",""detected"":""nl"",""confidence"":0.8571}",True,[],[],True,,"{""errors"":[]}",True,[],True,1,0,True,True,False,100,100,1216,13,1229,,,686.01,1300,8,1308,0,0,1160.51
abe517c05e436988e0b5,987,gemma-3-27b-reasoning,managed-prompt,tatoeba,en,nl,I don't want to continue pressing the issue.,Ik wil niet blijven aandringen.,"{""c"":""Ik wil het onderwerp niet langer aandringen.""}",Ik wil het onderwerp niet langer aandringen.,True,1,0,True,True,False,True,,True,,,"{""reason"":""detector_mismatch_uncertain"",""detected"":""af"",""confidence"":0.9926}",True,[],[],True,,"{""errors"":[{""category"":""fluency"",""severity"":""major""}]}",False,"[{""category"":""fluency"",""severity"":""major""}]",True,1,0,True,True,False,85,85,1219,14,1233,,,635.81,1308,18,1326,0,0,1267.27
4071d2ae3e112013e48e,988,gemma-3-27b-reasoning,managed-prompt,tatoeba,en,nl,"According to the Bible, God created the world in six days.",Volgens de bijbel schiep God de wereld in zes dagen.,"{""c"":""Volgens de Bijbel schiep God de wereld in zes dagen.""}",Volgens de Bijbel schiep God de wereld in zes dagen.,True,1,0,True,True,False,True,,True,,True,"{""reason"":""detector_match"",""detected"":""nl"",""confidence"":1.0}",True,[],[],True,,"{""errors"":[]}",True,[],True,1,0,True,True,False,100,100,1221,19,1240,,,1319.92,1321,8,1329,0,0,1093.93
c43d5698fda7ed3157dd,989,gemma-3-27b-reasoning,managed-prompt,tatoeba,en,nl,I'll arrive on Christmas Day.,Ik zal op kerstdag aankomen.,"{""c"":""Ik arriveer op kerstdag.""}",Ik arriveer op kerstdag.,True,1,0,True,True,False,True,,True,,,"{""reason"":""detector_inconclusive"",""detected"":""da"",""confidence"":0.4618}",True,[],[],True,,"{""errors"":[]}",True,[],True,1,0,True,True,False,100,100,1216,13,1229,,,580.58,1302,8,1310,0,0,1202.33
b9afe430d97ce8aa9dc7,990,gemma-3-27b-reasoning,managed-prompt,tatoeba,en,nb,I think that she is from Germany.,Jeg tror at hun er fra Tyskland.,"{""c"":""Jeg tror hun er fra Tyskland.""}",Jeg tror hun er fra Tyskland.,True,1,0,True,True,False,True,,True,,True,"{""reason"":""detector_match"",""detected"":""no"",""confidence"":0.9458}",True,[],[],True,,"{""errors"":[]}",True,[],True,1,0,True,True,False,100,100,1216,13,1229,,,1191.89,1298,8,1306,0,0,1179.87
711e5bd89e0414093f08,991,gemma-3-27b-reasoning,managed-prompt,tatoeba,en,nb,He's putting himself in debt.,Han setter seg i gjeld.,"{""c"":""Han setter seg i gjeld.""}",Han setter seg i gjeld.,True,1,0,True,True,False,True,,True,,True,"{""reason"":""detector_match"",""detected"":""no"",""confidence"":1.0}",True,[],[],True,,"{""errors"":[]}",True,[],True,1,0,True,True,False,100,100,1216,12,1228,,,844.61,1292,8,1300,0,0,1198.25
100e6b27a0f8c6ae90b3,992,gemma-3-27b-reasoning,managed-prompt,tatoeba,en,nb,Tom works as a used car salesman.,Tom har jobb som bruktbilforhandlar.,"{""c"":""Tom jobber som bruktbilselger.""}",Tom jobber som bruktbilselger.,True,1,0,True,True,False,True,,True,,True,"{""reason"":""detector_match"",""detected"":""no"",""confidence"":1.0}",True,[],[],True,,"{""errors"":[]}",True,[],True,1,0,True,True,False,100,100,1216,15,1231,,,1433.07,1304,8,1312,0,0,2549.67
c481e28867a957366539,993,gemma-3-27b-reasoning,managed-prompt,tatoeba,en,nb,I like your article.,Jeg liker din artikkel.,"{""c"":""Jeg likte artikkelen din.""}",Jeg likte artikkelen din.,True,1,0,True,True,False,True,,True,,,"{""reason"":""detector_inconclusive"",""detected"":""no"",""confidence"":0.7143}",True,[],[],True,,"{""errors"":[{""category"":""accuracy"",""severity"":""major""}]}",False,"[{""category"":""accuracy"",""severity"":""major""}]",True,1,0,True,True,False,85,85,1213,12,1225,,,596.99,1293,17,1310,0,0,1299.36
fb4eb72a5e8e81f3b069,994,gemma-3-27b-reasoning,managed-prompt,tatoeba,en,nb,We accept all major credit cards.,Vi tar alle større kredittkort.,"{""c"":""Vi aksepterer alle store kredittkort.""}",Vi aksepterer alle store kredittkort.,True,1,0,True,True,False,True,,True,,True,"{""reason"":""detector_match"",""detected"":""no"",""confidence"":1.0}",True,[],[],True,,"{""errors"":[{""category"":""accuracy"",""severity"":""minor""}]}",True,"[{""category"":""accuracy"",""severity"":""minor""}]",True,1,0,True,True,False,97,97,1215,15,1230,,,849.7,1298,17,1315,0,0,1202.1
51d845072c679525bcb6,995,gemma-3-27b-reasoning,managed-prompt,tatoeba,en,nb,Write me a message.,Skriv meg en melding.,"{""c"":""Skriv meg en melding.""}",Skriv meg en melding.,True,1,0,True,True,False,True,,True,,True,"{""reason"":""detector_match"",""detected"":""no"",""confidence"":0.8571}",True,[],[],True,,"{""errors"":[]}",True,[],True,1,0,True,True,False,100,100,1213,11,1224,,,1119.6,1294,8,1302,0,0,1248.65
ed1718f210e826d19562,996,gemma-3-27b-reasoning,managed-prompt,tatoeba,en,nb,Tom's living room was tastefully furnished.,Toms stue var smakefullt innredet.,"{""c"":""Toms stue var smakfullt møblert.""}",Toms stue var smakfullt møblert.,True,1,0,True,True,False,True,,True,,True,"{""reason"":""detector_match"",""detected"":""no"",""confidence"":1.0}",True,[],[],True,,"{""errors"":[]}",True,[],True,1,0,True,True,False,100,100,1217,17,1234,,,680.59,1308,8,1316,0,0,1226.56
6abd767ab1c81b0e47e1,997,gemma-3-27b-reasoning,managed-prompt,tatoeba,en,nb,We have more important things that need to be dealt with.,Vi har viktigere ting som må gjøres.,"{""c"":""Vi har viktigere ting å ta tak i.""}",Vi har viktigere ting å ta tak i.,True,1,0,True,True,False,True,,True,,True,"{""reason"":""detector_match"",""detected"":""no"",""confidence"":1.0}",True,[],[],True,,"{""errors"":[]}",True,[],True,1,0,True,True,False,100,100,1220,15,1235,,,858.53,1308,8,1316,0,0,1280.61
1c7d69dddb3a6d1a5ea9,998,gemma-3-27b-reasoning,managed-prompt,tatoeba,en,nb,Now eat your supper.,Spis middagen din nå.,"{""c"":""Nå kan du spise middagen din.""}",Nå kan du spise middagen din.,True,1,0,True,True,False,True,,True,,,"{""reason"":""detector_inconclusive"",""detected"":""af"",""confidence"":0.7143}",True,[],[],True,,"{""errors"":[]}",True,[],True,1,0,True,True,False,100,100,1213,15,1228,,,648.42,1297,8,1305,0,0,1512.71
c00003bd002d9987a6eb,999,gemma-3-27b-reasoning,managed-prompt,tatoeba,en,nb,Tom works out in a gym near his house.,Tom trener på et treningssenter nært huset hans.,"{""c"":""Tom trener på et treningsstudio i nærheten av huset sitt.""}",Tom trener på et treningsstudio i nærheten av huset sitt.,True,1,0,True,True,False,True,,True,,True,"{""reason"":""detector_match"",""detected"":""no"",""confidence"":1.0}",True,[],[],True,,"{""errors"":[]}",True,[],True,1,0,True,True,False,100,100,1218,20,1238,,,1058.64,1314,8,1322,0,0,1322.87
cbdc756a3fd690b1b8ae,1000,gemma-3-27b-reasoning,managed-prompt,tatoeba,es,da,Él tradujo a Homero del griego al inglés.,Han har oversat Homer fra græsk til engelsk.,"{""c"":""Han oversatte Homer fra græsk til engelsk.""}",Han oversatte Homer fra græsk til engelsk.,True,1,0,True,True,False,True,,True,,True,"{""reason"":""detector_match"",""detected"":""da"",""confidence"":1.0}",True,[],[],True,,"{""errors"":[]}",True,[],True,1,0,True,True,False,100,100,1220,17,1237,,,616.12,1307,8,1315,0,0,1113.75
2f7c46066e2ee19a6d4e,1001,gemma-3-27b-reasoning,managed-prompt,tatoeba,es,da,El gato duerme en una silla.,Katten sover på en stol.,"{""c"":""Kattten sover i en stol.""}",Kattten sover i en stol.,True,1,0,True,True,False,True,,True,,,"{""reason"":""detector_mismatch_uncertain"",""detected"":""no"",""confidence"":1.0}",True,[],[],True,,"{""errors"":[{""category"":""fluency"",""severity"":""minor""},{""category"":""accuracy"",""severity"":""minor""}]}",True,"[{""category"":""fluency"",""severity"":""minor""},{""category"":""accuracy"",""severity"":""minor""}]",True,1,0,True,True,False,94,94,1216,13,1229,,,618.63,1302,27,1329,0,0,1451.29
b2eb0b4592d8bcd53799,1002,gemma-3-27b-reasoning,managed-prompt,tatoeba,es,da,Se puede desayunar entre las siete y las nueve.,Du kan spise morgenmaden mellem klokken syv og klokken ni.,"{""c"":""Morgenmad kan spises mellem syv og ni.""}",Morgenmad kan spises mellem syv og ni.,True,1,0,True,True,False,True,,True,,True,"{""reason"":""detector_match"",""detected"":""da"",""confidence"":0.9965}",True,[],[],True,,"{""errors"":[]}",True,[],True,1,0,True,True,False,100,100,1219,17,1236,,,1328.82,1318,8,1326,0,0,1102.03
97843540f7615a7de9f5,1003,gemma-3-27b-reasoning,managed-prompt,tatoeba,es,da,El agua está compuesta de hidrógeno y oxígeno.,Vand består af brint og ilt.,"{""c"":""Vand er sammensat af brint og ilt.""}",Vand er sammensat af brint og ilt.,True,1,0,True,True,False,True,,True,,True,"{""reason"":""detector_match"",""detected"":""da"",""confidence"":1.0}",True,[],[],True,,"{""errors"":[]}",True,[],True,1,0,True,True,False,100,100,1217,18,1235,,,1150.95,1311,8,1319,0,0,1149.37
f1ba23004ddf08cb6cb8,1004,gemma-3-27b-reasoning,managed-prompt,tatoeba,es,da,Nos reunimos aquí una vez por semana.,Vi mødes her en gang om ugen.,"{""c"":""Vi mødes her én gang om ugen.""}",Vi mødes her én gang om ugen.,True,1,0,True,True,False,True,,True,,True,"{""reason"":""detector_match"",""detected"":""da"",""confidence"":1.0}",True,[],[],True,,"{""errors"":[]}",True,[],True,1,0,True,True,False,100,100,1217,15,1232,,,903.85,1303,8,1311,0,0,1165.15
7ff9fa862c7d7eb789c5,1005,gemma-3-27b-reasoning,managed-prompt,tatoeba,es,da,Soplaba un viento frío.,Der blæste en kold vind.,"{""c"":""En kold vind blæste.""}",En kold vind blæste.,True,1,0,True,True,False,True,,True,,True,"{""reason"":""detector_match"",""detected"":""da"",""confidence"":1.0}",True,[],[],True,,"{""errors"":[]}",True,[],True,1,0,True,True,False,100,100,1215,13,1228,,,698.61,1300,8,1308,0,0,1232.13
43681663c26404f36e45,1006,gemma-3-27b-reasoning,managed-prompt,tatoeba,es,da,"Es a ti a quien ella ama, no a mí.","Det er dig hun elsker, ikke mig.","{""c"":""Det er dig, hun elsker, ikke mig.""}","Det er dig, hun elsker, ikke mig.",True,1,0,True,True,False,True,,True,,,"{""reason"":""detector_inconclusive"",""detected"":""no"",""confidence"":0.9253}",True,[],[],True,,"{""errors"":[]}",True,[],True,1,0,True,True,False,100,100,1220,16,1236,,,900.43,1308,8,1316,0,0,1093.51
0d1a12dacd7808ee7986,1007,gemma-3-27b-reasoning,managed-prompt,tatoeba,es,da,Eres muy valiente.,Du er meget modig.,"{""c"":""Du er meget modig.""}",Du er meget modig.,True,1,0,True,True,False,True,,True,,True,"{""reason"":""detector_match"",""detected"":""da"",""confidence"":1.0}",True,[],[],True,,"{""errors"":[]}",True,[],True,1,0,True,True,False,100,100,1213,11,1224,,,610.51,1290,8,1298,0,0,1138.02
6fc126191ae0ae3e92b9,1008,gemma-3-27b-reasoning,managed-prompt,tatoeba,es,da,Él estaba parado con las manos en los bolsillos.,Han stod med hænderne i lommen.,"{""c"":""Han stod med hænderne i lommerne.""}",Han stod med hænderne i lommerne.,True,1,0,True,True,False,True,,True,,True,"{""reason"":""detector_match"",""detected"":""da"",""confidence"":1.0}",True,[],[],True,,"{""errors"":[]}",True,[],True,1,0,True,True,False,100,100,1220,16,1236,,,628.59,1310,8,1318,0,0,1713.73
e37887bc00efc4b5ace7,1009,gemma-3-27b-reasoning,managed-prompt,tatoeba,es,da,Toma el cuchillo y córtale la punta.,Tag kniven og skær spidsen af.,"{""c"":""Tag kniven og klip spidsen af.""}",Tag kniven og klip spidsen af.,True,1,0,True,True,False,True,,True,,True,"{""reason"":""detector_match"",""detected"":""da"",""confidence"":1.0}",True,[],[],True,,"{""errors"":[{""category"":""accuracy"",""severity"":""minor""}]}",True,"[{""category"":""accuracy"",""severity"":""minor""}]",True,1,0,True,True,False,97,97,1220,16,1236,,,809.16,1308,17,1325,0,0,1280.93
c4c62c88f657ef3bf6db,1010,gemma-3-27b-reasoning,managed-prompt,tatoeba,es,de,¿Cómo puedo ayudar a un amigo a dejar de fumar?,"Wie kann ich einem Freund helfen, mit dem Rauchen aufzuhören?","{""c"":""Wie kann ich einem Freund helfen, mit dem Rauchen aufzuhören?""}","Wie kann ich einem Freund helfen, mit dem Rauchen aufzuhören?",True,1,0,True,True,False,True,,True,,True,"{""reason"":""detector_match"",""detected"":""de"",""confidence"":1.0}",True,[],[],True,,"{""errors"":[]}",True,[],True,1,0,True,True,False,100,100,1220,21,1241,,,809.35,1339,8,1347,0,0,1048.08
a7643dff7eff2dcd3160,1011,gemma-3-27b-reasoning,managed-prompt,tatoeba,es,de,¿Cuántos libros lees al mes?,Wie viele Bücher liest du pro Monat?,"{""c"":""Wie viele Bücher liest du im Monat?""}",Wie viele Bücher liest du im Monat?,True,1,0,True,True,False,True,,True,,True,"{""reason"":""detector_match"",""detected"":""de"",""confidence"":1.0}",True,[],[],True,,"{""errors"":[]}",True,[],True,1,0,True,True,False,100,100,1216,14,1230,,,696.0,1316,8,1324,0,0,1166.21
68a7e82e0317c42e2de8,1012,gemma-3-27b-reasoning,managed-prompt,tatoeba,es,de,No somos jóvenes.,Wir sind nicht jung.,"{""c"":""Wir sind nicht mehr jung.""}",Wir sind nicht mehr jung.,True,1,0,True,True,False,True,,True,,True,"{""reason"":""detector_match"",""detected"":""de"",""confidence"":1.0}",True,[],[],True,,"{""errors"":[{""category"":""accuracy"",""severity"":""major""}]}",False,"[{""category"":""accuracy"",""severity"":""major""}]",True,1,0,True,True,False,85,85,1212,11,1223,,,595.69,1294,17,1311,0,0,1120.78
db97cb3223eb5cdacbda,1013,gemma-3-27b-reasoning,managed-prompt,tatoeba,es,de,Entonces éramos ricos.,Damals waren wir reich.,"{""c"":""Wir waren damals reich.""}",Wir waren damals reich.,True,1,0,True,True,False,True,,True,,True,"{""reason"":""detector_match"",""detected"":""de"",""confidence"":1.0}",True,[],[],True,,"{""errors"":[]}",True,[],True,1,0,True,True,False,100,100,1213,10,1223,,,610.64,1294,8,1302,0,0,1207.22
277d65fcef29403dcc58,1014,gemma-3-27b-reasoning,managed-prompt,tatoeba,es,de,El hombre que visité era el señor Doi.,"Der Mann, den ich besuchte, war Herr Doi.","{""c"":""Der Mann, den ich besuchte, war Herr Doi.""}","Der Mann, den ich besuchte, war Herr Doi.",True,1,0,True,True,False,True,,True,,True,"{""reason"":""detector_match"",""detected"":""de"",""confidence"":1.0}",True,[],[],True,,"{""errors"":[]}",True,[],True,1,0,True,True,False,100,100,1218,16,1234,,,837.33,1316,8,1324,0,0,1220.73
81848e66039518001535,1015,gemma-3-27b-reasoning,managed-prompt,tatoeba,es,de,¿Alimentaste al perro esta mañana?,Hast du den Hund heute Morgen gefüttert?,"{""c"":""Hast du den Hund heute Morgen gefüttert?""}",Hast du den Hund heute Morgen gefüttert?,True,1,0,True,True,False,True,,True,,True,"{""reason"":""detector_match"",""detected"":""de"",""confidence"":1.0}",True,[],[],True,,"{""errors"":[]}",True,[],True,1,0,True,True,False,100,100,1217,15,1232,,,622.95,1320,8,1328,0,0,1149.2
5f887147833fd0c91e10,1016,gemma-3-27b-reasoning,managed-prompt,tatoeba,es,de,Mi pasatiempo es tocar la guitarra.,Mein Hobby ist Gitarre spielen.,"{""c"":""Mein Hobby ist es, Gitarre zu spielen.""}","Mein Hobby ist es, Gitarre zu spielen.",True,1,0,True,True,False,True,,True,,True,"{""reason"":""detector_match"",""detected"":""de"",""confidence"":1.0}",True,[],[],True,,"{""errors"":[]}",True,[],True,1,0,True,True,False,100,100,1217,15,1232,,,668.62,1309,8,1317,0,0,1335.54
3fb00469a7ff120f5a34,1017,gemma-3-27b-reasoning,managed-prompt,tatoeba,es,de,"Por favor, cambia la bandera.",Ändere bitte die Flagge.,"{""c"":""Bitte ändere die Flagge.""}",Bitte ändere die Flagge.,True,1,0,True,True,False,True,,True,,True,"{""reason"":""detector_match"",""detected"":""de"",""confidence"":1.0}",True,[],[],True,,"{""errors"":[]}",True,[],True,1,0,True,True,False,100,100,1215,12,1227,,,806.17,1302,8,1310,0,0,1195.61
4d373f63c494d5b4225f,1018,gemma-3-27b-reasoning,managed-prompt,tatoeba,es,de,Aquí no conozco a nadie.,Ich kenne hier niemanden.,"{""c"":""Hier kenne ich niemanden.""}",Hier kenne ich niemanden.,True,1,0,True,True,False,True,,True,,True,"{""reason"":""detector_match"",""detected"":""de"",""confidence"":0.8571}",True,[],[],True,,"{""errors"":[]}",True,[],True,1,0,True,True,False,100,100,1215,12,1227,,,897.46,1298,8,1306,0,0,1195.95
78ff399822afad83ae9f,1019,gemma-3-27b-reasoning,managed-prompt,tatoeba,es,de,Ella se ruborizó de vergüenza.,Sie wurde rot vor Scham.,"{""c"":""Sie errötete vor Scham.""}",Sie errötete vor Scham.,True,1,0,True,True,False,True,,True,,True,"{""reason"":""detector_match"",""detected"":""de"",""confidence"":1.0}",True,[],[],True,,"{""errors"":[]}",True,[],True,1,0,True,True,False,100,100,1218,13,1231,,,810.7,1299,8,1307,0,0,1135.62
f0a8c030c430c110df9d,1020,gemma-3-27b-reasoning,managed-prompt,tatoeba,es,en,Quiero ser tan feliz como Tom.,I want to be as happy as Tom.,"{""c"":""I want to be as happy as Tom.""}",I want to be as happy as Tom.,True,1,0,True,True,False,True,,True,,True,"{""reason"":""detector_match"",""detected"":""en"",""confidence"":1.0}",True,[],[],True,,"{""errors"":[]}",True,[],True,1,0,True,True,False,100,100,1216,14,1230,,,799.18,1299,8,1307,0,0,1169.53
f62487d1878972eea2c5,1021,gemma-3-27b-reasoning,managed-prompt,tatoeba,es,en,Va a comenzar el año nuevo.,The new year will begin.,"{""c"":""The new year is about to begin.""}",The new year is about to begin.,True,1,0,True,True,False,True,,True,,True,"{""reason"":""detector_match"",""detected"":""en"",""confidence"":1.0}",True,[],[],True,,"{""errors"":[]}",True,[],True,1,0,True,True,False,100,100,1215,13,1228,,,724.88,1293,8,1301,0,0,1357.24
9ced2e7cbce2b55235e3,1022,gemma-3-27b-reasoning,managed-prompt,tatoeba,es,en,¿Cómo estás haciendo eso con tu mano?,How are you doing that with your hand?,"{""c"":""How are you doing that with your hand?""}",How are you doing that with your hand?,True,1,0,True,True,False,True,,True,,True,"{""reason"":""detector_match"",""detected"":""en"",""confidence"":1.0}",True,[],[],True,,"{""errors"":[]}",True,[],True,1,0,True,True,False,100,100,1217,14,1231,,,789.48,1308,8,1316,0,0,1247.04
9ecb906d6ac1ed900bcc,1023,gemma-3-27b-reasoning,managed-prompt,tatoeba,es,en,No me sorprende oír eso.,I'm not surprised to hear that.,"{""c"":""I'm not surprised to hear that.""}",I'm not surprised to hear that.,True,1,0,True,True,False,True,,True,,True,"{""reason"":""detector_match"",""detected"":""en"",""confidence"":1.0}",True,[],[],True,,"{""errors"":[]}",True,[],True,1,0,True,True,False,100,100,1216,14,1230,,,559.48,1297,8,1305,0,0,1204.41
c36d181c641c710f9a3f,1024,gemma-3-27b-reasoning,managed-prompt,tatoeba,es,en,Tom puso la sartén sobre la estufa.,Tom put the frying pan on the stove.,"{""c"":""Tom put the pan on the stove.""}",Tom put the pan on the stove.,True,1,0,True,True,False,True,,True,,True,"{""reason"":""detector_match"",""detected"":""en"",""confidence"":1.0}",True,[],[],True,,"{""errors"":[]}",True,[],True,1,0,True,True,False,100,100,1218,13,1231,,,809.46,1304,8,1312,0,0,1221.19
119b04eec42137ea326c,1025,gemma-3-27b-reasoning,managed-prompt,tatoeba,es,en,Buscan el significado de la palabra en el diccionario.,They are looking up the meaning of the word in the dictionary.,"{""c"":""They are looking up the meaning of the word in the dictionary.""}",They are looking up the meaning of the word in the dictionary.,True,1,0,True,True,False,True,,True,,True,"{""reason"":""detector_match"",""detected"":""en"",""confidence"":1.0}",True,[],[],True,,"{""errors"":[]}",True,[],True,1,0,True,True,False,100,100,1219,18,1237,,,1118.7,1312,8,1320,0,0,1220.47
39ebd9f9390cb3ba7463,1026,gemma-3-27b-reasoning,managed-prompt,tatoeba,es,en,¿Nunca estarás contento?,Are you never content?,"{""c"":""Will you never be happy?""}",Will you never be happy?,True,1,0,True,True,False,True,,True,,True,"{""reason"":""detector_match"",""detected"":""en"",""confidence"":1.0}",True,[],[],True,,"{""errors"":[]}",True,[],True,1,0,True,True,False,100,100,1214,11,1225,,,808.04,1295,8,1303,0,0,1195.34
9b911237b3930ad8ea2e,1027,gemma-3-27b-reasoning,managed-prompt,tatoeba,es,en,¿Quieres vodka?,Do you want some vodka?,"{""c"":""Do you want vodka?""}",Do you want vodka?,True,1,0,True,True,False,True,,True,,,"{""reason"":""detector_mismatch_uncertain"",""detected"":""sw"",""confidence"":1.0}",True,[],[],True,,"{""errors"":[]}",True,[],True,1,0,True,True,False,100,100,1212,10,1222,,,829.64,1295,8,1303,0,0,1220.86
7587c89bd0c23df9fa05,1028,gemma-3-27b-reasoning,managed-prompt,tatoeba,es,en,"En el alfabeto, la ""A"" viene antes que la ""B"".",'A' comes before 'B' in the alphabet.,"{""c"":""In the alphabet, \""A\"" comes before \""B\"".""}","In the alphabet, ""A"" comes before ""B"".",True,1,0,True,True,False,True,,True,,True,"{""reason"":""detector_match"",""detected"":""en"",""confidence"":1.0}",True,[],[],True,,"{""errors"":[]}",True,[],True,1,0,True,True,False,100,100,1223,17,1240,,,946.58,1313,8,1321,0,0,1371.81
aa67ab2af2c2fc4daba9,1029,gemma-3-27b-reasoning,managed-prompt,tatoeba,es,en,Dispones de una hora para terminar esto.,You have one hour to get this done.,"{""c"":""You have one hour to finish this.""}",You have one hour to finish this.,True,1,0,True,True,False,True,,True,,True,"{""reason"":""detector_match"",""detected"":""en"",""confidence"":1.0}",True,[],[],True,,"{""errors"":[]}",True,[],True,1,0,True,True,False,100,100,1218,13,1231,,,767.01,1299,8,1307,0,0,1130.52
9b92d236bfdc31ed47d0,1030,gemma-3-27b-reasoning,managed-prompt,tatoeba,es,fr,Prometiste no volver a hacerlo.,Tu avais promis de ne pas recommencer.,"{""c"":""Tu as promis de ne plus le faire.""}",Tu as promis de ne plus le faire.,True,1,0,True,True,False,True,,True,,True,"{""reason"":""detector_match"",""detected"":""fr"",""confidence"":1.0}",True,[],[],True,,"{""errors"":[]}",True,[],True,1,0,True,True,False,100,100,1216,14,1230,,,794.44,1303,8,1311,0,0,1148.36
8002dc4d43f05195d2bf,1031,gemma-3-27b-reasoning,managed-prompt,tatoeba,es,fr,¿Cómo se escribe vuestro apellido?,Comment votre nom de famille s'écrit-il ?,"{""c"":""Comment écrivez-vous votre nom de famille?""}",Comment écrivez-vous votre nom de famille?,True,1,0,True,True,False,True,,True,,True,"{""reason"":""detector_match"",""detected"":""fr"",""confidence"":1.0}",True,[],[],True,,"{""errors"":[]}",True,[],True,1,0,True,True,False,100,100,1216,15,1231,,,669.08,1314,8,1322,0,0,1225.29
ed0fb553a14da9551b58,1032,gemma-3-27b-reasoning,managed-prompt,tatoeba,es,fr,Él tiene un hermano y dos hermanas.,Il a un frère et deux sœurs.,"{""c"":""Il a un frère et deux sœurs.""}",Il a un frère et deux sœurs.,True,1,0,True,True,False,True,,True,,True,"{""reason"":""detector_match"",""detected"":""fr"",""confidence"":1.0}",True,[],[],True,,"{""errors"":[]}",True,[],True,1,0,True,True,False,100,100,1218,13,1231,,,846.14,1304,8,1312,0,0,1230.19
407ded6b89a0f6165fb7,1033,gemma-3-27b-reasoning,managed-prompt,tatoeba,es,fr,Necesitamos una forma de trabajar completamente diferente.,Il nous faut une méthode de travail complètement différente.,"{""c"":""Nous avons besoin d'une tout autre façon de travailler.""}",Nous avons besoin d'une tout autre façon de travailler.,True,1,0,True,True,False,True,,True,,True,"{""reason"":""detector_match"",""detected"":""fr"",""confidence"":1.0}",True,[],[],True,,"{""errors"":[]}",True,[],True,1,0,True,True,False,100,100,1217,17,1234,,,1036.57,1320,8,1328,0,0,1231.67
ba5d451e1da5c1f70601,1034,gemma-3-27b-reasoning,managed-prompt,tatoeba,es,fr,"Esperé durante una hora, pero él no apareció.","J'ai attendu pendant une heure, mais il n'est pas apparu.","{""c"":""J'ai attendu pendant une heure, mais il n'est pas venu.""}","J'ai attendu pendant une heure, mais il n'est pas venu.",True,1,0,True,True,False,True,,True,,True,"{""reason"":""detector_match"",""detected"":""fr"",""confidence"":1.0}",True,[],[],True,,"{""errors"":[]}",True,[],True,1,0,True,True,False,100,100,1219,22,1241,,,710.12,1322,8,1330,0,0,1226.91
b656bae13ae6c4145105,1035,gemma-3-27b-reasoning,managed-prompt,tatoeba,es,fr,¿Qué clase de deportes practicas?,Quelle sorte de sports pratiques-tu ?,"{""c"":""Quel genre de sport pratiques-tu?""}",Quel genre de sport pratiques-tu?,True,1,0,True,True,False,True,,True,,True,"{""reason"":""detector_match"",""detected"":""fr"",""confidence"":1.0}",True,[],[],True,,"{""errors"":[]}",True,[],True,1,0,True,True,False,100,100,1216,13,1229,,,698.51,1309,8,1317,0,0,1207.91
f1bc2900e4c1cba4ba3c,1036,gemma-3-27b-reasoning,managed-prompt,tatoeba,es,fr,Nunca le doy de comer carne cruda a mi perro.,Je ne donne jamais de viande crue à manger à mon chien.,"{""c"":""Je ne donne jamais de viande crue à mon chien.""}",Je ne donne jamais de viande crue à mon chien.,True,1,0,True,True,False,True,,True,,True,"{""reason"":""detector_match"",""detected"":""fr"",""confidence"":1.0}",True,[],[],True,,"{""errors"":[]}",True,[],True,1,0,True,True,False,100,100,1220,17,1237,,,1130.71,1324,8,1332,0,0,1220.64
e54a610bd2ff44ee7c85,1037,gemma-3-27b-reasoning,managed-prompt,tatoeba,es,fr,¡No me contradigas! Sé lo que es mejor para tí.,Ne me contredis pas ! Je sais ce qui est le mieux pour toi.,"{""c"":""Ne me contredisez pas ! Je sais ce qui est le mieux pour vous.""}",Ne me contredisez pas ! Je sais ce qui est le mieux pour vous.,True,1,0,True,True,False,True,,True,,True,"{""reason"":""detector_match"",""detected"":""fr"",""confidence"":1.0}",True,[],[],True,,"{""errors"":[{""category"":""tone"",""severity"":""minor""}]}",True,"[{""category"":""tone"",""severity"":""minor""}]",True,1,0,True,True,False,97,97,1222,22,1244,,,860.02,1330,17,1347,0,0,1137.82
cc8ec74cd87488d331f6,1038,gemma-3-27b-reasoning,managed-prompt,tatoeba,es,fr,Quítese la chaqueta si tiene calor.,Enlevez votre veste si vous avez chaud.,"{""c"":""Enlevez votre veste s'il fait chaud.""}",Enlevez votre veste s'il fait chaud.,True,1,0,True,True,False,True,,True,,True,"{""reason"":""detector_match"",""detected"":""fr"",""confidence"":1.0}",True,[],[],True,,"{""errors"":[]}",True,[],True,1,0,True,True,False,100,100,1218,16,1234,,,647.56,1314,8,1322,0,0,1191.18
b437f7edc9e92bebc014,1039,gemma-3-27b-reasoning,managed-prompt,tatoeba,es,fr,Tom se preocupa demasiado.,Tom s'inquiète de trop.,"{""c"":""Tom s’inquiète trop.""}",Tom s’inquiète trop.,True,1,0,True,True,False,True,,True,,True,"{""reason"":""detector_match"",""detected"":""fr"",""confidence"":1.0}",True,[],[],True,,"{""errors"":[]}",True,[],True,1,0,True,True,False,100,100,1213,12,1225,,,908.7,1300,8,1308,0,0,1262.49
701c9bb13a3b5915021b,1040,gemma-3-27b-reasoning,managed-prompt,tatoeba,es,it,Vení conmigo a la oficina así te explico.,Vieni da me in ufficio così ti spiego.,"{""c"":""Vieni con me in ufficio, così te lo spiego.""}","Vieni con me in ufficio, così te lo spiego.",True,1,0,True,True,False,True,,True,,True,"{""reason"":""detector_match"",""detected"":""it"",""confidence"":1.0}",True,[],[],True,,"{""errors"":[]}",True,[],True,1,0,True,True,False,100,100,1219,19,1238,,,869.12,1316,8,1324,0,0,1198.55
b6568a466c345e7b1a13,1041,gemma-3-27b-reasoning,managed-prompt,tatoeba,es,it,Mi hermana toca el piano cada día.,Mia sorella suona il piano ogni giorno.,"{""c"":""Mia sorella suona il pianoforte ogni giorno.""}",Mia sorella suona il pianoforte ogni giorno.,True,1,0,True,True,False,True,,True,,True,"{""reason"":""detector_match"",""detected"":""it"",""confidence"":1.0}",True,[],[],True,,"{""errors"":[]}",True,[],True,1,0,True,True,False,100,100,1216,15,1231,,,830.75,1310,8,1318,0,0,1220.17
9593ea1ed0fa9d72d9de,1042,gemma-3-27b-reasoning,managed-prompt,tatoeba,es,it,Creo que deberíamos ir allí.,Credo che dovremmo andarci.,"{""c"":""Penso che dovremmo andarci.""}",Penso che dovremmo andarci.,True,1,0,True,True,False,True,,True,,True,"{""reason"":""detector_match"",""detected"":""it"",""confidence"":0.8571}",True,[],[],True,,"{""errors"":[]}",True,[],True,1,0,True,True,False,100,100,1215,13,1228,,,628.98,1305,8,1313,0,0,1074.8
dee53bcbb2164fbc5eee,1043,gemma-3-27b-reasoning,managed-prompt,tatoeba,es,it,Los peces son animales de sangre fría.,I pesci sono animali a sangue freddo.,"{""c"":""I pesci sono animali a sangue freddo.""}",I pesci sono animali a sangue freddo.,True,1,0,True,True,False,True,,True,,True,"{""reason"":""detector_match"",""detected"":""it"",""confidence"":1.0}",True,[],[],True,,"{""errors"":[]}",True,[],True,1,0,True,True,False,100,100,1216,15,1231,,,823.86,1307,8,1315,0,0,1159.44
27f67bdad75d674cb4e2,1044,gemma-3-27b-reasoning,managed-prompt,tatoeba,es,it,¿Cuál es tu trago favorito para un día frío?,Qual è la tua bevanda preferita in un giorno freddo?,"{""c"":""Qual è la tua bevanda preferita per una giornata fredda?""}",Qual è la tua bevanda preferita per una giornata fredda?,True,1,0,True,True,False,True,,True,,True,"{""reason"":""detector_match"",""detected"":""it"",""confidence"":1.0}",True,[],[],True,,"{""errors"":[]}",True,[],True,1,0,True,True,False,100,100,1220,19,1239,,,640.02,1325,8,1333,0,0,1124.7
c19b1ee6746c0d72fc12,1045,gemma-3-27b-reasoning,managed-prompt,tatoeba,es,it,El gato parece muy feliz.,Il gatto sembra estremamente felice.,"{""c"":""Il gatto sembra molto felice.""}",Il gatto sembra molto felice.,True,1,0,True,True,False,True,,True,,True,"{""reason"":""detector_match"",""detected"":""it"",""confidence"":1.0}",True,[],[],True,,"{""errors"":[]}",True,[],True,1,0,True,True,False,100,100,1214,13,1227,,,624.88,1300,8,1308,0,0,1577.49
74946e1827f69a1da62e,1046,gemma-3-27b-reasoning,managed-prompt,tatoeba,es,it,"Cuando estaba por salir de casa, recibí una llamada de ella.","Quando stavo per uscire di casa, ho ricevuto una chiamata da lei.","{""c"":""Quando stavo per uscire di casa, ho ricevuto una sua telefonata.""}","Quando stavo per uscire di casa, ho ricevuto una sua telefonata.",True,1,0,True,True,False,True,,True,,True,"{""reason"":""detector_match"",""detected"":""it"",""confidence"":1.0}",True,[],[],True,,"{""errors"":[]}",True,[],True,1,0,True,True,False,100,100,1222,21,1243,,,922.99,1332,8,1340,0,0,1117.42
3158503c4f3b40ea7a12,1047,gemma-3-27b-reasoning,managed-prompt,tatoeba,es,it,No sabemos si él vendrá o no.,Non sappiamo se verrà o no.,"{""c"":""Non sappiamo se verrà o meno.""}",Non sappiamo se verrà o meno.,True,1,0,True,True,False,True,,True,,True,"{""reason"":""detector_match"",""detected"":""it"",""confidence"":1.0}",True,[],[],True,,"{""errors"":[]}",True,[],True,1,0,True,True,False,100,100,1217,12,1229,,,628.94,1305,8,1313,0,0,1246.14
a0bcf188917b3e2e4a1b,1048,gemma-3-27b-reasoning,managed-prompt,tatoeba,es,it,No soy racista.,Io non sono razzista.,"{""c"":""Non sono razzista.""}",Non sono razzista.,True,1,0,True,True,False,True,,True,,True,"{""reason"":""detector_match"",""detected"":""it"",""confidence"":1.0}",True,[],[],True,,"{""errors"":[]}",True,[],True,1,0,True,True,False,100,100,1213,11,1224,,,554.74,1291,8,1299,0,0,1088.74
36f9dfbb291d1435688d,1049,gemma-3-27b-reasoning,managed-prompt,tatoeba,es,it,Tendrás que aprender mucho.,Dovrai imparare molto.,"{""c"":""Dovrai imparare molto.""}",Dovrai imparare molto.,True,1,0,True,True,False,True,,True,,True,"{""reason"":""detector_match"",""detected"":""it"",""confidence"":1.0}",True,[],[],True,,"{""errors"":[]}",True,[],True,1,0,True,True,False,100,100,1214,12,1226,,,590.89,1297,8,1305,0,0,1209.95
207544904f9dfde4fe5b,1050,gemma-3-27b-reasoning,managed-prompt,tatoeba,es,jp,Voy a exponer dos piezas en la galería de ella.,彼女のギャラリーに２点ほど出展するのよ。,"{""c"":""彼女のギャラリーで2つの作品を展示します。""}",彼女のギャラリーで2つの作品を展示します。,True,1,0,True,True,False,True,,True,,True,"{""reason"":""target_script_present"",""detected"":""ja"",""confidence"":1.0}",True,[],"[{""code"":""number_not_exact"",""expected"":{},""actual"":{""2"":1}}]",True,,"{""errors"":[{""category"":""tone"",""severity"":""minor""}]}",True,"[{""category"":""tone"",""severity"":""minor""}]",True,1,0,True,True,False,94,94,1219,17,1236,,,684.15,1332,17,1349,0,0,1174.64
4c63f648c91776885345,1051,gemma-3-27b-reasoning,managed-prompt,tatoeba,es,jp,No os excuséis.,謝らないで。,"{""c"":""言い訳は無用です。""}",言い訳は無用です。,True,1,0,True,True,False,True,,True,,True,"{""reason"":""target_script_present"",""detected"":""ja"",""confidence"":1.0}",True,[],[],True,,"{""errors"":[{""category"":""accuracy"",""severity"":""major""}]}",False,"[{""category"":""accuracy"",""severity"":""major""}]",True,1,0,True,True,False,85,85,1214,12,1226,,,864.56,1295,17,1312,0,0,1149.83
1205b9badd9a673b8dfe,1052,gemma-3-27b-reasoning,managed-prompt,tatoeba,es,jp,Mi hermana mayor no me deja en paz.,姉ちゃんが僕のこと放っとかないんだよ。,"{""c"":""私の姉は、私を放っておいてくれない。""}",私の姉は、私を放っておいてくれない。,True,1,0,True,True,False,True,,True,,True,"{""reason"":""target_script_present"",""detected"":""ja"",""confidence"":1.0}",True,[],[],True,,"{""errors"":[]}",True,[],True,1,0,True,True,False,100,100,1217,17,1234,,,650.97,1324,8,1332,0,0,1228.88
a3ff4c9c0c3f3536bc78,1053,gemma-3-27b-reasoning,managed-prompt,tatoeba,es,jp,Justo acaba de empezar a nevar ahora.,ちょうど今雪が降り始めた。,"{""c"":""ちょうど今、雪が降り始めました。""}",ちょうど今、雪が降り始めました。,True,1,0,True,True,False,True,,True,,True,"{""reason"":""target_script_present"",""detected"":""ja"",""confidence"":1.0}",True,[],[],True,,"{""errors"":[]}",True,[],True,1,0,True,True,False,100,100,1218,14,1232,,,616.45,1319,8,1327,0,0,1173.51
fd9920a82075a6eb205c,1054,gemma-3-27b-reasoning,managed-prompt,tatoeba,es,jp,Hay suficiente base para creer que él es sincero.,彼が正直だと信じる根拠は十分ある。,"{""c"":""彼が誠実であると信じるのに十分な根拠があります。""}",彼が誠実であると信じるのに十分な根拠があります。,True,1,0,True,True,False,True,,True,,True,"{""reason"":""target_script_present"",""detected"":""ja"",""confidence"":1.0}",True,[],[],True,,"{""errors"":[]}",True,[],True,1,0,True,True,False,100,100,1219,20,1239,,,715.26,1329,8,1337,0,0,1388.39
6ceb0d40b25dc3fc4944,1055,gemma-3-27b-reasoning,managed-prompt,tatoeba,es,jp,Es absolutamente imposible.,そんなことは絶対に不可能です。,"{""c"":""それは絶対に不可能です。""}",それは絶対に不可能です。,True,1,0,True,True,False,True,,True,,True,"{""reason"":""target_script_present"",""detected"":""ja"",""confidence"":1.0}",True,[],[],True,,"{""errors"":[]}",True,[],True,1,0,True,True,False,100,100,1212,10,1222,,,579.22,1304,8,1312,0,0,1208.79
3e6e83c7d08682a1771a,1056,gemma-3-27b-reasoning,managed-prompt,tatoeba,es,jp,Él no va a estar en casa a la hora de almuerzo.,彼は昼食時に家にいないでしょう。,"{""c"":""彼は昼食時に家にいないでしょう。""}",彼は昼食時に家にいないでしょう。,True,1,0,True,True,False,True,,True,,True,"{""reason"":""target_script_present"",""detected"":""ja"",""confidence"":1.0}",True,[],[],True,,"{""errors"":[]}",True,[],True,1,0,True,True,False,100,100,1223,13,1236,,,895.53,1323,8,1331,0,0,1195.72
ef63a8aafbed47a9178e,1057,gemma-3-27b-reasoning,managed-prompt,tatoeba,es,jp,Hacía mucho frío ayer por la mañana.,昨日の朝はとても寒かった。,"{""c"":""昨日、朝はとても寒かった。""}",昨日、朝はとても寒かった。,True,1,0,True,True,False,True,,True,,True,"{""reason"":""target_script_present"",""detected"":""ja"",""confidence"":1.0}",True,[],[],True,,"{""errors"":[]}",True,[],True,1,0,True,True,False,100,100,1218,13,1231,,,607.47,1316,8,1324,0,0,1247.37
2343d1ba95718854c0b7,1058,gemma-3-27b-reasoning,managed-prompt,tatoeba,es,jp,La lectura es útil para incrementar el vocabulario.,読書は語彙を増やすのに役に立つ。,"{""c"":""読書は語彙力を高めるのに役立つ。""}",読書は語彙力を高めるのに役立つ。,True,1,0,True,True,False,True,,True,,True,"{""reason"":""target_script_present"",""detected"":""ja"",""confidence"":1.0}",True,[],[],True,,"{""errors"":[]}",True,[],True,1,0,True,True,False,100,100,1218,17,1235,,,643.64,1322,8,1330,0,0,1285.29
ede2788f0fd6e209d525,1059,gemma-3-27b-reasoning,managed-prompt,tatoeba,es,jp,Este es mi escritorio.,これは私の机です。,"{""c"":""これは私の机です。""}",これは私の机です。,True,1,0,True,True,False,True,,True,,True,"{""reason"":""target_script_present"",""detected"":""ja"",""confidence"":1.0}",True,[],[],True,,"{""errors"":[]}",True,[],True,1,0,True,True,False,100,100,1213,10,1223,,,736.31,1293,8,1301,0,0,1169.02
fce24259307a92a916c2,1060,gemma-3-27b-reasoning,managed-prompt,tatoeba,es,nl,El problema más grande es cuándo comenzar.,Wanneer te beginnen is het grootste probleem.,"{""c"":""Het grootste probleem is wanneer te beginnen.""}",Het grootste probleem is wanneer te beginnen.,True,1,0,True,True,False,True,,True,,True,"{""reason"":""detector_match"",""detected"":""nl"",""confidence"":0.8568}",True,[],[],True,,"{""errors"":[]}",True,[],True,1,0,True,True,False,100,100,1216,13,1229,,,757.65,1305,8,1313,0,0,1150.8
0fbcca44b9bed6c42a2c,1061,gemma-3-27b-reasoning,managed-prompt,tatoeba,es,nl,Yo crecí en Boston.,Ik groeide op in Boston.,"{""c"":""Ik ben opgegroeid in Boston.""}",Ik ben opgegroeid in Boston.,True,1,0,True,True,False,True,,True,,,"{""reason"":""detector_mismatch_uncertain"",""detected"":""af"",""confidence"":1.0}",True,[],[],True,,"{""errors"":[]}",True,[],True,1,0,True,True,False,100,100,1214,14,1228,,,632.11,1300,8,1308,0,0,1905.6
124c9e478b2c72c4f3b2,1062,gemma-3-27b-reasoning,managed-prompt,tatoeba,es,nl,Tengo una familia numerosa.,Ik heb een grote familie.,"{""c"":""Ik heb een groot gezin.""}",Ik heb een groot gezin.,True,1,0,True,True,False,True,,True,,True,"{""reason"":""detector_match"",""detected"":""nl"",""confidence"":1.0}",True,[],[],True,,"{""errors"":[]}",True,[],True,1,0,True,True,False,100,100,1215,12,1227,,,924.46,1298,8,1306,0,0,1227.44
a176103ccd912dd3b879,1063,gemma-3-27b-reasoning,managed-prompt,tatoeba,es,nl,Es capaz de enseñar francés.,Hij kan Frans onderwijzen.,"{""c"":""Kan Frans onderwijzen.""}",Kan Frans onderwijzen.,True,1,0,True,True,False,True,,True,,True,"{""reason"":""detector_match"",""detected"":""nl"",""confidence"":1.0}",True,[],[],True,,"{""errors"":[]}",True,[],True,1,0,True,True,False,100,100,1214,11,1225,,,864.41,1296,8,1304,0,0,1417.47
901d19e8aa8d50fe51fe,1064,gemma-3-27b-reasoning,managed-prompt,tatoeba,es,nl,¿Por qué no te quitas el abrigo?,Waarom doe je je jas niet uit?,"{""c"":""Waarom doe je je jas niet uit?""}",Waarom doe je je jas niet uit?,True,1,0,True,True,False,True,,True,,,"{""reason"":""detector_inconclusive"",""detected"":""hr"",""confidence"":0.8571}",True,[],[],True,,"{""errors"":[]}",True,[],True,1,0,True,True,False,100,100,1218,14,1232,,,683.52,1309,8,1317,0,0,1114.04
b864e7195b6047dc0325,1065,gemma-3-27b-reasoning,managed-prompt,tatoeba,es,nl,Creen que Jane es sincera.,Ze geloven dat Jane eerlijk is.,"{""c"":""Denken jullie dat Jane oprecht is.""}",Denken jullie dat Jane oprecht is.,True,1,0,True,True,False,True,,True,,True,"{""reason"":""detector_match"",""detected"":""nl"",""confidence"":1.0}",True,[],[],True,,"{""errors"":[{""category"":""accuracy"",""severity"":""major""}]}",False,"[{""category"":""accuracy"",""severity"":""major""}]",True,1,0,True,True,False,85,85,1216,14,1230,,,641.1,1300,17,1317,0,0,1171.86
d1c47eea88620bdfcb3c,1066,gemma-3-27b-reasoning,managed-prompt,tatoeba,es,nl,"A mi hermana le gustan los melones, y a mí también.",Mijn zus houdt van meloenen en ik ook.,"{""c"":""Mijn zus houdt van meloenen, en ik ook.""}","Mijn zus houdt van meloenen, en ik ook.",True,1,0,True,True,False,True,,True,,True,"{""reason"":""detector_match"",""detected"":""nl"",""confidence"":1.0}",True,[],[],True,,"{""errors"":[]}",True,[],True,1,0,True,True,False,100,100,1222,18,1240,,,694.51,1321,8,1329,0,0,1157.06
e3bee097daf728183ab1,1067,gemma-3-27b-reasoning,managed-prompt,tatoeba,es,nl,Se tomó una semana libre.,Hij heeft een week vrij genomen.,"{""c"":""Hij/zij nam een week vrij.""}",Hij/zij nam een week vrij.,True,1,0,True,True,False,True,,True,,True,"{""reason"":""detector_match"",""detected"":""nl"",""confidence"":1.0}",True,[],[],True,,"{""errors"":[]}",True,[],True,1,0,True,True,False,100,100,1214,13,1227,,,949.13,1297,8,1305,0,0,1147.17
52859bf4d39a3ee0afff,1068,gemma-3-27b-reasoning,managed-prompt,tatoeba,es,nl,Su único deseo era volver a ver a su hijo por última vez.,Haar enige wens was haar enige zoon een laatste keer terug te zien.,"{""c"":""Zijn enige wens was om zijn zoon nog één keer te zien.""}",Zijn enige wens was om zijn zoon nog één keer te zien.,True,1,0,True,True,False,True,,True,,True,"{""reason"":""detector_match"",""detected"":""nl"",""confidence"":1.0}",True,[],[],True,,"{""errors"":[{""category"":""accuracy"",""severity"":""major""}]}",False,"[{""category"":""accuracy"",""severity"":""major""}]",True,1,0,True,True,False,85,85,1222,20,1242,,,1349.28,1326,17,1343,0,0,1314.85
491db90f6abb2771982b,1069,gemma-3-27b-reasoning,managed-prompt,tatoeba,es,nl,Hay mucho que hacer.,Er blijft nog veel te doen.,"{""c"":""Er is veel te doen.""}",Er is veel te doen.,True,1,0,True,True,False,True,,True,,True,"{""reason"":""detector_match"",""detected"":""nl"",""confidence"":1.0}",True,[],[],True,,"{""errors"":[]}",True,[],True,1,0,True,True,False,100,100,1213,11,1224,,,566.09,1294,8,1302,0,0,1209.21
8e10bb0eff6c98acd9ec,1070,gemma-3-27b-reasoning,managed-prompt,tatoeba,es,nb,¿Tu pieza tiene dos ventanas?,Har rommet ditt to vinduer?,"{""c"":""Har brikken din to vinduer?""}",Har brikken din to vinduer?,True,1,0,True,True,False,True,,True,,,"{""reason"":""detector_inconclusive"",""detected"":""af"",""confidence"":0.7165}",True,[],[],True,,"{""errors"":[{""category"":""accuracy"",""severity"":""major""}]}",False,"[{""category"":""accuracy"",""severity"":""major""}]",True,1,0,True,True,False,85,85,1215,14,1229,,,881.38,1303,19,1322,0,0,1505.71
2f1c5b13b5d915cb25ed,1071,gemma-3-27b-reasoning,managed-prompt,tatoeba,es,nb,Interlingua es una herramienta moderna para la comunicación internacional.,Interlingua er et moderne redskap for internasjonal kommunikasjon.,"{""c"":""Interlingua er et moderne verktøy for internasjonal kommunikasjon.""}",Interlingua er et moderne verktøy for internasjonal kommunikasjon.,True,1,0,True,True,False,True,,True,,True,"{""reason"":""detector_match"",""detected"":""no"",""confidence"":1.0}",True,[],[],True,,"{""errors"":[]}",True,[],True,1,0,True,True,False,100,100,1220,21,1241,,,636.38,1328,8,1336,0,0,1194.9
527ec66a6e1b3acb6a65,1072,gemma-3-27b-reasoning,managed-prompt,tatoeba,es,nb,Escribir una carta de amor en inglés no es fácil.,Det er ikke lett å skrive et kjærlighetsbrev på engelsk.,"{""c"":""Å skrive et kjærlighetsbrev på engelsk er ikke lett.""}",Å skrive et kjærlighetsbrev på engelsk er ikke lett.,True,1,0,True,True,False,True,,True,,True,"{""reason"":""detector_match"",""detected"":""no"",""confidence"":1.0}",True,[],[],True,,"{""errors"":[]}",True,[],True,1,0,True,True,False,100,100,1221,21,1242,,,998.28,1321,8,1329,0,0,1216.34
091bcd8109f0464dbc5a,1073,gemma-3-27b-reasoning,managed-prompt,tatoeba,es,nb,Yumi es buena jugando tenis.,Yumi er flink til å spille tennis.,"{""c"":""Yumi er god til å spille tennis.""}",Yumi er god til å spille tennis.,True,1,0,True,True,False,True,,True,,True,"{""reason"":""detector_match"",""detected"":""no"",""confidence"":1.0}",True,[],[],True,,"{""errors"":[]}",True,[],True,1,0,True,True,False,100,100,1215,14,1229,,,833.96,1305,8,1313,0,0,1173.91
df989b37868216b1af43,1074,gemma-3-27b-reasoning,managed-prompt,tatoeba,es,nb,He leído que el presidente de Brasil es una mujer. Se llama Dilma.,Jeg leste at presidenten i Brasil er en kvinne. Hun heter Dilma.,"{""c"":""Jeg har lest at presidenten i Brasil er en kvinne. Hun heter Dilma.""}",Jeg har lest at presidenten i Brasil er en kvinne. Hun heter Dilma.,True,1,0,True,True,False,True,,True,,True,"{""reason"":""detector_match"",""detected"":""no"",""confidence"":1.0}",True,[],[],True,,"{""errors"":[]}",True,[],True,1,0,True,True,False,100,100,1224,24,1248,,,902.42,1334,8,1342,0,0,1164.88
97baa0367e5e03afc754,1075,gemma-3-27b-reasoning,managed-prompt,tatoeba,es,nb,Yo hablé con el embajador polaco.,Jeg snakket med den polske ambassadøren.,"{""c"":""Jeg snakket med den polske ambassadøren.""}",Jeg snakket med den polske ambassadøren.,True,1,0,True,True,False,True,,True,,True,"{""reason"":""detector_match"",""detected"":""no"",""confidence"":1.0}",True,[],[],True,,"{""errors"":[]}",True,[],True,1,0,True,True,False,100,100,1219,19,1238,,,649.76,1312,8,1320,0,0,1264.91
8b88c12196ca116aadad,1076,gemma-3-27b-reasoning,managed-prompt,tatoeba,es,nb,Él llegó sano y salvo.,Han kom i god behold.,"{""c"":""Han kom trygt frem.""}",Han kom trygt frem.,True,1,0,True,True,False,True,,True,,,"{""reason"":""detector_mismatch_uncertain"",""detected"":""da"",""confidence"":0.9998}",True,[],[],True,,"{""errors"":[]}",True,[],True,1,0,True,True,False,100,100,1215,11,1226,,,571.92,1294,8,1302,0,0,1101.66
f6f2557c1aac78b25e20,1077,gemma-3-27b-reasoning,managed-prompt,tatoeba,es,nb,Él se comporta como si estuviera loco.,Han oppfører seg som om han var gal.,"{""c"":""Han oppfører seg som om han er gal.""}",Han oppfører seg som om han er gal.,True,1,0,True,True,False,True,,True,,True,"{""reason"":""detector_match"",""detected"":""no"",""confidence"":1.0}",True,[],[],True,,"{""errors"":[]}",True,[],True,1,0,True,True,False,100,100,1218,16,1234,,,638.15,1308,8,1316,0,0,1105.77
2a168bc454da6bf1ef34,1078,gemma-3-27b-reasoning,managed-prompt,tatoeba,es,nb,Tengo tanta hambre como un lobo.,Jeg er sulten som en ulv.,"{""c"":""Jeg er sulten som en ulv.""}",Jeg er sulten som en ulv.,True,1,0,True,True,False,True,,True,,True,"{""reason"":""detector_match"",""detected"":""no"",""confidence"":1.0}",True,[],[],True,,"{""errors"":[]}",True,[],True,1,0,True,True,False,100,100,1217,14,1231,,,848.54,1303,8,1311,0,0,1166.79
598a9f5696f9c360143c,1079,gemma-3-27b-reasoning,managed-prompt,tatoeba,es,nb,Vive en un apartamento de lujo cerca de Central Park.,Han bor i en luksusleilighet i nærheten av Central Park.,"{""c"":""Bor i en luksusleilighet nær Central Park.""}",Bor i en luksusleilighet nær Central Park.,True,1,0,True,True,False,True,,True,,True,"{""reason"":""detector_match"",""detected"":""no"",""confidence"":1.0}",True,[],[],True,,"{""errors"":[]}",True,[],True,1,0,True,True,False,100,100,1219,18,1237,,,700.78,1319,8,1327,0,0,1135.97
982c3a52c5e54f13673d,1080,gemma-3-27b-reasoning,managed-prompt,tatoeba,fr,da,Ce n'est pas nécessaire.,Det er ikke nødvendigt.,"{""c"":""Det er ikke nødvendigt.""}",Det er ikke nødvendigt.,True,1,0,True,True,False,True,,True,,True,"{""reason"":""detector_match"",""detected"":""da"",""confidence"":1.0}",True,[],[],True,,"{""errors"":[]}",True,[],True,1,0,True,True,False,100,100,1215,12,1227,,,687.78,1296,8,1304,0,0,1263.89
3e8f6daaa0ceb024be71,1081,gemma-3-27b-reasoning,managed-prompt,tatoeba,fr,da,Il fait trop chaud.,Det er for varmt.,"{""c"":""Det er for varmt.""}",Det er for varmt.,True,1,0,True,True,False,True,,True,,True,"{""reason"":""detector_match"",""detected"":""da"",""confidence"":0.8476}",True,[],[],True,,"{""errors"":[]}",True,[],True,1,0,True,True,False,100,100,1213,11,1224,,,732.15,1290,8,1298,0,0,1163.48
599aee4b3c1a21de3c24,1082,gemma-3-27b-reasoning,managed-prompt,tatoeba,fr,da,Il y a sept jours dans une semaine.,Der er syv dage i en uge.,"{""c"":""Der er syv dage i en uge.""}",Der er syv dage i en uge.,True,1,0,True,True,False,True,,True,,True,"{""reason"":""detector_match"",""detected"":""da"",""confidence"":1.0}",True,[],[],True,,"{""errors"":[]}",True,[],True,1,0,True,True,False,100,100,1217,15,1232,,,872.35,1304,8,1312,0,0,1209.79
0e1bb7bc970dd1a11c5a,1083,gemma-3-27b-reasoning,managed-prompt,tatoeba,fr,da,"Aujourd'hui, le ciel est bleu et sans nuages.",I dag er himlen blå og skyfri.,"{""c"":""I dag er himlen blå og uden skyer.""}",I dag er himlen blå og uden skyer.,True,1,0,True,True,False,True,,True,,True,"{""reason"":""detector_match"",""detected"":""da"",""confidence"":1.0}",True,[],[],True,,"{""errors"":[]}",True,[],True,1,0,True,True,False,100,100,1222,16,1238,,,679.36,1311,8,1319,0,0,1102.27
40701d9de8d2c1d3dd78,1084,gemma-3-27b-reasoning,managed-prompt,tatoeba,fr,da,Pourquoi poses-tu cette question alors que tu connais déjà la réponse ?,Hvorfor stiller du spørgsmål som du allerede kender svaret på?,"{""c"":""Hvorfor stiller du dette spørgsmål, når du allerede kender svaret?""}","Hvorfor stiller du dette spørgsmål, når du allerede kender svaret?",True,1,0,True,True,False,True,,True,,True,"{""reason"":""detector_match"",""detected"":""da"",""confidence"":1.0}",True,[],[],True,,"{""errors"":[]}",True,[],True,1,0,True,True,False,100,100,1223,24,1247,,,736.69,1338,8,1346,0,0,1243.69
1b6170e6794429e59be9,1085,gemma-3-27b-reasoning,managed-prompt,tatoeba,fr,da,L'Union européenne a été créée dans le but de mettre fin aux guerres qui ont régulièrement ensanglanté le continent pour aboutir à la Seconde guerre mondiale.,"Den Europæiske Union oprettes med det formål at gøre en ende på de mange blodige nabokrige, der kulminerede med den anden verdenskrig.","{""c"":""Den Europæiske Union blev oprettet med det formål at bringe en ende på de krige, der regelmæssigt har farvet kontinentet rødt, og kulminerede i Anden Verdenskrig.""}","Den Europæiske Union blev oprettet med det formål at bringe en ende på de krige, der regelmæssigt har farvet kontinentet rødt, og kulminerede i Anden Verdenskrig.",True,1,0,True,True,False,True,,True,,True,"{""reason"":""detector_match"",""detected"":""da"",""confidence"":1.0}",True,[],[],True,,"{""errors"":[]}",True,[],True,1,0,True,True,False,100,100,1243,53,1296,,,1351.02,1403,8,1411,0,0,1051.75
6cc5362ced43b9a2bfa1,1086,gemma-3-27b-reasoning,managed-prompt,tatoeba,fr,da,Elle a un chien et six chats.,Hun har en hund og seks katte.,"{""c"":""Hun har en hund og seks katte.""}",Hun har en hund og seks katte.,True,1,0,True,True,False,True,,True,,,"{""reason"":""detector_mismatch_uncertain"",""detected"":""no"",""confidence"":1.0}",True,[],[],True,,"{""errors"":[]}",True,[],True,1,0,True,True,False,100,100,1216,14,1230,,,767.27,1303,8,1311,0,0,1166.6
2fdc8feab17fdf956427,1087,gemma-3-27b-reasoning,managed-prompt,tatoeba,fr,da,Bien sûr que je me souviens de toi.,Selvfølgelig husker jeg dig.,"{""c"":""Selvfølgelig husker jeg dig.""}",Selvfølgelig husker jeg dig.,True,1,0,True,True,False,True,,True,,,"{""reason"":""detector_inconclusive"",""detected"":""da"",""confidence"":0.5717}",True,[],[],True,,"{""errors"":[]}",True,[],True,1,0,True,True,False,100,100,1219,15,1234,,,678.13,1308,8,1316,0,0,2636.84
d4cc1b2de305b6146a2f,1088,gemma-3-27b-reasoning,managed-prompt,tatoeba,fr,da,Il y a une nette différence entre ces deux-là.,Der er en klar forskel mellem de to.,"{""c"":""Der er en tydelig forskel på disse to.""}",Der er en tydelig forskel på disse to.,True,1,0,True,True,False,True,,True,,True,"{""reason"":""detector_match"",""detected"":""da"",""confidence"":1.0}",True,[],[],True,,"{""errors"":[]}",True,[],True,1,0,True,True,False,100,100,1220,16,1236,,,1010.95,1308,8,1316,0,0,1108.18
310d99dbd6aaf0a0b475,1089,gemma-3-27b-reasoning,managed-prompt,tatoeba,fr,da,Le chat joue avec une souris vivante.,Katten leger med en levende mus.,"{""c"":""Katten leger med en levende mus.""}",Katten leger med en levende mus.,True,1,0,True,True,False,True,,True,,True,"{""reason"":""detector_match"",""detected"":""da"",""confidence"":1.0}",True,[],[],True,,"{""errors"":[]}",True,[],True,1,0,True,True,False,100,100,1217,14,1231,,,815.54,1304,8,1312,0,0,1132.9
0bf985c007035893a745,1090,gemma-3-27b-reasoning,managed-prompt,tatoeba,fr,de,Tom ne m'a pas écouté.,Tom hat mir nicht zugehört.,"{""c"":""Tom hat nicht auf mich gehört.""}",Tom hat nicht auf mich gehört.,True,1,0,True,True,False,True,,True,,True,"{""reason"":""detector_match"",""detected"":""de"",""confidence"":1.0}",True,[],[],True,,"{""errors"":[]}",True,[],True,1,0,True,True,False,100,100,1218,12,1230,,,825.33,1298,8,1306,0,0,1255.94
debd54306c515a7b7f2f,1091,gemma-3-27b-reasoning,managed-prompt,tatoeba,fr,de,Vous pouvez skier aussi bien que votre frère.,Ihr könnt genauso gut Ski fahren wie euer Bruder.,"{""c"":""Du kannst auch so gut Ski fahren wie dein Bruder.""}",Du kannst auch so gut Ski fahren wie dein Bruder.,True,1,0,True,True,False,True,,True,,True,"{""reason"":""detector_match"",""detected"":""de"",""confidence"":1.0}",True,[],[],True,,"{""errors"":[]}",True,[],True,1,0,True,True,False,100,100,1217,16,1233,,,607.35,1322,8,1330,0,0,1132.18
2f62814fddf5eb0c73a9,1092,gemma-3-27b-reasoning,managed-prompt,tatoeba,fr,de,Comment mange-t-on un œuf à la coque convenablement ?,Wie wird ein weiches Ei anständig gegessen?,"{""c"":""Wie isst man ein Frühstücksei richtig?""}",Wie isst man ein Frühstücksei richtig?,True,1,0,True,True,False,True,,True,,True,"{""reason"":""detector_match"",""detected"":""de"",""confidence"":1.0}",True,[],[],True,,"{""errors"":[{""category"":""accuracy"",""severity"":""major""}]}",False,"[{""category"":""accuracy"",""severity"":""major""}]",True,1,0,True,True,False,85,85,1224,14,1238,,,918.88,1320,17,1337,0,0,1227.48
b045fdd47c9d71dc605a,1093,gemma-3-27b-reasoning,managed-prompt,tatoeba,fr,de,Quand viendrez-vous ?,Wann kommt ihr?,"{""c"":""Wann kommst du?""}",Wann kommst du?,True,1,0,True,True,False,True,,True,,,"{""reason"":""detector_mismatch_uncertain"",""detected"":""no"",""confidence"":1.0}",True,[],[],True,,"{""errors"":[{""category"":""accuracy"",""severity"":""major""}]}",False,"[{""category"":""accuracy"",""severity"":""major""}]",True,1,0,True,True,False,85,85,1215,11,1226,,,636.94,1296,17,1313,0,0,1444.56
b9098a5ffd5ca52ca42b,1094,gemma-3-27b-reasoning,managed-prompt,tatoeba,fr,de,Avez-vous déjà entendu parler de cette personne ?,Haben Sie schon mal etwas von dieser Person gehört?,"{""c"":""Haben Sie jemals von dieser Person gehört?""}",Haben Sie jemals von dieser Person gehört?,True,1,0,True,True,False,True,,True,,True,"{""reason"":""detector_match"",""detected"":""de"",""confidence"":1.0}",True,[],[],True,,"{""errors"":[]}",True,[],True,1,0,True,True,False,100,100,1219,15,1234,,,905.17,1317,8,1325,0,0,2356.87
fd4eb560ad29541c7485,1095,gemma-3-27b-reasoning,managed-prompt,tatoeba,fr,de,Le centre-ville est bruyant.,Die Innenstadt ist laut.,"{""c"":""Die Innenstadt ist laut.""}",Die Innenstadt ist laut.,True,1,0,True,True,False,True,,True,,True,"{""reason"":""detector_match"",""detected"":""de"",""confidence"":1.0}",True,[],[],True,,"{""errors"":[]}",True,[],True,1,0,True,True,False,100,100,1217,11,1228,,,622.98,1298,8,1306,0,0,1208.28
ad891ccee5e12af922c3,1096,gemma-3-27b-reasoning,managed-prompt,tatoeba,fr,de,Vous mettez rarement du sucre dans votre café.,Ihr gebt selten Zucker in euren Kaffee.,"{""c"":""Sie geben selten Zucker in Ihren Kaffee.""}",Sie geben selten Zucker in Ihren Kaffee.,True,1,0,True,True,False,True,,True,,True,"{""reason"":""detector_match"",""detected"":""de"",""confidence"":1.0}",True,[],[],True,,"{""errors"":[]}",True,[],True,1,0,True,True,False,100,100,1218,13,1231,,,982.45,1320,8,1328,0,0,1069.84
21d4b0c8c31fd197f79d,1097,gemma-3-27b-reasoning,managed-prompt,tatoeba,fr,de,Elles l'ignorent encore.,Sie wissen es noch nicht.,"{""c"":""Sie ignorieren es noch.""}",Sie ignorieren es noch.,True,1,0,True,True,False,True,,True,,True,"{""reason"":""detector_match"",""detected"":""de"",""confidence"":1.0}",True,[],[],True,,"{""errors"":[{""category"":""accuracy"",""severity"":""major""}]}",False,"[{""category"":""accuracy"",""severity"":""major""}]",True,1,0,True,True,False,85,85,1216,11,1227,,,766.05,1293,17,1310,0,0,1120.97
9c4803dbf171219bd146,1098,gemma-3-27b-reasoning,managed-prompt,tatoeba,fr,de,Veuillez ne pas fumer à l'intérieur.,Bitte rauchen Sie nicht drinnen.,"{""c"":""Es ist nicht erlaubt, in Innenräumen zu rauchen.""}","Es ist nicht erlaubt, in Innenräumen zu rauchen.",True,1,0,True,True,False,True,,True,,True,"{""reason"":""detector_match"",""detected"":""de"",""confidence"":1.0}",True,[],[],True,,"{""errors"":[{""category"":""tone"",""severity"":""minor""}]}",True,"[{""category"":""tone"",""severity"":""minor""}]",True,1,0,True,True,False,97,97,1220,18,1238,,,1026.76,1316,17,1333,0,0,1218.68
1e54a42d00527ad4be9a,1099,gemma-3-27b-reasoning,managed-prompt,tatoeba,fr,de,Je ne veux pas l'énerver.,Ich will ihn nicht verärgern.,"{""c"":""Ich will ihn nicht ärgern.""}",Ich will ihn nicht ärgern.,True,1,0,True,True,False,True,,True,,True,"{""reason"":""detector_match"",""detected"":""de"",""confidence"":1.0}",True,[],[],True,,"{""errors"":[]}",True,[],True,1,0,True,True,False,100,100,1218,12,1230,,,848.34,1302,8,1310,0,0,1134.95
41a68123b289401a1044,1100,gemma-3-27b-reasoning,managed-prompt,tatoeba,fr,en,Je viens d'apprendre que Tom et Mary déménagent à Boston.,I just heard that Tom and Mary are moving to Boston.,"{""c"":""I just learned that Tom and Mary are moving to Boston.""}",I just learned that Tom and Mary are moving to Boston.,True,1,0,True,True,False,True,,True,,True,"{""reason"":""detector_match"",""detected"":""en"",""confidence"":1.0}",True,[],[],True,,"{""errors"":[]}",True,[],True,1,0,True,True,False,100,100,1224,17,1241,,,748.19,1314,8,1322,0,0,1227.44
bd532b3583e4ed7d21d4,1101,gemma-3-27b-reasoning,managed-prompt,tatoeba,fr,en,Il disait la vérité.,He told the truth.,"{""c"":""He was telling the truth.""}",He was telling the truth.,True,1,0,True,True,False,True,,True,,True,"{""reason"":""detector_match"",""detected"":""en"",""confidence"":1.0}",True,[],[],True,,"{""errors"":[]}",True,[],True,1,0,True,True,False,100,100,1214,11,1225,,,527.05,1290,8,1298,0,0,1218.15
499ac2b5313957f1af11,1102,gemma-3-27b-reasoning,managed-prompt,tatoeba,fr,en,"Terrible accident d'hélicoptère dans un cimetière belge, les sauveteurs ont déjà dégagé plus de 500 corps.","Horrible helicopter accident in a Belgian cemetery, the rescuers have already salvaged more than 500 corpses.","{""c"":""Terrible helicopter accident in a Belgian cemetery, rescuers have already cleared more than 500 bodies.""}","Terrible helicopter accident in a Belgian cemetery, rescuers have already cleared more than 500 bodies.",True,1,0,True,True,False,True,,True,,True,"{""reason"":""detector_match"",""detected"":""en"",""confidence"":1.0}",True,[],[],True,,"{""errors"":[]}",True,[],True,1,0,True,True,False,100,100,1239,26,1265,,,1246.94,1356,8,1364,0,0,1143.5
588a3bb44d6feaca5bd5,1103,gemma-3-27b-reasoning,managed-prompt,tatoeba,fr,en,Elle nous a servi un bon repas.,She served us a good meal.,"{""c"":""She served us a good meal.""}",She served us a good meal.,True,1,0,True,True,False,True,,True,,True,"{""reason"":""detector_match"",""detected"":""en"",""confidence"":1.0}",True,[],[],True,,"{""errors"":[]}",True,[],True,1,0,True,True,False,100,100,1216,12,1228,,,753.74,1295,8,1303,0,0,1174.44
649992ea3d189e33536d,1104,gemma-3-27b-reasoning,managed-prompt,tatoeba,fr,en,Comment as-tu perdu ton bras ?,How did you lose your arm?,"{""c"":""How did you lose your arm?""}",How did you lose your arm?,True,1,0,True,True,False,True,,True,,,"{""reason"":""detector_inconclusive"",""detected"":""en"",""confidence"":0.5714}",True,[],[],True,,"{""errors"":[]}",True,[],True,1,0,True,True,False,100,100,1216,12,1228,,,903.69,1297,8,1305,0,0,1067.16
5b38897248f268821354,1105,gemma-3-27b-reasoning,managed-prompt,tatoeba,fr,en,Allez au lit !,Get to bed.,"{""c"":""Go to bed!""}",Go to bed!,True,1,0,True,True,False,True,,True,,,"{""reason"":""too_short_for_language_detection"",""detected"":null,""confidence"":null}",True,[],[],True,,"{""errors"":[]}",True,[],True,1,0,True,True,False,100,100,1213,9,1222,,,562.55,1286,8,1294,0,0,1116.48
099bd125bcda9a86bfdc,1106,gemma-3-27b-reasoning,managed-prompt,tatoeba,fr,en,Ta maison est en vente.,Your house is for sale.,"{""c"":""Your house is for sale.""}",Your house is for sale.,True,1,0,True,True,False,True,,True,,True,"{""reason"":""detector_match"",""detected"":""en"",""confidence"":1.0}",True,[],[],True,,"{""errors"":[]}",True,[],True,1,0,True,True,False,100,100,1214,11,1225,,,832.75,1291,8,1299,0,0,1243.09
33ca70d46ef7b3b789eb,1107,gemma-3-27b-reasoning,managed-prompt,tatoeba,fr,en,Où te diriges-tu ?,Where are you heading?,"{""c"":""Where are you heading?""}",Where are you heading?,True,1,0,True,True,False,True,,True,,True,"{""reason"":""detector_match"",""detected"":""en"",""confidence"":1.0}",True,[],[],True,,"{""errors"":[]}",True,[],True,1,0,True,True,False,100,100,1216,10,1226,,,1116.21,1291,8,1299,0,0,1228.88
fa628c64cac6fc3b9f5e,1108,gemma-3-27b-reasoning,managed-prompt,tatoeba,fr,en,Vous ne croirez pas ce qui vient d'arriver !,You won't believe what just happened!,"{""c"":""You won't believe what just happened!""}",You won't believe what just happened!,True,1,0,True,True,False,True,,True,,,"{""reason"":""detector_inconclusive"",""detected"":""en"",""confidence"":0.5714}",True,[],[],True,,"{""errors"":[]}",True,[],True,1,0,True,True,False,100,100,1221,14,1235,,,964.46,1304,8,1312,0,0,1227.64
b1a01efd60c6b385b468,1109,gemma-3-27b-reasoning,managed-prompt,tatoeba,fr,en,Il y a une fleur sur la table.,There is a flower on the table.,"{""c"":""There is a flower on the table.""}",There is a flower on the table.,True,1,0,True,True,False,True,,True,,True,"{""reason"":""detector_match"",""detected"":""en"",""confidence"":1.0}",True,[],[],True,,"{""errors"":[]}",True,[],True,1,0,True,True,False,100,100,1217,13,1230,,,768.3,1297,8,1305,0,0,1249.2
6e0364812ea57c84838f,1110,gemma-3-27b-reasoning,managed-prompt,tatoeba,fr,es,Tu avais promis de ne pas recommencer.,Prometiste no volver a hacerlo.,"{""c"":""Habías prometido no volver a empezar.""}",Habías prometido no volver a empezar.,True,1,0,True,True,False,True,,True,,,"{""reason"":""detector_mismatch_uncertain"",""detected"":""pt"",""confidence"":1.0}",True,[],[],True,,"{""errors"":[]}",True,[],True,1,0,True,True,False,100,100,1218,14,1232,,,1130.37,1306,8,1314,0,0,1358.6
775e98132d7a528e837c,1111,gemma-3-27b-reasoning,managed-prompt,tatoeba,fr,es,Comment votre nom de famille s'écrit-il ?,¿Cómo se escribe vuestro apellido?,"{""c"":""¿Cómo se escribe su apellido?""}",¿Cómo se escribe su apellido?,True,1,0,True,True,False,True,,True,,True,"{""reason"":""detector_match"",""detected"":""es"",""confidence"":1.0}",True,[],[],True,,"{""errors"":[]}",True,[],True,1,0,True,True,False,100,100,1220,12,1232,,,609.95,1314,8,1322,0,0,1147.41
4edccfdeacfbd73077b2,1112,gemma-3-27b-reasoning,managed-prompt,tatoeba,fr,es,Il a un frère et deux sœurs.,Él tiene un hermano y dos hermanas.,"{""c"":""Tiene un hermano y dos hermanas.""}",Tiene un hermano y dos hermanas.,True,1,0,True,True,False,True,,True,,True,"{""reason"":""detector_match"",""detected"":""es"",""confidence"":1.0}",True,[],[],True,,"{""errors"":[]}",True,[],True,1,0,True,True,False,100,100,1216,13,1229,,,667.16,1303,8,1311,0,0,1114.19
320165aab06ebd537804,1113,gemma-3-27b-reasoning,managed-prompt,tatoeba,fr,es,Il nous faut une méthode de travail complètement différente.,Necesitamos una forma de trabajar completamente diferente.,"{""c"":""Necesitamos un método de trabajo completamente diferente.""}",Necesitamos un método de trabajo completamente diferente.,True,1,0,True,True,False,True,,True,,True,"{""reason"":""detector_match"",""detected"":""es"",""confidence"":1.0}",True,[],[],True,,"{""errors"":[]}",True,[],True,1,0,True,True,False,100,100,1218,14,1232,,,618.45,1315,8,1323,0,0,1133.94
3be1c0c42a7dcc6e83cc,1114,gemma-3-27b-reasoning,managed-prompt,tatoeba,fr,es,"J'ai attendu pendant une heure, mais il n'est pas apparu.","Esperé durante una hora, pero él no apareció.","{""c"":""Esperé una hora, pero no apareció.""}","Esperé una hora, pero no apareció.",True,1,0,True,True,False,True,,True,,True,"{""reason"":""detector_match"",""detected"":""es"",""confidence"":1.0}",True,[],[],True,,"{""errors"":[]}",True,[],True,1,0,True,True,False,100,100,1226,14,1240,,,1046.17,1314,8,1322,0,0,1168.96
993569da350da7ce5f71,1115,gemma-3-27b-reasoning,managed-prompt,tatoeba,fr,es,Quelle sorte de sports pratiques-tu ?,¿Qué clase de deportes practicas?,"{""c"":""¿Qué tipo de deportes practicas?""}",¿Qué tipo de deportes practicas?,True,1,0,True,True,False,True,,True,,True,"{""reason"":""detector_match"",""detected"":""es"",""confidence"":0.8571}",True,[],[],True,,"{""errors"":[]}",True,[],True,1,0,True,True,False,100,100,1216,13,1229,,,620.93,1309,8,1317,0,0,1126.9
2f8dcf2da2a4f18744dd,1116,gemma-3-27b-reasoning,managed-prompt,tatoeba,fr,es,Je ne donne jamais de viande crue à manger à mon chien.,Nunca le doy de comer carne cruda a mi perro.,"{""c"":""Nunca le doy carne cruda a mi perro.""}",Nunca le doy carne cruda a mi perro.,True,1,0,True,True,False,True,,True,,True,"{""reason"":""detector_match"",""detected"":""es"",""confidence"":0.8571}",True,[],[],True,,"{""errors"":[]}",True,[],True,1,0,True,True,False,100,100,1222,15,1237,,,603.28,1323,8,1331,0,0,1142.77
ca75e690c9a591e87f33,1117,gemma-3-27b-reasoning,managed-prompt,tatoeba,fr,es,Ne me contredis pas ! Je sais ce qui est le mieux pour toi.,¡No me contradigas! Sé lo que es mejor para tí.,"{""c"":""¡No me contradigas! Sé lo que es mejor para ti.""}",¡No me contradigas! Sé lo que es mejor para ti.,True,1,0,True,True,False,True,,True,,True,"{""reason"":""detector_match"",""detected"":""es"",""confidence"":1.0}",True,[],[],True,,"{""errors"":[]}",True,[],True,1,0,True,True,False,100,100,1224,19,1243,,,1259.4,1328,8,1336,0,0,1105.41
44384403f4192ef416bb,1118,gemma-3-27b-reasoning,managed-prompt,tatoeba,fr,es,Enlevez votre veste si vous avez chaud.,Quítese la chaqueta si tiene calor.,"{""c"":""Quítate la chaqueta si tienes calor.""}",Quítate la chaqueta si tienes calor.,True,1,0,True,True,False,True,,True,,True,"{""reason"":""detector_match"",""detected"":""es"",""confidence"":0.842}",True,[],[],True,,"{""errors"":[]}",True,[],True,1,0,True,True,False,100,100,1218,14,1232,,,854.02,1313,8,1321,0,0,1102.76
666eaed004ab5754babf,1119,gemma-3-27b-reasoning,managed-prompt,tatoeba,fr,es,Tom s'inquiète de trop.,Tom se preocupa demasiado.,"{""c"":""Tom se preocupa demasiado.""}",Tom se preocupa demasiado.,True,1,0,True,True,False,True,,True,,,"{""reason"":""detector_mismatch_uncertain"",""detected"":""pt"",""confidence"":1.0}",True,[],[],True,,"{""errors"":[]}",True,[],True,1,0,True,True,False,100,100,1216,10,1226,,,698.83,1301,8,1309,0,0,1155.41
21b81a25e4120db6745a,1120,gemma-3-27b-reasoning,managed-prompt,tatoeba,fr,it,Fumer peut tuer.,Fumare può uccidere.,"{""c"":""Il fumo può uccidere.""}",Il fumo può uccidere.,True,1,0,True,True,False,True,,True,,True,"{""reason"":""detector_match"",""detected"":""it"",""confidence"":1.0}",True,[],[],True,,"{""errors"":[]}",True,[],True,1,0,True,True,False,100,100,1214,12,1226,,,880.13,1296,8,1304,0,0,1112.51
2734c659befe01a0eeba,1121,gemma-3-27b-reasoning,managed-prompt,tatoeba,fr,it,Linda va t'énucléer !,Linda sta per cavarti gli occhi!,"{""c"":""Linda ti caverà gli occhi!""}",Linda ti caverà gli occhi!,True,1,0,True,True,False,True,,True,,True,"{""reason"":""detector_match"",""detected"":""it"",""confidence"":1.0}",True,[],[],True,,"{""errors"":[]}",True,[],True,1,0,True,True,False,100,100,1217,12,1229,,,630.26,1300,8,1308,0,0,1174.88
04a7f47edd962d63db5c,1122,gemma-3-27b-reasoning,managed-prompt,tatoeba,fr,it,C'est mon premier amour.,Lui è il mio primo amore.,"{""c"":""È il mio primo amore.""}",È il mio primo amore.,True,1,0,True,True,False,True,,True,,True,"{""reason"":""detector_match"",""detected"":""it"",""confidence"":1.0}",True,[],[],True,,"{""errors"":[]}",True,[],True,1,0,True,True,False,100,100,1215,11,1226,,,1926.56,1297,8,1305,0,0,1161.56
63d438f56c05c5982979,1123,gemma-3-27b-reasoning,managed-prompt,tatoeba,fr,it,Je vais à New York la semaine prochaine.,Io vado a New York la settimana prossima.,"{""c"":""La settimana prossima vado a New York.""}",La settimana prossima vado a New York.,True,1,0,True,True,False,True,,True,,True,"{""reason"":""detector_match"",""detected"":""it"",""confidence"":1.0}",True,[],[],True,,"{""errors"":[]}",True,[],True,1,0,True,True,False,100,100,1217,14,1231,,,729.77,1312,8,1320,0,0,1143.69
25cb00306e1a88bd4f2d,1124,gemma-3-27b-reasoning,managed-prompt,tatoeba,fr,it,Vous aviez les dents cariées.,Voi avevate i denti cariati.,"{""c"":""Avevi le carie.""}",Avevi le carie.,True,1,0,True,True,False,True,,True,,,"{""reason"":""detector_mismatch_uncertain"",""detected"":""ro"",""confidence"":1.0}",True,[],[],True,,"{""errors"":[{""category"":""accuracy"",""severity"":""minor""},{""category"":""fluency"",""severity"":""minor""}]}",True,"[{""category"":""accuracy"",""severity"":""minor""},{""category"":""fluency"",""severity"":""minor""}]",True,1,0,True,True,False,94,94,1216,11,1227,,,609.6,1302,27,1329,0,0,2545.14
79b05e6b5535b74bdb1f,1125,gemma-3-27b-reasoning,managed-prompt,tatoeba,fr,it,Tu es passée par la fenêtre.,Tu sei passata dalla finestra.,"{""c"":""Sei passata dalla finestra.""}",Sei passata dalla finestra.,True,1,0,True,True,False,True,,True,,True,"{""reason"":""detector_match"",""detected"":""it"",""confidence"":1.0}",True,[],[],True,,"{""errors"":[]}",True,[],True,1,0,True,True,False,100,100,1216,12,1228,,,1618.72,1297,8,1305,0,0,1168.0
4413677c2a3d6b532477,1126,gemma-3-27b-reasoning,managed-prompt,tatoeba,fr,it,Connaît-elle le vrai nom de Tom ?,Lei conosce il vero nome di Tom?,"{""c"":""Conosce il vero nome di Tom?""}",Conosce il vero nome di Tom?,True,1,0,True,True,False,True,,True,,True,"{""reason"":""detector_match"",""detected"":""it"",""confidence"":1.0}",True,[],[],True,,"{""errors"":[]}",True,[],True,1,0,True,True,False,100,100,1219,14,1233,,,609.25,1308,8,1316,0,0,1729.21
9607a4288aaf41101f69,1127,gemma-3-27b-reasoning,managed-prompt,tatoeba,fr,it,Je n'ai pas encore de contrat.,Non ho ancora un contratto.,"{""c"":""Non ho ancora un contratto.""}",Non ho ancora un contratto.,True,1,0,True,True,False,True,,True,,True,"{""reason"":""detector_match"",""detected"":""it"",""confidence"":1.0}",True,[],[],True,,"{""errors"":[]}",True,[],True,1,0,True,True,False,100,100,1217,11,1228,,,585.5,1295,8,1303,0,0,1133.41
268a644b7b63fc301cf9,1128,gemma-3-27b-reasoning,managed-prompt,tatoeba,fr,it,La chatte n'a pas l'air heureuse de nous voir.,La gatta non sembra felice di vederci.,"{""c"":""Il gatto non sembra felice di vederci.""}",Il gatto non sembra felice di vederci.,True,1,0,True,True,False,True,,True,,True,"{""reason"":""detector_match"",""detected"":""it"",""confidence"":1.0}",True,[],[],True,,"{""errors"":[{""category"":""accuracy"",""severity"":""major""}]}",False,"[{""category"":""accuracy"",""severity"":""major""}]",True,1,0,True,True,False,85,85,1224,17,1241,,,918.05,1314,17,1331,0,0,1227.04
adf0526c9507817ee446,1129,gemma-3-27b-reasoning,managed-prompt,tatoeba,fr,it,Il a affamé les chiens.,Lui ha affamato i cani.,"{""c"":""Ha affamato i cani.""}",Ha affamato i cani.,True,1,0,True,True,False,True,,True,,True,"{""reason"":""detector_match"",""detected"":""it"",""confidence"":1.0}",True,[],[],True,,"{""errors"":[]}",True,[],True,1,0,True,True,False,100,100,1216,12,1228,,,854.14,1298,8,1306,0,0,1194.66
189473446deca1e5bf35,1130,gemma-3-27b-reasoning,managed-prompt,tatoeba,fr,jp,Noël est un jour férié à part.,クリスマスは特別な休日だ。,"{""c"":""クリスマスは特別な休日です。""}",クリスマスは特別な休日です。,True,1,0,True,True,False,True,,True,,True,"{""reason"":""target_script_present"",""detected"":""ja"",""confidence"":1.0}",True,[],[],True,,"{""errors"":[{""category"":""tone"",""severity"":""minor""}]}",True,"[{""category"":""tone"",""severity"":""minor""}]",True,1,0,True,True,False,97,97,1218,11,1229,,,1236.26,1311,17,1328,0,0,1164.77
0be440844b3d2dd71ad0,1131,gemma-3-27b-reasoning,managed-prompt,tatoeba,fr,jp,Je me rappelle l'événement aussi clairement que s'il avait eu lieu hier.,この事件の事はまるで昨日の事のようにはっきり覚えています。,"{""c"":""まるで昨日起こったことのように、そのイベントをはっきりと覚えています。""}",まるで昨日起こったことのように、そのイベントをはっきりと覚えています。,True,1,0,True,True,False,True,,True,,True,"{""reason"":""target_script_present"",""detected"":""ja"",""confidence"":1.0}",True,[],[],True,,"{""errors"":[]}",True,[],True,1,0,True,True,False,100,100,1225,21,1246,,,659.06,1349,8,1357,0,0,1133.63
e5ff88189a5380d50b02,1132,gemma-3-27b-reasoning,managed-prompt,tatoeba,fr,jp,Sa clinique a perdu de nombreux patients depuis le scandale.,彼の診療所は、そのスキャンダル以来多くの患者を失った。,"{""c"":""スキャンダル以来、彼女のクリニックは多くの患者を失った。""}",スキャンダル以来、彼女のクリニックは多くの患者を失った。,True,1,0,True,True,False,True,,True,,True,"{""reason"":""target_script_present"",""detected"":""ja"",""confidence"":1.0}",True,[],[],True,,"{""errors"":[{""category"":""accuracy"",""severity"":""major""}]}",False,"[{""category"":""accuracy"",""severity"":""major""}]",True,1,0,True,True,False,85,85,1220,21,1241,,,694.93,1342,17,1359,0,0,1307.13
6c62618ebdc1ee5d7e8a,1133,gemma-3-27b-reasoning,managed-prompt,tatoeba,fr,jp,En 1943 le Japon était en guerre.,１９４３年に日本は戦争をしていた。,"{""c"":""1943年、日本は戦争中でした。""}",1943年、日本は戦争中でした。,True,1,0,True,True,False,True,,True,,True,"{""reason"":""target_script_present"",""detected"":""ja"",""confidence"":1.0}",True,[],[],True,,"{""errors"":[]}",True,[],True,1,0,True,True,False,100,100,1220,17,1237,,,974.16,1317,8,1325,0,0,1261.12
5597cb43e249f01a1f02,1134,gemma-3-27b-reasoning,managed-prompt,tatoeba,fr,jp,Par dessus tout je veux être en bonne santé.,何ものにもまして私は健康になりたい。,"{""c"":""何よりも健康であることが一番大切です。""}",何よりも健康であることが一番大切です。,True,1,0,True,True,False,True,,True,,True,"{""reason"":""target_script_present"",""detected"":""ja"",""confidence"":1.0}",True,[],[],True,,"{""errors"":[]}",True,[],True,1,0,True,True,False,100,100,1218,13,1231,,,604.1,1318,8,1326,0,0,1067.1
a6ad6bbf6d8cb2a2cb17,1135,gemma-3-27b-reasoning,managed-prompt,tatoeba,fr,jp,"Généralement, je vais à pied à l'école.",私はたいてい歩いて学校へ行く。,"{""c"":""一般的に、私は徒歩で学校に行きます。""}",一般的に、私は徒歩で学校に行きます。,True,1,0,True,True,False,True,,True,,True,"{""reason"":""target_script_present"",""detected"":""ja"",""confidence"":1.0}",True,[],[],True,,"{""errors"":[]}",True,[],True,1,0,True,True,False,100,100,1222,15,1237,,,783.22,1324,8,1332,0,0,1159.13
2294ada3a19d04ff3fec,1136,gemma-3-27b-reasoning,managed-prompt,tatoeba,fr,jp,Mon loisir est de jouer de la guitare.,私の趣味はギターを弾くことです。,"{""c"":""私の趣味はギターを弾くことです。""}",私の趣味はギターを弾くことです。,True,1,0,True,True,False,True,,True,,True,"{""reason"":""target_script_present"",""detected"":""ja"",""confidence"":1.0}",True,[],[],True,,"{""errors"":[]}",True,[],True,1,0,True,True,False,100,100,1219,14,1233,,,761.69,1316,8,1324,0,0,1324.79
d368c61e84d9e7e6784f,1137,gemma-3-27b-reasoning,managed-prompt,tatoeba,fr,jp,Un récent sondage montre que le nombre de fumeurs diminue.,最近のある調査によると喫煙者の数は減少しつつある。,"{""c"":""最近の調査によると、喫煙者の数は減少しています。""}",最近の調査によると、喫煙者の数は減少しています。,True,1,0,True,True,False,True,,True,,True,"{""reason"":""target_script_present"",""detected"":""ja"",""confidence"":1.0}",True,[],[],True,,"{""errors"":[]}",True,[],True,1,0,True,True,False,100,100,1221,17,1238,,,603.93,1334,8,1342,0,0,1191.92
639aa25f2add7a48411a,1138,gemma-3-27b-reasoning,managed-prompt,tatoeba,fr,jp,Il est finalement devenu le président d'IBM.,彼はついにＩＢＭの社長になった。,"{""c"":""彼は最終的にIBMの社長になりました。""}",彼は最終的にIBMの社長になりました。,True,1,0,True,True,False,True,,True,,True,"{""reason"":""target_script_present"",""detected"":""ja"",""confidence"":1.0}",True,[],[],True,,"{""errors"":[]}",True,[],True,1,0,True,True,False,100,100,1218,13,1231,,,614.41,1322,8,1330,0,0,1179.3
91df6e5b0a1d38cafe36,1139,gemma-3-27b-reasoning,managed-prompt,tatoeba,fr,jp,Je suis stressé.,ストレスがたまってきたよ。,"{""c"":""ストレスを感じています。""}",ストレスを感じています。,True,1,0,True,True,False,True,,True,,True,"{""reason"":""target_script_present"",""detected"":""ja"",""confidence"":1.0}",True,[],[],True,,"{""errors"":[]}",True,[],True,1,0,True,True,False,100,100,1213,9,1222,,,562.3,1302,8,1310,0,0,1269.11
56286b14bc1fd76bfa9e,1140,gemma-3-27b-reasoning,managed-prompt,tatoeba,fr,nl,J'ai entendu un bruit étrange.,Ik heb een raar geluid gehoord.,"{""c"":""Ik hoorde een vreemd geluid.""}",Ik hoorde een vreemd geluid.,True,1,0,True,True,False,True,,True,,True,"{""reason"":""detector_match"",""detected"":""nl"",""confidence"":1.0}",True,[],[],True,,"{""errors"":[]}",True,[],True,1,0,True,True,False,100,100,1217,14,1231,,,1023.64,1309,8,1317,0,0,1177.72
ae1e4fa9e6d735cea888,1141,gemma-3-27b-reasoning,managed-prompt,tatoeba,fr,nl,La vie c'est ce qui se passe pendant que tu es occupée à faire d'autres plans.,Leven is wat je gebeurt terwijl je andere plannen maakt.,"{""c"":""Het leven is wat er gebeurt terwijl je bezig bent met andere plannen.""}",Het leven is wat er gebeurt terwijl je bezig bent met andere plannen.,True,1,0,True,True,False,True,,True,,True,"{""reason"":""detector_match"",""detected"":""nl"",""confidence"":1.0}",True,[],[],True,,"{""errors"":[]}",True,[],True,1,0,True,True,False,100,100,1230,21,1251,,,743.61,1330,8,1338,0,0,1067.38
b9e10e9da5eb4d1ba9c4,1142,gemma-3-27b-reasoning,managed-prompt,tatoeba,fr,nl,J'espère te voir vite.,Ik hoop je snel te zien.,"{""c"":""Ik hoop je snel te zien.""}",Ik hoop je snel te zien.,True,1,0,True,True,False,True,,True,,True,"{""reason"":""detector_match"",""detected"":""nl"",""confidence"":1.0}",True,[],[],True,,"{""errors"":[]}",True,[],True,1,0,True,True,False,100,100,1215,12,1227,,,955.45,1304,8,1312,0,0,1244.44
9e2eb2c5416390d9ca34,1143,gemma-3-27b-reasoning,managed-prompt,tatoeba,fr,nl,Le Japon est un pays insulaire.,Japan is een land van eilanden.,"{""c"":""Japan is een eilandland.""}",Japan is een eilandland.,True,1,0,True,True,False,True,,True,,True,"{""reason"":""detector_match"",""detected"":""nl"",""confidence"":1.0}",True,[],[],True,,"{""errors"":[]}",True,[],True,1,0,True,True,False,100,100,1216,12,1228,,,797.18,1296,8,1304,0,0,1071.29
0ce2c0a4aea4ae0166c5,1144,gemma-3-27b-reasoning,managed-prompt,tatoeba,fr,nl,La Chine est beaucoup plus grande que le Japon.,China is veel groter dan Japan.,"{""c"":""China is veel groter dan Japan.""}",China is veel groter dan Japan.,True,1,0,True,True,False,True,,True,,True,"{""reason"":""detector_match"",""detected"":""nl"",""confidence"":1.0}",True,[],[],True,,"{""errors"":[]}",True,[],True,1,0,True,True,False,100,100,1218,13,1231,,,885.02,1303,8,1311,0,0,1288.74
15aae12d85ca629b1eb3,1145,gemma-3-27b-reasoning,managed-prompt,tatoeba,fr,nl,Signe ici !,Teken hier!,"{""c"":""Hier tekenen!""}",Hier tekenen!,True,1,0,True,True,False,True,,True,,True,"{""reason"":""detector_match"",""detected"":""nl"",""confidence"":1.0}",True,[],[],True,,"{""errors"":[]}",True,[],True,1,0,True,True,False,100,100,1212,9,1221,,,1154.72,1288,8,1296,0,0,1198.18
625f0a86ca89584cffcc,1146,gemma-3-27b-reasoning,managed-prompt,tatoeba,fr,nl,Je ne devrais pas manger de nourriture contenant du sucre.,Ik zou geen voedsel moeten eten dat suiker bevat.,"{""c"":""Ik zou geen eten met suiker moeten eten.""}",Ik zou geen eten met suiker moeten eten.,True,1,0,True,True,False,True,,True,,True,"{""reason"":""detector_match"",""detected"":""nl"",""confidence"":1.0}",True,[],[],True,,"{""errors"":[]}",True,[],True,1,0,True,True,False,100,100,1220,15,1235,,,866.73,1322,8,1330,0,0,1079.54
574b8e9fcec737c23878,1147,gemma-3-27b-reasoning,managed-prompt,tatoeba,fr,nl,Nous nous tenions devant la porte et attendions.,We stonden voor de deur en wachtten.,"{""c"":""We stonden voor de deur en wachtten.""}",We stonden voor de deur en wachtten.,True,1,0,True,True,False,True,,True,,True,"{""reason"":""detector_match"",""detected"":""nl"",""confidence"":1.0}",True,[],[],True,,"{""errors"":[]}",True,[],True,1,0,True,True,False,100,100,1219,15,1234,,,630.61,1309,8,1317,0,0,1243.19
140cac4bb077f9fdfa05,1148,gemma-3-27b-reasoning,managed-prompt,tatoeba,fr,nl,Joan s'est cassé son bras gauche dans l'accident.,Joan brak haar linkerarm in het ongeluk.,"{""c"":""Joan brak zijn linkerarm bij het ongeluk.""}",Joan brak zijn linkerarm bij het ongeluk.,True,1,0,True,True,False,True,,True,,True,"{""reason"":""detector_match"",""detected"":""nl"",""confidence"":1.0}",True,[],[],True,,"{""errors"":[{""category"":""accuracy"",""severity"":""minor""}]}",True,"[{""category"":""accuracy"",""severity"":""minor""}]",True,1,0,True,True,False,97,97,1222,15,1237,,,642.11,1313,17,1330,0,0,1277.89
50397f3a917c30fffdb7,1149,gemma-3-27b-reasoning,managed-prompt,tatoeba,fr,nl,J'ai été étonné d'entendre ce qui s'était passé.,Ik was verwonderd wanneer ik hoorde wat er gebeurd was.,"{""c"":""Ik was verrast om te horen wat er was gebeurd.""}",Ik was verrast om te horen wat er was gebeurd.,True,1,0,True,True,False,True,,True,,,"{""reason"":""detector_mismatch_uncertain"",""detected"":""af"",""confidence"":1.0}",True,[],[],True,,"{""errors"":[]}",True,[],True,1,0,True,True,False,100,100,1225,19,1244,,,1368.88,1326,8,1334,0,0,1170.69
e3455934e86050dac782,1150,gemma-3-27b-reasoning,managed-prompt,tatoeba,fr,nb,L'orbite de Sirius est elliptique.,Banen rundt Sirius er elliptisk.,"{""c"":""Sirius' bane er elliptisk.""}",Sirius' bane er elliptisk.,True,1,0,True,True,False,True,,True,,,"{""reason"":""detector_mismatch_uncertain"",""detected"":""da"",""confidence"":1.0}",True,[],[],True,,"{""errors"":[{""category"":""accuracy"",""severity"":""major""}]}",False,"[{""category"":""accuracy"",""severity"":""major""}]",True,1,0,True,True,False,85,85,1218,13,1231,,,636.82,1308,17,1325,0,0,1140.11
84b0f07cfd6bc732d6c1,1151,gemma-3-27b-reasoning,managed-prompt,tatoeba,fr,nb,Le garçon et l'homme boivent de l'eau.,Guten og mannen drikk vatn.,"{""c"":""Gutten og mannen drikker vann.""}",Gutten og mannen drikker vann.,True,1,0,True,True,False,True,,True,,True,"{""reason"":""detector_match"",""detected"":""no"",""confidence"":1.0}",True,[],[],True,,"{""errors"":[]}",True,[],True,1,0,True,True,False,100,100,1221,13,1234,,,900.13,1311,8,1319,0,0,1115.9
7c0de5eb553546cab1f3,1152,gemma-3-27b-reasoning,managed-prompt,tatoeba,fr,nb,C'est mon cheval.,Dette er hesten min.,"{""c"":""Det er min hest.""}",Det er min hest.,True,1,0,True,True,False,True,,True,,True,"{""reason"":""detector_match"",""detected"":""no"",""confidence"":0.857}",True,[],[],True,,"{""errors"":[]}",True,[],True,1,0,True,True,False,100,100,1214,11,1225,,,950.85,1290,8,1298,0,0,1164.48
7fe5b58bcec5a65b586f,1153,gemma-3-27b-reasoning,managed-prompt,tatoeba,fr,nb,Il a deux fois plus de livres que moi.,Han har dobbelt so mange bøker som meg.,"{""c"":""Han har dobbelt så mange bøker som meg.""}",Han har dobbelt så mange bøker som meg.,True,1,0,True,True,False,True,,True,,True,"{""reason"":""detector_match"",""detected"":""no"",""confidence"":0.9828}",True,[],[],True,,"{""errors"":[]}",True,[],True,1,0,True,True,False,100,100,1218,16,1234,,,786.71,1309,8,1317,0,0,1196.39
cd69b01334ac7f01e3a0,1154,gemma-3-27b-reasoning,managed-prompt,tatoeba,fr,nb,"Il va bientôt pleuvoir, regarde ces nuages noirs.","Det kommer til å regne snart, bare se på de mørke skyene.","{""c"":""Det kommer til å regne snart, se på de mørke skyene.""}","Det kommer til å regne snart, se på de mørke skyene.",True,1,0,True,True,False,True,,True,,True,"{""reason"":""detector_match"",""detected"":""no"",""confidence"":1.0}",True,[],[],True,,"{""errors"":[]}",True,[],True,1,0,True,True,False,100,100,1221,22,1243,,,1308.16,1324,8,1332,0,0,1299.98
37d6425497c64a2af791,1155,gemma-3-27b-reasoning,managed-prompt,tatoeba,fr,nb,Je m'appelle Jack.,Jeg heter Jack.,"{""c"":""Jeg heter Jack.""}",Jeg heter Jack.,True,1,0,True,True,False,True,,True,,,"{""reason"":""detector_inconclusive"",""detected"":""nl"",""confidence"":0.7143}",True,[],[],True,,"{""errors"":[]}",True,[],True,1,0,True,True,False,100,100,1214,9,1223,,,540.24,1290,8,1298,0,0,1202.33
e42acc55e7e481ff0eeb,1156,gemma-3-27b-reasoning,managed-prompt,tatoeba,fr,nb,Nous avons vu le match de football à la télévision.,Vi såg fotballkampen på TV.,"{""c"":""Vi så fotballkampen på TV.""}",Vi så fotballkampen på TV.,True,1,0,True,True,False,True,,True,,True,"{""reason"":""detector_match"",""detected"":""no"",""confidence"":1.0}",True,[],[],True,,"{""errors"":[]}",True,[],True,1,0,True,True,False,100,100,1219,14,1233,,,610.67,1308,8,1316,0,0,1253.39
a2c02155853c9b14895f,1157,gemma-3-27b-reasoning,managed-prompt,tatoeba,fr,nb,Mettez le jeu en pause.,Sett spillet på pause.,"{""c"":""Paus spillet.""}",Paus spillet.,True,1,0,True,True,False,True,,True,,,"{""reason"":""detector_mismatch_uncertain"",""detected"":""fr"",""confidence"":1.0}",True,[],[],True,,"{""errors"":[]}",True,[],True,1,0,True,True,False,100,100,1216,10,1226,,,678.38,1295,8,1303,0,0,1251.37
bdf31dc7c053c915035e,1158,gemma-3-27b-reasoning,managed-prompt,tatoeba,fr,nb,Elle est juste derrière toi.,Ho er rett bak deg.,"{""c"":""Hun er rett bak deg.""}",Hun er rett bak deg.,True,1,0,True,True,False,True,,True,,True,"{""reason"":""detector_match"",""detected"":""no"",""confidence"":1.0}",True,[],[],True,,"{""errors"":[]}",True,[],True,1,0,True,True,False,100,100,1214,11,1225,,,740.36,1297,8,1305,0,0,1161.4
930b6a127ac9abb1ae17,1159,gemma-3-27b-reasoning,managed-prompt,tatoeba,fr,nb,Il y a peu d’étudiants qui comprennent le latin.,Få studenter kan forstå latin.,"{""c"":""Få studenter forstår latin.""}",Få studenter forstår latin.,True,1,0,True,True,False,True,,True,,,"{""reason"":""detector_mismatch_uncertain"",""detected"":""da"",""confidence"":1.0}",True,[],[],True,,"{""errors"":[]}",True,[],True,1,0,True,True,False,100,100,1222,13,1235,,,775.63,1307,8,1315,0,0,1227.16
5d23fb82e5cfcfdb625b,1160,gemma-3-27b-reasoning,managed-prompt,tatoeba,it,da,Sì.,Ja.,"{""c"":""Ja.""}",Ja.,True,1,0,True,True,False,True,,True,,,"{""reason"":""too_short_for_language_detection"",""detected"":null,""confidence"":null}",True,[],[],True,,"{""errors"":[]}",True,[],True,1,0,True,True,False,100,100,1211,7,1218,,,1036.84,1281,8,1289,0,0,1214.59
a5c33228e7de30a205ac,1161,gemma-3-27b-reasoning,managed-prompt,tatoeba,it,da,È gay.,Han er bøsse.,"{""c"":""Er han gay.""}",Er han gay.,True,1,0,True,True,False,True,,True,,,"{""reason"":""detector_mismatch_uncertain"",""detected"":""so"",""confidence"":1.0}",True,[],[],True,,"{""errors"":[{""category"":""accuracy"",""severity"":""minor""},{""category"":""terminology"",""severity"":""minor""}]}",True,"[{""category"":""accuracy"",""severity"":""minor""},{""category"":""terminology"",""severity"":""minor""}]",True,1,0,True,True,False,94,94,1211,9,1220,,,711.79,1284,26,1310,0,0,1323.25
7bf64f5c8437177c2ea3,1162,gemma-3-27b-reasoning,managed-prompt,tatoeba,it,da,"Essi non ne parlano, ma si può vedere.","De snakker ikke om det, men du kan se det.","{""c"":""De taler ikke om det, men man kan se det.""}","De taler ikke om det, men man kan se det.",True,1,0,True,True,False,True,,True,,True,"{""reason"":""detector_match"",""detected"":""da"",""confidence"":0.8248}",True,[],[],True,,"{""errors"":[]}",True,[],True,1,0,True,True,False,100,100,1219,18,1237,,,709.13,1311,8,1319,0,0,1200.8
5aa2ec79a9422086f60c,1163,gemma-3-27b-reasoning,managed-prompt,tatoeba,it,da,Sono una persona.,Jeg er et menneske.,"{""c"":""Jeg er en person.""}",Jeg er en person.,True,1,0,True,True,False,True,,True,,,"{""reason"":""detector_mismatch_uncertain"",""detected"":""no"",""confidence"":1.0}",True,[],[],True,,"{""errors"":[]}",True,[],True,1,0,True,True,False,100,100,1212,10,1222,,,911.95,1289,8,1297,0,0,1191.94
5e291b74b49fc7e1f887,1164,gemma-3-27b-reasoning,managed-prompt,tatoeba,it,da,Studia francese e web design.,Han studerer fransk og webdesign.,"{""c"":""Studerer fransk og webdesign.""}",Studerer fransk og webdesign.,True,1,0,True,True,False,True,,True,,True,"{""reason"":""detector_match"",""detected"":""da"",""confidence"":1.0}",True,[],[],True,,"{""errors"":[]}",True,[],True,1,0,True,True,False,100,100,1215,13,1228,,,821.92,1298,8,1306,0,0,1227.32
0dda9ceaf49c61bb5aff,1165,gemma-3-27b-reasoning,managed-prompt,tatoeba,it,da,"È colpa mia, non vostra.","Det er min skyld, ikke din.","{""c"":""Det er min skyld, ikke jeres.""}","Det er min skyld, ikke jeres.",True,1,0,True,True,False,True,,True,,,"{""reason"":""detector_mismatch_uncertain"",""detected"":""no"",""confidence"":1.0}",True,[],[],True,,"{""errors"":[]}",True,[],True,1,0,True,True,False,100,100,1216,15,1231,,,1065.66,1300,8,1308,0,0,1141.78
2d450f39f18bd884fc19,1166,gemma-3-27b-reasoning,managed-prompt,tatoeba,it,da,Questo è un avvertimento che dobbiamo prendere sul serio.,Dette er et varsel som vi må tage alvorligt.,"{""c"":""Dette er en advarsel, vi skal tage alvorligt.""}","Dette er en advarsel, vi skal tage alvorligt.",True,1,0,True,True,False,True,,True,,True,"{""reason"":""detector_match"",""detected"":""da"",""confidence"":1.0}",True,[],[],True,,"{""errors"":[]}",True,[],True,1,0,True,True,False,100,100,1220,20,1240,,,832.61,1318,8,1326,0,0,1237.87
40fb2187d193e4146003,1167,gemma-3-27b-reasoning,managed-prompt,tatoeba,it,da,Il vaccino è estremamente efficace.,Vaccinen er særdeles effektiv.,"{""c"":""Vaccinen er yderst effektiv.""}",Vaccinen er yderst effektiv.,True,1,0,True,True,False,True,,True,,True,"{""reason"":""detector_match"",""detected"":""da"",""confidence"":1.0}",True,[],[],True,,"{""errors"":[]}",True,[],True,1,0,True,True,False,100,100,1215,13,1228,,,577.73,1303,8,1311,0,0,1216.51
37e8251f804b03adab8a,1168,gemma-3-27b-reasoning,managed-prompt,tatoeba,it,da,Auckland è una città della Nuova Zelanda.,Auckland er en by i New Zealand.,"{""c"":""Auckland er en by i New Zealand.""}",Auckland er en by i New Zealand.,True,1,0,True,True,False,True,,True,,,"{""reason"":""detector_inconclusive"",""detected"":""en"",""confidence"":0.7143}",True,[],[],True,,"{""errors"":[]}",True,[],True,1,0,True,True,False,100,100,1219,14,1233,,,600.29,1299,8,1307,0,0,1154.38
5d5b650dbf0f66625eb3,1169,gemma-3-27b-reasoning,managed-prompt,tatoeba,it,da,Lei è troppo vecchia per lui.,Hun er for gammel til ham.,"{""c"":""Hun er for gammel til ham.""}",Hun er for gammel til ham.,True,1,0,True,True,False,True,,True,,True,"{""reason"":""detector_match"",""detected"":""da"",""confidence"":1.0}",True,[],[],True,,"{""errors"":[]}",True,[],True,1,0,True,True,False,100,100,1215,13,1228,,,644.17,1296,8,1304,0,0,1256.78
1be64fccfea9e082603f,1170,gemma-3-27b-reasoning,managed-prompt,tatoeba,it,de,Sei una sospettata.,Du bist eine Verdächtige.,"{""c"":""Du bist eine Verdächtige.""}",Du bist eine Verdächtige.,True,1,0,True,True,False,True,,True,,True,"{""reason"":""detector_match"",""detected"":""de"",""confidence"":1.0}",True,[],[],True,,"{""errors"":[]}",True,[],True,1,0,True,True,False,100,100,1215,13,1228,,,559.39,1297,8,1305,0,0,1171.72
e010b6420c2c4703f58b,1171,gemma-3-27b-reasoning,managed-prompt,tatoeba,it,de,So che sei un maestro.,"Ich weiß, dass Sie Lehrer sind.","{""c"":""Ich weiß, dass du ein Meister bist.""}","Ich weiß, dass du ein Meister bist.",True,1,0,True,True,False,True,,True,,True,"{""reason"":""detector_match"",""detected"":""de"",""confidence"":1.0}",True,[],[],True,,"{""errors"":[{""category"":""accuracy"",""severity"":""major""}]}",False,"[{""category"":""accuracy"",""severity"":""major""}]",True,1,0,True,True,False,85,85,1214,14,1228,,,974.73,1306,17,1323,0,0,1132.07
ea76c5d51d8f18cf9006,1172,gemma-3-27b-reasoning,managed-prompt,tatoeba,it,de,Mi alzo alle 7:00.,Ich stehe um sieben Uhr auf.,"{""c"":""Ich stehe um 7:00 Uhr auf.""}",Ich stehe um 7:00 Uhr auf.,True,1,0,True,True,False,True,,True,,True,"{""reason"":""detector_match"",""detected"":""de"",""confidence"":1.0}",True,[],[],True,,"{""errors"":[]}",True,[],True,1,0,True,True,False,100,100,1218,17,1235,,,1043.81,1307,8,1315,0,0,1113.16
9a6262de65527534c5db,1173,gemma-3-27b-reasoning,managed-prompt,tatoeba,it,de,"Tom è più intelligente di voi, sapete.","Wisst ihr, Tom ist intelligenter als ihr.","{""c"":""Tom ist intelligenter als ihr, wisst ihr.""}","Tom ist intelligenter als ihr, wisst ihr.",True,1,0,True,True,False,True,,True,,True,"{""reason"":""detector_match"",""detected"":""de"",""confidence"":1.0}",True,[],[],True,,"{""errors"":[]}",True,[],True,1,0,True,True,False,100,100,1218,16,1234,,,677.61,1306,8,1314,0,0,1897.74
592f45b90c16ca0d437f,1174,gemma-3-27b-reasoning,managed-prompt,tatoeba,it,de,Non ho bisogno del suo aiuto.,Ich brauche Ihre Hilfe nicht.,"{""c"":""Ich brauche Ihre Hilfe nicht.""}",Ich brauche Ihre Hilfe nicht.,True,1,0,True,True,False,True,,True,,True,"{""reason"":""detector_match"",""detected"":""de"",""confidence"":1.0}",True,[],[],True,,"{""errors"":[]}",True,[],True,1,0,True,True,False,100,100,1215,12,1227,,,1925.49,1305,8,1313,0,0,1209.53
f4175f232f1f8cfbfb69,1175,gemma-3-27b-reasoning,managed-prompt,tatoeba,it,de,L'ipocrisia è la morte della democrazia.,Die Scheinheiligkeit ist der Tod der Demokratie.,"{""c"":""Heuchelei ist der Tod der Demokratie.""}",Heuchelei ist der Tod der Demokratie.,True,1,0,True,True,False,True,,True,,True,"{""reason"":""detector_match"",""detected"":""de"",""confidence"":1.0}",True,[],[],True,,"{""errors"":[]}",True,[],True,1,0,True,True,False,100,100,1222,15,1237,,,620.62,1312,8,1320,0,0,1295.88
e4a9815b88a828b64b33,1176,gemma-3-27b-reasoning,managed-prompt,tatoeba,it,de,"Non scrivermi al vecchio indirizzo, mi sono trasferito.",Nicht an meine alte Adresse schreiben! Ich bin umgezogen.,"{""c"":""Bitte schreibe mir nicht mehr an die alte Adresse, ich bin umgezogen.""}","Bitte schreibe mir nicht mehr an die alte Adresse, ich bin umgezogen.",True,1,0,True,True,False,True,,True,,True,"{""reason"":""detector_match"",""detected"":""de"",""confidence"":1.0}",True,[],[],True,,"{""errors"":[]}",True,[],True,1,0,True,True,False,100,100,1222,22,1244,,,1008.05,1332,8,1340,0,0,1271.43
32677195b3aba94f98ce,1177,gemma-3-27b-reasoning,managed-prompt,tatoeba,it,de,Cerchiamo di aspettare e vedere come si sviluppano le cose.,"Lass uns abwarten und schauen, wie sich die Dinge entwickeln.","{""c"":""Lass uns abwarten und sehen, wie sich die Dinge entwickeln.""}","Lass uns abwarten und sehen, wie sich die Dinge entwickeln.",True,1,0,True,True,False,True,,True,,True,"{""reason"":""detector_match"",""detected"":""de"",""confidence"":1.0}",True,[],[],True,,"{""errors"":[]}",True,[],True,1,0,True,True,False,100,100,1223,20,1243,,,953.2,1330,8,1338,0,0,1140.1
288dd433aa8806e6218d,1178,gemma-3-27b-reasoning,managed-prompt,tatoeba,it,de,Chi l'ha detto? È assolutamente falso!,Wer hat das gesagt? Das ist völlig falsch!,"{""c"":""Wer hat das gesagt? Das ist absolut falsch!""}",Wer hat das gesagt? Das ist absolut falsch!,True,1,0,True,True,False,True,,True,,True,"{""reason"":""detector_match"",""detected"":""de"",""confidence"":1.0}",True,[],[],True,,"{""errors"":[]}",True,[],True,1,0,True,True,False,100,100,1218,15,1233,,,639.7,1315,8,1323,0,0,1267.93
c059d31436577b66ba82,1179,gemma-3-27b-reasoning,managed-prompt,tatoeba,it,de,Tom temeva di commettere un errore.,"Tom hatte Angst davor, einen Fehler zu machen.","{""c"":""Tom hatte Angst, einen Fehler zu machen.""}","Tom hatte Angst, einen Fehler zu machen.",True,1,0,True,True,False,True,,True,,True,"{""reason"":""detector_match"",""detected"":""de"",""confidence"":1.0}",True,[],[],True,,"{""errors"":[]}",True,[],True,1,0,True,True,False,100,100,1218,14,1232,,,606.11,1312,8,1320,0,0,1246.03
2576175e11910ee71690,1180,gemma-3-27b-reasoning,managed-prompt,tatoeba,it,en,La fidanzata di Tom l'ha visto con un'altra ragazza.,Tom's girlfriend saw him with another girl.,"{""c"":""Tom's girlfriend saw him with another girl.""}",Tom's girlfriend saw him with another girl.,True,1,0,True,True,False,True,,True,,True,"{""reason"":""detector_match"",""detected"":""en"",""confidence"":1.0}",True,[],[],True,,"{""errors"":[]}",True,[],True,1,0,True,True,False,100,100,1224,15,1239,,,878.34,1307,8,1315,0,0,1155.43
8e583581d84a839867b3,1181,gemma-3-27b-reasoning,managed-prompt,tatoeba,it,en,"Puoi parlarmi, sai?","You can talk to me, you know?","{""c"":""You can talk to me, you know?""}","You can talk to me, you know?",True,1,0,True,True,False,True,,True,,True,"{""reason"":""detector_match"",""detected"":""en"",""confidence"":1.0}",True,[],[],True,,"{""errors"":[]}",True,[],True,1,0,True,True,False,100,100,1216,14,1230,,,1071.07,1301,8,1309,0,0,1085.7
d180c87544c40a77cfdf,1182,gemma-3-27b-reasoning,managed-prompt,tatoeba,it,en,Tom chiese a Mary dove fosse John.,Tom asked Mary where John was.,"{""c"":""Tom asked Mary where John was.""}",Tom asked Mary where John was.,True,1,0,True,True,False,True,,True,,True,"{""reason"":""detector_match"",""detected"":""en"",""confidence"":1.0}",True,[],[],True,,"{""errors"":[]}",True,[],True,1,0,True,True,False,100,100,1216,12,1228,,,792.07,1295,8,1303,0,0,1213.07
a6b2a8070274fb0f0d5a,1183,gemma-3-27b-reasoning,managed-prompt,tatoeba,it,en,È veramente una straniera?,Are you really a foreigner?,"{""c"":""Is she really a foreigner?""}",Is she really a foreigner?,True,1,0,True,True,False,True,,True,,True,"{""reason"":""detector_match"",""detected"":""en"",""confidence"":1.0}",True,[],[],True,,"{""errors"":[{""category"":""accuracy"",""severity"":""major""}]}",False,"[{""category"":""accuracy"",""severity"":""major""}]",True,1,0,True,True,False,85,85,1214,11,1225,,,1055.23,1294,17,1311,0,0,1261.07
24f18b8b26fa7d80919d,1184,gemma-3-27b-reasoning,managed-prompt,tatoeba,it,en,Non aprire le porte.,Don't open the doors.,"{""c"":""Do not open the doors.""}",Do not open the doors.,True,1,0,True,True,False,True,,True,,,"{""reason"":""detector_inconclusive"",""detected"":""nl"",""confidence"":0.7143}",True,[],[],True,,"{""errors"":[]}",True,[],True,1,0,True,True,False,100,100,1213,11,1224,,,722.92,1290,8,1298,0,0,1231.08
64c7589133a897bd4159,1185,gemma-3-27b-reasoning,managed-prompt,tatoeba,it,en,Chiuda a chiave tutte le porte.,Lock all the doors.,"{""c"":""Lock all the doors.""}",Lock all the doors.,True,1,0,True,True,False,True,,True,,True,"{""reason"":""detector_match"",""detected"":""en"",""confidence"":0.8571}",True,[],[],True,,"{""errors"":[]}",True,[],True,1,0,True,True,False,100,100,1216,10,1226,,,597.92,1293,8,1301,0,0,1206.17
254e5982e59a5b94d545,1186,gemma-3-27b-reasoning,managed-prompt,tatoeba,it,en,Il luogo è cambiato.,The location has changed.,"{""c"":""The location has changed.""}",The location has changed.,True,1,0,True,True,False,True,,True,,True,"{""reason"":""detector_match"",""detected"":""en"",""confidence"":1.0}",True,[],[],True,,"{""errors"":[]}",True,[],True,1,0,True,True,False,100,100,1213,10,1223,,,562.52,1289,8,1297,0,0,1201.5
2a445df48e83e1e09081,1187,gemma-3-27b-reasoning,managed-prompt,tatoeba,it,en,È legale?,Is this legal?,"{""c"":""Is it legal?""}",Is it legal?,True,1,0,True,True,False,True,,True,,,"{""reason"":""detector_inconclusive"",""detected"":""tl"",""confidence"":0.8571}",True,[],[],True,,"{""errors"":[]}",True,[],True,1,0,True,True,False,100,100,1211,9,1220,,,554.79,1285,8,1293,0,0,1176.32
1d0511aca7e60115294e,1188,gemma-3-27b-reasoning,managed-prompt,tatoeba,it,en,Posso parlare con un avvocato?,Can I speak to a lawyer?,"{""c"":""Can I speak to a lawyer?""}",Can I speak to a lawyer?,True,1,0,True,True,False,True,,True,,True,"{""reason"":""detector_match"",""detected"":""en"",""confidence"":1.0}",True,[],[],True,,"{""errors"":[]}",True,[],True,1,0,True,True,False,100,100,1217,12,1229,,,605.18,1299,8,1307,0,0,1194.93
803ef1b3a9a46689ed99,1189,gemma-3-27b-reasoning,managed-prompt,tatoeba,it,en,Un uomo eccellente: non ha nemici e non piace a nessun amico.,"An excellent man: he has no enemies, and none of his friends like him.","{""c"":""An excellent man: has no enemies and is not liked by any friend.""}",An excellent man: has no enemies and is not liked by any friend.,True,1,0,True,True,False,True,,True,,True,"{""reason"":""detector_match"",""detected"":""en"",""confidence"":1.0}",True,[],[],True,,"{""errors"":[]}",True,[],True,1,0,True,True,False,100,100,1225,20,1245,,,926.97,1325,8,1333,0,0,1146.32
f565bef67c546c22f22f,1190,gemma-3-27b-reasoning,managed-prompt,tatoeba,it,es,Vieni da me in ufficio così ti spiego.,Vení conmigo a la oficina así te explico.,"{""c"":""Ven a mi oficina para que te lo explique.""}",Ven a mi oficina para que te lo explique.,True,1,0,True,True,False,True,,True,,True,"{""reason"":""detector_match"",""detected"":""es"",""confidence"":0.8571}",True,[],[],True,,"{""errors"":[]}",True,[],True,1,0,True,True,False,100,100,1220,15,1235,,,943.04,1314,8,1322,0,0,1277.54
cb75b6f7b50fde1b884a,1191,gemma-3-27b-reasoning,managed-prompt,tatoeba,it,es,Mia sorella suona il piano ogni giorno.,Mi hermana toca el piano cada día.,"{""c"":""Mi hermana toca el piano todos los días.""}",Mi hermana toca el piano todos los días.,True,1,0,True,True,False,True,,True,,True,"{""reason"":""detector_match"",""detected"":""es"",""confidence"":1.0}",True,[],[],True,,"{""errors"":[]}",True,[],True,1,0,True,True,False,100,100,1217,14,1231,,,632.92,1305,8,1313,0,0,1127.93
73a1f212db5caafb84c9,1192,gemma-3-27b-reasoning,managed-prompt,tatoeba,it,es,Credo che dovremmo andarci.,Creo que deberíamos ir allí.,"{""c"":""Creo que deberíamos ir.""}",Creo que deberíamos ir.,True,1,0,True,True,False,True,,True,,True,"{""reason"":""detector_match"",""detected"":""es"",""confidence"":1.0}",True,[],[],True,,"{""errors"":[]}",True,[],True,1,0,True,True,False,100,100,1216,11,1227,,,687.01,1304,8,1312,0,0,1050.16
24d5b40f132b4c958180,1193,gemma-3-27b-reasoning,managed-prompt,tatoeba,it,es,I pesci sono animali a sangue freddo.,Los peces son animales de sangre fría.,"{""c"":""Los peces son animales de sangre fría.""}",Los peces son animales de sangre fría.,True,1,0,True,True,False,True,,True,,True,"{""reason"":""detector_match"",""detected"":""es"",""confidence"":1.0}",True,[],[],True,,"{""errors"":[]}",True,[],True,1,0,True,True,False,100,100,1218,13,1231,,,665.73,1307,8,1315,0,0,1286.17
1977c7387acfc8c76d29,1194,gemma-3-27b-reasoning,managed-prompt,tatoeba,it,es,Qual è la tua bevanda preferita in un giorno freddo?,¿Cuál es tu trago favorito para un día frío?,"{""c"":""¿Cuál es tu bebida favorita en un día frío?""}",¿Cuál es tu bebida favorita en un día frío?,True,1,0,True,True,False,True,,True,,True,"{""reason"":""detector_match"",""detected"":""es"",""confidence"":1.0}",True,[],[],True,,"{""errors"":[]}",True,[],True,1,0,True,True,False,100,100,1222,16,1238,,,863.36,1324,8,1332,0,0,1192.5
f0cadd97728e553aa512,1195,gemma-3-27b-reasoning,managed-prompt,tatoeba,it,es,Il gatto sembra estremamente felice.,El gato parece muy feliz.,"{""c"":""El gato parece extremadamente feliz.""}",El gato parece extremadamente feliz.,True,1,0,True,True,False,True,,True,,True,"{""reason"":""detector_match"",""detected"":""es"",""confidence"":1.0}",True,[],[],True,,"{""errors"":[]}",True,[],True,1,0,True,True,False,100,100,1216,11,1227,,,572.35,1301,8,1309,0,0,1161.61
38baf336f5254f5d2f11,1196,gemma-3-27b-reasoning,managed-prompt,tatoeba,it,es,"Quando stavo per uscire di casa, ho ricevuto una chiamata da lei.","Cuando estaba por salir de casa, recibí una llamada de ella.","{""c"":""Just as I was about to leave the house, I received a call from her.""}","Just as I was about to leave the house, I received a call from her.",True,1,0,True,True,False,True,,True,,,"{""reason"":""detector_mismatch_uncertain"",""detected"":""en"",""confidence"":1.0}",True,[],[],True,,"{""errors"":[{""category"":""fluency"",""severity"":""critical""}]}",False,"[{""category"":""fluency"",""severity"":""critical""}]",True,1,0,True,True,False,60,60,1224,22,1246,,,966.9,1328,18,1346,0,0,1383.21
134862dacc3938550776,1197,gemma-3-27b-reasoning,managed-prompt,tatoeba,it,es,Non sappiamo se verrà o no.,No sabemos si él vendrá o no.,"{""c"":""No sabemos si vendrá o no.""}",No sabemos si vendrá o no.,True,1,0,True,True,False,True,,True,,,"{""reason"":""detector_inconclusive"",""detected"":""pt"",""confidence"":0.8571}",True,[],[],True,,"{""errors"":[]}",True,[],True,1,0,True,True,False,100,100,1215,13,1228,,,593.14,1303,8,1311,0,0,1170.48
cccaa5c4c47d4a236763,1198,gemma-3-27b-reasoning,managed-prompt,tatoeba,it,es,Io non sono razzista.,No soy racista.,"{""c"":""Yo no soy racista.""}",Yo no soy racista.,True,1,0,True,True,False,True,,True,,True,"{""reason"":""detector_match"",""detected"":""es"",""confidence"":0.8571}",True,[],[],True,,"{""errors"":[]}",True,[],True,1,0,True,True,False,100,100,1215,11,1226,,,650.55,1293,8,1301,0,0,1174.19
4efce98a5b4cbcd61dd8,1199,gemma-3-27b-reasoning,managed-prompt,tatoeba,it,es,Dovrai imparare molto.,Tendrás que aprender mucho.,"{""c"":""Tendrás que aprender mucho.""}",Tendrás que aprender mucho.,True,1,0,True,True,False,True,,True,,True,"{""reason"":""detector_match"",""detected"":""es"",""confidence"":1.0}",True,[],[],True,,"{""errors"":[]}",True,[],True,1,0,True,True,False,100,100,1215,11,1226,,,566.01,1299,8,1307,0,0,1227.09
dd006631017970d10af1,1200,gemma-3-27b-reasoning,managed-prompt,tatoeba,it,fr,Fumare può uccidere.,Fumer peut tuer.,"{""c"":""Fumer peut tuer.""}",Fumer peut tuer.,True,1,0,True,True,False,True,,True,,True,"{""reason"":""detector_match"",""detected"":""fr"",""confidence"":0.8571}",True,[],[],True,,"{""errors"":[]}",True,[],True,1,0,True,True,False,100,100,1215,11,1226,,,594.04,1294,8,1302,0,0,1218.7
7178fa2f143fa9a1561f,1201,gemma-3-27b-reasoning,managed-prompt,tatoeba,it,fr,Linda sta per cavarti gli occhi!,Linda va t'énucléer !,"{""c"":""Linda va t'arracher les yeux!""}",Linda va t'arracher les yeux!,True,1,0,True,True,False,True,,True,,True,"{""reason"":""detector_match"",""detected"":""fr"",""confidence"":0.8571}",True,[],[],True,,"{""errors"":[]}",True,[],True,1,0,True,True,False,100,100,1216,14,1230,,,653.18,1301,8,1309,0,0,1240.57
ee9b7ec93124192db920,1202,gemma-3-27b-reasoning,managed-prompt,tatoeba,it,fr,Lui è il mio primo amore.,C'est mon premier amour.,"{""c"":""Il est mon premier amour.""}",Il est mon premier amour.,True,1,0,True,True,False,True,,True,,True,"{""reason"":""detector_match"",""detected"":""fr"",""confidence"":1.0}",True,[],[],True,,"{""errors"":[]}",True,[],True,1,0,True,True,False,100,100,1216,11,1227,,,643.59,1296,8,1304,0,0,1131.82
75a56a878918edab20c6,1203,gemma-3-27b-reasoning,managed-prompt,tatoeba,it,fr,Io vado a New York la settimana prossima.,Je vais à New York la semaine prochaine.,"{""c"":""Je vais à New York la semaine prochaine.""}",Je vais à New York la semaine prochaine.,True,1,0,True,True,False,True,,True,,True,"{""reason"":""detector_match"",""detected"":""fr"",""confidence"":1.0}",True,[],[],True,,"{""errors"":[]}",True,[],True,1,0,True,True,False,100,100,1218,14,1232,,,893.64,1312,8,1320,0,0,1174.87
9909612ac7010bbaf587,1204,gemma-3-27b-reasoning,managed-prompt,tatoeba,it,fr,Voi avevate i denti cariati.,Vous aviez les dents cariées.,"{""c"":""Vous aviez les dents cariées.""}",Vous aviez les dents cariées.,True,1,0,True,True,False,True,,True,,True,"{""reason"":""detector_match"",""detected"":""fr"",""confidence"":1.0}",True,[],[],True,,"{""errors"":[]}",True,[],True,1,0,True,True,False,100,100,1218,13,1231,,,895.81,1306,8,1314,0,0,1294.8
a76d15ec4b8e4f8ac159,1205,gemma-3-27b-reasoning,managed-prompt,tatoeba,it,fr,Tu sei passata dalla finestra.,Tu es passée par la fenêtre.,"{""c"":""Tu es passée par la fenêtre.""}",Tu es passée par la fenêtre.,True,1,0,True,True,False,True,,True,,True,"{""reason"":""detector_match"",""detected"":""fr"",""confidence"":1.0}",True,[],[],True,,"{""errors"":[]}",True,[],True,1,0,True,True,False,100,100,1215,13,1228,,,662.37,1299,8,1307,0,0,1168.72
e48a50a36adf420bd789,1206,gemma-3-27b-reasoning,managed-prompt,tatoeba,it,fr,Lei conosce il vero nome di Tom?,Connaît-elle le vrai nom de Tom ?,"{""c"":""Connaissez-vous le vrai nom de Tom?""}",Connaissez-vous le vrai nom de Tom?,True,1,0,True,True,False,True,,True,,True,"{""reason"":""detector_match"",""detected"":""fr"",""confidence"":1.0}",True,[],[],True,,"{""errors"":[{""category"":""accuracy"",""severity"":""major""}]}",False,"[{""category"":""accuracy"",""severity"":""major""}]",True,1,0,True,True,False,85,85,1216,16,1232,,,914.02,1312,17,1329,0,0,1278.83
d8901c05c76e6c9773e9,1207,gemma-3-27b-reasoning,managed-prompt,tatoeba,it,fr,Non ho ancora un contratto.,Je n'ai pas encore de contrat.,"{""c"":""Je n'ai pas encore de contrat.""}",Je n'ai pas encore de contrat.,True,1,0,True,True,False,True,,True,,True,"{""reason"":""detector_match"",""detected"":""fr"",""confidence"":1.0}",True,[],[],True,,"{""errors"":[]}",True,[],True,1,0,True,True,False,100,100,1214,14,1228,,,663.19,1298,8,1306,0,0,1232.96
351f4d4d992e4302e5c4,1208,gemma-3-27b-reasoning,managed-prompt,tatoeba,it,fr,La gatta non sembra felice di vederci.,La chatte n'a pas l'air heureuse de nous voir.,"{""c"":""Le chat ne semble pas content de nous voir.""}",Le chat ne semble pas content de nous voir.,True,1,0,True,True,False,True,,True,,True,"{""reason"":""detector_match"",""detected"":""fr"",""confidence"":1.0}",True,[],[],True,,"{""errors"":[{""category"":""accuracy"",""severity"":""major""}]}",False,"[{""category"":""accuracy"",""severity"":""major""}]",True,1,0,True,True,False,85,85,1220,15,1235,,,854.9,1312,17,1329,0,0,1231.15
4671aecedb20182fd9a3,1209,gemma-3-27b-reasoning,managed-prompt,tatoeba,it,fr,Lui ha affamato i cani.,Il a affamé les chiens.,"{""c"":""Il a fait mourir de faim les chiens.""}",Il a fait mourir de faim les chiens.,True,1,0,True,True,False,True,,True,,True,"{""reason"":""detector_match"",""detected"":""fr"",""confidence"":1.0}",True,[],[],True,,"{""errors"":[]}",True,[],True,1,0,True,True,False,100,100,1217,16,1233,,,871.0,1302,8,1310,0,0,1266.01
967a65378933a579be73,1210,gemma-3-27b-reasoning,managed-prompt,tatoeba,it,jp,Per il mio orologio sono le 4.,私の時計では４時です。,"{""c"":""私の時計では4時です。""}",私の時計では4時です。,True,1,0,True,True,False,True,,True,,True,"{""reason"":""target_script_present"",""detected"":""ja"",""confidence"":1.0}",True,[],[],True,,"{""errors"":[]}",True,[],True,1,0,True,True,False,100,100,1218,12,1230,,,576.84,1303,8,1311,0,0,1229.12
d4e76b88494963ea6e75,1211,gemma-3-27b-reasoning,managed-prompt,tatoeba,it,jp,I dentisti utilizzano i raggi X per esaminare i vostri denti.,歯科医は歯を調べるためにレントゲンを利用する。,"{""c"":""歯科医は、あなたの歯を検査するためにX線を使用します。""}",歯科医は、あなたの歯を検査するためにX線を使用します。,True,1,0,True,True,False,True,,True,,True,"{""reason"":""target_script_present"",""detected"":""ja"",""confidence"":1.0}",True,[],[],True,,"{""errors"":[]}",True,[],True,1,0,True,True,False,100,100,1225,19,1244,,,741.53,1341,8,1349,0,0,1204.25
75fa8d2c0dcdca8f4a03,1212,gemma-3-27b-reasoning,managed-prompt,tatoeba,it,jp,Per quale motivo suo padre è andato in Giappone?,何のために彼女のお父さんは日本へ行ったの。,"{""c"":""彼の父はなぜ日本に行ったのですか？""}",彼の父はなぜ日本に行ったのですか？,True,1,0,True,True,False,True,,True,,True,"{""reason"":""target_script_present"",""detected"":""ja"",""confidence"":1.0}",True,[],[],True,,"{""errors"":[{""category"":""accuracy"",""severity"":""minor""}]}",True,"[{""category"":""accuracy"",""severity"":""minor""}]",True,1,0,True,True,False,97,97,1219,14,1233,,,694.07,1329,17,1346,0,0,1211.54
4b74480177d033cfd133,1213,gemma-3-27b-reasoning,managed-prompt,tatoeba,it,jp,Davanti a me c'è una macchina gialla.,私の前に黄色い車がある。,"{""c"":""私の前には黄色い車があります。""}",私の前には黄色い車があります。,True,1,0,True,True,False,True,,True,,True,"{""reason"":""target_script_present"",""detected"":""ja"",""confidence"":1.0}",True,[],[],True,,"{""errors"":[]}",True,[],True,1,0,True,True,False,100,100,1220,13,1233,,,990.83,1312,8,1320,0,0,1231.47
b427746e01c91c07ab6e,1214,gemma-3-27b-reasoning,managed-prompt,tatoeba,it,jp,"Appena abbiamo un'opportunità, andiamo a parlargli.",機会のあり次第彼にお話ししよう。,"{""c"":""機会があれば、すぐに彼に話に行きましょう。""}",機会があれば、すぐに彼に話に行きましょう。,True,1,0,True,True,False,True,,True,,True,"{""reason"":""target_script_present"",""detected"":""ja"",""confidence"":1.0}",True,[],[],True,,"{""errors"":[]}",True,[],True,1,0,True,True,False,100,100,1223,15,1238,,,974.33,1330,8,1338,0,0,1038.64
79f15dfcb0c929d17d95,1215,gemma-3-27b-reasoning,managed-prompt,tatoeba,it,jp,"Grazie al suo elevato reddito, ogni anno si può permettere un viaggio a Parigi.",彼女は収入がたくさんあるので毎年パリに行くことが出来る。,"{""c"":""高い収入のおかげで、毎年パリ旅行に行ける。""}",高い収入のおかげで、毎年パリ旅行に行ける。,True,1,0,True,True,False,True,,True,,True,"{""reason"":""target_script_present"",""detected"":""ja"",""confidence"":1.0}",True,[],[],True,,"{""errors"":[]}",True,[],True,1,0,True,True,False,100,100,1227,18,1245,,,915.35,1350,8,1358,0,0,1224.9
18c2f76c399cdd7e5c9a,1216,gemma-3-27b-reasoning,managed-prompt,tatoeba,it,jp,Erano molto emozionate.,彼らは非常に興奮していた。,"{""c"":""彼らはとても興奮していました。""}",彼らはとても興奮していました。,True,1,0,True,True,False,True,,True,,True,"{""reason"":""target_script_present"",""detected"":""ja"",""confidence"":1.0}",True,[],[],True,,"{""errors"":[]}",True,[],True,1,0,True,True,False,100,100,1214,12,1226,,,604.79,1305,8,1313,0,0,1137.96
396d797cad223fcebd6a,1217,gemma-3-27b-reasoning,managed-prompt,tatoeba,it,jp,È troppo caro.,それは高過ぎる。,"{""c"":""高すぎる。""}",高すぎる。,True,1,0,True,True,False,True,,True,,True,"{""reason"":""target_script_present"",""detected"":""ja"",""confidence"":1.0}",True,[],[],True,,"{""errors"":[]}",True,[],True,1,0,True,True,False,100,100,1212,8,1220,,,622.61,1294,8,1302,0,0,1197.93
ea2102f1cca943a62f50,1218,gemma-3-27b-reasoning,managed-prompt,tatoeba,it,jp,Non ho argomenti in comune con Tom percui non so proprio di cosa parlare con lui.,トムとは共通の話題がないから何話せばいいか分かんないんだよね。,"{""c"":""トムと共通の話題がないので、彼と何を話せばいいのか全く分かりません。""}",トムと共通の話題がないので、彼と何を話せばいいのか全く分かりません。,True,1,0,True,True,False,True,,True,,True,"{""reason"":""target_script_present"",""detected"":""ja"",""confidence"":1.0}",True,[],[],True,,"{""errors"":[]}",True,[],True,1,0,True,True,False,100,100,1228,25,1253,,,1411.56,1353,8,1361,0,0,1106.86
1e72ac95ec349c4ec40f,1219,gemma-3-27b-reasoning,managed-prompt,tatoeba,it,jp,Lui è il mio primo amore.,彼は私の初恋の人です。,"{""c"":""彼は私の初恋の人です。""}",彼は私の初恋の人です。,True,1,0,True,True,False,True,,True,,True,"{""reason"":""target_script_present"",""detected"":""ja"",""confidence"":1.0}",True,[],[],True,,"{""errors"":[]}",True,[],True,1,0,True,True,False,100,100,1216,12,1228,,,592.52,1307,8,1315,0,0,1081.19
571de04bb8ce92601521,1220,gemma-3-27b-reasoning,managed-prompt,tatoeba,it,nl,Io sono fiera dei miei figli.,Ik ben trots op mijn kinderen.,"{""c"":""Ik ben trots op mijn kinderen.""}",Ik ben trots op mijn kinderen.,True,1,0,True,True,False,True,,True,,True,"{""reason"":""detector_match"",""detected"":""nl"",""confidence"":1.0}",True,[],[],True,,"{""errors"":[]}",True,[],True,1,0,True,True,False,100,100,1216,12,1228,,,787.05,1306,8,1314,0,0,1027.62
804b57618d95bb49012c,1221,gemma-3-27b-reasoning,managed-prompt,tatoeba,it,nl,A che serve questo?,Waartoe dient dit?,"{""c"":""Wat is het nut hiervan?""}",Wat is het nut hiervan?,True,1,0,True,True,False,True,,True,,True,"{""reason"":""detector_match"",""detected"":""nl"",""confidence"":1.0}",True,[],[],True,,"{""errors"":[]}",True,[],True,1,0,True,True,False,100,100,1213,12,1225,,,931.48,1295,8,1303,0,0,1185.1
f76f85fca2d8a4bd4a23,1222,gemma-3-27b-reasoning,managed-prompt,tatoeba,it,nl,Questo è un fiore?,Dit is een bloem?,"{""c"":""Is dit een bloem?""}",Is dit een bloem?,True,1,0,True,True,False,True,,True,,True,"{""reason"":""detector_match"",""detected"":""nl"",""confidence"":0.8592}",True,[],[],True,,"{""errors"":[]}",True,[],True,1,0,True,True,False,100,100,1214,11,1225,,,739.83,1292,8,1300,0,0,1264.17
8aac3c57d3ff13d90bd4,1223,gemma-3-27b-reasoning,managed-prompt,tatoeba,it,nl,Lui legge molto.,Hij leest veel.,"{""c"":""Hij leest veel.""}",Hij leest veel.,True,1,0,True,True,False,True,,True,,True,"{""reason"":""detector_match"",""detected"":""nl"",""confidence"":1.0}",True,[],[],True,,"{""errors"":[]}",True,[],True,1,0,True,True,False,100,100,1213,10,1223,,,739.48,1287,8,1295,0,0,1123.71
d71afcc023df0944831d,1224,gemma-3-27b-reasoning,managed-prompt,tatoeba,it,nl,Tom disse il perché?,Heeft Tom gezegd waarom?,"{""c"":""Tom zei dit waarom?""}",Tom zei dit waarom?,True,1,0,True,True,False,True,,True,,,"{""reason"":""detector_inconclusive"",""detected"":""nl"",""confidence"":0.5714}",True,[],[],True,,"{""errors"":[{""category"":""accuracy"",""severity"":""major""},{""category"":""fluency"",""severity"":""major""}]}",False,"[{""category"":""accuracy"",""severity"":""major""},{""category"":""fluency"",""severity"":""major""}]",True,1,0,True,True,False,70,70,1213,10,1223,,,543.84,1294,27,1321,0,0,1340.12
f0990988c37e2a9b9a53,1225,gemma-3-27b-reasoning,managed-prompt,tatoeba,it,nl,Noi siamo felici.,We zijn gelukkig.,"{""c"":""We zijn blij.""}",We zijn blij.,True,1,0,True,True,False,True,,True,,True,"{""reason"":""detector_match"",""detected"":""nl"",""confidence"":1.0}",True,[],[],True,,"{""errors"":[]}",True,[],True,1,0,True,True,False,100,100,1214,9,1223,,,507.29,1291,8,1299,0,0,1166.82
1e13b1dd1bf0a2d19899,1226,gemma-3-27b-reasoning,managed-prompt,tatoeba,it,nl,"Il Nepal si chiama ""Nepal"" in nepalese.",Nepal wordt ''Nepal'' genoemd in het Nepalees.,"{""c"":""Nepal heet \""Nepal\"" in het Nepalees.""}","Nepal heet ""Nepal"" in het Nepalees.",True,1,0,True,True,False,True,,True,,True,"{""reason"":""detector_match"",""detected"":""nl"",""confidence"":1.0}",True,[],[],True,,"{""errors"":[]}",True,[],True,1,0,True,True,False,100,100,1219,17,1236,,,696.43,1310,8,1318,0,0,1261.47
fe11243f3cadcb930a3b,1227,gemma-3-27b-reasoning,managed-prompt,tatoeba,it,nl,Io sono cieco.,Ik ben blind.,"{""c"":""Ik ben blind.""}",Ik ben blind.,True,1,0,True,True,False,True,,True,,,"{""reason"":""detector_mismatch_uncertain"",""detected"":""da"",""confidence"":1.0}",True,[],[],True,,"{""errors"":[]}",True,[],True,1,0,True,True,False,100,100,1213,9,1222,,,899.72,1289,8,1297,0,0,1167.71
b31220d24d309c5eabbd,1228,gemma-3-27b-reasoning,managed-prompt,tatoeba,it,nl,Quali sono i lati positivi?,Welke zijn de positieve kanten?,"{""c"":""Wat zijn de voordelen?""}",Wat zijn de voordelen?,True,1,0,True,True,False,True,,True,,True,"{""reason"":""detector_match"",""detected"":""nl"",""confidence"":1.0}",True,[],[],True,,"{""errors"":[]}",True,[],True,1,0,True,True,False,100,100,1216,11,1227,,,1041.51,1300,8,1308,0,0,1071.76
9f816c6ea87c2ab04520,1229,gemma-3-27b-reasoning,managed-prompt,tatoeba,it,nl,Io sono il fratello maggiore di Tom.,Ik ben Toms oudste broer.,"{""c"":""Ik ben de oudere broer van Tom.""}",Ik ben de oudere broer van Tom.,True,1,0,True,True,False,True,,True,,True,"{""reason"":""detector_match"",""detected"":""nl"",""confidence"":1.0}",True,[],[],True,,"{""errors"":[]}",True,[],True,1,0,True,True,False,100,100,1216,15,1231,,,975.81,1306,8,1314,0,0,1163.11
dacc2c508f2e0e2cc101,1230,gemma-3-27b-reasoning,managed-prompt,tatoeba,it,nb,Il mondo non ha bisogno di me.,Verden trenger meg ikke.,"{""c"":""Verden trenger meg ikke.""}",Verden trenger meg ikke.,True,1,0,True,True,False,True,,True,,True,"{""reason"":""detector_match"",""detected"":""no"",""confidence"":1.0}",True,[],[],True,,"{""errors"":[]}",True,[],True,1,0,True,True,False,100,100,1216,11,1227,,,651.28,1295,8,1303,0,0,1011.43
1d081b5646b79e522778,1231,gemma-3-27b-reasoning,managed-prompt,tatoeba,it,nb,Quattro occhi vedono più di due.,Fire øyne ser mer enn to.,"{""c"":""Fire øyne ser mer enn to.""}",Fire øyne ser mer enn to.,True,1,0,True,True,False,True,,True,,True,"{""reason"":""detector_match"",""detected"":""no"",""confidence"":1.0}",True,[],[],True,,"{""errors"":[]}",True,[],True,1,0,True,True,False,100,100,1217,13,1230,,,814.82,1300,8,1308,0,0,1210.47
6f5045f65ce1b43fb7e3,1232,gemma-3-27b-reasoning,managed-prompt,tatoeba,it,nb,Puoi venire alla festa?,Kan du komme på festen?,"{""c"":""Kan du komme i festen?""}",Kan du komme i festen?,True,1,0,True,True,False,True,,True,,True,"{""reason"":""detector_match"",""detected"":""no"",""confidence"":1.0}",True,[],[],True,,"{""errors"":[{""category"":""fluency"",""severity"":""major""}]}",False,"[{""category"":""fluency"",""severity"":""major""}]",True,1,0,True,True,False,85,85,1214,12,1226,,,1012.31,1299,18,1317,0,0,1216.38
0d6464cbded5dfd80031,1233,gemma-3-27b-reasoning,managed-prompt,tatoeba,it,nb,Mi piacciono le onde del Mar Nero.,Jeg liker bølgene i Svartehavet.,"{""c"":""Jeg liker bølgene fra Svartehavet.""}",Jeg liker bølgene fra Svartehavet.,True,1,0,True,True,False,True,,True,,True,"{""reason"":""detector_match"",""detected"":""no"",""confidence"":1.0}",True,[],[],True,,"{""errors"":[]}",True,[],True,1,0,True,True,False,100,100,1218,18,1236,,,644.8,1312,8,1320,0,0,1284.58
2b60c6be8203e7916075,1234,gemma-3-27b-reasoning,managed-prompt,tatoeba,it,nb,Non so come abbia fatto questo. Questo era un miracolo.,Jeg begriper ikke hvordan hun gjorde det. Det var et mirakel.,"{""c"":""Jeg vet ikke hvordan han gjorde det. Det var et mirakel.""}",Jeg vet ikke hvordan han gjorde det. Det var et mirakel.,True,1,0,True,True,False,True,,True,,True,"{""reason"":""detector_match"",""detected"":""no"",""confidence"":1.0}",True,[],[],True,,"{""errors"":[{""category"":""accuracy"",""severity"":""major""}]}",False,"[{""category"":""accuracy"",""severity"":""major""}]",True,1,0,True,True,False,85,85,1221,19,1240,,,1263.78,1322,17,1339,0,0,1206.11
b36f71573aab871a2a02,1235,gemma-3-27b-reasoning,managed-prompt,tatoeba,it,nb,Questo è un paradosso. Ma gli scienziati hanno certamente una spiegazione.,Dette er et paradoks. Men forskerne har sikkert en forklaring.,"{""c"":""Dette er et paradoks. Men forskere har sikkert en forklaring.""}",Dette er et paradoks. Men forskere har sikkert en forklaring.,True,1,0,True,True,False,True,,True,,True,"{""reason"":""detector_match"",""detected"":""no"",""confidence"":1.0}",True,[],[],True,,"{""errors"":[]}",True,[],True,1,0,True,True,False,100,100,1227,22,1249,,,1041.28,1329,8,1337,0,0,1105.65
f8f4a106c11d1b448760,1236,gemma-3-27b-reasoning,managed-prompt,tatoeba,it,nb,Il sentiero della foresta è stato completamente coperto di neve.,Skogsstien var helt dekket med snø.,"{""c"":""Stien gjennom skogen var fullstendig dekket av snø.""}",Stien gjennom skogen var fullstendig dekket av snø.,True,1,0,True,True,False,True,,True,,True,"{""reason"":""detector_match"",""detected"":""no"",""confidence"":1.0}",True,[],[],True,,"{""errors"":[]}",True,[],True,1,0,True,True,False,100,100,1222,20,1242,,,998.61,1318,8,1326,0,0,1166.43
07a9303c7e651f085a45,1237,gemma-3-27b-reasoning,managed-prompt,tatoeba,it,nb,Mia nonna aveva opinioni molto ragionevoli.,Min bestemor hadde veldig fornuftige synspunkter.,"{""c"":""Bestemors mine hadde veldig fornuftige meninger.""}",Bestemors mine hadde veldig fornuftige meninger.,True,1,0,True,True,False,True,,True,,,"{""reason"":""detector_mismatch_uncertain"",""detected"":""da"",""confidence"":0.9996}",True,[],[],True,,"{""errors"":[{""category"":""fluency"",""severity"":""major""}]}",False,"[{""category"":""fluency"",""severity"":""major""}]",True,1,0,True,True,False,85,85,1219,18,1237,,,1102.75,1316,18,1334,0,0,1226.46
d213e9760488f84fb246,1238,gemma-3-27b-reasoning,managed-prompt,tatoeba,it,nb,"Quasi non posso dire nulla, posso solo dire che il tempo qui è bello e che un residente del nord, colpito dal gelo, sta facendo bene alla luce del sole e all'aria calda.","Jeg kan nesten ikke si noe. Jeg kan bare si at været her er vakkert og at folk fra nord, rammet av frost, gjør det bra her, fordi solen skinner flott og luften er varm.","{""c"":""Jeg kan nesten ikke si noe, jeg kan bare si at været her er fint og at en innbygger fra nord, rammet av kulde, har det bra i solskinnet og den varme luften.""}","Jeg kan nesten ikke si noe, jeg kan bare si at været her er fint og at en innbygger fra nord, rammet av kulde, har det bra i solskinnet og den varme luften.",True,1,0,True,True,False,True,,True,,True,"{""reason"":""detector_match"",""detected"":""no"",""confidence"":1.0}",True,[],[],True,,"{""errors"":[]}",True,[],True,1,0,True,True,False,100,100,1250,51,1301,,,1279.92,1429,8,1437,0,0,1190.26
cd43d9fb8d15c0ff070e,1239,gemma-3-27b-reasoning,managed-prompt,tatoeba,it,nb,Tom esitò a lungo prima di rispondere.,Tom nølte lenge før han svarte.,"{""c"":""Tom nølte lenge før han svarte.""}",Tom nølte lenge før han svarte.,True,1,0,True,True,False,True,,True,,True,"{""reason"":""detector_match"",""detected"":""no"",""confidence"":1.0}",True,[],[],True,,"{""errors"":[]}",True,[],True,1,0,True,True,False,100,100,1218,15,1233,,,625.51,1304,8,1312,0,0,1228.48
e2dbf697609b9a23344e,1240,gemma-3-27b-reasoning,managed-prompt,tatoeba,jp,da,この辞書を使っても良いですか。,Må jeg bruge denne ordbog?,"{""c"":""Må jeg bruge denne ordbog?""}",Må jeg bruge denne ordbog?,True,1,0,True,True,False,True,,True,,True,"{""reason"":""detector_match"",""detected"":""da"",""confidence"":1.0}",True,[],[],True,,"{""errors"":[]}",True,[],True,1,0,True,True,False,100,100,1216,14,1230,,,832.89,1306,8,1314,0,0,1251.61
eb5d80d783b418798846,1241,gemma-3-27b-reasoning,managed-prompt,tatoeba,jp,da,一度にそんなにたくさんの質問には答えられない。,Jeg kan ikke svare på så mange spørgsmål på én gang.,"{""c"":""Jeg kan ikke svare på så mange spørgsmål på én gang.""}",Jeg kan ikke svare på så mange spørgsmål på én gang.,True,1,0,True,True,False,True,,True,,,"{""reason"":""detector_mismatch_uncertain"",""detected"":""no"",""confidence"":1.0}",True,[],[],True,,"{""errors"":[]}",True,[],True,1,0,True,True,False,100,100,1218,19,1237,,,699.92,1328,8,1336,0,0,1228.07
05096d169696075b0e3d,1242,gemma-3-27b-reasoning,managed-prompt,tatoeba,jp,da,これが私の母の写真です。,Dette er et billede af min mor.,"{""c"":""Dette er et billede af min mor.""}",Dette er et billede af min mor.,True,1,0,True,True,False,True,,True,,True,"{""reason"":""detector_match"",""detected"":""da"",""confidence"":1.0}",True,[],[],True,,"{""errors"":[]}",True,[],True,1,0,True,True,False,100,100,1214,15,1229,,,875.89,1300,8,1308,0,0,1210.32
504b55aaf0efd44e1a96,1243,gemma-3-27b-reasoning,managed-prompt,tatoeba,jp,da,我々全員が英語を話せるわけではない。,Det er ikke os alle der kan tale engelsk.,"{""c"":""Ikke alle af os taler engelsk.""}",Ikke alle af os taler engelsk.,True,1,0,True,True,False,True,,True,,True,"{""reason"":""detector_match"",""detected"":""da"",""confidence"":1.0}",True,[],[],True,,"{""errors"":[]}",True,[],True,1,0,True,True,False,100,100,1219,15,1234,,,614.21,1307,8,1315,0,0,1166.6
2cc4e4d6fa342102d7f2,1244,gemma-3-27b-reasoning,managed-prompt,tatoeba,jp,da,目を閉じて。,Luk dine øjne.,"{""c"":""Luk dine øjne.""}",Luk dine øjne.,True,1,0,True,True,False,True,,True,,,"{""reason"":""detector_inconclusive"",""detected"":""da"",""confidence"":0.5179}",True,[],[],True,,"{""errors"":[]}",True,[],True,1,0,True,True,False,100,100,1212,10,1222,,,1030.6,1297,8,1305,0,0,1238.03
2c8fab1b41b5dfd084d9,1245,gemma-3-27b-reasoning,managed-prompt,tatoeba,jp,da,本をたくさん買った。,Jeg købte en masse bøger.,"{""c"":""Jeg købte mange bøger.""}",Jeg købte mange bøger.,True,1,0,True,True,False,True,,True,,True,"{""reason"":""detector_match"",""detected"":""da"",""confidence"":1.0}",True,[],[],True,,"{""errors"":[]}",True,[],True,1,0,True,True,False,100,100,1213,13,1226,,,1112.28,1300,8,1308,0,0,1111.04
a55597b78adae2d6b7db,1246,gemma-3-27b-reasoning,managed-prompt,tatoeba,jp,da,ある日、私は彼に会った。,En dag mødte jeg ham.,"{""c"":""En dag mødte jeg ham.""}",En dag mødte jeg ham.,True,1,0,True,True,False,True,,True,,,"{""reason"":""detector_inconclusive"",""detected"":""no"",""confidence"":0.9323}",True,[],[],True,,"{""errors"":[]}",True,[],True,1,0,True,True,False,100,100,1217,13,1230,,,1095.44,1298,8,1306,0,0,1319.44
7f1ac50eedef36f90a9d,1247,gemma-3-27b-reasoning,managed-prompt,tatoeba,jp,da,昨日は木曜日だった。,I går var det torsdag.,"{""c"":""I går var det torsdag.""}",I går var det torsdag.,True,1,0,True,True,False,True,,True,,,"{""reason"":""detector_mismatch_uncertain"",""detected"":""no"",""confidence"":0.9689}",True,[],[],True,,"{""errors"":[]}",True,[],True,1,0,True,True,False,100,100,1214,12,1226,,,1674.04,1299,8,1307,0,0,1112.97
779f8bbf03db54cf973a,1248,gemma-3-27b-reasoning,managed-prompt,tatoeba,jp,da,鳥は卵を産む。,Fugle lægger æg.,"{""c"":""Fugle lægger æg.""}",Fugle lægger æg.,True,1,0,True,True,False,True,,True,,True,"{""reason"":""detector_match"",""detected"":""da"",""confidence"":1.0}",True,[],[],True,,"{""errors"":[]}",True,[],True,1,0,True,True,False,100,100,1215,13,1228,,,785.74,1300,8,1308,0,0,1140.21
b25dfeffc3b2916c5d1e,1249,gemma-3-27b-reasoning,managed-prompt,tatoeba,jp,da,彼は職を探している。,Han leder efter et job.,"{""c"":""Han leder efter et job.""}",Han leder efter et job.,True,1,0,True,True,False,True,,True,,True,"{""reason"":""detector_match"",""detected"":""da"",""confidence"":1.0}",True,[],[],True,,"{""errors"":[]}",True,[],True,1,0,True,True,False,100,100,1213,11,1224,,,939.06,1294,8,1302,0,0,1190.45
50f274419894add768b0,1250,gemma-3-27b-reasoning,managed-prompt,tatoeba,jp,de,電話してくれればよかったのに。,Du hättest mich anrufen sollen!,"{""c"":""Du hättest anrufen können.""}",Du hättest anrufen können.,True,1,0,True,True,False,True,,True,,True,"{""reason"":""detector_match"",""detected"":""de"",""confidence"":1.0}",True,[],[],True,,"{""errors"":[{""category"":""accuracy"",""severity"":""major""},{""category"":""tone"",""severity"":""minor""}]}",False,"[{""category"":""accuracy"",""severity"":""major""},{""category"":""tone"",""severity"":""minor""}]",True,1,0,True,True,False,82,82,1215,13,1228,,,704.12,1305,26,1331,0,0,1305.6
8bc937faf8912d87bdf1,1251,gemma-3-27b-reasoning,managed-prompt,tatoeba,jp,de,上野動物園にパンダっていたっけ？,Gab es eigentlich Pandas im Zoo von Ueno?,"{""c"":""Hat es im Ueno-Zoo mal Pandas gegeben?""}",Hat es im Ueno-Zoo mal Pandas gegeben?,True,1,0,True,True,False,True,,True,,True,"{""reason"":""detector_match"",""detected"":""de"",""confidence"":1.0}",True,[],[],True,,"{""errors"":[]}",True,[],True,1,0,True,True,False,100,100,1219,16,1235,,,635.76,1319,8,1327,0,0,1106.53
ef85d3f6780cc8ee2646,1252,gemma-3-27b-reasoning,managed-prompt,tatoeba,jp,de,駅に着いたらすぐ電話するよ。,"Wenn ich am Bahnhof ankomme, rufe ich dich sofort an.","{""c"":""Ich rufe dich an, sobald ich am Bahnhof ankomme.""}","Ich rufe dich an, sobald ich am Bahnhof ankomme.",True,1,0,True,True,False,True,,True,,,"{""reason"":""detector_inconclusive"",""detected"":""de"",""confidence"":0.7143}",True,[],[],True,,"{""errors"":[]}",True,[],True,1,0,True,True,False,100,100,1216,19,1235,,,855.4,1332,8,1340,0,0,1082.2
78bf969e57d32872ab3a,1253,gemma-3-27b-reasoning,managed-prompt,tatoeba,jp,de,彼女は月に２回ロンドンのペンフレンドに手紙を出します。,Sie schickt zweimal im Monat einen Brief an ihre Brieffreundin in London.,"{""c"":""Sie schreibt zweimal im Monat Briefe an ihre Brieffreundin in London.""}",Sie schreibt zweimal im Monat Briefe an ihre Brieffreundin in London.,True,1,0,True,True,False,True,,True,,True,"{""reason"":""detector_match"",""detected"":""de"",""confidence"":1.0}",True,[],"[{""code"":""number_not_exact"",""expected"":{""２"":1},""actual"":{}}]",True,,"{""errors"":[]}",True,[],True,1,0,True,True,False,97,97,1225,22,1247,,,845.2,1345,8,1353,0,0,1139.61
5d58069c444d80f5736c,1254,gemma-3-27b-reasoning,managed-prompt,tatoeba,jp,de,私は読みます。,Ich lese.,"{""c"":""Ich lese.""}",Ich lese.,True,1,0,True,True,False,True,,True,,,"{""reason"":""too_short_for_language_detection"",""detected"":null,""confidence"":null}",True,[],[],True,,"{""errors"":[]}",True,[],True,1,0,True,True,False,100,100,1212,8,1220,,,698.93,1288,8,1296,0,0,1339.1
af07a208c5dee88a6666,1255,gemma-3-27b-reasoning,managed-prompt,tatoeba,jp,de,トムは政治家です。,Tom ist Politiker.,"{""c"":""Tom ist ein Politiker.""}",Tom ist ein Politiker.,True,1,0,True,True,False,True,,True,,True,"{""reason"":""detector_match"",""detected"":""de"",""confidence"":1.0}",True,[],[],True,,"{""errors"":[]}",True,[],True,1,0,True,True,False,100,100,1214,10,1224,,,584.15,1291,8,1299,0,0,1230.12
5939e30e9d4bc380c4c0,1256,gemma-3-27b-reasoning,managed-prompt,tatoeba,jp,de,トムは自分の身長についてからかわれることを知ってたけど、バスケットチームにトライアウトすることに決めた。,"Tom wusste zwar, dass man sich aufgrund seiner Körpergröße über ihn lustig machen würde, aber er beschloss dennoch, sich um einen Platz in der Basketballmannschaft zu bemühen.","{""c"":""Tom wusste, dass er wegen seiner Körpergröße gehänselt wurde, aber er beschloss trotzdem, beim Basketballteam ein Probetraining zu machen.""}","Tom wusste, dass er wegen seiner Körpergröße gehänselt wurde, aber er beschloss trotzdem, beim Basketballteam ein Probetraining zu machen.",True,1,0,True,True,False,True,,True,,True,"{""reason"":""detector_match"",""detected"":""de"",""confidence"":1.0}",True,[],[],True,,"{""errors"":[{""category"":""accuracy"",""severity"":""major""}]}",False,"[{""category"":""accuracy"",""severity"":""major""}]",True,1,0,True,True,False,85,85,1232,36,1268,,,916.39,1416,17,1433,0,0,1061.08
670edd455548fa81d31e,1257,gemma-3-27b-reasoning,managed-prompt,tatoeba,jp,de,彼から便りはあった？,Ist ein Brief von ihm gekommen?,"{""c"":""Hast du Post von ihm bekommen?""}",Hast du Post von ihm bekommen?,True,1,0,True,True,False,True,,True,,True,"{""reason"":""detector_match"",""detected"":""de"",""confidence"":1.0}",True,[],[],True,,"{""errors"":[]}",True,[],True,1,0,True,True,False,100,100,1214,12,1226,,,582.73,1301,8,1309,0,0,1046.27
b1d1186692dd1cbd8a4a,1258,gemma-3-27b-reasoning,managed-prompt,tatoeba,jp,de,もっと背が高ければいいのになあ。,"Ich wünschte, ich wäre größer.","{""c"":""Ich wünschte, ich wäre größer.""}","Ich wünschte, ich wäre größer.",True,1,0,True,True,False,True,,True,,True,"{""reason"":""detector_match"",""detected"":""de"",""confidence"":1.0}",True,[],[],True,,"{""errors"":[]}",True,[],True,1,0,True,True,False,100,100,1217,14,1231,,,909.94,1315,8,1323,0,0,1227.41
88f06dbbbaafc4cfaf7d,1259,gemma-3-27b-reasoning,managed-prompt,tatoeba,jp,de,果物は食後よりも食前に食べた方が体にいいらしいよ。,"Es soll gesünder sein, Obst vor den Mahlzeiten anstatt danach zu essen.","{""c"":""Es scheint, dass es für den Körper besser ist, Obst vor statt nach den Mahlzeiten zu essen.""}","Es scheint, dass es für den Körper besser ist, Obst vor statt nach den Mahlzeiten zu essen.",True,1,0,True,True,False,True,,True,,True,"{""reason"":""detector_match"",""detected"":""de"",""confidence"":1.0}",True,[],[],True,,"{""errors"":[]}",True,[],True,1,0,True,True,False,100,100,1222,27,1249,,,947.3,1357,8,1365,0,0,1153.45
49a13a5d7f5f81928847,1260,gemma-3-27b-reasoning,managed-prompt,tatoeba,jp,en,フランス語と英語を勉強しています。,I study French and English.,"{""c"":""I am studying French and English.""}",I am studying French and English.,True,1,0,True,True,False,True,,True,,True,"{""reason"":""detector_match"",""detected"":""en"",""confidence"":1.0}",True,[],[],True,,"{""errors"":[]}",True,[],True,1,0,True,True,False,100,100,1216,12,1228,,,711.77,1299,8,1307,0,0,1090.97
46d4b6f85c31cdec9782,1261,gemma-3-27b-reasoning,managed-prompt,tatoeba,jp,en,私は君がそうすることは必要だと思う。,I think it necessary that you should do so.,"{""c"":""I think you should do that.""}",I think you should do that.,True,1,0,True,True,False,True,,True,,True,"{""reason"":""detector_match"",""detected"":""en"",""confidence"":1.0}",True,[],[],True,,"{""errors"":[]}",True,[],True,1,0,True,True,False,100,100,1216,12,1228,,,659.42,1305,8,1313,0,0,1143.38
d3bc241c5834c5d6e65d,1262,gemma-3-27b-reasoning,managed-prompt,tatoeba,jp,en,彼の話はうそであることがわかった。,His story turned out to be false.,"{""c"":""It turned out his story was a lie.""}",It turned out his story was a lie.,True,1,0,True,True,False,True,,True,,True,"{""reason"":""detector_match"",""detected"":""en"",""confidence"":1.0}",True,[],[],True,,"{""errors"":[]}",True,[],True,1,0,True,True,False,100,100,1217,14,1231,,,659.06,1303,8,1311,0,0,1247.72
12eb116f153f1da7cd8c,1263,gemma-3-27b-reasoning,managed-prompt,tatoeba,jp,en,寝る時間ですよ。,It's time to go to bed.,"{""c"":""It's time to sleep.""}",It's time to sleep.,True,1,0,True,True,False,True,,True,,True,"{""reason"":""detector_match"",""detected"":""en"",""confidence"":1.0}",True,[],[],True,,"{""errors"":[]}",True,[],True,1,0,True,True,False,100,100,1213,12,1225,,,1301.68,1296,8,1304,0,0,1185.46
7aaafb791a27501c668a,1264,gemma-3-27b-reasoning,managed-prompt,tatoeba,jp,en,その勝利で私たちのチームは意気が上がった。,Our team was in high spirits because of the victory.,"{""c"":""That victory boosted our team's morale.""}",That victory boosted our team's morale.,True,1,0,True,True,False,True,,True,,True,"{""reason"":""detector_match"",""detected"":""en"",""confidence"":1.0}",True,[],[],True,,"{""errors"":[]}",True,[],True,1,0,True,True,False,100,100,1219,14,1233,,,1001.41,1312,8,1320,0,0,1190.77
695b63b1023c0bfa80ea,1265,gemma-3-27b-reasoning,managed-prompt,tatoeba,jp,en,彼女は彼と結婚するのを嫌がっている。,She is reluctant to marry him.,"{""c"":""She doesn't want to marry him.""}",She doesn't want to marry him.,True,1,0,True,True,False,True,,True,,True,"{""reason"":""detector_match"",""detected"":""en"",""confidence"":1.0}",True,[],[],True,,"{""errors"":[]}",True,[],True,1,0,True,True,False,100,100,1219,14,1233,,,593.45,1308,8,1316,0,0,1186.02
2b28bdf67e6a3ebe36ff,1266,gemma-3-27b-reasoning,managed-prompt,tatoeba,jp,en,彼女はその秘密を知っていたようだ。,She seems to have known the secret.,"{""c"":""She seemed to know the secret.""}",She seemed to know the secret.,True,1,0,True,True,False,True,,True,,True,"{""reason"":""detector_match"",""detected"":""en"",""confidence"":1.0}",True,[],[],True,,"{""errors"":[]}",True,[],True,1,0,True,True,False,100,100,1215,12,1227,,,592.55,1304,8,1312,0,0,1342.56
fa3ffb8d643853b451f4,1267,gemma-3-27b-reasoning,managed-prompt,tatoeba,jp,en,もう二度と戻って来るな。,Don't come back again.,"{""c"":""Never come back.""}",Never come back.,True,1,0,True,True,False,True,,True,,True,"{""reason"":""detector_match"",""detected"":""en"",""confidence"":1.0}",True,[],[],True,,"{""errors"":[]}",True,[],True,1,0,True,True,False,100,100,1217,9,1226,,,574.25,1294,8,1302,0,0,1304.79
979c27607b1b1cc37b85,1268,gemma-3-27b-reasoning,managed-prompt,tatoeba,jp,en,ほとんど何も見えないんだ。,I can hardly see anything.,"{""c"":""I can't see almost anything.""}",I can't see almost anything.,True,1,0,True,True,False,True,,True,,True,"{""reason"":""detector_match"",""detected"":""en"",""confidence"":1.0}",True,[],[],True,,"{""errors"":[]}",True,[],True,1,0,True,True,False,100,100,1214,13,1227,,,605.67,1299,8,1307,0,0,1270.03
83b5c0fd0d5f40d7199d,1269,gemma-3-27b-reasoning,managed-prompt,tatoeba,jp,en,よんどころない事情で、今年の夏は別荘で過ごせないんだ。,Due to unavoidable circumstances this summer I can't stay in my holiday cottage.,"{""c"":""Unfortunately, I won't be able to spend this summer at my vacation home.""}","Unfortunately, I won't be able to spend this summer at my vacation home.",True,1,0,True,True,False,True,,True,,True,"{""reason"":""detector_match"",""detected"":""en"",""confidence"":1.0}",True,[],[],True,,"{""errors"":[]}",True,[],True,1,0,True,True,False,100,100,1225,22,1247,,,708.18,1333,8,1341,0,0,1116.34
b3b315cba584830e028c,1270,gemma-3-27b-reasoning,managed-prompt,tatoeba,jp,es,彼女のギャラリーに２点ほど出展するのよ。,Voy a exponer dos piezas en la galería de ella.,"{""c"":""Voy a exhibir un par de piezas en su galería.""}",Voy a exhibir un par de piezas en su galería.,True,1,0,True,True,False,True,,True,,True,"{""reason"":""detector_match"",""detected"":""es"",""confidence"":1.0}",True,[],"[{""code"":""number_not_exact"",""expected"":{""２"":1},""actual"":{}}]",True,,"{""errors"":[]}",True,[],True,1,0,True,True,False,97,97,1222,17,1239,,,1024.84,1328,8,1336,0,0,2039.23
851a75c45cdc1ac6271a,1271,gemma-3-27b-reasoning,managed-prompt,tatoeba,jp,es,謝らないで。,No os excuséis.,"{""c"":""No te disculpes.""}",No te disculpes.,True,1,0,True,True,False,True,,True,,True,"{""reason"":""detector_match"",""detected"":""es"",""confidence"":1.0}",True,[],[],True,,"{""errors"":[]}",True,[],True,1,0,True,True,False,100,100,1212,11,1223,,,981.54,1291,8,1299,0,0,1249.55
d660b7bf544dfeca431c,1272,gemma-3-27b-reasoning,managed-prompt,tatoeba,jp,es,姉ちゃんが僕のこと放っとかないんだよ。,Mi hermana mayor no me deja en paz.,"{""c"":""Mi hermana no me deja solo.""}",Mi hermana no me deja solo.,True,1,0,True,True,False,True,,True,,,"{""reason"":""detector_inconclusive"",""detected"":""pt"",""confidence"":0.7143}",True,[],[],True,,"{""errors"":[{""category"":""accuracy"",""severity"":""minor""}]}",True,"[{""category"":""accuracy"",""severity"":""minor""}]",True,1,0,True,True,False,97,97,1219,12,1231,,,1049.95,1315,17,1332,0,0,1187.32
f33cb090a8c973d34801,1273,gemma-3-27b-reasoning,managed-prompt,tatoeba,jp,es,ちょうど今雪が降り始めた。,Justo acaba de empezar a nevar ahora.,"{""c"":""Justo ahora empezó a nevar.""}",Justo ahora empezó a nevar.,True,1,0,True,True,False,True,,True,,,"{""reason"":""detector_inconclusive"",""detected"":""pt"",""confidence"":0.4286}",True,[],[],True,,"{""errors"":[]}",True,[],True,1,0,True,True,False,100,100,1215,13,1228,,,776.06,1314,8,1322,0,0,1177.52
60849d717b4e18452c5b,1274,gemma-3-27b-reasoning,managed-prompt,tatoeba,jp,es,彼が正直だと信じる根拠は十分ある。,Hay suficiente base para creer que él es sincero.,"{""c"":""Hay suficientes razones para creer que él es honesto.""}",Hay suficientes razones para creer que él es honesto.,True,1,0,True,True,False,True,,True,,True,"{""reason"":""detector_match"",""detected"":""es"",""confidence"":1.0}",True,[],[],True,,"{""errors"":[]}",True,[],True,1,0,True,True,False,100,100,1220,16,1236,,,1829.29,1322,8,1330,0,0,1294.56
9e9b6351072ec50e7093,1275,gemma-3-27b-reasoning,managed-prompt,tatoeba,jp,es,そんなことは絶対に不可能です。,Es absolutamente imposible.,"{""c"":""Eso es absolutamente imposible.""}",Eso es absolutamente imposible.,True,1,0,True,True,False,True,,True,,True,"{""reason"":""detector_match"",""detected"":""es"",""confidence"":1.0}",True,[],[],True,,"{""errors"":[]}",True,[],True,1,0,True,True,False,100,100,1214,10,1224,,,933.03,1301,8,1309,0,0,1296.08
dd9db5cb41dcf3b3929a,1276,gemma-3-27b-reasoning,managed-prompt,tatoeba,jp,es,彼は昼食時に家にいないでしょう。,Él no va a estar en casa a la hora de almuerzo.,"{""c"":""Él no estará en casa a la hora del almuerzo.""}",Él no estará en casa a la hora del almuerzo.,True,1,0,True,True,False,True,,True,,True,"{""reason"":""detector_match"",""detected"":""es"",""confidence"":1.0}",True,[],[],True,,"{""errors"":[]}",True,[],True,1,0,True,True,False,100,100,1216,18,1234,,,918.54,1320,8,1328,0,0,1161.16
ec57fe6157391b392070,1277,gemma-3-27b-reasoning,managed-prompt,tatoeba,jp,es,昨日の朝はとても寒かった。,Hacía mucho frío ayer por la mañana.,"{""c"":""Ayer por la mañana hacía mucho frío.""}",Ayer por la mañana hacía mucho frío.,True,1,0,True,True,False,True,,True,,True,"{""reason"":""detector_match"",""detected"":""es"",""confidence"":1.0}",True,[],[],True,,"{""errors"":[]}",True,[],True,1,0,True,True,False,100,100,1216,14,1230,,,820.92,1316,8,1324,0,0,1235.53
60fbd0a28d0440ea7f9d,1278,gemma-3-27b-reasoning,managed-prompt,tatoeba,jp,es,読書は語彙を増やすのに役に立つ。,La lectura es útil para incrementar el vocabulario.,"{""c"":""La lectura es útil para aumentar el vocabulario.""}",La lectura es útil para aumentar el vocabulario.,True,1,0,True,True,False,True,,True,,True,"{""reason"":""detector_match"",""detected"":""es"",""confidence"":1.0}",True,[],[],True,,"{""errors"":[]}",True,[],True,1,0,True,True,False,100,100,1220,15,1235,,,838.84,1316,8,1324,0,0,1245.62
746fade9c435d7ec8fbf,1279,gemma-3-27b-reasoning,managed-prompt,tatoeba,jp,es,これは私の机です。,Este es mi escritorio.,"{""c"":""Esta es mi mesa.""}",Esta es mi mesa.,True,1,0,True,True,False,True,,True,,,"{""reason"":""detector_mismatch_uncertain"",""detected"":""ca"",""confidence"":1.0}",True,[],[],True,,"{""errors"":[{""category"":""terminology"",""severity"":""minor""}]}",True,"[{""category"":""terminology"",""severity"":""minor""}]",True,1,0,True,True,False,97,97,1213,10,1223,,,998.52,1290,17,1307,0,0,1484.08
d657dc21d96b11af6498,1280,gemma-3-27b-reasoning,managed-prompt,tatoeba,jp,fr,クリスマスは特別な休日だ。,Noël est un jour férié à part.,"{""c"":""Noël est une fête spéciale.""}",Noël est une fête spéciale.,True,1,0,True,True,False,True,,True,,True,"{""reason"":""detector_match"",""detected"":""fr"",""confidence"":1.0}",True,[],[],True,,"{""errors"":[]}",True,[],True,1,0,True,True,False,100,100,1214,12,1226,,,1010.08,1308,8,1316,0,0,1114.01
2616684a90f382b51051,1281,gemma-3-27b-reasoning,managed-prompt,tatoeba,jp,fr,この事件の事はまるで昨日の事のようにはっきり覚えています。,Je me rappelle l'événement aussi clairement que s'il avait eu lieu hier.,"{""c"":""Je me souviens de cet incident comme si c'était hier.""}",Je me souviens de cet incident comme si c'était hier.,True,1,0,True,True,False,True,,True,,True,"{""reason"":""detector_match"",""detected"":""fr"",""confidence"":1.0}",True,[],[],True,,"{""errors"":[{""category"":""accuracy"",""severity"":""minor""}]}",True,"[{""category"":""accuracy"",""severity"":""minor""}]",True,1,0,True,True,False,97,97,1223,20,1243,,,796.25,1335,17,1352,0,0,1251.97
ad9893e9dd92bc0f51e4,1282,gemma-3-27b-reasoning,managed-prompt,tatoeba,jp,fr,彼の診療所は、そのスキャンダル以来多くの患者を失った。,Sa clinique a perdu de nombreux patients depuis le scandale.,"{""c"":""Sa clinique a perdu beaucoup de patients depuis ce scandale.""}",Sa clinique a perdu beaucoup de patients depuis ce scandale.,True,1,0,True,True,False,True,,True,,True,"{""reason"":""detector_match"",""detected"":""fr"",""confidence"":1.0}",True,[],[],True,,"{""errors"":[]}",True,[],True,1,0,True,True,False,100,100,1225,17,1242,,,742.33,1330,8,1338,0,0,1179.44
514a139e0832815cf667,1283,gemma-3-27b-reasoning,managed-prompt,tatoeba,jp,fr,１９４３年に日本は戦争をしていた。,En 1943 le Japon était en guerre.,"{""c"":""En 1943, le Japon était en guerre.""}","En 1943, le Japon était en guerre.",True,1,0,True,True,False,True,,True,,True,"{""reason"":""detector_match"",""detected"":""fr"",""confidence"":1.0}",True,[],"[{""code"":""number_not_exact"",""expected"":{""１９４３"":1},""actual"":{""1943"":1}}]",True,,"{""errors"":[]}",True,[],True,1,0,True,True,False,97,97,1219,18,1237,,,1073.77,1315,8,1323,0,0,1243.32
7485d4810506c8aa51ed,1284,gemma-3-27b-reasoning,managed-prompt,tatoeba,jp,fr,何ものにもまして私は健康になりたい。,Par dessus tout je veux être en bonne santé.,"{""c"":""Plus que tout, je veux être en bonne santé.""}","Plus que tout, je veux être en bonne santé.",True,1,0,True,True,False,True,,True,,True,"{""reason"":""detector_match"",""detected"":""fr"",""confidence"":1.0}",True,[],[],True,,"{""errors"":[]}",True,[],True,1,0,True,True,False,100,100,1217,16,1233,,,726.78,1316,8,1324,0,0,1207.71
b5c3b49780485718f05f,1285,gemma-3-27b-reasoning,managed-prompt,tatoeba,jp,fr,私はたいてい歩いて学校へ行く。,"Généralement, je vais à pied à l'école.","{""c"":""Je vais généralement à l'école à pied.""}",Je vais généralement à l'école à pied.,True,1,0,True,True,False,True,,True,,True,"{""reason"":""detector_match"",""detected"":""fr"",""confidence"":1.0}",True,[],[],True,,"{""errors"":[]}",True,[],True,1,0,True,True,False,100,100,1218,15,1233,,,919.99,1317,8,1325,0,0,1217.47
8f43906240daaaf65304,1286,gemma-3-27b-reasoning,managed-prompt,tatoeba,jp,fr,私の趣味はギターを弾くことです。,Mon loisir est de jouer de la guitare.,"{""c"":""Mon hobby est de jouer de la guitare.""}",Mon hobby est de jouer de la guitare.,True,1,0,True,True,False,True,,True,,True,"{""reason"":""detector_match"",""detected"":""fr"",""confidence"":1.0}",True,[],[],True,,"{""errors"":[]}",True,[],True,1,0,True,True,False,100,100,1217,15,1232,,,705.75,1311,8,1319,0,0,1214.9
ba6fc51afa7dbc199d02,1287,gemma-3-27b-reasoning,managed-prompt,tatoeba,jp,fr,最近のある調査によると喫煙者の数は減少しつつある。,Un récent sondage montre que le nombre de fumeurs diminue.,"{""c"":""Selon une enquête récente, le nombre de fumeurs est en baisse.""}","Selon une enquête récente, le nombre de fumeurs est en baisse.",True,1,0,True,True,False,True,,True,,True,"{""reason"":""detector_match"",""detected"":""fr"",""confidence"":1.0}",True,[],[],True,,"{""errors"":[]}",True,[],True,1,0,True,True,False,100,100,1221,19,1240,,,920.81,1330,8,1338,0,0,1133.75
783bdb2428c79a77024d,1288,gemma-3-27b-reasoning,managed-prompt,tatoeba,jp,fr,彼はついにＩＢＭの社長になった。,Il est finalement devenu le président d'IBM.,"{""c"":""Il est finalement devenu président d'IBM.""}",Il est finalement devenu président d'IBM.,True,1,0,True,True,False,True,,True,,True,"{""reason"":""detector_match"",""detected"":""fr"",""confidence"":1.0}",True,[],[],True,,"{""errors"":[]}",True,[],True,1,0,True,True,False,100,100,1218,14,1232,,,1027.32,1315,8,1323,0,0,1226.93
3772da055a128f79ff1b,1289,gemma-3-27b-reasoning,managed-prompt,tatoeba,jp,fr,ストレスがたまってきたよ。,Je suis stressé.,"{""c"":""Je suis vraiment stressé(e).""}",Je suis vraiment stressé(e).,True,1,0,True,True,False,True,,True,,True,"{""reason"":""detector_match"",""detected"":""fr"",""confidence"":1.0}",True,[],[],True,,"{""errors"":[{""category"":""accuracy"",""severity"":""minor""}]}",True,"[{""category"":""accuracy"",""severity"":""minor""}]",True,1,0,True,True,False,97,97,1214,13,1227,,,1106.01,1304,17,1321,0,0,1204.45
7996a8925b69e2821272,1290,gemma-3-27b-reasoning,managed-prompt,tatoeba,jp,it,私の時計では４時です。,Per il mio orologio sono le 4.,"{""c"":""Sono le quattro sul mio orologio.""}",Sono le quattro sul mio orologio.,True,1,0,True,True,False,True,,True,,True,"{""reason"":""detector_match"",""detected"":""it"",""confidence"":1.0}",True,[],"[{""code"":""number_not_exact"",""expected"":{""４"":1},""actual"":{}}]",True,,"{""errors"":[]}",True,[],True,1,0,True,True,False,97,97,1215,13,1228,,,634.69,1305,8,1313,0,0,1161.31
9a383a038134564f44bd,1291,gemma-3-27b-reasoning,managed-prompt,tatoeba,jp,it,歯科医は歯を調べるためにレントゲンを利用する。,I dentisti utilizzano i raggi X per esaminare i vostri denti.,"{""c"":""Il dentista usa i raggi X per esaminare i denti.""}",Il dentista usa i raggi X per esaminare i denti.,True,1,0,True,True,False,True,,True,,True,"{""reason"":""detector_match"",""detected"":""it"",""confidence"":1.0}",True,[],[],True,,"{""errors"":[]}",True,[],True,1,0,True,True,False,100,100,1221,20,1241,,,1087.17,1331,8,1339,0,0,1076.95
d422493f5b7b24633689,1292,gemma-3-27b-reasoning,managed-prompt,tatoeba,jp,it,何のために彼女のお父さんは日本へ行ったの。,Per quale motivo suo padre è andato in Giappone?,"{""c"":""Perché suo padre è andato in Giappone?""}",Perché suo padre è andato in Giappone?,True,1,0,True,True,False,True,,True,,True,"{""reason"":""detector_match"",""detected"":""it"",""confidence"":1.0}",True,[],[],True,,"{""errors"":[]}",True,[],True,1,0,True,True,False,100,100,1219,15,1234,,,614.22,1323,8,1331,0,0,1233.08
1d6524c60caa2c2ad375,1293,gemma-3-27b-reasoning,managed-prompt,tatoeba,jp,it,私の前に黄色い車がある。,Davanti a me c'è una macchina gialla.,"{""c"":""C'è una macchina gialla davanti a me.""}",C'è una macchina gialla davanti a me.,True,1,0,True,True,False,True,,True,,True,"{""reason"":""detector_match"",""detected"":""it"",""confidence"":1.0}",True,[],[],True,,"{""errors"":[]}",True,[],True,1,0,True,True,False,100,100,1215,16,1231,,,996.47,1313,8,1321,0,0,1174.85
23c107eacaa767fb5a4b,1294,gemma-3-27b-reasoning,managed-prompt,tatoeba,jp,it,機会のあり次第彼にお話ししよう。,"Appena abbiamo un'opportunità, andiamo a parlargli.","{""c"":""Gli parlerò appena ne avrò l'occasione.""}",Gli parlerò appena ne avrò l'occasione.,True,1,0,True,True,False,True,,True,,True,"{""reason"":""detector_match"",""detected"":""it"",""confidence"":1.0}",True,[],[],True,,"{""errors"":[]}",True,[],True,1,0,True,True,False,100,100,1217,17,1234,,,1002.65,1323,8,1331,0,0,1237.11
e9a0f3ffee03906baa29,1295,gemma-3-27b-reasoning,managed-prompt,tatoeba,jp,it,彼女は収入がたくさんあるので毎年パリに行くことが出来る。,"Grazie al suo elevato reddito, ogni anno si può permettere un viaggio a Parigi.","{""c"":""Poiché ha molte entrate, può andare a Parigi ogni anno.""}","Poiché ha molte entrate, può andare a Parigi ogni anno.",True,1,0,True,True,False,True,,True,,True,"{""reason"":""detector_match"",""detected"":""it"",""confidence"":1.0}",True,[],[],True,,"{""errors"":[]}",True,[],True,1,0,True,True,False,100,100,1220,19,1239,,,695.16,1345,8,1353,0,0,1193.72
28f70d6492a093ead609,1296,gemma-3-27b-reasoning,managed-prompt,tatoeba,jp,it,彼らは非常に興奮していた。,Erano molto emozionate.,"{""c"":""Erano molto eccitati.""}",Erano molto eccitati.,True,1,0,True,True,False,True,,True,,True,"{""reason"":""detector_match"",""detected"":""it"",""confidence"":1.0}",True,[],[],True,,"{""errors"":[]}",True,[],True,1,0,True,True,False,100,100,1215,11,1226,,,566.73,1299,8,1307,0,0,1192.99
cd0f0bb4c7d7612ec392,1297,gemma-3-27b-reasoning,managed-prompt,tatoeba,jp,it,それは高過ぎる。,È troppo caro.,"{""c"":""Quello è troppo caro.""}",Quello è troppo caro.,True,1,0,True,True,False,True,,True,,True,"{""reason"":""detector_match"",""detected"":""it"",""confidence"":1.0}",True,[],[],True,,"{""errors"":[]}",True,[],True,1,0,True,True,False,100,100,1213,11,1224,,,571.26,1295,8,1303,0,0,1136.95
be5264c5b77b933e93e9,1298,gemma-3-27b-reasoning,managed-prompt,tatoeba,jp,it,トムとは共通の話題がないから何話せばいいか分かんないんだよね。,Non ho argomenti in comune con Tom percui non so proprio di cosa parlare con lui.,"{""c"":""Non so cosa dire a Tom perché non abbiamo argomenti in comune.""}",Non so cosa dire a Tom perché non abbiamo argomenti in comune.,True,1,0,True,True,False,True,,True,,True,"{""reason"":""detector_match"",""detected"":""it"",""confidence"":1.0}",True,[],[],True,,"{""errors"":[]}",True,[],True,1,0,True,True,False,100,100,1227,20,1247,,,690.41,1339,8,1347,0,0,1175.32
f9b16c659cb2b71f73fb,1299,gemma-3-27b-reasoning,managed-prompt,tatoeba,jp,it,彼は私の初恋の人です。,Lui è il mio primo amore.,"{""c"":""Lui è il mio primo amore.""}",Lui è il mio primo amore.,True,1,0,True,True,False,True,,True,,True,"{""reason"":""detector_match"",""detected"":""it"",""confidence"":1.0}",True,[],[],True,,"{""errors"":[]}",True,[],True,1,0,True,True,False,100,100,1215,13,1228,,,720.59,1304,8,1312,0,0,1199.17
c3fc913a1eea00b16bbf,1300,gemma-3-27b-reasoning,managed-prompt,tatoeba,jp,nl,その絵を見なさい。,Bekijk de afbeelding.,"{""c"":""Bekijk die foto.""}",Bekijk die foto.,True,1,0,True,True,False,True,,True,,,"{""reason"":""detector_inconclusive"",""detected"":""nl"",""confidence"":0.5714}",True,[],[],True,,"{""errors"":[{""category"":""accuracy"",""severity"":""minor""}]}",True,"[{""category"":""accuracy"",""severity"":""minor""}]",True,1,0,True,True,False,97,97,1214,10,1224,,,1000.62,1296,17,1313,0,0,1255.01
a25b90e8cd1266c72c13,1301,gemma-3-27b-reasoning,managed-prompt,tatoeba,jp,nl,このホテルは去年建てられた。,Dit hotel is vorig jaar gebouwd.,"{""c"":""Dit hotel is vorig jaar gebouwd.""}",Dit hotel is vorig jaar gebouwd.,True,1,0,True,True,False,True,,True,,,"{""reason"":""detector_mismatch_uncertain"",""detected"":""af"",""confidence"":1.0}",True,[],[],True,,"{""errors"":[]}",True,[],True,1,0,True,True,False,100,100,1215,14,1229,,,783.61,1302,8,1310,0,0,1093.97
e18c2d86aa240837c50e,1302,gemma-3-27b-reasoning,managed-prompt,tatoeba,jp,nl,私はジョンです。,Ik ben John.,"{""c"":""Ik ben John.""}",Ik ben John.,True,1,0,True,True,False,True,,True,,,"{""reason"":""detector_mismatch_uncertain"",""detected"":""de"",""confidence"":1.0}",True,[],[],True,,"{""errors"":[]}",True,[],True,1,0,True,True,False,100,100,1212,9,1221,,,754.59,1291,8,1299,0,0,1151.61
71316168a935bfe15154,1303,gemma-3-27b-reasoning,managed-prompt,tatoeba,jp,nl,あなたが彼女の結婚式について何も知らないとは不思議だ。,Het is raar dat jij niks van haar huwelijksceremonie afweet.,"{""c"":""Het is vreemd dat je niets weet over haar bruiloft.""}",Het is vreemd dat je niets weet over haar bruiloft.,True,1,0,True,True,False,True,,True,,True,"{""reason"":""detector_match"",""detected"":""nl"",""confidence"":1.0}",True,[],[],True,,"{""errors"":[]}",True,[],True,1,0,True,True,False,100,100,1220,19,1239,,,840.73,1337,8,1345,0,0,1122.76
bc64b5f1286126f0593c,1304,gemma-3-27b-reasoning,managed-prompt,tatoeba,jp,nl,この地図がとても役に立つことが分かるでしょう。,U zult merken dat deze kaart erg handig is.,"{""c"":""Je zult zien dat deze kaart erg handig is.""}",Je zult zien dat deze kaart erg handig is.,True,1,0,True,True,False,True,,True,,True,"{""reason"":""detector_match"",""detected"":""nl"",""confidence"":1.0}",True,[],[],True,,"{""errors"":[{""category"":""tone"",""severity"":""minor""}]}",True,"[{""category"":""tone"",""severity"":""minor""}]",True,1,0,True,True,False,97,97,1218,17,1235,,,663.35,1322,17,1339,0,0,1109.88
7afcda17c9dad5b371a7,1305,gemma-3-27b-reasoning,managed-prompt,tatoeba,jp,nl,ベティはダンスの先生である。,Betty is danslerares.,"{""c"":""Betty is een danslerares.""}",Betty is een danslerares.,True,1,0,True,True,False,True,,True,,,"{""reason"":""detector_inconclusive"",""detected"":""nl"",""confidence"":0.7144}",True,[],[],True,,"{""errors"":[]}",True,[],True,1,0,True,True,False,100,100,1216,12,1228,,,1032.18,1299,8,1307,0,0,1232.22
7bca9326cb49a354d398,1306,gemma-3-27b-reasoning,managed-prompt,tatoeba,jp,nl,別の実例を教えてください。,Geef me een ander voorbeeld alsjeblieft.,"{""c"":""Geef me nog een voorbeeld.""}",Geef me nog een voorbeeld.,True,1,0,True,True,False,True,,True,,True,"{""reason"":""detector_match"",""detected"":""nl"",""confidence"":1.0}",True,[],[],True,,"{""errors"":[]}",True,[],True,1,0,True,True,False,100,100,1215,12,1227,,,604.17,1306,8,1314,0,0,1115.08
0d4e4b4978c8f03788f5,1307,gemma-3-27b-reasoning,managed-prompt,tatoeba,jp,nl,私たちの知る限りでは、地球は海を持っている唯一の惑星である。,"Zover wij weten, is de aarde de enige planeet met oceanen.","{""c"":""Voor zover wij weten, is de aarde de enige planeet met oceanen.""}","Voor zover wij weten, is de aarde de enige planeet met oceanen.",True,1,0,True,True,False,True,,True,,True,"{""reason"":""detector_match"",""detected"":""nl"",""confidence"":1.0}",True,[],[],True,,"{""errors"":[]}",True,[],True,1,0,True,True,False,100,100,1223,23,1246,,,743.0,1342,8,1350,0,0,8171.65
f270d2850cb85f0aa5ec,1308,gemma-3-27b-reasoning,managed-prompt,tatoeba,jp,nl,夜遅くまで起きていては駄目だよ。,"Het is niet goed als je zo laat in de avond opblijft, joh.","{""c"":""Je moet niet te laat opblijven.""}",Je moet niet te laat opblijven.,True,1,0,True,True,False,True,,True,,True,"{""reason"":""detector_match"",""detected"":""nl"",""confidence"":1.0}",True,[],[],True,,"{""errors"":[]}",True,[],True,1,0,True,True,False,100,100,1219,15,1234,,,642.27,1323,8,1331,0,0,1214.22
4edb107062a81ce3d5c9,1309,gemma-3-27b-reasoning,managed-prompt,tatoeba,jp,nl,彼にはそれはすることができない。,Hij kan dat niet aan.,"{""c"":""Hij kan dat niet doen.""}",Hij kan dat niet doen.,True,1,0,True,True,False,True,,True,,True,"{""reason"":""detector_match"",""detected"":""nl"",""confidence"":1.0}",True,[],[],True,,"{""errors"":[]}",True,[],True,1,0,True,True,False,100,100,1214,11,1225,,,643.1,1297,8,1305,0,0,1151.07
4f9648fa3bc30e1d1dfc,1310,gemma-3-27b-reasoning,managed-prompt,tatoeba,jp,nb,いいかげんにして。,Skjerp deg!,"{""c"":""Gi meg fred.""}",Gi meg fred.,True,1,0,True,True,False,True,,True,,,"{""reason"":""detector_inconclusive"",""detected"":""da"",""confidence"":0.8571}",True,[],[],True,,"{""errors"":[{""category"":""accuracy"",""severity"":""major""}]}",False,"[{""category"":""accuracy"",""severity"":""major""}]",True,1,0,True,True,False,85,85,1214,9,1223,,,536.85,1291,17,1308,0,0,1210.41
94c55e4bacacbea00a72,1311,gemma-3-27b-reasoning,managed-prompt,tatoeba,jp,nb,この規則はあなたにも当てはまる。,Denne regelen gjelder deg også.,"{""c"":""Disse reglene gjelder også deg.""}",Disse reglene gjelder også deg.,True,1,0,True,True,False,True,,True,,True,"{""reason"":""detector_match"",""detected"":""no"",""confidence"":1.0}",True,[],[],True,,"{""errors"":[]}",True,[],True,1,0,True,True,False,100,100,1217,14,1231,,,827.39,1308,8,1316,0,0,1124.38
bd3799b960a515161635,1312,gemma-3-27b-reasoning,managed-prompt,tatoeba,jp,nb,私は最高だ。,Jeg er best.,"{""c"":""Jeg er den beste.""}",Jeg er den beste.,True,1,0,True,True,False,True,,True,,,"{""reason"":""detector_mismatch_uncertain"",""detected"":""da"",""confidence"":1.0}",True,[],[],True,,"{""errors"":[]}",True,[],True,1,0,True,True,False,100,100,1212,10,1222,,,735.78,1290,8,1298,0,0,1234.41
b27d4516f75552f14e8f,1313,gemma-3-27b-reasoning,managed-prompt,tatoeba,jp,nb,買い物に行かなければならない。一時間で戻るよ。,Jeg må gå og handle. Jeg er tilbake innen en time.,"{""c"":""Jeg må gå og handle. Jeg er tilbake om en time.""}",Jeg må gå og handle. Jeg er tilbake om en time.,True,1,0,True,True,False,True,,True,,True,"{""reason"":""detector_match"",""detected"":""no"",""confidence"":1.0}",True,[],[],True,,"{""errors"":[]}",True,[],True,1,0,True,True,False,100,100,1221,18,1239,,,682.27,1330,8,1338,0,0,1174.75
19208ad2de7f09913195,1314,gemma-3-27b-reasoning,managed-prompt,tatoeba,jp,nb,私たちは朝食にパンケーキを作った。,Vi laget pannekaker til frokost.,"{""c"":""Vi lagde pannekaker til frokost.""}",Vi lagde pannekaker til frokost.,True,1,0,True,True,False,True,,True,,True,"{""reason"":""detector_match"",""detected"":""no"",""confidence"":1.0}",True,[],[],True,,"{""errors"":[]}",True,[],True,1,0,True,True,False,100,100,1217,15,1232,,,827.71,1311,8,1319,0,0,1265.72
a72d52443dd00b048c66,1315,gemma-3-27b-reasoning,managed-prompt,tatoeba,jp,nb,もう一杯お茶をいただきませんか。,Vil du ha en kopp te til?,"{""c"":""Vil du ha en kopp te til?""}",Vil du ha en kopp te til?,True,1,0,True,True,False,True,,True,,True,"{""reason"":""detector_match"",""detected"":""no"",""confidence"":1.0}",True,[],[],True,,"{""errors"":[]}",True,[],True,1,0,True,True,False,100,100,1216,13,1229,,,760.97,1309,8,1317,0,0,1195.62
63722b4bf6c3ffd8536b,1316,gemma-3-27b-reasoning,managed-prompt,tatoeba,jp,nb,急いで！,Fort deg!,"{""c"":""Skynd deg!""}",Skynd deg!,True,1,0,True,True,False,True,,True,,,"{""reason"":""detector_inconclusive"",""detected"":""da"",""confidence"":0.8571}",True,[],[],True,,"{""errors"":[]}",True,[],True,1,0,True,True,False,100,100,1211,9,1220,,,575.92,1284,8,1292,0,0,1247.58
6af305926d947a83cc50,1317,gemma-3-27b-reasoning,managed-prompt,tatoeba,jp,nb,その翻訳は原文に極めて忠実である。,Oversettelsen er meget tro mot originalen.,"{""c"":""Den oversettelsen er ekstremt tro mot originalen.""}",Den oversettelsen er ekstremt tro mot originalen.,True,1,0,True,True,False,True,,True,,True,"{""reason"":""detector_match"",""detected"":""no"",""confidence"":1.0}",True,[],[],True,,"{""errors"":[]}",True,[],True,1,0,True,True,False,100,100,1219,17,1236,,,880.53,1315,8,1323,0,0,1117.01
3ff8388709358122b8d5,1318,gemma-3-27b-reasoning,managed-prompt,tatoeba,jp,nb,日本人は集団で旅行するのが好きだ。,Japanere liker å reise i gruppe.,"{""c"":""Japanere liker å reise i grupper.""}",Japanere liker å reise i grupper.,True,1,0,True,True,False,True,,True,,True,"{""reason"":""detector_match"",""detected"":""no"",""confidence"":1.0}",True,[],[],True,,"{""errors"":[]}",True,[],True,1,0,True,True,False,100,100,1218,16,1234,,,739.32,1315,8,1323,0,0,1161.63
4d0cebf3e88e379061ba,1319,gemma-3-27b-reasoning,managed-prompt,tatoeba,jp,nb,もし何か起こったら、すぐに電話をください。,"Ring meg med en gang, hvis noe skjer.","{""c"":""Hvis noe skjer, ring meg med en gang.""}","Hvis noe skjer, ring meg med en gang.",True,1,0,True,True,False,True,,True,,True,"{""reason"":""detector_match"",""detected"":""no"",""confidence"":1.0}",True,[],[],True,,"{""errors"":[]}",True,[],True,1,0,True,True,False,100,100,1218,16,1234,,,640.6,1315,8,1323,0,0,1227.45
ac4ac6a909834deb1125,1320,gemma-3-27b-reasoning,managed-prompt,tatoeba,nl,da,Stop!,Stop!,"{""c"":""Stop!""}",Stop!,True,1,0,True,True,False,True,,True,,,"{""reason"":""too_short_for_language_detection"",""detected"":null,""confidence"":null}",True,[],[],True,,"{""errors"":[]}",True,[],True,1,0,True,True,False,100,100,1210,7,1217,,,545.8,1277,8,1285,0,0,1225.74
afec72c40adb60e0da3b,1321,gemma-3-27b-reasoning,managed-prompt,tatoeba,nl,da,Hij laat altijd het venster open als hij slaapt.,"Han lader altid vinduet være åbent, når han sover.","{""c"":""Han lader altid vinduet stå åbent, når han sover.""}","Han lader altid vinduet stå åbent, når han sover.",True,1,0,True,True,False,True,,True,,True,"{""reason"":""detector_match"",""detected"":""da"",""confidence"":0.858}",True,[],[],True,,"{""errors"":[]}",True,[],True,1,0,True,True,False,100,100,1220,20,1240,,,1103.96,1323,8,1331,0,0,2523.22
c2945ff2d610000f0554,1322,gemma-3-27b-reasoning,managed-prompt,tatoeba,nl,da,Ze respecteren hem.,De respekterer ham.,"{""c"":""De respekterer ham.""}",De respekterer ham.,True,1,0,True,True,False,True,,True,,,"{""reason"":""detector_mismatch_uncertain"",""detected"":""no"",""confidence"":1.0}",True,[],[],True,,"{""errors"":[]}",True,[],True,1,0,True,True,False,100,100,1213,11,1224,,,545.53,1288,8,1296,0,0,3894.19
3f7ae4c0a4cc3694c537,1323,gemma-3-27b-reasoning,managed-prompt,tatoeba,nl,da,Tom neemt zijn baan niet erg serieus.,Tom tager ikke sit arbejde ret alvorligt.,"{""c"":""Tom tager ikke sit arbejde særlig seriøst.""}",Tom tager ikke sit arbejde særlig seriøst.,True,1,0,True,True,False,True,,True,,True,"{""reason"":""detector_match"",""detected"":""da"",""confidence"":1.0}",True,[],[],True,,"{""errors"":[]}",True,[],True,1,0,True,True,False,100,100,1217,16,1233,,,1313.71,1310,8,1318,0,0,1405.51
7fb4ff63911028a901fb,1324,gemma-3-27b-reasoning,managed-prompt,tatoeba,nl,da,Ze rookt twintig sigaretten per dag.,Hun ryger 20 cigaretter om dagen.,"{""c"":""Han ryger tyve cigaretter om dagen.""}",Han ryger tyve cigaretter om dagen.,True,1,0,True,True,False,True,,True,,,"{""reason"":""detector_inconclusive"",""detected"":""sv"",""confidence"":0.5714}",True,[],[],True,,"{""errors"":[{""category"":""accuracy"",""severity"":""major""}]}",False,"[{""category"":""accuracy"",""severity"":""major""}]",True,1,0,True,True,False,85,85,1220,16,1236,,,633.59,1306,17,1323,0,0,1243.45
b53bdb9241de61f54d43,1325,gemma-3-27b-reasoning,managed-prompt,tatoeba,nl,da,Waar is de dichtstbijzijnde bank?,Hvor er nærmeste bank?,"{""c"":""Hvor er den nærmeste bank?""}",Hvor er den nærmeste bank?,True,1,0,True,True,False,True,,True,,True,"{""reason"":""detector_match"",""detected"":""da"",""confidence"":1.0}",True,[],[],True,,"{""errors"":[]}",True,[],True,1,0,True,True,False,100,100,1218,13,1231,,,727.66,1303,8,1311,0,0,3060.62
9fec893d9e4247b42929,1326,gemma-3-27b-reasoning,managed-prompt,tatoeba,nl,da,Ik schrijf graag gedichten.,Jeg kan godt lide at skrive digte.,"{""c"":""Jeg skriver gerne digte.""}",Jeg skriver gerne digte.,True,1,0,True,True,False,True,,True,,True,"{""reason"":""detector_match"",""detected"":""da"",""confidence"":0.8571}",True,[],[],True,,"{""errors"":[]}",True,[],True,1,0,True,True,False,100,100,1215,11,1226,,,733.44,1303,8,1311,0,0,1181.37
8039d2f37dd765635bcb,1327,gemma-3-27b-reasoning,managed-prompt,tatoeba,nl,da,Ik heb hoofdpijn.,Jeg har hovedpine.,"{""c"":""Jeg har hovedpine.""}",Jeg har hovedpine.,True,1,0,True,True,False,True,,True,,,"{""reason"":""detector_mismatch_uncertain"",""detected"":""no"",""confidence"":1.0}",True,[],[],True,,"{""errors"":[]}",True,[],True,1,0,True,True,False,100,100,1214,10,1224,,,691.47,1294,8,1302,0,0,1192.69
de0a9875bf317c6c9083,1328,gemma-3-27b-reasoning,managed-prompt,tatoeba,nl,da,Hoe gaat het met je vrouw?,Hvordan har din kone det?,"{""c"":""Hvordan har din kone det?""}",Hvordan har din kone det?,True,1,0,True,True,False,True,,True,,True,"{""reason"":""detector_match"",""detected"":""da"",""confidence"":1.0}",True,[],[],True,,"{""errors"":[]}",True,[],True,1,0,True,True,False,100,100,1215,12,1227,,,880.5,1302,8,1310,0,0,1113.06
ed67913d296cd6f117d6,1329,gemma-3-27b-reasoning,managed-prompt,tatoeba,nl,da,Hij beloofde me om vroeg te komen.,Han lovede mig at komme tidligt.,"{""c"":""Han lovede mig at komme tidligt.""}",Han lovede mig at komme tidligt.,True,1,0,True,True,False,True,,True,,True,"{""reason"":""detector_match"",""detected"":""da"",""confidence"":1.0}",True,[],[],True,,"{""errors"":[]}",True,[],True,1,0,True,True,False,100,100,1218,14,1232,,,1022.9,1305,8,1313,0,0,1916.65
48364b89347f76909d29,1330,gemma-3-27b-reasoning,managed-prompt,tatoeba,nl,de,Tom opende een blik tonijn.,Tom öffnete eine Thunfischdose.,"{""c"":""Tom öffnete eine Dose Thunfisch.""}",Tom öffnete eine Dose Thunfisch.,True,1,0,True,True,False,True,,True,,True,"{""reason"":""detector_match"",""detected"":""de"",""confidence"":1.0}",True,[],[],True,,"{""errors"":[]}",True,[],True,1,0,True,True,False,100,100,1217,14,1231,,,632.45,1308,8,1316,0,0,1520.04
3b19f6d9ae9bc123688a,1331,gemma-3-27b-reasoning,managed-prompt,tatoeba,nl,de,David is erg aantrekkelijk.,David ist sehr attraktiv.,"{""c"":""David ist sehr attraktiv.""}",David ist sehr attraktiv.,True,1,0,True,True,False,True,,True,,,"{""reason"":""detector_mismatch_uncertain"",""detected"":""sv"",""confidence"":1.0}",True,[],[],True,,"{""errors"":[]}",True,[],True,1,0,True,True,False,100,100,1215,11,1226,,,637.37,1295,8,1303,0,0,1171.17
e8056ee9ed7a7989a298,1332,gemma-3-27b-reasoning,managed-prompt,tatoeba,nl,de,Dat gebeurt wel eens.,Das passiert schon mal.,"{""c"":""Das passiert schon mal.""}",Das passiert schon mal.,True,1,0,True,True,False,True,,True,,True,"{""reason"":""detector_match"",""detected"":""de"",""confidence"":0.8571}",True,[],[],True,,"{""errors"":[]}",True,[],True,1,0,True,True,False,100,100,1214,10,1224,,,752.83,1293,8,1301,0,0,1208.25
5d8841e26d69b9041f32,1333,gemma-3-27b-reasoning,managed-prompt,tatoeba,nl,de,Een longontsteking veroorzaakt ademhalingsproblemen.,Eine Lungenentzündung verursacht Atembeschwerden.,"{""c"":""Eine Lungenentzündung verursacht Atembeschwerden.""}",Eine Lungenentzündung verursacht Atembeschwerden.,True,1,0,True,True,False,True,,True,,True,"{""reason"":""detector_match"",""detected"":""de"",""confidence"":1.0}",True,[],[],True,,"{""errors"":[]}",True,[],True,1,0,True,True,False,100,100,1223,16,1239,,,817.9,1321,8,1329,0,0,1223.9
929dd190cfad6edfb176,1334,gemma-3-27b-reasoning,managed-prompt,tatoeba,nl,de,Ik was jong en onschuldig.,Ich war jung und unschuldig.,"{""c"":""Ich war jung und naiv.""}",Ich war jung und naiv.,True,1,0,True,True,False,True,,True,,,"{""reason"":""detector_inconclusive"",""detected"":""de"",""confidence"":0.7143}",True,[],[],True,,"{""errors"":[{""category"":""accuracy"",""severity"":""major""}]}",False,"[{""category"":""accuracy"",""severity"":""major""}]",True,1,0,True,True,False,85,85,1216,12,1228,,,920.24,1300,17,1317,0,0,1263.78
9c761639064f4a3313d0,1335,gemma-3-27b-reasoning,managed-prompt,tatoeba,nl,de,Ik was mijn haar bijna elke dag.,Ich wasche mir fast täglich die Haare.,"{""c"":""Ich was meine Haare fast jeden Tag.""}",Ich was meine Haare fast jeden Tag.,True,1,0,True,True,False,True,,True,,,"{""reason"":""detector_inconclusive"",""detected"":""nl"",""confidence"":0.5714}",True,[],[],True,,"{""errors"":[{""category"":""accuracy"",""severity"":""critical""}]}",False,"[{""category"":""accuracy"",""severity"":""critical""}]",True,1,0,True,True,False,60,60,1216,14,1230,,,579.55,1309,17,1326,0,0,1258.97
3338071a0e8738b9adba,1336,gemma-3-27b-reasoning,managed-prompt,tatoeba,nl,de,De koning had last van zwaarmoedigheid en verveling.,Der König neigte zu Schwermut und Langerweile.,"{""c"":""Der König litt unter Schwermut und Langeweile.""}",Der König litt unter Schwermut und Langeweile.,True,1,0,True,True,False,True,,True,,True,"{""reason"":""detector_match"",""detected"":""de"",""confidence"":1.0}",True,[],[],True,,"{""errors"":[]}",True,[],True,1,0,True,True,False,100,100,1223,17,1240,,,957.32,1318,8,1326,0,0,2696.87
90216d3e77bce3867658,1337,gemma-3-27b-reasoning,managed-prompt,tatoeba,nl,de,De Finnen drinken veel koffie.,Die Finnen trinken viel Kaffee.,"{""c"":""Die Finnen trinken viel Kaffee.""}",Die Finnen trinken viel Kaffee.,True,1,0,True,True,False,True,,True,,,"{""reason"":""detector_mismatch_uncertain"",""detected"":""af"",""confidence"":1.0}",True,[],[],True,,"{""errors"":[]}",True,[],True,1,0,True,True,False,100,100,1217,13,1230,,,898.26,1309,8,1317,0,0,1264.89
05a9693844e2be5086b4,1338,gemma-3-27b-reasoning,managed-prompt,tatoeba,nl,de,Het heeft weinig waarde.,Es hat nur geringen Wert.,"{""c"":""Es hat wenig Wert.""}",Es hat wenig Wert.,True,1,0,True,True,False,True,,True,,True,"{""reason"":""detector_match"",""detected"":""de"",""confidence"":1.0}",True,[],[],True,,"{""errors"":[]}",True,[],True,1,0,True,True,False,100,100,1213,10,1223,,,881.8,1295,8,1303,0,0,1190.64
dbf6b82ec655cc274ac2,1339,gemma-3-27b-reasoning,managed-prompt,tatoeba,nl,de,Roemenië is een Balkanland. Zijn hoofdstad is Boekarest.,Rumänien ist ein Balkanstaat. Seine Hauptstadt ist Bukarest.,"{""c"":""Rumänien ist ein Balkanstaat. Seine Hauptstadt ist Bukarest.""}",Rumänien ist ein Balkanstaat. Seine Hauptstadt ist Bukarest.,True,1,0,True,True,False,True,,True,,True,"{""reason"":""detector_match"",""detected"":""de"",""confidence"":1.0}",True,[],[],True,,"{""errors"":[]}",True,[],True,1,0,True,True,False,100,100,1224,19,1243,,,768.97,1334,8,1342,0,0,1137.75
3ea938292ff96b8d963a,1340,gemma-3-27b-reasoning,managed-prompt,tatoeba,nl,en,Tom sterft.,Tom is dying.,"{""c"":""Tom dies.""}",Tom dies.,True,1,0,True,True,False,True,,True,,,"{""reason"":""too_short_for_language_detection"",""detected"":null,""confidence"":null}",True,[],[],True,,"{""errors"":[]}",True,[],True,1,0,True,True,False,100,100,1212,8,1220,,,599.42,1282,8,1290,0,0,1177.76
3c388b0b49259bbf5b59,1341,gemma-3-27b-reasoning,managed-prompt,tatoeba,nl,en,Maria bijt op haar nagels.,Mary bites her nails.,"{""c"":""Maria is biting her nails.""}",Maria is biting her nails.,True,1,0,True,True,False,True,,True,,,"{""reason"":""detector_inconclusive"",""detected"":""en"",""confidence"":0.5714}",True,[],[],True,,"{""errors"":[]}",True,[],True,1,0,True,True,False,100,100,1216,11,1227,,,591.0,1294,8,1302,0,0,1250.24
de0afd574a268057caec,1342,gemma-3-27b-reasoning,managed-prompt,tatoeba,nl,en,Hij is allergisch voor katten.,He's allergic to cats.,"{""c"":""He is allergic to cats.""}",He is allergic to cats.,True,1,0,True,True,False,True,,True,,True,"{""reason"":""detector_match"",""detected"":""en"",""confidence"":1.0}",True,[],[],True,,"{""errors"":[]}",True,[],True,1,0,True,True,False,100,100,1216,11,1227,,,560.89,1293,8,1301,0,0,1211.38
75eb7651bf1817edd4eb,1343,gemma-3-27b-reasoning,managed-prompt,tatoeba,nl,en,Hij kan niet erg snel rennen.,He can't run very fast.,"{""c"":""He can't run very fast.""}",He can't run very fast.,True,1,0,True,True,False,True,,True,,True,"{""reason"":""detector_match"",""detected"":""en"",""confidence"":1.0}",True,[],[],True,,"{""errors"":[]}",True,[],True,1,0,True,True,False,100,100,1216,13,1229,,,979.53,1295,8,1303,0,0,2523.77
ba9dfccbb72e4ade6c08,1344,gemma-3-27b-reasoning,managed-prompt,tatoeba,nl,en,Stop Tom.,Stop Tom.,"{""c"":""Stop Tom.""}",Stop Tom.,True,1,0,True,True,False,True,,True,,,"{""reason"":""too_short_for_language_detection"",""detected"":null,""confidence"":null}",True,[],[],True,,"{""errors"":[]}",True,[],True,1,0,True,True,False,100,100,1211,8,1219,,,610.93,1280,8,1288,0,0,1239.79
1cbc60f67297ae858049,1345,gemma-3-27b-reasoning,managed-prompt,tatoeba,nl,en,Hoeveel is 300 euro in Canadese dollars?,How much is 300 euros in Canadian dollars?,"{""c"":""How much is 300 euros in Canadian dollars?""}",How much is 300 euros in Canadian dollars?,True,1,0,True,True,False,True,,True,,True,"{""reason"":""detector_match"",""detected"":""en"",""confidence"":1.0}",True,[],[],True,,"{""errors"":[]}",True,[],True,1,0,True,True,False,100,100,1221,17,1238,,,702.7,1310,8,1318,0,0,1050.68
a9a34d7321a3aa628a4e,1346,gemma-3-27b-reasoning,managed-prompt,tatoeba,nl,en,Tom kan het niet uitstaan onderbroken te worden.,Tom can't stand being interrupted.,"{""c"":""Tom can't stand being interrupted.""}",Tom can't stand being interrupted.,True,1,0,True,True,False,True,,True,,True,"{""reason"":""detector_match"",""detected"":""en"",""confidence"":1.0}",True,[],[],True,,"{""errors"":[]}",True,[],True,1,0,True,True,False,100,100,1220,13,1233,,,1012.97,1298,8,1306,0,0,1087.0
bff0c3c61dc429310d62,1347,gemma-3-27b-reasoning,managed-prompt,tatoeba,nl,en,Ik wil niet blijven aandringen.,I don't want to continue pressing the issue.,"{""c"":""I don't want to keep insisting.""}",I don't want to keep insisting.,True,1,0,True,True,False,True,,True,,,"{""reason"":""detector_mismatch_uncertain"",""detected"":""af"",""confidence"":1.0}",True,[],[],True,,"{""errors"":[]}",True,[],True,1,0,True,True,False,100,100,1215,14,1229,,,827.09,1302,8,1310,0,0,1183.4
55a971ed5574991e8355,1348,gemma-3-27b-reasoning,managed-prompt,tatoeba,nl,en,Volgens de bijbel schiep God de wereld in zes dagen.,"According to the Bible, God created the world in six days.","{""c"":""According to the Bible, God created the world in six days.""}","According to the Bible, God created the world in six days.",True,1,0,True,True,False,True,,True,,True,"{""reason"":""detector_match"",""detected"":""en"",""confidence"":1.0}",True,[],[],True,,"{""errors"":[]}",True,[],True,1,0,True,True,False,100,100,1222,18,1240,,,681.82,1315,8,1323,0,0,1113.82
d167d973d25578983215,1349,gemma-3-27b-reasoning,managed-prompt,tatoeba,nl,en,Ik zal op kerstdag aankomen.,I'll arrive on Christmas Day.,"{""c"":""I will arrive on Christmas Day.""}",I will arrive on Christmas Day.,True,1,0,True,True,False,True,,True,,True,"{""reason"":""detector_match"",""detected"":""en"",""confidence"":1.0}",True,[],[],True,,"{""errors"":[]}",True,[],True,1,0,True,True,False,100,100,1217,12,1229,,,630.39,1298,8,1306,0,0,1157.84
4296878b034da39e1011,1350,gemma-3-27b-reasoning,managed-prompt,tatoeba,nl,es,Wanneer te beginnen is het grootste probleem.,El problema más grande es cuándo comenzar.,"{""c"":""Cuándo empezar es el mayor problema.""}",Cuándo empezar es el mayor problema.,True,1,0,True,True,False,True,,True,,True,"{""reason"":""detector_match"",""detected"":""es"",""confidence"":1.0}",True,[],[],True,,"{""errors"":[]}",True,[],True,1,0,True,True,False,100,100,1217,13,1230,,,656.49,1306,8,1314,0,0,1160.91
22024194c7bcaf7765ec,1351,gemma-3-27b-reasoning,managed-prompt,tatoeba,nl,es,Ik groeide op in Boston.,Yo crecí en Boston.,"{""c"":""Crecí en Boston.""}",Crecí en Boston.,True,1,0,True,True,False,True,,True,,True,"{""reason"":""detector_match"",""detected"":""es"",""confidence"":1.0}",True,[],[],True,,"{""errors"":[]}",True,[],True,1,0,True,True,False,100,100,1215,11,1226,,,716.94,1296,8,1304,0,0,1124.0
0b69e15fa48f7892394e,1352,gemma-3-27b-reasoning,managed-prompt,tatoeba,nl,es,Ik heb een grote familie.,Tengo una familia numerosa.,"{""c"":""Tengo una familia grande.""}",Tengo una familia grande.,True,1,0,True,True,False,True,,True,,True,"{""reason"":""detector_match"",""detected"":""es"",""confidence"":1.0}",True,[],[],True,,"{""errors"":[]}",True,[],True,1,0,True,True,False,100,100,1214,11,1225,,,700.06,1295,8,1303,0,0,1174.78
ad5b24e9b6f8bd5fa1e9,1353,gemma-3-27b-reasoning,managed-prompt,tatoeba,nl,es,Hij kan Frans onderwijzen.,Es capaz de enseñar francés.,"{""c"":""Puede enseñar francés.""}",Puede enseñar francés.,True,1,0,True,True,False,True,,True,,True,"{""reason"":""detector_match"",""detected"":""es"",""confidence"":1.0}",True,[],[],True,,"{""errors"":[]}",True,[],True,1,0,True,True,False,100,100,1215,9,1224,,,714.25,1298,8,1306,0,0,1092.61
43fefe006ec167a30ed2,1354,gemma-3-27b-reasoning,managed-prompt,tatoeba,nl,es,Waarom doe je je jas niet uit?,¿Por qué no te quitas el abrigo?,"{""c"":""¿Por qué no te quitas el abrigo?""}",¿Por qué no te quitas el abrigo?,True,1,0,True,True,False,True,,True,,,"{""reason"":""detector_mismatch_uncertain"",""detected"":""pt"",""confidence"":1.0}",True,[],[],True,,"{""errors"":[]}",True,[],True,1,0,True,True,False,100,100,1217,15,1232,,,599.26,1312,8,1320,0,0,1189.62
8436ebb00297c0559dc0,1355,gemma-3-27b-reasoning,managed-prompt,tatoeba,nl,es,Ze geloven dat Jane eerlijk is.,Creen que Jane es sincera.,"{""c"":""Creen que Jane es honesta.""}",Creen que Jane es honesta.,True,1,0,True,True,False,True,,True,,,"{""reason"":""detector_inconclusive"",""detected"":""fr"",""confidence"":0.857}",True,[],[],True,,"{""errors"":[]}",True,[],True,1,0,True,True,False,100,100,1217,13,1230,,,593.0,1298,8,1306,0,0,1216.14
7814bcd394ace5e571e5,1356,gemma-3-27b-reasoning,managed-prompt,tatoeba,nl,es,Mijn zus houdt van meloenen en ik ook.,"A mi hermana le gustan los melones, y a mí también.","{""c"":""Mi hermana ama los melones y yo también.""}",Mi hermana ama los melones y yo también.,True,1,0,True,True,False,True,,True,,True,"{""reason"":""detector_match"",""detected"":""es"",""confidence"":1.0}",True,[],[],True,,"{""errors"":[]}",True,[],True,1,0,True,True,False,100,100,1220,15,1235,,,829.14,1316,8,1324,0,0,1148.37
a87516c98b9f44451760,1357,gemma-3-27b-reasoning,managed-prompt,tatoeba,nl,es,Hij heeft een week vrij genomen.,Se tomó una semana libre.,"{""c"":""Se ha tomado una semana libre.""}",Se ha tomado una semana libre.,True,1,0,True,True,False,True,,True,,True,"{""reason"":""detector_match"",""detected"":""es"",""confidence"":1.0}",True,[],[],True,,"{""errors"":[]}",True,[],True,1,0,True,True,False,100,100,1215,12,1227,,,534.72,1297,8,1305,0,0,1133.89
ae2aaa37b13a8d925526,1358,gemma-3-27b-reasoning,managed-prompt,tatoeba,nl,es,Haar enige wens was haar enige zoon een laatste keer terug te zien.,Su único deseo era volver a ver a su hijo por última vez.,"{""c"":""Su único deseo era volver a ver a su único hijo.""}",Su único deseo era volver a ver a su único hijo.,True,1,0,True,True,False,True,,True,,True,"{""reason"":""detector_match"",""detected"":""es"",""confidence"":1.0}",True,[],[],True,,"{""errors"":[{""category"":""accuracy"",""severity"":""major""}]}",False,"[{""category"":""accuracy"",""severity"":""major""}]",True,1,0,True,True,False,85,85,1224,17,1241,,,1454.12,1322,17,1339,0,0,1096.83
58d843b79aff45899081,1359,gemma-3-27b-reasoning,managed-prompt,tatoeba,nl,es,Er blijft nog veel te doen.,Hay mucho que hacer.,"{""c"":""Todavía queda mucho por hacer.""}",Todavía queda mucho por hacer.,True,1,0,True,True,False,True,,True,,True,"{""reason"":""detector_match"",""detected"":""es"",""confidence"":1.0}",True,[],[],True,,"{""errors"":[]}",True,[],True,1,0,True,True,False,100,100,1215,12,1227,,,602.8,1298,8,1306,0,0,1412.29
bec40079bc464bcd1ac3,1360,gemma-3-27b-reasoning,managed-prompt,tatoeba,nl,fr,Ik heb een raar geluid gehoord.,J'ai entendu un bruit étrange.,"{""c"":""J\""ai entendu un drôle de bruit.""}","J""ai entendu un drôle de bruit.",True,1,0,True,True,False,True,,True,,True,"{""reason"":""detector_match"",""detected"":""fr"",""confidence"":1.0}",True,[],[],True,,"{""errors"":[{""category"":""fluency"",""severity"":""critical""}]}",False,"[{""category"":""fluency"",""severity"":""critical""}]",True,1,0,True,True,False,60,60,1219,15,1234,,,828.73,1311,18,1329,0,0,1281.37
58c01eb8122f5cfa906a,1361,gemma-3-27b-reasoning,managed-prompt,tatoeba,nl,fr,Leven is wat je gebeurt terwijl je andere plannen maakt.,La vie c'est ce qui se passe pendant que tu es occupée à faire d'autres plans.,"{""c"":""La vie est ce qui arrive pendant qu’on fait des projets.""}",La vie est ce qui arrive pendant qu’on fait des projets.,True,1,0,True,True,False,True,,True,,True,"{""reason"":""detector_match"",""detected"":""fr"",""confidence"":1.0}",True,[],[],True,,"{""errors"":[{""category"":""accuracy"",""severity"":""minor""}]}",True,"[{""category"":""accuracy"",""severity"":""minor""}]",True,1,0,True,True,False,97,97,1222,19,1241,,,1130.02,1326,17,1343,0,0,1223.9
e90dbb8d1f460b868e6c,1362,gemma-3-27b-reasoning,managed-prompt,tatoeba,nl,fr,Ik hoop je snel te zien.,J'espère te voir vite.,"{""c"":""J'espère te voir bientôt.""}",J'espère te voir bientôt.,True,1,0,True,True,False,True,,True,,True,"{""reason"":""detector_match"",""detected"":""fr"",""confidence"":1.0}",True,[],[],True,,"{""errors"":[]}",True,[],True,1,0,True,True,False,100,100,1215,12,1227,,,572.51,1303,8,1311,0,0,1218.03
929e078d0e1bfd48220b,1363,gemma-3-27b-reasoning,managed-prompt,tatoeba,nl,fr,Japan is een land van eilanden.,Le Japon est un pays insulaire.,"{""c"":""Le Japon est un pays d'îles.""}",Le Japon est un pays d'îles.,True,1,0,True,True,False,True,,True,,True,"{""reason"":""detector_match"",""detected"":""fr"",""confidence"":1.0}",True,[],[],True,,"{""errors"":[]}",True,[],True,1,0,True,True,False,100,100,1216,15,1231,,,565.32,1301,8,1309,0,0,1154.79
cf3222f37c7cacac7951,1364,gemma-3-27b-reasoning,managed-prompt,tatoeba,nl,fr,China is veel groter dan Japan.,La Chine est beaucoup plus grande que le Japon.,"{""c"":""La Chine est beaucoup plus grande que le Japon.""}",La Chine est beaucoup plus grande que le Japon.,True,1,0,True,True,False,True,,True,,True,"{""reason"":""detector_match"",""detected"":""fr"",""confidence"":1.0}",True,[],[],True,,"{""errors"":[]}",True,[],True,1,0,True,True,False,100,100,1216,15,1231,,,727.44,1311,8,1319,0,0,1469.08
2e0bb5df7120488aa553,1365,gemma-3-27b-reasoning,managed-prompt,tatoeba,nl,fr,Teken hier!,Signe ici !,"{""c"":""Dessinez ici!""}",Dessinez ici!,True,1,0,True,True,False,True,,True,,,"{""reason"":""detector_inconclusive"",""detected"":""it"",""confidence"":0.5714}",True,[],[],True,,"{""errors"":[{""category"":""accuracy"",""severity"":""major""}]}",False,"[{""category"":""accuracy"",""severity"":""major""}]",True,1,0,True,True,False,85,85,1212,9,1221,,,534.89,1289,17,1306,0,0,1205.27
1588ee223ad45c237f0f,1366,gemma-3-27b-reasoning,managed-prompt,tatoeba,nl,fr,Ik zou geen voedsel moeten eten dat suiker bevat.,Je ne devrais pas manger de nourriture contenant du sucre.,"{""c"":""Je ne devrais pas manger d'aliments contenant du sucre.""}",Je ne devrais pas manger d'aliments contenant du sucre.,True,1,0,True,True,False,True,,True,,True,"{""reason"":""detector_match"",""detected"":""fr"",""confidence"":1.0}",True,[],[],True,,"{""errors"":[]}",True,[],True,1,0,True,True,False,100,100,1220,19,1239,,,637.69,1325,8,1333,0,0,1049.38
06db23c3e848eba666d7,1367,gemma-3-27b-reasoning,managed-prompt,tatoeba,nl,fr,We stonden voor de deur en wachtten.,Nous nous tenions devant la porte et attendions.,"{""c"":""Nous étions devant la porte et attendions.""}",Nous étions devant la porte et attendions.,True,1,0,True,True,False,True,,True,,True,"{""reason"":""detector_match"",""detected"":""fr"",""confidence"":1.0}",True,[],[],True,,"{""errors"":[]}",True,[],True,1,0,True,True,False,100,100,1218,15,1233,,,648.71,1310,8,1318,0,0,1166.9
b89f324e647fcc653380,1368,gemma-3-27b-reasoning,managed-prompt,tatoeba,nl,fr,Joan brak haar linkerarm in het ongeluk.,Joan s'est cassé son bras gauche dans l'accident.,"{""c"":""Joan s'est cassé le bras gauche dans l'accident.""}",Joan s'est cassé le bras gauche dans l'accident.,True,1,0,True,True,False,True,,True,,True,"{""reason"":""detector_match"",""detected"":""fr"",""confidence"":1.0}",True,[],[],True,,"{""errors"":[]}",True,[],True,1,0,True,True,False,100,100,1218,19,1237,,,667.44,1316,8,1324,0,0,1170.83
18fb377f64b6bdf67d4b,1369,gemma-3-27b-reasoning,managed-prompt,tatoeba,nl,fr,Ik was verwonderd wanneer ik hoorde wat er gebeurd was.,J'ai été étonné d'entendre ce qui s'était passé.,"{""c"":""J'étais surpris quand j'ai entendu ce qui s'était passé.""}",J'étais surpris quand j'ai entendu ce qui s'était passé.,True,1,0,True,True,False,True,,True,,True,"{""reason"":""detector_match"",""detected"":""fr"",""confidence"":1.0}",True,[],[],True,,"{""errors"":[]}",True,[],True,1,0,True,True,False,100,100,1223,22,1245,,,708.97,1331,8,1339,0,0,1172.97
ff8f82be90f42f3aaa06,1370,gemma-3-27b-reasoning,managed-prompt,tatoeba,nl,it,Ik ben trots op mijn kinderen.,Io sono fiera dei miei figli.,"{""c"":""Sono orgoglioso dei miei figli.""}",Sono orgoglioso dei miei figli.,True,1,0,True,True,False,True,,True,,True,"{""reason"":""detector_match"",""detected"":""it"",""confidence"":1.0}",True,[],[],True,,"{""errors"":[{""category"":""accuracy"",""severity"":""minor""}]}",True,"[{""category"":""accuracy"",""severity"":""minor""}]",True,1,0,True,True,False,97,97,1215,13,1228,,,610.52,1305,17,1322,0,0,1164.98
55df7dbde594fb188e20,1371,gemma-3-27b-reasoning,managed-prompt,tatoeba,nl,it,Waartoe dient dit?,A che serve questo?,"{""c"":""A cosa serve questo?""}",A cosa serve questo?,True,1,0,True,True,False,True,,True,,,"{""reason"":""detector_mismatch_uncertain"",""detected"":""pt"",""confidence"":1.0}",True,[],[],True,,"{""errors"":[]}",True,[],True,1,0,True,True,False,100,100,1214,10,1224,,,751.51,1291,8,1299,0,0,1182.82
f7171567619c64739aa6,1372,gemma-3-27b-reasoning,managed-prompt,tatoeba,nl,it,Dit is een bloem?,Questo è un fiore?,"{""c"":""Dit is een bloem?""}",Dit is een bloem?,True,1,0,True,True,False,True,,True,,,"{""reason"":""detector_mismatch_uncertain"",""detected"":""af"",""confidence"":1.0}",False,"[{""code"":""source_copied""}]",[],True,,"{""errors"":[{""category"":""accuracy"",""severity"":""critical""}]}",False,"[{""category"":""accuracy"",""severity"":""critical""}]",True,1,0,True,True,False,60,60,1214,11,1225,,,769.41,1292,17,1309,0,0,1170.82
8634e21d6479a54edc86,1373,gemma-3-27b-reasoning,managed-prompt,tatoeba,nl,it,Hij leest veel.,Lui legge molto.,"{""c"":""Lui legge molto.""}",Lui legge molto.,True,1,0,True,True,False,True,,True,,True,"{""reason"":""detector_match"",""detected"":""it"",""confidence"":1.0}",True,[],[],True,,"{""errors"":[]}",True,[],True,1,0,True,True,False,100,100,1213,10,1223,,,519.79,1288,8,1296,0,0,1142.76
6de79076958450e991b7,1374,gemma-3-27b-reasoning,managed-prompt,tatoeba,nl,it,Heeft Tom gezegd waarom?,Tom disse il perché?,"{""c"":""Ha detto Tom il perché?""}",Ha detto Tom il perché?,True,1,0,True,True,False,True,,True,,True,"{""reason"":""detector_match"",""detected"":""it"",""confidence"":1.0}",True,[],[],True,,"{""errors"":[{""category"":""fluency"",""severity"":""minor""}]}",True,"[{""category"":""fluency"",""severity"":""minor""}]",True,1,0,True,True,False,97,97,1215,11,1226,,,988.38,1295,18,1313,0,0,1289.97
6aa24019cccfb21d1b28,1375,gemma-3-27b-reasoning,managed-prompt,tatoeba,nl,it,We zijn gelukkig.,Noi siamo felici.,"{""c"":""Siamo felici.""}",Siamo felici.,True,1,0,True,True,False,True,,True,,True,"{""reason"":""detector_match"",""detected"":""it"",""confidence"":1.0}",True,[],[],True,,"{""errors"":[]}",True,[],True,1,0,True,True,False,100,100,1213,10,1223,,,531.75,1292,8,1300,0,0,1287.58
aa7078a7991d9920f971,1376,gemma-3-27b-reasoning,managed-prompt,tatoeba,nl,it,Nepal wordt ''Nepal'' genoemd in het Nepalees.,"Il Nepal si chiama ""Nepal"" in nepalese.","{""c"":""Il Nepal si chiama \""Nepal\"" in nepalese.""}","Il Nepal si chiama ""Nepal"" in nepalese.",True,1,0,True,True,False,True,,True,,True,"{""reason"":""detector_match"",""detected"":""it"",""confidence"":1.0}",True,[],[],True,,"{""errors"":[]}",True,[],True,1,0,True,True,False,100,100,1220,16,1236,,,1069.41,1310,8,1318,0,0,1237.4
0675061f28e448217ef9,1377,gemma-3-27b-reasoning,managed-prompt,tatoeba,nl,it,Ik ben blind.,Io sono cieco.,"{""c"":""Io sono cieco.""}",Io sono cieco.,True,1,0,True,True,False,True,,True,,True,"{""reason"":""detector_match"",""detected"":""it"",""confidence"":1.0}",True,[],[],True,,"{""errors"":[]}",True,[],True,1,0,True,True,False,100,100,1212,10,1222,,,802.2,1289,8,1297,0,0,1181.37
69e24199af4d458a1f3d,1378,gemma-3-27b-reasoning,managed-prompt,tatoeba,nl,it,Welke zijn de positieve kanten?,Quali sono i lati positivi?,"{""c"":""Quali sono gli aspetti positivi?""}",Quali sono gli aspetti positivi?,True,1,0,True,True,False,True,,True,,True,"{""reason"":""detector_match"",""detected"":""it"",""confidence"":1.0}",True,[],[],True,,"{""errors"":[]}",True,[],True,1,0,True,True,False,100,100,1217,13,1230,,,701.8,1301,8,1309,0,0,2771.09
c1ca6b383797966b9902,1379,gemma-3-27b-reasoning,managed-prompt,tatoeba,nl,it,Ik ben Toms oudste broer.,Io sono il fratello maggiore di Tom.,"{""c"":""Sono il fratello maggiore di Tom.""}",Sono il fratello maggiore di Tom.,True,1,0,True,True,False,True,,True,,True,"{""reason"":""detector_match"",""detected"":""it"",""confidence"":1.0}",True,[],[],True,,"{""errors"":[]}",True,[],True,1,0,True,True,False,100,100,1216,12,1228,,,834.56,1304,8,1312,0,0,25128.47
b1055c2b8816dd9c8e44,1380,gemma-3-27b-reasoning,managed-prompt,tatoeba,nl,jp,Bekijk de afbeelding.,その絵を見なさい。,"{""c"":""画像をください。""}",画像をください。,True,1,0,True,True,False,True,,True,,True,"{""reason"":""target_script_present"",""detected"":""ja"",""confidence"":1.0}",True,[],[],True,,"{""errors"":[{""category"":""accuracy"",""severity"":""critical""}]}",False,"[{""category"":""accuracy"",""severity"":""critical""}]",True,1,0,True,True,False,60,60,1213,8,1221,,,1109.1,1296,17,1313,0,0,1203.48
ae013223f858a653790d,1381,gemma-3-27b-reasoning,managed-prompt,tatoeba,nl,jp,Dit hotel is vorig jaar gebouwd.,このホテルは去年建てられた。,"{""c"":""このホテルは昨年建てられました。""}",このホテルは昨年建てられました。,True,1,0,True,True,False,True,,True,,True,"{""reason"":""target_script_present"",""detected"":""ja"",""confidence"":1.0}",True,[],[],True,,"{""errors"":[]}",True,[],True,1,0,True,True,False,100,100,1217,12,1229,,,596.89,1307,8,1315,0,0,1100.74
9ce99bd5b0829f4ef9e4,1382,gemma-3-27b-reasoning,managed-prompt,tatoeba,nl,jp,Ik ben John.,私はジョンです。,"{""c"":""私はジョンです。""}",私はジョンです。,True,1,0,True,True,False,True,,True,,True,"{""reason"":""target_script_present"",""detected"":""ja"",""confidence"":1.0}",True,[],[],True,,"{""errors"":[]}",True,[],True,1,0,True,True,False,100,100,1212,9,1221,,,740.13,1293,8,1301,0,0,1148.36
3b15312f942dac162c91,1383,gemma-3-27b-reasoning,managed-prompt,tatoeba,nl,jp,Het is raar dat jij niks van haar huwelijksceremonie afweet.,あなたが彼女の結婚式について何も知らないとは不思議だ。,"{""c"":""彼女の結婚式について何も知らないのはおかしいね。""}",彼女の結婚式について何も知らないのはおかしいね。,True,1,0,True,True,False,True,,True,,True,"{""reason"":""target_script_present"",""detected"":""ja"",""confidence"":1.0}",True,[],[],True,,"{""errors"":[]}",True,[],True,1,0,True,True,False,100,100,1228,17,1245,,,634.44,1343,8,1351,0,0,1213.21
6a95dddde8a3befbe78c,1384,gemma-3-27b-reasoning,managed-prompt,tatoeba,nl,jp,U zult merken dat deze kaart erg handig is.,この地図がとても役に立つことが分かるでしょう。,"{""c"":""このカードはとても役に立つことに気づくでしょう。""}",このカードはとても役に立つことに気づくでしょう。,True,1,0,True,True,False,True,,True,,True,"{""reason"":""target_script_present"",""detected"":""ja"",""confidence"":1.0}",True,[],[],True,,"{""errors"":[{""category"":""terminology"",""severity"":""minor""}]}",True,"[{""category"":""terminology"",""severity"":""minor""}]",True,1,0,True,True,False,97,97,1220,16,1236,,,645.53,1328,17,1345,0,0,1291.22
0361f68444ab4bcf86bb,1385,gemma-3-27b-reasoning,managed-prompt,tatoeba,nl,jp,Betty is danslerares.,ベティはダンスの先生である。,"{""c"":""ベティはダンスの先生です。""}",ベティはダンスの先生です。,True,1,0,True,True,False,True,,True,,True,"{""reason"":""target_script_present"",""detected"":""ja"",""confidence"":1.0}",True,[],[],True,,"{""errors"":[]}",True,[],True,1,0,True,True,False,100,100,1214,13,1227,,,1075.21,1304,8,1312,0,0,1090.12
3d6b52246b2bf9d33d89,1386,gemma-3-27b-reasoning,managed-prompt,tatoeba,nl,jp,Geef me een ander voorbeeld alsjeblieft.,別の実例を教えてください。,"{""c"":""もう1つ例をください。""}",もう1つ例をください。,True,1,0,True,True,False,True,,True,,True,"{""reason"":""target_script_present"",""detected"":""ja"",""confidence"":1.0}",True,[],"[{""code"":""number_not_exact"",""expected"":{},""actual"":{""1"":1}}]",True,,"{""errors"":[]}",True,[],True,1,0,True,True,False,97,97,1220,12,1232,,,963.18,1307,8,1315,0,0,1227.74
e6646cbf9864cc38e51d,1387,gemma-3-27b-reasoning,managed-prompt,tatoeba,nl,jp,"Zover wij weten, is de aarde de enige planeet met oceanen.",私たちの知る限りでは、地球は海を持っている唯一の惑星である。,"{""c"":""私たちが知る限り、地球は海を持つ唯一の惑星です。""}",私たちが知る限り、地球は海を持つ唯一の惑星です。,True,1,0,True,True,False,True,,True,,True,"{""reason"":""target_script_present"",""detected"":""ja"",""confidence"":1.0}",True,[],[],True,,"{""errors"":[]}",True,[],True,1,0,True,True,False,100,100,1225,20,1245,,,726.89,1348,8,1356,0,0,1227.65
11d29bcc7430c07cf243,1388,gemma-3-27b-reasoning,managed-prompt,tatoeba,nl,jp,"Het is niet goed als je zo laat in de avond opblijft, joh.",夜遅くまで起きていては駄目だよ。,"{""c"":""夜更かしは良くないよ。""}",夜更かしは良くないよ。,True,1,0,True,True,False,True,,True,,True,"{""reason"":""target_script_present"",""detected"":""ja"",""confidence"":1.0}",True,[],[],True,,"{""errors"":[]}",True,[],True,1,0,True,True,False,100,100,1227,13,1240,,,577.71,1325,8,1333,0,0,1120.41
07ee14a26551b4e9802d,1389,gemma-3-27b-reasoning,managed-prompt,tatoeba,nl,jp,Hij kan dat niet aan.,彼にはそれはすることができない。,"{""c"":""彼はそれができません。""}",彼はそれができません。,True,1,0,True,True,False,True,,True,,True,"{""reason"":""target_script_present"",""detected"":""ja"",""confidence"":1.0}",True,[],[],True,,"{""errors"":[]}",True,[],True,1,0,True,True,False,100,100,1214,9,1223,,,506.22,1299,8,1307,0,0,1147.65
47981a9ffd0bf0cd0e70,1390,gemma-3-27b-reasoning,managed-prompt,tatoeba,nl,nb,Tom is nog steeds buiten.,Tom er fremdeles utenfor.,"{""c"":""Tom er fortsatt ute.""}",Tom er fortsatt ute.,True,1,0,True,True,False,True,,True,,True,"{""reason"":""detector_match"",""detected"":""no"",""confidence"":1.0}",True,[],[],True,,"{""errors"":[]}",True,[],True,1,0,True,True,False,100,100,1214,10,1224,,,592.76,1295,8,1303,0,0,1145.92
6a99445e0bda0999053f,1391,gemma-3-27b-reasoning,managed-prompt,tatoeba,nl,nb,Hoeveel tijd besteden jullie op Facebook?,Hvor mye tid bruker du på Facebook?,"{""c"":""Hvor mye tid bruker dere på Facebook?""}",Hvor mye tid bruker dere på Facebook?,True,1,0,True,True,False,True,,True,,,"{""reason"":""detector_inconclusive"",""detected"":""no"",""confidence"":0.721}",True,[],[],True,,"{""errors"":[]}",True,[],True,1,0,True,True,False,100,100,1217,14,1231,,,799.58,1308,8,1316,0,0,1101.62
c1d096473c726aa43a6f,1392,gemma-3-27b-reasoning,managed-prompt,tatoeba,nl,nb,Hij heeft geluk zo'n goede vrouw te hebben.,Han er heldig som har en så god hustru.,"{""c"":""Så heldig han er som har en så god kone.""}",Så heldig han er som har en så god kone.,True,1,0,True,True,False,True,,True,,True,"{""reason"":""detector_match"",""detected"":""no"",""confidence"":0.9926}",True,[],[],True,,"{""errors"":[]}",True,[],True,1,0,True,True,False,100,100,1220,17,1237,,,1589.99,1311,8,1319,0,0,1075.52
922aea90cb7e947c20e3,1393,gemma-3-27b-reasoning,managed-prompt,tatoeba,nl,nb,Het klimaat is aangenaam.,Klimaet er behagelig.,"{""c"":""Klimaet er behagelig.""}",Klimaet er behagelig.,True,1,0,True,True,False,True,,True,,,"{""reason"":""detector_mismatch_uncertain"",""detected"":""da"",""confidence"":1.0}",True,[],[],True,,"{""errors"":[]}",True,[],True,1,0,True,True,False,100,100,1216,13,1229,,,781.32,1297,8,1305,0,0,1103.3
d570599442629b00525a,1394,gemma-3-27b-reasoning,managed-prompt,tatoeba,nl,nb,De hoofdstad van Japan is Tokio.,Hovedstaden i Japan er Tokyo.,"{""c"":""Hovedstaden i Japan er Tokyo.""}",Hovedstaden i Japan er Tokyo.,True,1,0,True,True,False,True,,True,,True,"{""reason"":""detector_match"",""detected"":""no"",""confidence"":0.8399}",True,[],[],True,,"{""errors"":[]}",True,[],True,1,0,True,True,False,100,100,1216,14,1230,,,737.18,1299,8,1307,0,0,1145.0
b802c40281ebd26b8cf4,1395,gemma-3-27b-reasoning,managed-prompt,tatoeba,nl,nb,Geld is macht.,Penger er makt.,"{""c"":""Penger er makt.""}",Penger er makt.,True,1,0,True,True,False,True,,True,,True,"{""reason"":""detector_match"",""detected"":""no"",""confidence"":0.9998}",True,[],[],True,,"{""errors"":[]}",True,[],True,1,0,True,True,False,100,100,1213,11,1224,,,565.92,1291,8,1299,0,0,1201.75
7046cc765c9210f31bd0,1396,gemma-3-27b-reasoning,managed-prompt,tatoeba,nl,nb,Ze rookt twintig sigaretten per dag.,Hun røyker 20 sigaretter om dagen.,"{""c"":""Hun røyker tjue sigaretter om dagen.""}",Hun røyker tjue sigaretter om dagen.,True,1,0,True,True,False,True,,True,,True,"{""reason"":""detector_match"",""detected"":""no"",""confidence"":1.0}",True,[],[],True,,"{""errors"":[]}",True,[],True,1,0,True,True,False,100,100,1220,17,1237,,,682.65,1308,8,1316,0,0,1155.81
87b90eaa9bd27e466f97,1397,gemma-3-27b-reasoning,managed-prompt,tatoeba,nl,nb,Maak je geen zorgen over ons.,Ikke bekymre deg for oss.,"{""c"":""Ikke bekymre deg for oss.""}",Ikke bekymre deg for oss.,True,1,0,True,True,False,True,,True,,True,"{""reason"":""detector_match"",""detected"":""no"",""confidence"":1.0}",True,[],[],True,,"{""errors"":[]}",True,[],True,1,0,True,True,False,100,100,1216,14,1230,,,985.53,1302,8,1310,0,0,1156.06
c85f70fd360f9f687a4e,1398,gemma-3-27b-reasoning,managed-prompt,tatoeba,nl,nb,Hij woont in een dorp.,Han bor i en landsby.,"{""c"":""Han bor i en landsby.""}",Han bor i en landsby.,True,1,0,True,True,False,True,,True,,,"{""reason"":""detector_mismatch_uncertain"",""detected"":""da"",""confidence"":1.0}",True,[],[],True,,"{""errors"":[]}",True,[],True,1,0,True,True,False,100,100,1215,12,1227,,,815.19,1295,8,1303,0,0,1086.62
29ced927b761892529f3,1399,gemma-3-27b-reasoning,managed-prompt,tatoeba,nl,nb,Ik was thuis.,Jeg var hjemme.,"{""c"":""Jeg var hjemme.""}",Jeg var hjemme.,True,1,0,True,True,False,True,,True,,True,"{""reason"":""detector_match"",""detected"":""no"",""confidence"":1.0}",True,[],[],True,,"{""errors"":[]}",True,[],True,1,0,True,True,False,100,100,1212,10,1222,,,771.23,1292,8,1300,0,0,1116.9
dbe78e02c30173a05ef1,1400,gemma-3-27b-reasoning,managed-prompt,tatoeba,nb,da,Han spør stadig dumme spørsmål.,Han stiller hele tiden dumme spørgsmål.,"{""c"":""Han spørger stadig dumme spørgsmål.""}",Han spørger stadig dumme spørgsmål.,True,1,0,True,True,False,True,,True,,True,"{""reason"":""detector_match"",""detected"":""da"",""confidence"":1.0}",True,[],[],True,,"{""errors"":[]}",True,[],True,1,0,True,True,False,100,100,1217,15,1232,,,816.42,1310,8,1318,0,0,1223.52
b78e7074edb08880b499,1401,gemma-3-27b-reasoning,managed-prompt,tatoeba,nb,da,Hun begynte å synge.,Hun begyndte at synge.,"{""c"":""Hun begyndte at synge.""}",Hun begyndte at synge.,True,1,0,True,True,False,True,,True,,True,"{""reason"":""detector_match"",""detected"":""da"",""confidence"":0.8571}",True,[],[],True,,"{""errors"":[]}",True,[],True,1,0,True,True,False,100,100,1215,13,1228,,,579.75,1295,8,1303,0,0,1080.45
651a7d10efb1349aeffb,1402,gemma-3-27b-reasoning,managed-prompt,tatoeba,nb,da,Dette er et varsel som vi må ta på alvor.,Dette er et varsel som vi må tage alvorligt.,"{""c"":""Dette er en advarsel, vi må ta alvorlig.""}","Dette er en advarsel, vi må ta alvorlig.",True,1,0,True,True,False,True,,True,,,"{""reason"":""detector_mismatch_uncertain"",""detected"":""no"",""confidence"":1.0}",True,[],[],True,,"{""errors"":[]}",True,[],True,1,0,True,True,False,100,100,1222,20,1242,,,698.28,1312,8,1320,0,0,1206.81
c4bc07f4ae7ad636678d,1403,gemma-3-27b-reasoning,managed-prompt,tatoeba,nb,da,Hans barnslige latter er sjarmerende.,Hans barnlige latter er charmerende.,"{""c"":""Hans barnlige latter er charmerende.""}",Hans barnlige latter er charmerende.,True,1,0,True,True,False,True,,True,,True,"{""reason"":""detector_match"",""detected"":""da"",""confidence"":1.0}",True,[],[],True,,"{""errors"":[]}",True,[],True,1,0,True,True,False,100,100,1219,14,1233,,,899.34,1299,8,1307,0,0,1202.8
066fa42fcb9fa21650f2,1404,gemma-3-27b-reasoning,managed-prompt,tatoeba,nb,da,Denne byen er kald og ensom uten deg.,Denne by er kold og ensom uden dig.,"{""c"":""Denne byen er kald og ensom uten deg.""}",Denne byen er kald og ensom uten deg.,True,1,0,True,True,False,True,,True,,,"{""reason"":""detector_mismatch_uncertain"",""detected"":""no"",""confidence"":1.0}",False,"[{""code"":""source_copied""}]",[],True,,"{""errors"":[{""category"":""fluency"",""severity"":""major""},{""category"":""accuracy"",""severity"":""minor""}]}",False,"[{""category"":""fluency"",""severity"":""major""},{""category"":""accuracy"",""severity"":""minor""}]",True,1,0,True,True,False,82,82,1218,15,1233,,,1230.55,1309,27,1336,0,0,43308.33
94e75a8abf54bf3a0c8c,1405,gemma-3-27b-reasoning,managed-prompt,tatoeba,nb,da,Jeg sto opp sent i dag morges.,Jeg stod sent op i dag til morgen.,"{""c"":""Jeg vågnede sent i morges.""}",Jeg vågnede sent i morges.,True,1,0,True,True,False,True,,True,,,"{""reason"":""detector_mismatch_uncertain"",""detected"":""no"",""confidence"":1.0}",True,[],[],True,,"{""errors"":[]}",True,[],True,1,0,True,True,False,100,100,1217,14,1231,,,936.4,1305,8,1313,0,0,3304.69
7b24acd887c81624bfc9,1406,gemma-3-27b-reasoning,managed-prompt,tatoeba,nb,da,Jeg har alltid ville møte deg.,Jeg har altid ønsket at møde dig.,"{""c"":""Jeg har altid ville møde dig.""}",Jeg har altid ville møde dig.,True,1,0,True,True,False,True,,True,,True,"{""reason"":""detector_match"",""detected"":""da"",""confidence"":1.0}",True,[],[],True,,"{""errors"":[{""category"":""fluency"",""severity"":""major""}]}",False,"[{""category"":""fluency"",""severity"":""major""}]",True,1,0,True,True,False,85,85,1216,13,1229,,,824.33,1304,18,1322,0,0,1291.1
8b35ce5afd38ac7fd2ad,1407,gemma-3-27b-reasoning,managed-prompt,tatoeba,nb,da,Du hjalp meg ikke.,Du hjalp mig ikke.,"{""c"":""Du hjalp mig ikke.""}",Du hjalp mig ikke.,True,1,0,True,True,False,True,,True,,,"{""reason"":""detector_inconclusive"",""detected"":""af"",""confidence"":0.4286}",True,[],[],True,,"{""errors"":[]}",True,[],True,1,0,True,True,False,100,100,1215,12,1227,,,856.8,1294,8,1302,0,0,1205.42
53132e99d0d709063a03,1408,gemma-3-27b-reasoning,managed-prompt,tatoeba,nb,da,Kommer du klokken seks eller klokken syv?,Ankommer de klokken seks eller klokken syv?,"{""c"":""Kommer du klokken seks eller klokken syv?""}",Kommer du klokken seks eller klokken syv?,True,1,0,True,True,False,True,,True,,,"{""reason"":""detector_mismatch_uncertain"",""detected"":""no"",""confidence"":1.0}",False,"[{""code"":""source_copied""}]",[],True,,"{""errors"":[]}",True,[],True,1,0,True,True,False,100,100,1222,19,1241,,,899.44,1319,8,1327,0,0,1308.57
445a7123cbc67671b24d,1409,gemma-3-27b-reasoning,managed-prompt,tatoeba,nb,da,"Ta den du liker best, samme hvilken det er.","Tag den du bedst kan lide, lige meget hvilken det er.","{""c"":""Tag den, du bedst kan lide, uanset hvilken det er.""}","Tag den, du bedst kan lide, uanset hvilken det er.",True,1,0,True,True,False,True,,True,,True,"{""reason"":""detector_match"",""detected"":""da"",""confidence"":1.0}",True,[],[],True,,"{""errors"":[]}",True,[],True,1,0,True,True,False,100,100,1221,23,1244,,,847.51,1318,8,1326,0,0,1128.56
b1bf3103953fe0cc9d02,1410,gemma-3-27b-reasoning,managed-prompt,tatoeba,nb,de,Jeg følte meg dårlig.,Ich fühlte mich schlecht.,"{""c"":""Ich fühlte mich schlecht.""}",Ich fühlte mich schlecht.,True,1,0,True,True,False,True,,True,,True,"{""reason"":""detector_match"",""detected"":""de"",""confidence"":1.0}",True,[],[],True,,"{""errors"":[]}",True,[],True,1,0,True,True,False,100,100,1215,12,1227,,,623.95,1300,8,1308,0,0,1331.61
28f2eda1f3aa1d7d16cc,1411,gemma-3-27b-reasoning,managed-prompt,tatoeba,nb,de,Det tror jeg ikke.,Das glaube ich nicht.,"{""c"":""Ich glaube das nicht.""}",Ich glaube das nicht.,True,1,0,True,True,False,True,,True,,True,"{""reason"":""detector_match"",""detected"":""de"",""confidence"":1.0}",True,[],[],True,,"{""errors"":[]}",True,[],True,1,0,True,True,False,100,100,1213,10,1223,,,1579.53,1292,8,1300,0,0,1194.82
940c737bc941ae4dcbda,1412,gemma-3-27b-reasoning,managed-prompt,tatoeba,nb,de,Hvorfor forteller du oss dette?,Warum erzählst du uns das?,"{""c"":""Warum erzählst du uns das?""}",Warum erzählst du uns das?,True,1,0,True,True,False,True,,True,,True,"{""reason"":""detector_match"",""detected"":""de"",""confidence"":1.0}",True,[],[],True,,"{""errors"":[]}",True,[],True,1,0,True,True,False,100,100,1217,13,1230,,,1483.06,1305,8,1313,0,0,1071.42
fbb8f9574bc4c9657d8c,1413,gemma-3-27b-reasoning,managed-prompt,tatoeba,nb,de,Tom har ikke kommet tilbake ennå.,Tom ist noch nicht zurückgekommen.,"{""c"":""Tom ist noch nicht zurückgekehrt.""}",Tom ist noch nicht zurückgekehrt.,True,1,0,True,True,False,True,,True,,True,"{""reason"":""detector_match"",""detected"":""de"",""confidence"":1.0}",True,[],[],True,,"{""errors"":[]}",True,[],True,1,0,True,True,False,100,100,1217,12,1229,,,1208.28,1304,8,1312,0,0,1078.17
181df02734b2d5c1ed72,1414,gemma-3-27b-reasoning,managed-prompt,tatoeba,nb,de,"Epler er vanligvis grønne, gule eller røde.","Äpfel sind gewöhnlich grün, gelb oder rot.","{""c"":""Äpfel sind üblicherweise grün, gelb oder rot.""}","Äpfel sind üblicherweise grün, gelb oder rot.",True,1,0,True,True,False,True,,True,,True,"{""reason"":""detector_match"",""detected"":""de"",""confidence"":1.0}",True,[],[],True,,"{""errors"":[]}",True,[],True,1,0,True,True,False,100,100,1223,19,1242,,,953.17,1322,8,1330,0,0,1086.75
05300cee8e1388c85f63,1415,gemma-3-27b-reasoning,managed-prompt,tatoeba,nb,de,Kan du anbefale en god bok?,Kannst du ein gutes Buch empfehlen?,"{""c"":""Kannst du ein gutes Buch empfehlen?""}",Kannst du ein gutes Buch empfehlen?,True,1,0,True,True,False,True,,True,,True,"{""reason"":""detector_match"",""detected"":""de"",""confidence"":1.0}",True,[],[],True,,"{""errors"":[]}",True,[],True,1,0,True,True,False,100,100,1216,13,1229,,,612.98,1315,8,1323,0,0,1183.93
3d267ce7602ef695c82d,1416,gemma-3-27b-reasoning,managed-prompt,tatoeba,nb,de,De gjorde alt for ham.,Sie taten alles für ihn.,"{""c"":""Sie haben alles für ihn getan.""}",Sie haben alles für ihn getan.,True,1,0,True,True,False,True,,True,,True,"{""reason"":""detector_match"",""detected"":""de"",""confidence"":1.0}",True,[],[],True,,"{""errors"":[]}",True,[],True,1,0,True,True,False,100,100,1214,12,1226,,,564.14,1296,8,1304,0,0,1236.19
54fb5c1643b64a431903,1417,gemma-3-27b-reasoning,managed-prompt,tatoeba,nb,de,Algerie er en av våre partnere i Middelhavsregionen.,Algerien ist einer unserer Partner im Mittelmeerraum.,"{""c"":""Algerien ist einer unserer Partner in der Mittelmeerregion.""}",Algerien ist einer unserer Partner in der Mittelmeerregion.,True,1,0,True,True,False,True,,True,,True,"{""reason"":""detector_match"",""detected"":""de"",""confidence"":1.0}",True,[],[],True,,"{""errors"":[]}",True,[],True,1,0,True,True,False,100,100,1225,17,1242,,,979.6,1325,8,1333,0,0,17473.55
aa9d20c2bee94014f59a,1418,gemma-3-27b-reasoning,managed-prompt,tatoeba,nb,de,Han er mye flinkere enn meg.,Er ist viel geschickter als ich.,"{""c"":""Er ist viel besser als ich.""}",Er ist viel besser als ich.,True,1,0,True,True,False,True,,True,,True,"{""reason"":""detector_match"",""detected"":""de"",""confidence"":1.0}",True,[],[],True,,"{""errors"":[]}",True,[],True,1,0,True,True,False,100,100,1217,12,1229,,,937.07,1301,8,1309,0,0,1286.08
c738ceac35e08c5e5608,1419,gemma-3-27b-reasoning,managed-prompt,tatoeba,nb,de,Sa du noko?,Hast du was gesagt?,"{""c"":""Sagtest du etwas?""}",Sagtest du etwas?,True,1,0,True,True,False,True,,True,,,"{""reason"":""detector_inconclusive"",""detected"":""fr"",""confidence"":0.5714}",True,[],[],True,,"{""errors"":[{""category"":""fluency"",""severity"":""major""}]}",False,"[{""category"":""fluency"",""severity"":""major""}]",True,1,0,True,True,False,85,85,1213,10,1223,,,652.54,1294,18,1312,0,0,1218.08
d8777b98c1e210913923,1420,gemma-3-27b-reasoning,managed-prompt,tatoeba,nb,en,Jeg tror at hun er fra Tyskland.,I think that she is from Germany.,"{""c"":""I think she is from Germany.""}",I think she is from Germany.,True,1,0,True,True,False,True,,True,,True,"{""reason"":""detector_match"",""detected"":""en"",""confidence"":1.0}",True,[],[],True,,"{""errors"":[]}",True,[],True,1,0,True,True,False,100,100,1217,12,1229,,,1064.39,1296,8,1304,0,0,1199.49
39b18c8142fbb803e8d9,1421,gemma-3-27b-reasoning,managed-prompt,tatoeba,nb,en,Han setter seg i gjeld.,He's putting himself in debt.,"{""c"":""He is getting into debt.""}",He is getting into debt.,True,1,0,True,True,False,True,,True,,,"{""reason"":""detector_mismatch_uncertain"",""detected"":""nl"",""confidence"":1.0}",True,[],[],True,,"{""errors"":[]}",True,[],True,1,0,True,True,False,100,100,1215,11,1226,,,635.39,1291,8,1299,0,0,1904.95
e185fb90d3f6b13fe5c8,1422,gemma-3-27b-reasoning,managed-prompt,tatoeba,nb,en,Tom har jobb som bruktbilforhandlar.,Tom works as a used car salesman.,"{""c"":""Tom works as a used car dealer.""}",Tom works as a used car dealer.,True,1,0,True,True,False,True,,True,,True,"{""reason"":""detector_match"",""detected"":""en"",""confidence"":1.0}",True,[],[],True,,"{""errors"":[]}",True,[],True,1,0,True,True,False,100,100,1219,13,1232,,,835.63,1301,8,1309,0,0,1270.6
0461520fb4f49198fb3b,1423,gemma-3-27b-reasoning,managed-prompt,tatoeba,nb,en,Jeg liker din artikkel.,I like your article.,"{""c"":""I like your article.""}",I like your article.,True,1,0,True,True,False,True,,True,,,"{""reason"":""detector_inconclusive"",""detected"":""fr"",""confidence"":0.5714}",True,[],[],True,,"{""errors"":[]}",True,[],True,1,0,True,True,False,100,100,1214,10,1224,,,903.0,1289,8,1297,0,0,1332.13
8b81cb0ab5c1fd6112ac,1424,gemma-3-27b-reasoning,managed-prompt,tatoeba,nb,en,Vi tar alle større kredittkort.,We accept all major credit cards.,"{""c"":""We accept all major credit cards.""}",We accept all major credit cards.,True,1,0,True,True,False,True,,True,,,"{""reason"":""detector_inconclusive"",""detected"":""en"",""confidence"":0.5714}",True,[],[],True,,"{""errors"":[]}",True,[],True,1,0,True,True,False,100,100,1216,12,1228,,,802.4,1294,8,1302,0,0,1134.41
d281f561a7357d5134aa,1425,gemma-3-27b-reasoning,managed-prompt,tatoeba,nb,en,Skriv meg en melding.,Write me a message.,"{""c"":""Write me a message.""}",Write me a message.,True,1,0,True,True,False,True,,True,,,"{""reason"":""detector_inconclusive"",""detected"":""en"",""confidence"":0.5714}",True,[],[],True,,"{""errors"":[]}",True,[],True,1,0,True,True,False,100,100,1214,10,1224,,,779.57,1290,8,1298,0,0,3120.27
d2f552a923fda26b4246,1426,gemma-3-27b-reasoning,managed-prompt,tatoeba,nb,en,Toms stue var smakefullt innredet.,Tom's living room was tastefully furnished.,"{""c"":""Tom's living room was tastefully decorated.""}",Tom's living room was tastefully decorated.,True,1,0,True,True,False,True,,True,,True,"{""reason"":""detector_match"",""detected"":""en"",""confidence"":1.0}",True,[],[],True,,"{""errors"":[]}",True,[],True,1,0,True,True,False,100,100,1221,14,1235,,,568.29,1303,8,1311,0,0,1075.21
263d01a4210d708d54ae,1427,gemma-3-27b-reasoning,managed-prompt,tatoeba,nb,en,Vi har viktigere ting som må gjøres.,We have more important things that need to be dealt with.,"{""c"":""We have more important things to do.""}",We have more important things to do.,True,1,0,True,True,False,True,,True,,True,"{""reason"":""detector_match"",""detected"":""en"",""confidence"":1.0}",True,[],[],True,,"{""errors"":[]}",True,[],True,1,0,True,True,False,100,100,1219,13,1232,,,572.64,1304,8,1312,0,0,1108.73
05e63831b9d62fa88113,1428,gemma-3-27b-reasoning,managed-prompt,tatoeba,nb,en,Spis middagen din nå.,Now eat your supper.,"{""c"":""Eat your dinner now.""}",Eat your dinner now.,True,1,0,True,True,False,True,,True,,True,"{""reason"":""detector_match"",""detected"":""en"",""confidence"":1.0}",True,[],[],True,,"{""errors"":[]}",True,[],True,1,0,True,True,False,100,100,1215,10,1225,,,538.48,1292,8,1300,0,0,1205.53
f8408acaa876c05f61b9,1429,gemma-3-27b-reasoning,managed-prompt,tatoeba,nb,en,Tom trener på et treningssenter nært huset hans.,Tom works out in a gym near his house.,"{""c"":""Tom is training at a gym near his house.""}",Tom is training at a gym near his house.,True,1,0,True,True,False,True,,True,,True,"{""reason"":""detector_match"",""detected"":""en"",""confidence"":1.0}",True,[],[],True,,"{""errors"":[]}",True,[],True,1,0,True,True,False,100,100,1222,15,1237,,,712.32,1306,8,1314,0,0,1182.1
6bc51eb328a121488107,1430,gemma-3-27b-reasoning,managed-prompt,tatoeba,nb,es,Har rommet ditt to vinduer?,¿Tu pieza tiene dos ventanas?,"{""c"":""¿Tiene tu habitación dos ventanas?""}",¿Tiene tu habitación dos ventanas?,True,1,0,True,True,False,True,,True,,True,"{""reason"":""detector_match"",""detected"":""es"",""confidence"":1.0}",True,[],[],True,,"{""errors"":[]}",True,[],True,1,0,True,True,False,100,100,1216,12,1228,,,819.39,1304,8,1312,0,0,1140.01
ef984d04b4afdbfa5cca,1431,gemma-3-27b-reasoning,managed-prompt,tatoeba,nb,es,Interlingua er et moderne redskap for internasjonal kommunikasjon.,Interlingua es una herramienta moderna para la comunicación internacional.,"{""c"":""Interlingua er et moderne redskap for internasjonal kommunikasjon.""}",Interlingua er et moderne redskap for internasjonal kommunikasjon.,True,1,0,True,True,False,True,,True,,,"{""reason"":""detector_mismatch_uncertain"",""detected"":""no"",""confidence"":1.0}",False,"[{""code"":""source_copied""}]",[],True,,"{""errors"":[{""category"":""accuracy"",""severity"":""critical""}]}",False,"[{""category"":""accuracy"",""severity"":""critical""}]",True,1,0,True,True,False,60,60,1223,20,1243,,,684.4,1326,17,1343,0,0,1166.64
ff0b923b1def8d998d2b,1432,gemma-3-27b-reasoning,managed-prompt,tatoeba,nb,es,Det er ikke lett å skrive et kjærlighetsbrev på engelsk.,Escribir una carta de amor en inglés no es fácil.,"{""c"":""No es fácil escribir una carta de amor en inglés.""}",No es fácil escribir una carta de amor en inglés.,True,1,0,True,True,False,True,,True,,True,"{""reason"":""detector_match"",""detected"":""es"",""confidence"":1.0}",True,[],[],True,,"{""errors"":[]}",True,[],True,1,0,True,True,False,100,100,1225,16,1241,,,650.09,1319,8,1327,0,0,1289.96
b662a798401ebb51803b,1433,gemma-3-27b-reasoning,managed-prompt,tatoeba,nb,es,Yumi er flink til å spille tennis.,Yumi es buena jugando tenis.,"{""c"":""Yumi es buena jugando al tenis.""}",Yumi es buena jugando al tenis.,True,1,0,True,True,False,True,,True,,,"{""reason"":""detector_inconclusive"",""detected"":""id"",""confidence"":0.7143}",True,[],[],True,,"{""errors"":[]}",True,[],True,1,0,True,True,False,100,100,1218,13,1231,,,897.21,1306,8,1314,0,0,1161.09
6e27a1595e0ae2d0b5e5,1434,gemma-3-27b-reasoning,managed-prompt,tatoeba,nb,es,Jeg leste at presidenten i Brasil er en kvinne. Hun heter Dilma.,He leído que el presidente de Brasil es una mujer. Se llama Dilma.,"{""c"":""Leí que la presidenta de Brasil es una mujer. Se llama Dilma.""}",Leí que la presidenta de Brasil es una mujer. Se llama Dilma.,True,1,0,True,True,False,True,,True,,True,"{""reason"":""detector_match"",""detected"":""es"",""confidence"":1.0}",True,[],[],True,,"{""errors"":[]}",True,[],True,1,0,True,True,False,100,100,1227,21,1248,,,958.51,1333,8,1341,0,0,1215.1
2f6d1ff468b4e4787327,1435,gemma-3-27b-reasoning,managed-prompt,tatoeba,nb,es,Jeg snakket med den polske ambassadøren.,Yo hablé con el embajador polaco.,"{""c"":""Hablé con el embajador polaco.""}",Hablé con el embajador polaco.,True,1,0,True,True,False,True,,True,,True,"{""reason"":""detector_match"",""detected"":""es"",""confidence"":1.0}",True,[],[],True,,"{""errors"":[]}",True,[],True,1,0,True,True,False,100,100,1222,16,1238,,,922.59,1310,8,1318,0,0,1189.31
5404ef158b92305e08ea,1436,gemma-3-27b-reasoning,managed-prompt,tatoeba,nb,es,Han kom i god behold.,Él llegó sano y salvo.,"{""c"":""Llegó sano y salvo.""}",Llegó sano y salvo.,True,1,0,True,True,False,True,,True,,,"{""reason"":""detector_inconclusive"",""detected"":""es"",""confidence"":0.5714}",True,[],[],True,,"{""errors"":[]}",True,[],True,1,0,True,True,False,100,100,1214,12,1226,,,592.5,1297,8,1305,0,0,1599.86
0de0b2a527c11600a549,1437,gemma-3-27b-reasoning,managed-prompt,tatoeba,nb,es,Han oppfører seg som om han var gal.,Él se comporta como si estuviera loco.,"{""c"":""Se comporta como si estuviera loco.""}",Se comporta como si estuviera loco.,True,1,0,True,True,False,True,,True,,True,"{""reason"":""detector_match"",""detected"":""es"",""confidence"":1.0}",True,[],[],True,,"{""errors"":[]}",True,[],True,1,0,True,True,False,100,100,1219,13,1232,,,608.73,1307,8,1315,0,0,1098.64
03c468c4ca1c093f8eb9,1438,gemma-3-27b-reasoning,managed-prompt,tatoeba,nb,es,Jeg er sulten som en ulv.,Tengo tanta hambre como un lobo.,"{""c"":""Tengo un hambre que mata.""}",Tengo un hambre que mata.,True,1,0,True,True,False,True,,True,,True,"{""reason"":""detector_match"",""detected"":""es"",""confidence"":0.8571}",True,[],[],True,,"{""errors"":[]}",True,[],True,1,0,True,True,False,100,100,1217,12,1229,,,584.06,1302,8,1310,0,0,1093.75
4da3334ba6d99ba1c523,1439,gemma-3-27b-reasoning,managed-prompt,tatoeba,nb,es,Han bor i en luksusleilighet i nærheten av Central Park.,Vive en un apartamento de lujo cerca de Central Park.,"{""c"":""Él vive en un lujoso apartamento cerca de Central Park.""}",Él vive en un lujoso apartamento cerca de Central Park.,True,1,0,True,True,False,True,,True,,True,"{""reason"":""detector_match"",""detected"":""es"",""confidence"":1.0}",True,[],[],True,,"{""errors"":[]}",True,[],True,1,0,True,True,False,100,100,1225,18,1243,,,656.35,1320,8,1328,0,0,1125.16
40c7a37fe936e6d98d8f,1440,gemma-3-27b-reasoning,managed-prompt,tatoeba,nb,fr,Banen rundt Sirius er elliptisk.,L'orbite de Sirius est elliptique.,"{""c"":""L'orbite autour de Sirius est elliptique.""}",L'orbite autour de Sirius est elliptique.,True,1,0,True,True,False,True,,True,,True,"{""reason"":""detector_match"",""detected"":""fr"",""confidence"":1.0}",True,[],[],True,,"{""errors"":[]}",True,[],True,1,0,True,True,False,100,100,1216,16,1232,,,669.3,1312,8,1320,0,0,1150.4
e5eb6498c07077a4cc05,1441,gemma-3-27b-reasoning,managed-prompt,tatoeba,nb,fr,Guten og mannen drikk vatn.,Le garçon et l'homme boivent de l'eau.,"{""c"":""Bon et l'homme boit de l'eau.""}",Bon et l'homme boit de l'eau.,True,1,0,True,True,False,True,,True,,True,"{""reason"":""detector_match"",""detected"":""fr"",""confidence"":1.0}",True,[],[],True,,"{""errors"":[{""category"":""accuracy"",""severity"":""major""},{""category"":""fluency"",""severity"":""major""}]}",False,"[{""category"":""accuracy"",""severity"":""major""},{""category"":""fluency"",""severity"":""major""}]",True,1,0,True,True,False,70,70,1217,17,1234,,,603.32,1312,27,1339,0,0,1881.14
4470e0f0df2c2a2bd354,1442,gemma-3-27b-reasoning,managed-prompt,tatoeba,nb,fr,Dette er hesten min.,C'est mon cheval.,"{""c"":""Ceci est mon cheval.""}",Ceci est mon cheval.,True,1,0,True,True,False,True,,True,,,"{""reason"":""detector_inconclusive"",""detected"":""it"",""confidence"":0.5714}",True,[],[],True,,"{""errors"":[]}",True,[],True,1,0,True,True,False,100,100,1215,11,1226,,,601.43,1292,8,1300,0,0,1572.43
6e1cc8cb476f78fa1631,1443,gemma-3-27b-reasoning,managed-prompt,tatoeba,nb,fr,Han har dobbelt so mange bøker som meg.,Il a deux fois plus de livres que moi.,"{""c"":""Il a le double de livres que moi.""}",Il a le double de livres que moi.,True,1,0,True,True,False,True,,True,,True,"{""reason"":""detector_match"",""detected"":""fr"",""confidence"":1.0}",True,[],[],True,,"{""errors"":[]}",True,[],True,1,0,True,True,False,100,100,1219,14,1233,,,606.47,1307,8,1315,0,0,1172.56
9d51ff5ba0034f2618d4,1444,gemma-3-27b-reasoning,managed-prompt,tatoeba,nb,fr,"Det kommer til å regne snart, bare se på de mørke skyene.","Il va bientôt pleuvoir, regarde ces nuages noirs.","{""c"":""Il va bientôt pleuvoir, regarde ces nuages sombres.""}","Il va bientôt pleuvoir, regarde ces nuages sombres.",True,1,0,True,True,False,True,,True,,True,"{""reason"":""detector_match"",""detected"":""fr"",""confidence"":1.0}",True,[],[],True,,"{""errors"":[]}",True,[],True,1,0,True,True,False,100,100,1226,19,1245,,,661.25,1326,8,1334,0,0,1136.84
0be996a0bc70eb1ec883,1445,gemma-3-27b-reasoning,managed-prompt,tatoeba,nb,fr,Jeg heter Jack.,Je m'appelle Jack.,"{""c"":""Je m'appelle Jack.""}",Je m'appelle Jack.,True,1,0,True,True,False,True,,True,,,"{""reason"":""detector_inconclusive"",""detected"":""sv"",""confidence"":0.5714}",True,[],[],True,,"{""errors"":[]}",True,[],True,1,0,True,True,False,100,100,1212,11,1223,,,559.42,1291,8,1299,0,0,1100.18
81017c9bb2b2e9b919e7,1446,gemma-3-27b-reasoning,managed-prompt,tatoeba,nb,fr,Vi såg fotballkampen på TV.,Nous avons vu le match de football à la télévision.,"{""c"":""Nous avons regardé le match de football à la télé.""}",Nous avons regardé le match de football à la télé.,True,1,0,True,True,False,True,,True,,True,"{""reason"":""detector_match"",""detected"":""fr"",""confidence"":1.0}",True,[],[],True,,"{""errors"":[]}",True,[],True,1,0,True,True,False,100,100,1218,17,1235,,,1305.57,1313,8,1321,0,0,1244.95
47e5dbc8017fc136560f,1447,gemma-3-27b-reasoning,managed-prompt,tatoeba,nb,fr,Sett spillet på pause.,Mettez le jeu en pause.,"{""c"":""Mettre le jeu en pause.""}",Mettre le jeu en pause.,True,1,0,True,True,False,True,,True,,True,"{""reason"":""detector_match"",""detected"":""fr"",""confidence"":1.0}",True,[],[],True,,"{""errors"":[]}",True,[],True,1,0,True,True,False,100,100,1214,12,1226,,,617.35,1298,8,1306,0,0,1028.23
56b9e58d4feca80e8b1c,1448,gemma-3-27b-reasoning,managed-prompt,tatoeba,nb,fr,Ho er rett bak deg.,Elle est juste derrière toi.,"{""c"":""Il est juste derrière vous.""}",Il est juste derrière vous.,True,1,0,True,True,False,True,,True,,True,"{""reason"":""detector_match"",""detected"":""fr"",""confidence"":1.0}",True,[],[],True,,"{""errors"":[{""category"":""accuracy"",""severity"":""minor""},{""category"":""tone"",""severity"":""minor""}]}",True,"[{""category"":""accuracy"",""severity"":""minor""},{""category"":""tone"",""severity"":""minor""}]",True,1,0,True,True,False,94,94,1214,11,1225,,,775.36,1298,26,1324,0,0,1297.87
e8d59412d0a831bd3b9c,1449,gemma-3-27b-reasoning,managed-prompt,tatoeba,nb,fr,Få studenter kan forstå latin.,Il y a peu d’étudiants qui comprennent le latin.,"{""c"":""Peu d'étudiants peuvent comprendre le latin.""}",Peu d'étudiants peuvent comprendre le latin.,True,1,0,True,True,False,True,,True,,True,"{""reason"":""detector_match"",""detected"":""fr"",""confidence"":1.0}",True,[],[],True,,"{""errors"":[]}",True,[],True,1,0,True,True,False,100,100,1216,17,1233,,,668.21,1312,8,1320,0,0,1202.7
14a93234768fd10b740a,1450,gemma-3-27b-reasoning,managed-prompt,tatoeba,nb,it,Verden trenger meg ikke.,Il mondo non ha bisogno di me.,"{""c"":""Il mondo non ha bisogno di me.""}",Il mondo non ha bisogno di me.,True,1,0,True,True,False,True,,True,,True,"{""reason"":""detector_match"",""detected"":""it"",""confidence"":1.0}",True,[],[],True,,"{""errors"":[]}",True,[],True,1,0,True,True,False,100,100,1214,13,1227,,,610.63,1298,8,1306,0,0,1116.78
fee1fb97a3a00b813f8d,1451,gemma-3-27b-reasoning,managed-prompt,tatoeba,nb,it,Fire øyne ser mer enn to.,Quattro occhi vedono più di due.,"{""c"":""Quattro occhi vedono più di due.""}",Quattro occhi vedono più di due.,True,1,0,True,True,False,True,,True,,True,"{""reason"":""detector_match"",""detected"":""it"",""confidence"":1.0}",True,[],[],True,,"{""errors"":[]}",True,[],True,1,0,True,True,False,100,100,1216,14,1230,,,1006.1,1302,8,1310,0,0,1114.25
51830ed56b69598e5cbd,1452,gemma-3-27b-reasoning,managed-prompt,tatoeba,nb,it,Kan du komme på festen?,Puoi venire alla festa?,"{""c"":""Puoi venire alla festa?""}",Puoi venire alla festa?,True,1,0,True,True,False,True,,True,,True,"{""reason"":""detector_match"",""detected"":""it"",""confidence"":1.0}",True,[],[],True,,"{""errors"":[]}",True,[],True,1,0,True,True,False,100,100,1215,11,1226,,,572.77,1298,8,1306,0,0,1171.33
36057ccf228252ac551d,1453,gemma-3-27b-reasoning,managed-prompt,tatoeba,nb,it,Jeg liker bølgene i Svartehavet.,Mi piacciono le onde del Mar Nero.,"{""c"":""Mi piacciono le onde del Mar Nero.""}",Mi piacciono le onde del Mar Nero.,True,1,0,True,True,False,True,,True,,True,"{""reason"":""detector_match"",""detected"":""it"",""confidence"":1.0}",True,[],[],True,,"{""errors"":[]}",True,[],True,1,0,True,True,False,100,100,1221,15,1236,,,583.38,1308,8,1316,0,0,1194.51
acec47abe1e0ee0f708d,1454,gemma-3-27b-reasoning,managed-prompt,tatoeba,nb,it,Jeg begriper ikke hvordan hun gjorde det. Det var et mirakel.,Non so come abbia fatto questo. Questo era un miracolo.,"{""c"":""Non riesco a capire come abbia fatto. È stato un miracolo.""}",Non riesco a capire come abbia fatto. È stato un miracolo.,True,1,0,True,True,False,True,,True,,True,"{""reason"":""detector_match"",""detected"":""it"",""confidence"":1.0}",True,[],[],True,,"{""errors"":[]}",True,[],True,1,0,True,True,False,100,100,1224,20,1244,,,1033.12,1321,8,1329,0,0,2781.11
b52a180258861dc1df72,1455,gemma-3-27b-reasoning,managed-prompt,tatoeba,nb,it,Dette er et paradoks. Men forskerne har sikkert en forklaring.,Questo è un paradosso. Ma gli scienziati hanno certamente una spiegazione.,"{""c"":""Questo è un paradosso. Ma i ricercatori hanno sicuramente una spiegazione.""}",Questo è un paradosso. Ma i ricercatori hanno sicuramente una spiegazione.,True,1,0,True,True,False,True,,True,,True,"{""reason"":""detector_match"",""detected"":""it"",""confidence"":1.0}",True,[],[],True,,"{""errors"":[]}",True,[],True,1,0,True,True,False,100,100,1225,22,1247,,,890.98,1333,8,1341,0,0,1117.1
f3da28f2d83f0f74fde0,1456,gemma-3-27b-reasoning,managed-prompt,tatoeba,nb,it,Skogsstien var helt dekket med snø.,Il sentiero della foresta è stato completamente coperto di neve.,"{""c"":""Il sentiero nella foresta era completamente coperto di neve.""}",Il sentiero nella foresta era completamente coperto di neve.,True,1,0,True,True,False,True,,True,,True,"{""reason"":""detector_match"",""detected"":""it"",""confidence"":1.0}",True,[],[],True,,"{""errors"":[]}",True,[],True,1,0,True,True,False,100,100,1220,18,1238,,,817.57,1313,8,1321,0,0,1222.88
93fcdccea80ce4cdca9d,1457,gemma-3-27b-reasoning,managed-prompt,tatoeba,nb,it,Min bestemor hadde veldig fornuftige synspunkter.,Mia nonna aveva opinioni molto ragionevoli.,"{""c"":""La mia nonna aveva opinioni molto sensate.""}",La mia nonna aveva opinioni molto sensate.,True,1,0,True,True,False,True,,True,,True,"{""reason"":""detector_match"",""detected"":""it"",""confidence"":1.0}",True,[],[],True,,"{""errors"":[]}",True,[],True,1,0,True,True,False,100,100,1222,16,1238,,,821.86,1313,8,1321,0,0,1200.04
948de02101523eca3b33,1458,gemma-3-27b-reasoning,managed-prompt,tatoeba,nb,it,"Jeg kan nesten ikke si noe. Jeg kan bare si at været her er vakkert og at folk fra nord, rammet av frost, gjør det bra her, fordi solen skinner flott og luften er varm.","Quasi non posso dire nulla, posso solo dire che il tempo qui è bello e che un residente del nord, colpito dal gelo, sta facendo bene alla luce del sole e all'aria calda.","{""c"":""Quasi non posso dire niente. Posso solo dire che il tempo qui è bellissimo e che le persone del nord, colpite dal gelo, stanno bene qui, perché il sole splende magnificamente e l'aria è calda.""}","Quasi non posso dire niente. Posso solo dire che il tempo qui è bellissimo e che le persone del nord, colpite dal gelo, stanno bene qui, perché il sole splende magnificamente e l'aria è calda.",True,1,0,True,True,False,True,,True,,True,"{""reason"":""detector_match"",""detected"":""it"",""confidence"":1.0}",True,[],[],True,,"{""errors"":[]}",True,[],True,1,0,True,True,False,100,100,1254,53,1307,,,1415.37,1437,8,1445,0,0,1196.34
0d57c2e06644e621881e,1459,gemma-3-27b-reasoning,managed-prompt,tatoeba,nb,it,Tom nølte lenge før han svarte.,Tom esitò a lungo prima di rispondere.,"{""c"":""Tom esitò a lungo prima di rispondere.""}",Tom esitò a lungo prima di rispondere.,True,1,0,True,True,False,True,,True,,True,"{""reason"":""detector_match"",""detected"":""it"",""confidence"":1.0}",True,[],[],True,,"{""errors"":[]}",True,[],True,1,0,True,True,False,100,100,1218,15,1233,,,705.2,1304,8,1312,0,0,1239.82
aaac64647044542e1603,1460,gemma-3-27b-reasoning,managed-prompt,tatoeba,nb,jp,Skjerp deg!,いいかげんにして。,"{""c"":""Skjerp deg!""}",Skjerp deg!,True,1,0,True,True,False,True,,True,,False,"{""reason"":""target_script_missing"",""detected"":null,""confidence"":null}",True,[],"[{""code"":""source_copy_suspected""}]",True,,"{""errors"":[{""category"":""accuracy"",""severity"":""critical""}]}",False,"[{""category"":""accuracy"",""severity"":""critical""}]",True,1,0,True,True,False,57,57,1213,10,1223,,,791.98,1292,17,1309,0,0,1227.19
7ce2bc18ff97bd507cdc,1461,gemma-3-27b-reasoning,managed-prompt,tatoeba,nb,jp,Denne regelen gjelder deg også.,この規則はあなたにも当てはまる。,"{""c"":""このルールはあなたにも適用されます。""}",このルールはあなたにも適用されます。,True,1,0,True,True,False,True,,True,,True,"{""reason"":""target_script_present"",""detected"":""ja"",""confidence"":1.0}",True,[],[],True,,"{""errors"":[]}",True,[],True,1,0,True,True,False,100,100,1216,13,1229,,,644.23,1312,8,1320,0,0,1196.09
e6545bf676cfb1eabf0a,1462,gemma-3-27b-reasoning,managed-prompt,tatoeba,nb,jp,Jeg er best.,私は最高だ。,"{""c"":""私は最高です。""}",私は最高です。,True,1,0,True,True,False,True,,True,,True,"{""reason"":""target_script_present"",""detected"":""ja"",""confidence"":1.0}",True,[],[],True,,"{""errors"":[{""category"":""tone"",""severity"":""minor""}]}",True,"[{""category"":""tone"",""severity"":""minor""}]",True,1,0,True,True,False,97,97,1212,9,1221,,,726.81,1291,17,1308,0,0,1186.01
8dbad8a82478fa187be1,1463,gemma-3-27b-reasoning,managed-prompt,tatoeba,nb,jp,Jeg må gå og handle. Jeg er tilbake innen en time.,買い物に行かなければならない。一時間で戻るよ。,"{""c"":""買い物に行ってきます。1時間以内に戻ります。""}",買い物に行ってきます。1時間以内に戻ります。,True,1,0,True,True,False,True,,True,,True,"{""reason"":""target_script_present"",""detected"":""ja"",""confidence"":1.0}",True,[],"[{""code"":""number_not_exact"",""expected"":{},""actual"":{""1"":1}}]",True,,"{""errors"":[]}",True,[],True,1,0,True,True,False,97,97,1221,15,1236,,,701.14,1334,8,1342,0,0,1045.15
64cb540f4718d5575ad3,1464,gemma-3-27b-reasoning,managed-prompt,tatoeba,nb,jp,Vi laget pannekaker til frokost.,私たちは朝食にパンケーキを作った。,"{""c"":""朝食にパンケーキを作りました。""}",朝食にパンケーキを作りました。,True,1,0,True,True,False,True,,True,,True,"{""reason"":""target_script_present"",""detected"":""ja"",""confidence"":1.0}",True,[],[],True,,"{""errors"":[]}",True,[],True,1,0,True,True,False,100,100,1217,13,1230,,,808.15,1315,8,1323,0,0,1128.91
b56b4306bd40a9e942d9,1465,gemma-3-27b-reasoning,managed-prompt,tatoeba,nb,jp,Vil du ha en kopp te til?,もう一杯お茶をいただきませんか。,"{""c"":""お茶はいかがですか？""}",お茶はいかがですか？,True,1,0,True,True,False,True,,True,,True,"{""reason"":""target_script_present"",""detected"":""ja"",""confidence"":1.0}",True,[],[],True,,"{""errors"":[{""category"":""accuracy"",""severity"":""major""}]}",False,"[{""category"":""accuracy"",""severity"":""major""}]",True,1,0,True,True,False,85,85,1216,11,1227,,,776.09,1310,17,1327,0,0,1301.01
447fdd67adbdc68a61db,1466,gemma-3-27b-reasoning,managed-prompt,tatoeba,nb,jp,Fort deg!,急いで！,"{""c"":""頑張って！""}",頑張って！,True,1,0,True,True,False,True,,True,,True,"{""reason"":""target_script_present"",""detected"":""ja"",""confidence"":1.0}",True,[],[],True,,"{""errors"":[{""category"":""accuracy"",""severity"":""major""}]}",False,"[{""category"":""accuracy"",""severity"":""major""}]",True,1,0,True,True,False,85,85,1211,8,1219,,,677.01,1285,17,1302,0,0,1126.4
cd69dcb7d86c69e1317f,1467,gemma-3-27b-reasoning,managed-prompt,tatoeba,nb,jp,Oversettelsen er meget tro mot originalen.,その翻訳は原文に極めて忠実である。,"{""c"":""翻訳はオリジナルに非常に忠実です。""}",翻訳はオリジナルに非常に忠実です。,True,1,0,True,True,False,True,,True,,True,"{""reason"":""target_script_present"",""detected"":""ja"",""confidence"":1.0}",True,[],[],True,,"{""errors"":[]}",True,[],True,1,0,True,True,False,100,100,1218,14,1232,,,1100.97,1321,8,1329,0,0,1227.96
cf888436bfd8db0ca1ce,1468,gemma-3-27b-reasoning,managed-prompt,tatoeba,nb,jp,Japanere liker å reise i gruppe.,日本人は集団で旅行するのが好きだ。,"{""c"":""日本人はグループで旅行するのが好きです。""}",日本人はグループで旅行するのが好きです。,True,1,0,True,True,False,True,,True,,True,"{""reason"":""target_script_present"",""detected"":""ja"",""confidence"":1.0}",True,[],[],True,,"{""errors"":[]}",True,[],True,1,0,True,True,False,100,100,1219,14,1233,,,742.21,1320,8,1328,0,0,1183.82
d2ea6fb97da78ee9cc84,1469,gemma-3-27b-reasoning,managed-prompt,tatoeba,nb,jp,"Ring meg med en gang, hvis noe skjer.",もし何か起こったら、すぐに電話をください。,"{""c"":""何かあったらすぐに連絡してください。""}",何かあったらすぐに連絡してください。,True,1,0,True,True,False,True,,True,,True,"{""reason"":""target_script_present"",""detected"":""ja"",""confidence"":1.0}",True,[],[],True,,"{""errors"":[]}",True,[],True,1,0,True,True,False,100,100,1219,12,1231,,,648.77,1318,8,1326,0,0,1107.94
0dd8fe7a5c82d9631f1e,1470,gemma-3-27b-reasoning,managed-prompt,tatoeba,nb,nl,Tom er fremdeles utenfor.,Tom is nog steeds buiten.,"{""c"":""Tom is nog steeds buiten.""}",Tom is nog steeds buiten.,True,1,0,True,True,False,True,,True,,,"{""reason"":""detector_mismatch_uncertain"",""detected"":""af"",""confidence"":1.0}",True,[],[],True,,"{""errors"":[]}",True,[],True,1,0,True,True,False,100,100,1216,11,1227,,,633.44,1296,8,1304,0,0,41468.77
d9f7d3fccca26956baee,1471,gemma-3-27b-reasoning,managed-prompt,tatoeba,nb,nl,Hvor mye tid bruker du på Facebook?,Hoeveel tijd besteden jullie op Facebook?,"{""c"":""Hoeveel tijd besteed je op Facebook?""}",Hoeveel tijd besteed je op Facebook?,True,1,0,True,True,False,True,,True,,True,"{""reason"":""detector_match"",""detected"":""nl"",""confidence"":1.0}",True,[],[],True,,"{""errors"":[]}",True,[],True,1,0,True,True,False,100,100,1217,14,1231,,,970.88,1307,8,1315,0,0,1052.82
687382c3cebf4962ceaa,1472,gemma-3-27b-reasoning,managed-prompt,tatoeba,nb,nl,Han er heldig som har en så god hustru.,Hij heeft geluk zo'n goede vrouw te hebben.,"{""c"":""Hij is gelukkig dat hij zo’n goede vrouw heeft.""}",Hij is gelukkig dat hij zo’n goede vrouw heeft.,True,1,0,True,True,False,True,,True,,True,"{""reason"":""detector_match"",""detected"":""nl"",""confidence"":1.0}",True,[],[],True,,"{""errors"":[]}",True,[],True,1,0,True,True,False,100,100,1220,18,1238,,,665.02,1314,8,1322,0,0,1159.67
3cd3c54b1cf3090f96cd,1473,gemma-3-27b-reasoning,managed-prompt,tatoeba,nb,nl,Klimaet er behagelig.,Het klimaat is aangenaam.,"{""c"":""Het klimaat is aangenaam.""}",Het klimaat is aangenaam.,True,1,0,True,True,False,True,,True,,True,"{""reason"":""detector_match"",""detected"":""nl"",""confidence"":1.0}",True,[],[],True,,"{""errors"":[]}",True,[],True,1,0,True,True,False,100,100,1216,13,1229,,,980.66,1296,8,1304,0,0,1220.24
cb3fcbf1a20c55d98e47,1474,gemma-3-27b-reasoning,managed-prompt,tatoeba,nb,nl,Hovedstaden i Japan er Tokyo.,De hoofdstad van Japan is Tokio.,"{""c"":""De hoofdstad van Japan is Tokio.""}",De hoofdstad van Japan is Tokio.,True,1,0,True,True,False,True,,True,,True,"{""reason"":""detector_match"",""detected"":""nl"",""confidence"":1.0}",True,[],[],True,,"{""errors"":[]}",True,[],True,1,0,True,True,False,100,100,1217,13,1230,,,670.42,1300,8,1308,0,0,1245.04
0183e457a41ea68dbbc4,1475,gemma-3-27b-reasoning,managed-prompt,tatoeba,nb,nl,Penger er makt.,Geld is macht.,"{""c"":""Geld is macht.""}",Geld is macht.,True,1,0,True,True,False,True,,True,,True,"{""reason"":""detector_match"",""detected"":""nl"",""confidence"":1.0}",True,[],[],True,,"{""errors"":[]}",True,[],True,1,0,True,True,False,100,100,1214,10,1224,,,578.58,1290,8,1298,0,0,1230.69
2f74d61f4e8916237d10,1476,gemma-3-27b-reasoning,managed-prompt,tatoeba,nb,nl,Hun røyker 20 sigaretter om dagen.,Ze rookt twintig sigaretten per dag.,"{""c"":""Ze rookt 20 sigaretten per dag.""}",Ze rookt 20 sigaretten per dag.,True,1,0,True,True,False,True,,True,,,"{""reason"":""detector_inconclusive"",""detected"":""sv"",""confidence"":0.5714}",True,[],[],True,,"{""errors"":[]}",True,[],True,1,0,True,True,False,100,100,1221,17,1238,,,691.69,1308,8,1316,0,0,1199.59
8f7a5adab7eceb391ba1,1477,gemma-3-27b-reasoning,managed-prompt,tatoeba,nb,nl,Ikke bekymre deg for oss.,Maak je geen zorgen over ons.,"{""c"":""Maak je geen zorgen over ons.""}",Maak je geen zorgen over ons.,True,1,0,True,True,False,True,,True,,True,"{""reason"":""detector_match"",""detected"":""nl"",""confidence"":1.0}",True,[],[],True,,"{""errors"":[]}",True,[],True,1,0,True,True,False,100,100,1217,13,1230,,,680.63,1303,8,1311,0,0,1210.11
2102c2e105e0feb27a07,1478,gemma-3-27b-reasoning,managed-prompt,tatoeba,nb,nl,Han bor i en landsby.,Hij woont in een dorp.,"{""c"":""Hij woont in een dorp.""}",Hij woont in een dorp.,True,1,0,True,True,False,True,,True,,True,"{""reason"":""detector_match"",""detected"":""nl"",""confidence"":1.0}",True,[],[],True,,"{""errors"":[]}",True,[],True,1,0,True,True,False,100,100,1215,12,1227,,,646.01,1295,8,1303,0,0,1168.47
2c0860ff756e2fd3ef71,1479,gemma-3-27b-reasoning,managed-prompt,tatoeba,nb,nl,Jeg var hjemme.,Ik was thuis.,"{""c"":""Ik was thuis.""}",Ik was thuis.,True,1,0,True,True,False,True,,True,,,"{""reason"":""detector_inconclusive"",""detected"":""en"",""confidence"":0.5714}",True,[],[],True,,"{""errors"":[]}",True,[],True,1,0,True,True,False,100,100,1213,9,1222,,,1047.65,1292,8,1300,0,0,1192.05
