record_id,sample_index,model_name,model_id,dataset,src,tgt,raw,ref,trans_raw,trans,translation_structured,call_attempts,call_retries,first_call_success,first_output_valid,recovered_by_retry,call_success,call_error,format_valid,format_error,language_valid,language_check,policy_pass,policy_violations,policy_warnings,judge_success,judge_error,judge_raw,judge_acceptable,judge_errors,judge_structured,judge_attempts,judge_retries,judge_first_call_success,judge_first_output_valid,judge_recovered_by_retry,translation_score,score,input_tokens,output_tokens,total_tokens,cache_read_input_tokens,cache_write_input_tokens,latency_ms,judge_input_tokens,judge_output_tokens,judge_total_tokens,judge_cache_read_input_tokens,judge_cache_write_input_tokens,judge_latency_ms
17bb227d208b5fd75004,0,haiku-4-5,managed-prompt,mtnt,en,fr,"The notion of sharing is clearly less present but by deleting progressively, it works very well, does not it?","La notion de partage est clairement moins là mais en supprimant au fur et à mesure ça passe très bien, non ?","{""c"":""La notion de partage est clairement moins présente mais en supprimant progressivement, ça marche très bien, n'est-ce pas ?""}","La notion de partage est clairement moins présente mais en supprimant progressivement, ça marche très bien, n'est-ce pas ?",False,1,0,True,True,False,True,,True,,True,"{""reason"":""detector_match"",""detected"":""fr"",""confidence"":1.0}",True,[],[],True,,"{""errors"":[]}",True,[],True,1,0,True,True,False,100,100,2488,41,2529,0,0,1871.46,1362,8,1370,0,0,49246.77
2636c8d9e9eb1de3cd87,1,haiku-4-5,managed-prompt,mtnt,en,fr,(Less bulky U locks exist),(Il existe des U moins encombrant),"{""c"":""(Des cadenas en U moins volumineux existent)""}",(Des cadenas en U moins volumineux existent),False,1,0,True,True,False,True,,True,,True,"{""reason"":""detector_match"",""detected"":""fr"",""confidence"":1.0}",True,[],[],True,,"{""errors"":[]}",True,[],True,1,0,True,True,False,100,100,2472,20,2492,0,0,8866.26,1299,8,1307,0,0,44906.41
c3651eb69dbb3ba8d285,2,haiku-4-5,managed-prompt,mtnt,en,fr,I'm hesitating to pass the VTC licence to combine it to my translation work while waiting to be skilled enough in Web Development for a reconversion.,J'hésite à passer la licence VTC pour cumuler avec mon activité de traducteur en attendant d'être assez calé en développement Web pour une reconversion.,"{""c"":""J'hésite à transmettre la licence VTC pour la combiner avec mon travail de traduction en attendant d'être suffisamment compétent en Développement Web pour une reconversion.""}",J'hésite à transmettre la licence VTC pour la combiner avec mon travail de traduction en attendant d'être suffisamment compétent en Développement Web pour une reconversion.,False,1,0,True,True,False,True,,True,,True,"{""reason"":""detector_match"",""detected"":""fr"",""confidence"":1.0}",True,[],[],True,,"{""errors"":[]}",True,[],True,1,0,True,True,False,100,100,2496,52,2548,0,0,4473.1,1390,8,1398,0,0,29042.32
d31048aa9599915016f9,3,haiku-4-5,managed-prompt,mtnt,en,fr,"If in doubt, fiddle with the doc.",Dans le doute bidouille le doc.,"{""c"":""En cas de doute, modifiez le document.""}","En cas de doute, modifiez le document.",False,1,0,True,True,False,True,,True,,,"{""reason"":""detector_inconclusive"",""detected"":""es"",""confidence"":0.7143}",True,[],[],True,,"{""errors"":[]}",True,[],True,1,0,True,True,False,100,100,2474,19,2493,0,0,14838.79,1303,8,1311,0,0,54158.93
dc814cb1d0ff1d330eff,4,haiku-4-5,managed-prompt,mtnt,en,fr,Could she be a servant of eviiiiiiiil?,Serait-ce une envoyée du Maaaaaal?,"{""c"":""Pourrait-elle être une servante du maaaaal?""}",Pourrait-elle être une servante du maaaaal?,False,1,0,True,True,False,True,,True,,True,"{""reason"":""detector_match"",""detected"":""fr"",""confidence"":1.0}",True,[],[],True,,"{""errors"":[]}",True,[],True,1,0,True,True,False,100,100,2477,21,2498,0,0,12937.49,1315,8,1323,0,0,53108.26
af25fcd265c58d49db7e,5,haiku-4-5,managed-prompt,mtnt,en,fr,Two out of three devices sold by Apple are still in use!,Deux appareils sur trois vendus par Apple sont toujours en utilisation !,"{""c"":""Deux appareils sur trois vendus par Apple sont toujours en utilisation !""}",Deux appareils sur trois vendus par Apple sont toujours en utilisation !,False,1,0,True,True,False,True,,True,,True,"{""reason"":""detector_match"",""detected"":""fr"",""confidence"":1.0}",True,[],[],True,,"{""errors"":[]}",True,[],True,1,0,True,True,False,100,100,2477,26,2503,0,0,6825.65,1324,8,1332,0,0,38989.81
2fc08723ff98d14c12ff,6,haiku-4-5,managed-prompt,mtnt,en,fr,"I knew the content would be epic, I didn't know how much.","Je sentais bien que le contenu pouvait être collector, je ne me doutais pas à quel point.","{""c"":""Je savais que le contenu serait épique, je ne savais pas à quel point.""}","Je savais que le contenu serait épique, je ne savais pas à quel point.",False,1,0,True,True,False,True,,True,,True,"{""reason"":""detector_match"",""detected"":""fr"",""confidence"":1.0}",True,[],[],True,,"{""errors"":[]}",True,[],True,1,0,True,True,False,100,100,2479,29,2508,0,0,15849.08,1334,8,1342,0,0,12793.16
6f21256a94d8a01faf91,7,haiku-4-5,managed-prompt,mtnt,en,fr,Despite all this I managed to get around it thanks to the power of the brain.,"Après malgré ça, j'ai réussi à contourner ce problème grâce aux pouvoirs du cerveau.","{""c"":""Malgré tout cela, j'ai réussi à contourner le problème grâce à la puissance du cerveau.""}","Malgré tout cela, j'ai réussi à contourner le problème grâce à la puissance du cerveau.",False,1,0,True,True,False,True,,True,,True,"{""reason"":""detector_match"",""detected"":""fr"",""confidence"":1.0}",True,[],[],True,,"{""errors"":[]}",True,[],True,1,0,True,True,False,100,100,2481,39,2520,0,0,12779.41,1352,8,1360,0,0,35052.21
855cdd7f327048173108,8,haiku-4-5,managed-prompt,mtnt,en,fr,What do you live for?,Quel est votre but dans la vie ?,"{""c"":""Pour quoi vis-tu?""}",Pour quoi vis-tu?,False,1,0,True,True,False,True,,True,,True,"{""reason"":""detector_match"",""detected"":""fr"",""confidence"":1.0}",True,[],[],True,,"{""errors"":[{""category"":""fluency"",""severity"":""minor""}]}",True,"[{""category"":""fluency"",""severity"":""minor""}]",True,1,0,True,True,False,97,97,2470,14,2484,0,0,1161.44,1298,18,1316,0,0,1273.96
630fb95f6850d74a9773,9,haiku-4-5,managed-prompt,mtnt,en,fr,"Aaaaaaaah.... 8 years later, I've just realized.... :o damn I had the feeling that I was missing something considering the upvotes.","Aaaaaaaah.... 8 ans après, je viens de percuter....  :o 'tain je me disais bien que je passais à côté d'un truc vu les upvotes.","{""c"":""Aaaaaaaah.... 8 ans plus tard, je viens de réaliser.... :o mince j'avais le sentiment que me manquait quelque chose en voyant les votes positifs.""}","Aaaaaaaah.... 8 ans plus tard, je viens de réaliser.... :o mince j'avais le sentiment que me manquait quelque chose en voyant les votes positifs.",False,1,0,True,True,False,True,,True,,True,"{""reason"":""detector_match"",""detected"":""fr"",""confidence"":1.0}",True,[],[],True,,"{""errors"":[{""category"":""fluency"",""severity"":""minor""}]}",True,"[{""category"":""fluency"",""severity"":""minor""}]",True,1,0,True,True,False,97,97,2499,54,2553,0,0,1319.8,1403,18,1421,0,0,1355.07
168ed67b0a086511f40d,10,haiku-4-5,managed-prompt,mtnt,en,jp,It’s okay to be ahead of the curve tho.,彼はでもちょっと先に行っても良いと思います。,"{""c"":""曲線より先を行くのは大丈夫だけどね。""}",曲線より先を行くのは大丈夫だけどね。,False,1,0,True,True,False,True,,True,,True,"{""reason"":""target_script_present"",""detected"":""ja"",""confidence"":1.0}",True,[],[],True,,"{""errors"":[{""category"":""accuracy"",""severity"":""minor""},{""category"":""fluency"",""severity"":""minor""}]}",True,"[{""category"":""accuracy"",""severity"":""minor""},{""category"":""fluency"",""severity"":""minor""}]",True,1,0,True,True,False,94,94,2476,27,2503,0,0,1255.81,1325,27,1352,0,0,1367.56
4da2606d02f686f4cf67,11,haiku-4-5,managed-prompt,mtnt,en,jp,"Sure, but the VR aspect of the game was a shining crazy diamond when it came out.",そうだな、ただVRとしての観点からみれば、これは光り輝くダイヤモンドみたいなもんだ。,"{""c"":""確かに、ゲームが発売された当時、VR機能は輝く素晴らしい特徴でした。""}",確かに、ゲームが発売された当時、VR機能は輝く素晴らしい特徴でした。,False,1,0,True,True,False,True,,True,,True,"{""reason"":""target_script_present"",""detected"":""ja"",""confidence"":1.0}",True,[],[],True,,"{""errors"":[{""category"":""accuracy"",""severity"":""major""},{""category"":""tone"",""severity"":""minor""}]}",False,"[{""category"":""accuracy"",""severity"":""major""},{""category"":""tone"",""severity"":""minor""}]",True,1,0,True,True,False,82,82,2485,42,2527,0,0,1345.33,1371,26,1397,0,0,1264.51
bae788edc557b1efcc79,12,haiku-4-5,managed-prompt,mtnt,en,jp,>What do you do to jog your memory back when you forgot something?,"> あなたが何かを忘れてしまったとき,思い出すために何をしますか？","{""c"":""何か忘れてしまったときに、記憶を取り戻すためにどうしていますか?""}",何か忘れてしまったときに、記憶を取り戻すためにどうしていますか?,False,1,0,True,True,False,True,,True,,True,"{""reason"":""target_script_present"",""detected"":""ja"",""confidence"":1.0}",True,[],[],True,,"{""errors"":[{""category"":""preservation"",""severity"":""minor""}]}",True,"[{""category"":""preservation"",""severity"":""minor""}]",True,1,0,True,True,False,97,97,2480,37,2517,0,0,1485.91,1349,17,1366,0,0,1214.06
6c91bea746ab6d6d280d,13,haiku-4-5,managed-prompt,mtnt,en,jp,N-o w-a-y!,ちーがーうーだーろー！,"{""c"":""ま-さ-か!""}",ま-さ-か!,False,1,0,True,True,False,True,,True,,True,"{""reason"":""target_script_present"",""detected"":""ja"",""confidence"":1.0}",True,[],[],True,,"{""errors"":[]}",True,[],True,1,0,True,True,False,100,100,2473,15,2488,0,0,1122.22,1301,8,1309,0,0,2247.94
b1d0ccc36d04d6462249,14,haiku-4-5,managed-prompt,mtnt,en,jp,My sweet Anzu…,我が愛しのあんずちゃん……,"{""c"":""俺の甘党のあんず…""}",俺の甘党のあんず…,False,1,0,True,True,False,True,,True,,True,"{""reason"":""target_script_present"",""detected"":""ja"",""confidence"":1.0}",True,[],[],True,,"{""errors"":[{""category"":""accuracy"",""severity"":""major""},{""category"":""fluency"",""severity"":""minor""}]}",False,"[{""category"":""accuracy"",""severity"":""major""},{""category"":""fluency"",""severity"":""minor""}]",True,1,0,True,True,False,82,82,2470,18,2488,0,0,1364.75,1305,27,1332,0,0,1373.73
d67068d75bb48a7659ac,15,haiku-4-5,managed-prompt,mtnt,en,jp,Anyone know if you can fit a T25 keyboard to a T470s or T480s?,T25のキーボードが、T470sかT480sに繋げれるかわかる人いる？,"{""c"":""T25キーボードをT470sまたはT480sに取り付けられるか知っている人いますか?""}",T25キーボードをT470sまたはT480sに取り付けられるか知っている人いますか?,False,1,0,True,True,False,True,,True,,True,"{""reason"":""target_script_present"",""detected"":""ja"",""confidence"":1.0}",True,[],[],True,,"{""errors"":[]}",True,[],True,1,0,True,True,False,100,100,2485,39,2524,0,0,1277.33,1357,8,1365,0,0,1698.01
fdf5ee10001c558d9c95,16,haiku-4-5,managed-prompt,mtnt,en,jp,"By the way, what did you go to do at the Pyeongchang Olympics!",ところで、平昌オリンピックに何しに行ったの〜！,"{""c"":""ところで、平昌オリンピックに何をしに行ったんですか!""}",ところで、平昌オリンピックに何をしに行ったんですか!,False,1,0,True,True,False,True,,True,,True,"{""reason"":""target_script_present"",""detected"":""ja"",""confidence"":1.0}",True,[],[],True,,"{""errors"":[]}",True,[],True,1,0,True,True,False,100,100,2484,31,2515,0,0,1232.71,1339,8,1347,0,0,2248.23
3f83bfc00fa03930d33a,17,haiku-4-5,managed-prompt,mtnt,en,jp,Is it possible for anyone to either ask in person or ring them?,誰かお店に直接行って確認、または電話で確認することができますか？,"{""c"":""誰でも直接会って聞くか、電話することは可能ですか?""}",誰でも直接会って聞くか、電話することは可能ですか?,False,1,0,True,True,False,True,,True,,True,"{""reason"":""target_script_present"",""detected"":""ja"",""confidence"":1.0}",True,[],[],True,,"{""errors"":[]}",True,[],True,1,0,True,True,False,100,100,2478,30,2508,0,0,1234.77,1335,8,1343,0,0,1197.38
7d1412a2fc5df928a4da,18,haiku-4-5,managed-prompt,mtnt,en,jp,Let me know what you think!,どう思うか教えてくれよ！,"{""c"":""どう思いますか?""}",どう思いますか?,False,1,0,True,True,False,True,,True,,True,"{""reason"":""target_script_present"",""detected"":""ja"",""confidence"":1.0}",True,[],[],True,,"{""errors"":[{""category"":""tone"",""severity"":""minor""}]}",True,"[{""category"":""tone"",""severity"":""minor""}]",True,1,0,True,True,False,97,97,2471,14,2485,0,0,1203.69,1300,17,1317,0,0,1469.12
da144485b71fb347c385,19,haiku-4-5,managed-prompt,mtnt,en,jp,95% of Tanks in Mythic Dungeon Invitational are Blood DKs,ミシック・ダンジョン・インビテーショナルに出てくるタンクの９５％はブラッドDK。,"{""c"":""神話地下城招待大会のタンクの95%がブラッドDKです""}",神話地下城招待大会のタンクの95%がブラッドDKです,False,1,0,True,True,False,True,,True,,True,"{""reason"":""target_script_present"",""detected"":""ja"",""confidence"":1.0}",True,[],[],True,,"{""errors"":[{""category"":""terminology"",""severity"":""minor""}]}",True,"[{""category"":""terminology"",""severity"":""minor""}]",True,1,0,True,True,False,97,97,2486,31,2517,0,0,1387.22,1358,17,1375,0,0,1341.35
e64fbedcf79d88725ae9,20,haiku-4-5,managed-prompt,mtnt,fr,en,"La notion de partage est clairement moins là mais en supprimant au fur et à mesure ça passe très bien, non ?","The notion of sharing is clearly less present but by deleting progressively, it works very well, does not it?","{""c"":""The sense of sharing is clearly not there, but removing things gradually works pretty well, doesn't it?""}","The sense of sharing is clearly not there, but removing things gradually works pretty well, doesn't it?",False,1,0,True,True,False,True,,True,,True,"{""reason"":""detector_match"",""detected"":""en"",""confidence"":1.0}",True,[],[],True,,"{""errors"":[]}",True,[],True,1,0,True,True,False,100,100,2494,28,2522,0,0,1220.83,1348,8,1356,0,0,1406.93
51d73288db9a7d17ad8f,21,haiku-4-5,managed-prompt,mtnt,fr,en,(Il existe des U moins encombrant),(Less bulky U locks exist),"{""c"":""(There are less bulky U's)""}",(There are less bulky U's),False,1,0,True,True,False,True,,True,,True,"{""reason"":""detector_match"",""detected"":""en"",""confidence"":1.0}",True,[],[],True,,"{""errors"":[]}",True,[],True,1,0,True,True,False,100,100,2474,16,2490,0,0,1129.43,1295,8,1303,0,0,1193.08
ff01e5bd36629150f760,22,haiku-4-5,managed-prompt,mtnt,fr,en,J'hésite à passer la licence VTC pour cumuler avec mon activité de traducteur en attendant d'être assez calé en développement Web pour une reconversion.,I'm hesitating to pass the VTC licence to combine it to my translation work while waiting to be skilled enough in Web Development for a reconversion.,"{""c"":""I'm hesitant about getting my VTC license to combine with my translation work while I wait to be skilled enough in Web development for a career change.""}",I'm hesitant about getting my VTC license to combine with my translation work while I wait to be skilled enough in Web development for a career change.,False,1,0,True,True,False,True,,True,,True,"{""reason"":""detector_match"",""detected"":""en"",""confidence"":1.0}",True,[],[],True,,"{""errors"":[]}",True,[],True,1,0,True,True,False,100,100,2506,39,2545,0,0,1422.89,1377,8,1385,0,0,1097.5
1bb81f8f4f1af9c1ae06,23,haiku-4-5,managed-prompt,mtnt,fr,en,Dans le doute bidouille le doc.,"If in doubt, fiddle with the doc.","{""c"":""When in doubt, fiddle with the doc.""}","When in doubt, fiddle with the doc.",False,1,0,True,True,False,True,,True,,True,"{""reason"":""detector_match"",""detected"":""en"",""confidence"":1.0}",True,[],[],True,,"{""errors"":[]}",True,[],True,1,0,True,True,False,100,100,2474,17,2491,0,0,1078.25,1301,8,1309,0,0,1273.91
6e920ecb8af2c71cb893,24,haiku-4-5,managed-prompt,mtnt,fr,en,Serait-ce une envoyée du Maaaaaal?,Could she be a servant of eviiiiiiiil?,"{""c"":""Could she be an envoy of Eeeevil?""}",Could she be an envoy of Eeeevil?,False,1,0,True,True,False,True,,True,,True,"{""reason"":""detector_match"",""detected"":""en"",""confidence"":1.0}",True,[],[],True,,"{""errors"":[]}",True,[],True,1,0,True,True,False,100,100,2479,20,2499,0,0,1231.58,1314,8,1322,0,0,1284.75
c7b02c359b26b5a920d5,25,haiku-4-5,managed-prompt,mtnt,fr,en,Deux appareils sur trois vendus par Apple sont toujours en utilisation !,Two out of three devices sold by Apple are still in use!,"{""c"":""Two out of three devices sold by Apple are still in use!""}",Two out of three devices sold by Apple are still in use!,False,1,0,True,True,False,True,,True,,True,"{""reason"":""detector_match"",""detected"":""en"",""confidence"":1.0}",True,[],[],True,,"{""errors"":[]}",True,[],True,1,0,True,True,False,100,100,2483,20,2503,0,0,1432.43,1317,8,1325,0,0,1229.81
9d1f4bca8d38f6a22d1e,26,haiku-4-5,managed-prompt,mtnt,fr,en,"Je sentais bien que le contenu pouvait être collector, je ne me doutais pas à quel point.","I knew the content would be epic, I didn't know how much.","{""c"":""I had a feeling the content could be collectible, but I had no idea how much.""}","I had a feeling the content could be collectible, but I had no idea how much.",False,1,0,True,True,False,True,,True,,True,"{""reason"":""detector_match"",""detected"":""en"",""confidence"":1.0}",True,[],[],True,,"{""errors"":[]}",True,[],True,1,0,True,True,False,100,100,2490,26,2516,0,0,1238.01,1331,8,1339,0,0,1114.48
3f6b4eb7a96ead7595dc,27,haiku-4-5,managed-prompt,mtnt,fr,en,"Après malgré ça, j'ai réussi à contourner ce problème grâce aux pouvoirs du cerveau.",Despite all this I managed to get around it thanks to the power of the brain.,"{""c"":""After all that, I managed to work around this problem thanks to the power of the mind.""}","After all that, I managed to work around this problem thanks to the power of the mind.",False,1,0,True,True,False,True,,True,,True,"{""reason"":""detector_match"",""detected"":""en"",""confidence"":1.0}",True,[],[],True,,"{""errors"":[]}",True,[],True,1,0,True,True,False,100,100,2496,26,2522,0,0,1184.28,1339,8,1347,0,0,1208.97
52dad0bab6e94ac06320,28,haiku-4-5,managed-prompt,mtnt,fr,en,Quel est votre but dans la vie ?,What do you live for?,"{""c"":""What is your purpose in life?""}",What is your purpose in life?,False,1,0,True,True,False,True,,True,,True,"{""reason"":""detector_match"",""detected"":""en"",""confidence"":1.0}",True,[],[],True,,"{""errors"":[]}",True,[],True,1,0,True,True,False,100,100,2475,14,2489,0,0,1041.89,1297,8,1305,0,0,1136.86
6d9319e19b8d4532bb1a,29,haiku-4-5,managed-prompt,mtnt,fr,en,"Aaaaaaaah.... 8 ans après, je viens de percuter....  :o 'tain je me disais bien que je passais à côté d'un truc vu les upvotes.","Aaaaaaaah.... 8 years later, I've just realized.... :o damn I had the feeling that I was missing something considering the upvotes.","{""c"":""Aaaaaaaah.... 8 years later, I just realized.... :o damn I was wondering why I was missing something with all those upvotes.""}","Aaaaaaaah.... 8 years later, I just realized.... :o damn I was wondering why I was missing something with all those upvotes.",False,1,0,True,True,False,True,,True,,True,"{""reason"":""detector_match"",""detected"":""en"",""confidence"":1.0}",True,[],[],True,,"{""errors"":[]}",True,[],True,1,0,True,True,False,100,100,2514,41,2555,0,0,1303.95,1390,8,1398,0,0,1231.7
a7fab527a7e8f85f0408,30,haiku-4-5,managed-prompt,mtnt,jp,en,彼はでもちょっと先に行っても良いと思います。,It’s okay to be ahead of the curve tho.,"{""c"":""I think he could go ahead a little bit though.""}",I think he could go ahead a little bit though.,False,1,0,True,True,False,True,,True,,True,"{""reason"":""detector_match"",""detected"":""en"",""confidence"":1.0}",True,[],[],True,,"{""errors"":[]}",True,[],True,1,0,True,True,False,100,100,2486,18,2504,0,0,1184.03,1315,8,1323,0,0,1196.58
86abc24aa6ac828c88a1,31,haiku-4-5,managed-prompt,mtnt,jp,en,そうだな、ただVRとしての観点からみれば、これは光り輝くダイヤモンドみたいなもんだ。,"Sure, but the VR aspect of the game was a shining crazy diamond when it came out.","{""c"":""That's true, but from a VR perspective, this is like a shining diamond.""}","That's true, but from a VR perspective, this is like a shining diamond.",False,1,0,True,True,False,True,,True,,True,"{""reason"":""detector_match"",""detected"":""en"",""confidence"":1.0}",True,[],[],True,,"{""errors"":[]}",True,[],True,1,0,True,True,False,100,100,2507,26,2533,0,0,1074.86,1354,8,1362,0,0,1213.79
ae3fd6a4d60811c959d2,32,haiku-4-5,managed-prompt,mtnt,jp,en,"> あなたが何かを忘れてしまったとき,思い出すために何をしますか？",>What do you do to jog your memory back when you forgot something?,"{""c"":""What do you do to remember when you've forgotten something?""}",What do you do to remember when you've forgotten something?,False,1,0,True,True,False,True,,True,,True,"{""reason"":""detector_match"",""detected"":""en"",""confidence"":1.0}",True,[],[],True,,"{""errors"":[]}",True,[],True,1,0,True,True,False,100,100,2494,19,2513,0,0,1161.41,1330,8,1338,0,0,1183.9
4961a9a22e75260c75ec,33,haiku-4-5,managed-prompt,mtnt,jp,en,ちーがーうーだーろー！,N-o w-a-y!,"{""c"":""That's wrong!""}",That's wrong!,False,1,0,True,True,False,True,,True,,True,"{""reason"":""detector_match"",""detected"":""en"",""confidence"":1.0}",True,[],[],True,,"{""errors"":[{""category"":""accuracy"",""severity"":""major""}]}",False,"[{""category"":""accuracy"",""severity"":""major""}]",True,1,0,True,True,False,85,85,2477,11,2488,0,0,1156.85,1297,17,1314,0,0,1257.19
3a7a968144045d8dfef5,34,haiku-4-5,managed-prompt,mtnt,jp,en,我が愛しのあんずちゃん……,My sweet Anzu…,"{""c"":""My beloved Anzu...""}",My beloved Anzu...,False,1,0,True,True,False,True,,True,,,"{""reason"":""detector_inconclusive"",""detected"":""sk"",""confidence"":0.5714}",True,[],[],True,,"{""errors"":[]}",True,[],True,1,0,True,True,False,100,100,2480,13,2493,0,0,1081.47,1300,8,1308,0,0,1255.28
c9e2cdbc08b09f88c3cd,35,haiku-4-5,managed-prompt,mtnt,jp,en,T25のキーボードが、T470sかT480sに繋げれるかわかる人いる？,Anyone know if you can fit a T25 keyboard to a T470s or T480s?,"{""c"":""Does anyone know if a T25 keyboard can connect to a T470s or T480s?""}",Does anyone know if a T25 keyboard can connect to a T470s or T480s?,False,1,0,True,True,False,True,,True,,True,"{""reason"":""detector_match"",""detected"":""en"",""confidence"":1.0}",True,[],[],True,,"{""errors"":[]}",True,[],True,1,0,True,True,False,100,100,2495,28,2523,0,0,1128.19,1345,8,1353,0,0,1204.62
0ef5308a099c7fa8efc9,36,haiku-4-5,managed-prompt,mtnt,jp,en,ところで、平昌オリンピックに何しに行ったの〜！,"By the way, what did you go to do at the Pyeongchang Olympics!","{""c"":""By the way, what did you go to the PyeongChang Olympics for~!""}","By the way, what did you go to the PyeongChang Olympics for~!",False,1,0,True,True,False,True,,True,,True,"{""reason"":""detector_match"",""detected"":""en"",""confidence"":1.0}",True,[],[],True,,"{""errors"":[]}",True,[],True,1,0,True,True,False,100,100,2488,26,2514,0,0,1086.15,1334,8,1342,0,0,1187.3
a2da2aab8ae84b6ff5e2,37,haiku-4-5,managed-prompt,mtnt,jp,en,誰かお店に直接行って確認、または電話で確認することができますか？,Is it possible for anyone to either ask in person or ring them?,"{""c"":""Can someone go directly to the store to check or call to confirm?""}",Can someone go directly to the store to check or call to confirm?,False,1,0,True,True,False,True,,True,,True,"{""reason"":""detector_match"",""detected"":""en"",""confidence"":1.0}",True,[],[],True,,"{""errors"":[]}",True,[],True,1,0,True,True,False,100,100,2490,21,2511,0,0,1191.95,1325,8,1333,0,0,1898.22
96e9c219969c48d745b6,38,haiku-4-5,managed-prompt,mtnt,jp,en,どう思うか教えてくれよ！,Let me know what you think!,"{""c"":""Tell me what you think!""}",Tell me what you think!,False,1,0,True,True,False,True,,True,,True,"{""reason"":""detector_match"",""detected"":""en"",""confidence"":1.0}",True,[],[],True,,"{""errors"":[]}",True,[],True,1,0,True,True,False,100,100,2478,13,2491,0,0,1019.6,1298,8,1306,0,0,1609.2
2bc9dcbb951ce45eae21,39,haiku-4-5,managed-prompt,mtnt,jp,en,ミシック・ダンジョン・インビテーショナルに出てくるタンクの９５％はブラッドDK。,95% of Tanks in Mythic Dungeon Invitational are Blood DKs,"{""c"":""95% of the tanks that appear in Mythic Dungeon Invitational are Blood DK.""}",95% of the tanks that appear in Mythic Dungeon Invitational are Blood DK.,False,1,0,True,True,False,True,,True,,True,"{""reason"":""detector_match"",""detected"":""en"",""confidence"":1.0}",True,[],"[{""code"":""number_not_exact"",""expected"":{""９５"":1},""actual"":{""95"":1}}]",True,,"{""errors"":[]}",True,[],True,1,0,True,True,False,97,97,2504,30,2534,0,0,1261.68,1356,8,1364,0,0,1196.89
cbb2e995d783366a2fe9,40,haiku-4-5,managed-prompt,subtitle,da,de,Fotograferede du liget?,Haben Sie die Leichen photographiert?,"{""c"":""Hast du die Leiche fotografiert?""}",Hast du die Leiche fotografiert?,False,1,0,True,True,False,True,,True,,True,"{""reason"":""detector_match"",""detected"":""de"",""confidence"":1.0}",True,[],[],True,,"{""errors"":[]}",True,[],True,1,0,True,True,False,100,100,2471,18,2489,0,0,1129.59,1301,8,1309,0,0,1255.2
5ef8412fd948b9afb9b4,41,haiku-4-5,managed-prompt,subtitle,da,de,"Jeg tror ikke, det her er enden.","Ich glaube nicht, dass das das Ende ist.","{""c"":""Ich glaube nicht, dass dies das Ende ist.""}","Ich glaube nicht, dass dies das Ende ist.",False,1,0,True,True,False,True,,True,,True,"{""reason"":""detector_match"",""detected"":""de"",""confidence"":1.0}",True,[],[],True,,"{""errors"":[]}",True,[],True,1,0,True,True,False,100,100,2476,20,2496,0,0,1042.77,1309,8,1317,0,0,2184.59
ebd797d4ca38bee4ac6f,42,haiku-4-5,managed-prompt,subtitle,da,de,- Jeg blev også efterladt!,Sie haben mich auch zurückgelassen.,"{""c"":""Ich wurde auch zurückgelassen!""}",Ich wurde auch zurückgelassen!,False,1,0,True,True,False,True,,True,,True,"{""reason"":""detector_match"",""detected"":""de"",""confidence"":1.0}",True,[],[],True,,"{""errors"":[]}",True,[],True,1,0,True,True,False,100,100,2473,16,2489,0,0,1024.17,1299,8,1307,0,0,1091.9
a08d049c0a7982f5701f,43,haiku-4-5,managed-prompt,subtitle,da,de,- Det må vi så bare forklare politiet.,- Das müssen wir der Polizei erklären.,"{""c"":""Das müssen wir der Polizei dann einfach erklären.""}",Das müssen wir der Polizei dann einfach erklären.,False,1,0,True,True,False,True,,True,,True,"{""reason"":""detector_match"",""detected"":""de"",""confidence"":1.0}",True,[],[],True,,"{""errors"":[]}",True,[],True,1,0,True,True,False,100,100,2476,25,2501,0,0,1102.61,1316,8,1324,0,0,1338.76
28cce90e5f391b083cb6,44,haiku-4-5,managed-prompt,subtitle,da,de,Ligesom jer. I er et samfund.,"So wie ihr, ihr seid auch eine Gemeinschaft.","{""c"":""Wie ihr auch. Ihr seid eine Gemeinschaft.""}",Wie ihr auch. Ihr seid eine Gemeinschaft.,False,1,0,True,True,False,True,,True,,True,"{""reason"":""detector_match"",""detected"":""de"",""confidence"":1.0}",True,[],[],True,,"{""errors"":[]}",True,[],True,1,0,True,True,False,100,100,2476,22,2498,0,0,1155.6,1312,8,1320,0,0,1239.27
c4cc9cb4f9015f851a91,45,haiku-4-5,managed-prompt,subtitle,da,de,Og den her ...,Und das hier.,"{""c"":""Und dieser hier ...""}",Und dieser hier ...,False,1,0,True,True,False,True,,True,,,"{""reason"":""detector_inconclusive"",""detected"":""de"",""confidence"":0.7143}",True,[],[],True,,"{""errors"":[]}",True,[],True,1,0,True,True,False,100,100,2469,12,2481,0,0,1191.59,1288,8,1296,0,0,1260.28
55071208b2f08b5352c3,46,haiku-4-5,managed-prompt,subtitle,da,de,Samarbejder du med Hunter?,So viel weiß ich. Arbeiten Sie mit Hunter zusammen?,"{""c"":""Arbeitest du mit Hunter zusammen?""}",Arbeitest du mit Hunter zusammen?,False,1,0,True,True,False,True,,True,,True,"{""reason"":""detector_match"",""detected"":""de"",""confidence"":1.0}",True,[],[],True,,"{""errors"":[{""category"":""tone"",""severity"":""minor""}]}",True,"[{""category"":""tone"",""severity"":""minor""}]",True,1,0,True,True,False,97,97,2472,17,2489,0,0,1083.82,1308,17,1325,0,0,1264.05
23df838803d52637e5ba,47,haiku-4-5,managed-prompt,subtitle,da,de,Godt.,Genau.,"{""c"":""Gut.""}",Gut.,False,1,0,True,True,False,True,,True,,,"{""reason"":""too_short_for_language_detection"",""detected"":null,""confidence"":null}",True,[],[],True,,"{""errors"":[]}",True,[],True,1,0,True,True,False,100,100,2468,10,2478,0,0,1088.38,1282,8,1290,0,0,1318.84
d08d282b4413ac5843f9,48,haiku-4-5,managed-prompt,subtitle,da,de,Hvad er det?,Was ist das?,"{""c"":""Was ist das?""}",Was ist das?,False,1,0,True,True,False,True,,True,,True,"{""reason"":""detector_match"",""detected"":""de"",""confidence"":1.0}",True,[],[],True,,"{""errors"":[]}",True,[],True,1,0,True,True,False,100,100,2470,11,2481,0,0,993.04,1287,8,1295,0,0,1262.12
0b8413218c4315249454,49,haiku-4-5,managed-prompt,subtitle,da,de,"- Ja, det kan jeg.","- Ja, ja, kann ich.","{""c"":""Ja, das kann ich.""}","Ja, das kann ich.",False,1,0,True,True,False,True,,True,,,"{""reason"":""detector_inconclusive"",""detected"":""id"",""confidence"":0.7143}",True,[],[],True,,"{""errors"":[]}",True,[],True,1,0,True,True,False,100,100,2472,14,2486,0,0,1122.33,1295,8,1303,0,0,1177.12
c70982de1af26cc2cb9c,50,haiku-4-5,managed-prompt,subtitle,da,en,Preston.,- Preston!,"{""c"":""Preston.""}",Preston.,False,1,0,True,True,False,True,,True,,,"{""reason"":""too_short_for_language_detection"",""detected"":null,""confidence"":null}",True,[],"[{""code"":""source_copy_suspected""}]",True,,"{""errors"":[]}",True,[],True,1,0,True,True,False,97,97,2466,9,2475,0,0,1019.65,1278,8,1286,0,0,1217.54
bad25bc5e0dc3d33b21e,51,haiku-4-5,managed-prompt,subtitle,da,en,"På et sprog, kun jeg kunne forstå.",In a language only I could understand.,"{""c"":""In a language only I could understand.""}",In a language only I could understand.,False,1,0,True,True,False,True,,True,,True,"{""reason"":""detector_match"",""detected"":""en"",""confidence"":1.0}",True,[],[],True,,"{""errors"":[]}",True,[],True,1,0,True,True,False,100,100,2475,15,2490,0,0,1205.83,1298,8,1306,0,0,1206.11
40ccb01ccb58886e140c,52,haiku-4-5,managed-prompt,subtitle,da,en,For han er alt for ren.,'Cause he is too damn clean.,"{""c"":""He is way too clean.""}",He is way too clean.,False,1,0,True,True,False,True,,True,,True,"{""reason"":""detector_match"",""detected"":""en"",""confidence"":1.0}",True,[],[],True,,"{""errors"":[]}",True,[],True,1,0,True,True,False,100,100,2472,13,2485,0,0,1155.43,1293,8,1301,0,0,1289.55
c8e393158a6de8885df4,53,haiku-4-5,managed-prompt,subtitle,da,en,Ikke flere spontane svømmetimer?,No more impromptu swimming lessons?,"{""c"":""No more spontaneous swimming lessons?""}",No more spontaneous swimming lessons?,False,1,0,True,True,False,True,,True,,,"{""reason"":""detector_inconclusive"",""detected"":""en"",""confidence"":0.7143}",True,[],[],True,,"{""errors"":[]}",True,[],True,1,0,True,True,False,100,100,2474,14,2488,0,0,1107.37,1298,8,1306,0,0,1240.11
8c8aae26aef3c8957486,54,haiku-4-5,managed-prompt,subtitle,da,en,"Hør, jeg får dig ud herfra.","Listen, I'm gonna get you out of here.","{""c"":""Listen, I'll get you out of here.""}","Listen, I'll get you out of here.",False,1,0,True,True,False,True,,True,,True,"{""reason"":""detector_match"",""detected"":""en"",""confidence"":0.8571}",True,[],[],True,,"{""errors"":[]}",True,[],True,1,0,True,True,False,100,100,2476,17,2493,0,0,1098.69,1304,8,1312,0,0,1232.59
97d2bd02325e6ee51f29,55,haiku-4-5,managed-prompt,subtitle,da,en,Jeg må videre!,I must go.,"{""c"":""I need to move on!""}",I need to move on!,False,1,0,True,True,False,True,,True,,True,"{""reason"":""detector_match"",""detected"":""en"",""confidence"":1.0}",True,[],[],True,,"{""errors"":[]}",True,[],True,1,0,True,True,False,100,100,2470,13,2483,0,0,1063.28,1287,8,1295,0,0,1262.82
f0247b645480f012ab64,56,haiku-4-5,managed-prompt,subtitle,da,en,"Ødelagt kommunikation fra private virksomheder, der arbejder med Justitsministeriet, NSA, CIA, FBI... - Alle initialerne.","Shredded communications from private contractors working with the DOJ, NSA, CIA, FBI- all the initials.","{""c"":""Broken communication from private companies working with the Department of Justice, NSA, CIA, FBI... - All the initials.""}","Broken communication from private companies working with the Department of Justice, NSA, CIA, FBI... - All the initials.",False,1,0,True,True,False,True,,True,,True,"{""reason"":""detector_match"",""detected"":""en"",""confidence"":1.0}",True,[],[],True,,"{""errors"":[]}",True,[],True,1,0,True,True,False,100,100,2503,33,2536,0,0,1220.95,1362,8,1370,0,0,1532.49
51639c91fec306bfa9ee,57,haiku-4-5,managed-prompt,subtitle,da,en,Hun har ret.,She's right.,"{""c"":""She's right.""}",She's right.,False,1,0,True,True,False,True,,True,,True,"{""reason"":""detector_match"",""detected"":""en"",""confidence"":1.0}",True,[],[],True,,"{""errors"":[]}",True,[],True,1,0,True,True,False,100,100,2468,11,2479,0,0,990.74,1283,8,1291,0,0,1291.97
95c24282a8d297714dcd,58,haiku-4-5,managed-prompt,subtitle,da,en,Ingen kommentarer.,No comment.,"{""c"":""No comments.""}",No comments.,False,1,0,True,True,False,True,,True,,,"{""reason"":""detector_mismatch_uncertain"",""detected"":""fr"",""confidence"":1.0}",True,[],[],True,,"{""errors"":[]}",True,[],True,1,0,True,True,False,100,100,2470,10,2480,0,0,1025.19,1283,8,1291,0,0,1294.78
f6cb19382dbb9e24cad1,59,haiku-4-5,managed-prompt,subtitle,da,en,"Gør dit arbejde, mand.","Do your job, man.","{""c"":""Do your job, man.""}","Do your job, man.",False,1,0,True,True,False,True,,True,,,"{""reason"":""detector_mismatch_uncertain"",""detected"":""so"",""confidence"":1.0}",True,[],[],True,,"{""errors"":[]}",True,[],True,1,0,True,True,False,100,100,2474,13,2487,0,0,1112.39,1293,8,1301,0,0,1198.04
c869e08078aa22dc7188,60,haiku-4-5,managed-prompt,subtitle,da,es,"Knægt, du vil ikke tro det.","Hijo, ¡no vas a creerlo!","{""c"":""Colega, no lo vas a creer.""}","Colega, no lo vas a creer.",False,1,0,True,True,False,True,,True,,True,"{""reason"":""detector_match"",""detected"":""es"",""confidence"":1.0}",True,[],[],True,,"{""errors"":[]}",True,[],True,1,0,True,True,False,100,100,2476,18,2494,0,0,1195.33,1307,8,1315,0,0,1214.27
8b43cf2c8d4143186c29,61,haiku-4-5,managed-prompt,subtitle,da,es,Far!,¡Papi!,"{""c"":""¡Lejano!""}",¡Lejano!,False,1,0,True,True,False,True,,True,,,"{""reason"":""too_short_for_language_detection"",""detected"":null,""confidence"":null}",True,[],[],True,,"{""errors"":[{""category"":""accuracy"",""severity"":""major""}]}",False,"[{""category"":""accuracy"",""severity"":""major""}]",True,1,0,True,True,False,85,85,2466,14,2480,0,0,1180.16,1286,17,1303,0,0,1300.77
e3d9216750824686f4e6,62,haiku-4-5,managed-prompt,subtitle,da,es,"Ved du, hvad Ethan vil gøre, hvis han får chancen?","¡Laurie, cállate! ¿Sabes lo que hará Ethan si tiene oportunidad?","{""c"":""¿Sabes qué hará Ethan si tiene la oportunidad?""}",¿Sabes qué hará Ethan si tiene la oportunidad?,False,1,0,True,True,False,True,,True,,True,"{""reason"":""detector_match"",""detected"":""es"",""confidence"":1.0}",True,[],[],True,,"{""errors"":[]}",True,[],True,1,0,True,True,False,100,100,2483,26,2509,0,0,2513.08,1340,8,1348,0,0,1208.23
62cc496ac33aeb45a411,63,haiku-4-5,managed-prompt,subtitle,da,es,"Godt, du har langt hår.",Menos mal que tienes el pelo largo,"{""c"":""Bien, tienes el pelo largo.""}","Bien, tienes el pelo largo.",False,1,0,True,True,False,True,,True,,True,"{""reason"":""detector_match"",""detected"":""es"",""confidence"":1.0}",True,[],[],True,,"{""errors"":[{""category"":""accuracy"",""severity"":""minor""}]}",True,"[{""category"":""accuracy"",""severity"":""minor""}]",True,1,0,True,True,False,97,97,2475,16,2491,0,0,1155.34,1301,17,1318,0,0,1295.98
f4892622d7bf19610234,64,haiku-4-5,managed-prompt,subtitle,da,es,- Hun afslår behandling.,- Rechazó el tratamiento.,"{""c"":""Ella rechaza el tratamiento.""}",Ella rechaza el tratamiento.,False,1,0,True,True,False,True,,True,,True,"{""reason"":""detector_match"",""detected"":""es"",""confidence"":1.0}",True,[],[],True,,"{""errors"":[]}",True,[],True,1,0,True,True,False,100,100,2472,15,2487,0,0,1180.75,1296,8,1304,0,0,1434.18
b9f6e901c7a152ad494a,65,haiku-4-5,managed-prompt,subtitle,da,es,"Det ligger lidt uden for byen, men...","- ¡Bien, sí! Auténtico. Está fuera de la ciudad, pero...","{""c"":""Está un poco fuera de la ciudad, pero...""}","Está un poco fuera de la ciudad, pero...",False,1,0,True,True,False,True,,True,,True,"{""reason"":""detector_match"",""detected"":""es"",""confidence"":1.0}",True,[],[],True,,"{""errors"":[]}",True,[],True,1,0,True,True,False,100,100,2474,19,2493,0,0,1140.59,1320,8,1328,0,0,1314.15
9d518e301ab2222dd71a,66,haiku-4-5,managed-prompt,subtitle,da,es,Er det ham?,¿Es él?,"{""c"":""¿Es él?""}",¿Es él?,False,1,0,True,True,False,True,,True,,,"{""reason"":""too_short_for_language_detection"",""detected"":null,""confidence"":null}",True,[],[],True,,"{""errors"":[]}",True,[],True,1,0,True,True,False,100,100,2468,12,2480,0,0,1153.71,1287,8,1295,0,0,1338.77
affc8028f4fa89e7dcaa,67,haiku-4-5,managed-prompt,subtitle,da,es,"Jeg er ked af det, men det her går ikke.","Lo siento, pero esto no está funcionando.","{""c"":""Lo siento, pero esto no funciona.""}","Lo siento, pero esto no funciona.",False,1,0,True,True,False,True,,True,,True,"{""reason"":""detector_match"",""detected"":""es"",""confidence"":1.0}",True,[],[],True,,"{""errors"":[]}",True,[],True,1,0,True,True,False,100,100,2478,17,2495,0,0,1139.45,1306,8,1314,0,0,1127.54
612043bc0e4cb6a9553e,68,haiku-4-5,managed-prompt,subtitle,da,es,Og jeg er dy gtig med hænderne.,Y soy muy bueno con mis manos.,"{""c"":""Y soy bueno con las manos.""}",Y soy bueno con las manos.,False,1,0,True,True,False,True,,True,,True,"{""reason"":""detector_match"",""detected"":""es"",""confidence"":1.0}",True,[],[],True,,"{""errors"":[{""category"":""accuracy"",""severity"":""major""}]}",False,"[{""category"":""accuracy"",""severity"":""major""}]",True,1,0,True,True,False,85,85,2476,17,2493,0,0,1106.31,1304,17,1321,0,0,1249.3
b7fdd1e822188ef94234,69,haiku-4-5,managed-prompt,subtitle,da,es,Vi har travlt.,"Ves, es que estamos ocupados.","{""c"":""Estamos ocupados.""}",Estamos ocupados.,False,1,0,True,True,False,True,,True,,True,"{""reason"":""detector_match"",""detected"":""es"",""confidence"":0.8791}",True,[],[],True,,"{""errors"":[]}",True,[],True,1,0,True,True,False,100,100,2469,13,2482,0,0,1054.56,1293,8,1301,0,0,1260.5
0a100544a46a42179958,70,haiku-4-5,managed-prompt,subtitle,da,fr,"- Alex, lad os smutte.","Alex, on peut s'en aller ?","{""c"":""Alex, allons-y.""}","Alex, allons-y.",False,1,0,True,True,False,True,,True,,,"{""reason"":""detector_mismatch_uncertain"",""detected"":""es"",""confidence"":1.0}",True,[],[],True,,"{""errors"":[]}",True,[],True,1,0,True,True,False,100,100,2474,14,2488,0,0,1195.67,1299,8,1307,0,0,1324.86
6c1054f40b636b0785fc,71,haiku-4-5,managed-prompt,subtitle,da,fr,"- Nej, selvfølgelig ikke.",Bien sûr que non.,"{""c"":""Non, bien sûr que non.""}","Non, bien sûr que non.",False,1,0,True,True,False,True,,True,,True,"{""reason"":""detector_match"",""detected"":""fr"",""confidence"":1.0}",True,[],[],True,,"{""errors"":[]}",True,[],True,1,0,True,True,False,100,100,2476,16,2492,0,0,1091.11,1300,8,1308,0,0,1356.28
fa0bccba0acea00675c6,72,haiku-4-5,managed-prompt,subtitle,da,fr,- Jeg bliver her.,"- Ouais, je reste ici.","{""c"":""Je reste ici.""}",Je reste ici.,False,1,0,True,True,False,True,,True,,,"{""reason"":""detector_mismatch_uncertain"",""detected"":""ro"",""confidence"":1.0}",True,[],[],True,,"{""errors"":[{""category"":""preservation"",""severity"":""minor""}]}",True,"[{""category"":""preservation"",""severity"":""minor""}]",True,1,0,True,True,False,97,97,2470,12,2482,0,0,1085.67,1292,17,1309,0,0,1310.62
0eccf2ed6c3c765662c9,73,haiku-4-5,managed-prompt,subtitle,da,fr,Hvad?,Quoi?,"{""c"":""Quoi?""}",Quoi?,False,1,0,True,True,False,True,,True,,,"{""reason"":""too_short_for_language_detection"",""detected"":null,""confidence"":null}",True,[],[],True,,"{""errors"":[]}",True,[],True,1,0,True,True,False,100,100,2468,11,2479,0,0,1106.97,1285,8,1293,0,0,1621.11
6977d52bff4dabc561de,74,haiku-4-5,managed-prompt,subtitle,da,fr,Hvad er der sket med Scott?,"Qu'est-il arrivé à Scott? August, je suis désolée.","{""c"":""Qu'est-il arrivé à Scott ?""}",Qu'est-il arrivé à Scott ?,False,1,0,True,True,False,True,,True,,True,"{""reason"":""detector_match"",""detected"":""fr"",""confidence"":0.8571}",True,[],[],True,,"{""errors"":[]}",True,[],True,1,0,True,True,False,100,100,2474,19,2493,0,0,1098.11,1316,8,1324,0,0,1239.31
08f8c171520021f54780,75,haiku-4-5,managed-prompt,subtitle,da,fr,- Hvad skal jeg gøre med denne her?,- Qu'est-ce que j'en fais ?,"{""c"":""Que dois-je faire avec celui-ci ?""}",Que dois-je faire avec celui-ci ?,False,1,0,True,True,False,True,,True,,True,"{""reason"":""detector_match"",""detected"":""fr"",""confidence"":1.0}",True,[],[],True,,"{""errors"":[]}",True,[],True,1,0,True,True,False,100,100,2477,18,2495,0,0,1263.58,1312,8,1320,0,0,1306.0
4d7977e027b1636b5748,76,haiku-4-5,managed-prompt,subtitle,da,fr,Det her er godt.,Parfait.,"{""c"":""C'est bon.""}",C'est bon.,False,1,0,True,True,False,True,,True,,,"{""reason"":""too_short_for_language_detection"",""detected"":null,""confidence"":null}",True,[],[],True,,"{""errors"":[]}",True,[],True,1,0,True,True,False,100,100,2470,12,2482,0,0,1182.24,1286,8,1294,0,0,1198.16
85d7d600dcead1908e21,77,haiku-4-5,managed-prompt,subtitle,da,fr,"Atrians bliver hurtigere modne, end vi gør..",Physiquement les Atrians arrivent à maturité plus vite que nous.,"{""c"":""Les Atriens mûrissent plus vite que nous..""}",Les Atriens mûrissent plus vite que nous..,False,1,0,True,True,False,True,,True,,True,"{""reason"":""detector_match"",""detected"":""fr"",""confidence"":1.0}",True,[],[],True,,"{""errors"":[]}",True,[],True,1,0,True,True,False,100,100,2479,23,2502,0,0,1177.9,1324,8,1332,0,0,1028.62
8d2fac165179c46de6fc,78,haiku-4-5,managed-prompt,subtitle,da,fr,- Jeg er din fødselsdagsgave.,Je suis ton cadeau.,"{""c"":""Je suis ton cadeau d'anniversaire.""}",Je suis ton cadeau d'anniversaire.,False,1,0,True,True,False,True,,True,,True,"{""reason"":""detector_match"",""detected"":""fr"",""confidence"":1.0}",True,[],[],True,,"{""errors"":[]}",True,[],True,1,0,True,True,False,100,100,2477,18,2495,0,0,1067.04,1302,8,1310,0,0,1290.79
ddb0b4c4a9b1fbd10039,79,haiku-4-5,managed-prompt,subtitle,da,fr,"Hvem, hr. Lopez?","Qui, M. Lopez?","{""c"":""Qui, M. Lopez?""}","Qui, M. Lopez?",False,1,0,True,True,False,True,,True,,,"{""reason"":""detector_mismatch_uncertain"",""detected"":""ro"",""confidence"":1.0}",True,[],[],True,,"{""errors"":[]}",True,[],True,1,0,True,True,False,100,100,2472,14,2486,0,0,1039.89,1295,8,1303,0,0,1234.76
8f43f9d6d2e71056d1ad,80,haiku-4-5,managed-prompt,subtitle,da,it,- Det ved jeg ikke.,- Non lo so.,"{""c"":""Non lo so.""}",Non lo so.,False,1,0,True,True,False,True,,True,,,"{""reason"":""too_short_for_language_detection"",""detected"":null,""confidence"":null}",True,[],[],True,,"{""errors"":[{""category"":""preservation"",""severity"":""minor""}]}",True,"[{""category"":""preservation"",""severity"":""minor""}]",True,1,0,True,True,False,97,97,2470,11,2481,0,0,1053.25,1286,17,1303,0,0,1286.94
4012c759fa353c935042,81,haiku-4-5,managed-prompt,subtitle,da,it,Hvornår siger vi det til dem?,Quando glielo diremo?,"{""c"":""Quando glielo diciamo?""}",Quando glielo diciamo?,False,1,0,True,True,False,True,,True,,True,"{""reason"":""detector_match"",""detected"":""it"",""confidence"":1.0}",True,[],[],True,,"{""errors"":[]}",True,[],True,1,0,True,True,False,100,100,2475,15,2490,0,0,1152.52,1300,8,1308,0,0,1212.6
6225fa8df19df1f7f1c4,82,haiku-4-5,managed-prompt,subtitle,da,it,"Men ja, han spiller ægte country.","Ma lui è veramente country, si.","{""c"":""Ma sì, lui suona vero country.""}","Ma sì, lui suona vero country.",False,1,0,True,True,False,True,,True,,True,"{""reason"":""detector_match"",""detected"":""it"",""confidence"":1.0}",True,[],[],True,,"{""errors"":[{""category"":""accuracy"",""severity"":""minor""}]}",True,"[{""category"":""accuracy"",""severity"":""minor""}]",True,1,0,True,True,False,97,97,2474,18,2492,0,0,1178.86,1301,17,1318,0,0,1290.87
608609d5648355c805ac,83,haiku-4-5,managed-prompt,subtitle,da,it,Er der nogen her?,C'è qualcuno qui?,"{""c"":""C'è qualcuno qui?""}",C'è qualcuno qui?,False,1,0,True,True,False,True,,True,,True,"{""reason"":""detector_match"",""detected"":""it"",""confidence"":1.0}",True,[],[],True,,"{""errors"":[]}",True,[],True,1,0,True,True,False,100,100,2470,15,2485,0,0,1019.1,1295,8,1303,0,0,1873.43
fe3d5ae6728e870a7baa,84,haiku-4-5,managed-prompt,subtitle,da,it,"Faktisk er jeg ikke sikker på, om jeg vil have dit efternavn.",A dire il vero non abbiamo ancora deciso se prendero' il tuo cognome. Ma sai un cosa?,"{""c"":""In realtà non sono sicuro se voglio il tuo cognome.""}",In realtà non sono sicuro se voglio il tuo cognome.,False,1,0,True,True,False,True,,True,,True,"{""reason"":""detector_match"",""detected"":""it"",""confidence"":1.0}",True,[],[],True,,"{""errors"":[]}",True,[],True,1,0,True,True,False,100,100,2483,24,2507,0,0,1245.19,1336,8,1344,0,0,1348.65
5d3135c945a719132af4,85,haiku-4-5,managed-prompt,subtitle,da,it,"Nej, du gør ikke.","No, non lo fara'.","{""c"":""No, non lo fai.""}","No, non lo fai.",False,1,0,True,True,False,True,,True,,True,"{""reason"":""detector_match"",""detected"":""it"",""confidence"":1.0}",True,[],[],True,,"{""errors"":[]}",True,[],True,1,0,True,True,False,100,100,2473,14,2487,0,0,1103.65,1295,8,1303,0,0,1251.03
f5ef0e2a8886bfcc0089,86,haiku-4-5,managed-prompt,subtitle,da,it,Det er virkeligt.,E' reale.,"{""c"":""È reale.""}",È reale.,False,1,0,True,True,False,True,,True,,,"{""reason"":""too_short_for_language_detection"",""detected"":null,""confidence"":null}",True,[],[],True,,"{""errors"":[]}",True,[],True,1,0,True,True,False,100,100,2470,11,2481,0,0,1091.27,1286,8,1294,0,0,1434.26
d14d70b18c88b4951883,87,haiku-4-5,managed-prompt,subtitle,da,it,"Tror du, han er Zhangs bagmand?",Quindi credi che sia a lui che Zhang passa la roba?,"{""c"":""Credi che sia il finanziatore di Zhang?""}",Credi che sia il finanziatore di Zhang?,False,1,0,True,True,False,True,,True,,True,"{""reason"":""detector_match"",""detected"":""it"",""confidence"":1.0}",True,[],[],True,,"{""errors"":[{""category"":""accuracy"",""severity"":""major""}]}",False,"[{""category"":""accuracy"",""severity"":""major""}]",True,1,0,True,True,False,85,85,2479,20,2499,0,0,1289.57,1316,17,1333,0,0,1327.75
62269eca340320441314,88,haiku-4-5,managed-prompt,subtitle,da,it,"Klatrer vi op, bliver vi måske reddet.",Forse se ci arrampichiamo possiamo salvarci.,"{""c"":""Se saliamo, potremmo essere salvati.""}","Se saliamo, potremmo essere salvati.",False,1,0,True,True,False,True,,True,,True,"{""reason"":""detector_match"",""detected"":""it"",""confidence"":1.0}",True,[],[],True,,"{""errors"":[]}",True,[],True,1,0,True,True,False,100,100,2478,19,2497,0,0,1219.8,1314,8,1322,0,0,1580.39
f3351264b9c60dc1307a,89,haiku-4-5,managed-prompt,subtitle,da,it,- Gør du det?,Lo apprezzi? Davvero? Si'.,"{""c"":""Lo fai?""}",Lo fai?,False,1,0,True,True,False,True,,True,,,"{""reason"":""too_short_for_language_detection"",""detected"":null,""confidence"":null}",True,[],[],True,,"{""errors"":[]}",True,[],True,1,0,True,True,False,100,100,2471,11,2482,0,0,1127.3,1297,8,1305,0,0,1348.0
7fc3dbdb719b32ddc1a6,90,haiku-4-5,managed-prompt,subtitle,da,jp,"Hun sagde, det var som om vi fik indtil midnat.",サラによると、深夜零時までだと言った。,"{""c"":""彼女は、まるで真夜中まで時間があるようだと言った。""}",彼女は、まるで真夜中まで時間があるようだと言った。,False,1,0,True,True,False,True,,True,,True,"{""reason"":""target_script_present"",""detected"":""ja"",""confidence"":1.0}",True,[],[],True,,"{""errors"":[]}",True,[],True,1,0,True,True,False,100,100,2479,31,2510,0,0,1322.61,1328,8,1336,0,0,1300.89
9d966843a5a2bbeb3c32,91,haiku-4-5,managed-prompt,subtitle,da,jp,- Hvad? Intet.,何でも無い,"{""c"":""え？何もない。""}",え？何もない。,False,1,0,True,True,False,True,,True,,True,"{""reason"":""target_script_present"",""detected"":""ja"",""confidence"":1.0}",True,[],[],True,,"{""errors"":[]}",True,[],True,1,0,True,True,False,100,100,2473,13,2486,0,0,1132.42,1293,8,1301,0,0,1162.08
0caae3cfdbd532da0f85,92,haiku-4-5,managed-prompt,subtitle,da,jp,– Brug døren foran dig.,前にドアがある それを使って,"{""c"":""あなたの前のドアを使ってください。""}",あなたの前のドアを使ってください。,False,1,0,True,True,False,True,,True,,True,"{""reason"":""target_script_present"",""detected"":""ja"",""confidence"":1.0}",True,[],[],True,,"{""errors"":[]}",True,[],True,1,0,True,True,False,100,100,2474,21,2495,0,0,1185.18,1307,8,1315,0,0,1261.71
56e8881e4da8661fa673,93,haiku-4-5,managed-prompt,subtitle,da,jp,Ja og det er der et ord for:,それを表す 言葉があるわ,"{""c"":""そうだね、それには言葉があるよ:""}",そうだね、それには言葉があるよ:,False,1,0,True,True,False,True,,True,,True,"{""reason"":""target_script_present"",""detected"":""ja"",""confidence"":1.0}",True,[],[],True,,"{""errors"":[]}",True,[],True,1,0,True,True,False,100,100,2474,22,2496,0,0,1250.86,1309,8,1317,0,0,1308.13
a45e25cfa543a204f6fe,94,haiku-4-5,managed-prompt,subtitle,da,jp,"Jeg tror, at fisk har en slags tegnsprog.",魚には一種の 身ぶり言語がある,"{""c"":""魚には一種の手話があると思います。""}",魚には一種の手話があると思います。,False,1,0,True,True,False,True,,True,,True,"{""reason"":""target_script_present"",""detected"":""ja"",""confidence"":1.0}",True,[],[],True,,"{""errors"":[]}",True,[],True,1,0,True,True,False,100,100,2481,20,2501,0,0,1221.74,1319,8,1327,0,0,1506.95
502981eefe2020b3a1bb,95,haiku-4-5,managed-prompt,subtitle,da,jp,"Goddag, Chester.",こんにちは、チェスター,"{""c"":""こんにちは、チェスター。""}",こんにちは、チェスター。,False,1,0,True,True,False,True,,True,,True,"{""reason"":""target_script_present"",""detected"":""ja"",""confidence"":1.0}",True,[],[],True,,"{""errors"":[]}",True,[],True,1,0,True,True,False,100,100,2470,18,2488,0,0,1042.14,1300,8,1308,0,0,1185.69
bd415208c69929be7d60,96,haiku-4-5,managed-prompt,subtitle,da,jp,Fandens også.,ちっきしょう,"{""c"":""ちぇっ。""}",ちぇっ。,False,1,0,True,True,False,True,,True,,True,"{""reason"":""target_script_present"",""detected"":""ja"",""confidence"":1.0}",True,[],[],True,,"{""errors"":[]}",True,[],True,1,0,True,True,False,100,100,2469,14,2483,0,0,1468.75,1292,8,1300,0,0,1247.82
9598f1c75295c64c7985,97,haiku-4-5,managed-prompt,subtitle,da,jp,Hvorfor?,何故ですか?,"{""c"":""なぜ?""}",なぜ?,False,1,0,True,True,False,True,,True,,True,"{""reason"":""target_script_present"",""detected"":""ja"",""confidence"":1.0}",True,[],[],True,,"{""errors"":[{""category"":""tone"",""severity"":""minor""}]}",True,"[{""category"":""tone"",""severity"":""minor""}]",True,1,0,True,True,False,97,97,2468,12,2480,0,0,1079.67,1288,17,1305,0,0,1245.0
4fa7ca732022a0f8f0f8,98,haiku-4-5,managed-prompt,subtitle,da,jp,Nej.,- いや,"{""c"":""いいえ。""}",いいえ。,False,1,0,True,True,False,True,,True,,True,"{""reason"":""target_script_present"",""detected"":""ja"",""confidence"":1.0}",True,[],[],True,,"{""errors"":[]}",True,[],True,1,0,True,True,False,100,100,2468,12,2480,0,0,1003.46,1285,8,1293,0,0,1223.81
3167a33f2081e914a083,99,haiku-4-5,managed-prompt,subtitle,da,jp,"Hej, skatter.",- こんにちは - やぁ,"{""c"":""こんにちは、宝物たち。""}",こんにちは、宝物たち。,False,1,0,True,True,False,True,,True,,True,"{""reason"":""target_script_present"",""detected"":""ja"",""confidence"":1.0}",True,[],[],True,,"{""errors"":[]}",True,[],True,1,0,True,True,False,100,100,2471,19,2490,0,0,1443.35,1303,8,1311,0,0,1551.78
3725de20792d239b2275,100,haiku-4-5,managed-prompt,subtitle,da,nl,Har du en dårlig dag?,Heb je een rotdag?,"{""c"":""Heb je een slechte dag?""}",Heb je een slechte dag?,False,1,0,True,True,False,True,,True,,True,"{""reason"":""detector_match"",""detected"":""nl"",""confidence"":1.0}",True,[],[],True,,"{""errors"":[]}",True,[],True,1,0,True,True,False,100,100,2473,17,2490,0,0,1133.59,1300,8,1308,0,0,1336.34
e7a8ecea2ce3a0ab0dbf,101,haiku-4-5,managed-prompt,subtitle,da,nl,"- Ja, siden jeg mødte dig.",- Sinds ik jou ken.,"{""c"":""Ja, sinds ik je ontmoette.""}","Ja, sinds ik je ontmoette.",False,1,0,True,True,False,True,,True,,,"{""reason"":""detector_inconclusive"",""detected"":""af"",""confidence"":0.8571}",True,[],[],True,,"{""errors"":[]}",True,[],True,1,0,True,True,False,100,100,2474,18,2492,0,0,1033.75,1301,8,1309,0,0,2449.46
4c50c3a79fd630023448,102,haiku-4-5,managed-prompt,subtitle,da,nl,Klo.,- Hemeltje. Haak. - Haak?,"{""c"":""Klo.""}",Klo.,False,1,0,True,True,False,True,,True,,,"{""reason"":""too_short_for_language_detection"",""detected"":null,""confidence"":null}",True,[],"[{""code"":""source_copy_suspected""}]",True,,"{""errors"":[]}",True,[],True,1,0,True,True,False,97,97,2468,11,2479,0,0,1025.48,1294,8,1302,0,0,1326.33
81be89485ba09f367b2e,103,haiku-4-5,managed-prompt,subtitle,da,nl,Jeg... ville ikke have nogen arresteret.,Ik wilde niet dat er iemand gearresteerd werd.,"{""c"":""Ik... wilde niemand laten arresteren.""}",Ik... wilde niemand laten arresteren.,False,1,0,True,True,False,True,,True,,True,"{""reason"":""detector_match"",""detected"":""nl"",""confidence"":1.0}",True,[],[],True,,"{""errors"":[]}",True,[],True,1,0,True,True,False,100,100,2475,19,2494,0,0,1233.66,1310,8,1318,0,0,1260.33
5eeae39e34a1da18857a,104,haiku-4-5,managed-prompt,subtitle,da,nl,Ikke dårligt.,Helemaal niet slecht.,"{""c"":""Niet slecht.""}",Niet slecht.,False,1,0,True,True,False,True,,True,,True,"{""reason"":""detector_match"",""detected"":""nl"",""confidence"":0.8504}",True,[],[],True,,"{""errors"":[]}",True,[],True,1,0,True,True,False,100,100,2470,12,2482,0,0,1092.63,1290,8,1298,0,0,1233.23
b59d9186ebeb76b48460,105,haiku-4-5,managed-prompt,subtitle,da,nl,Grey kommer!,Daar komt Grey.,"{""c"":""Grey komt eraan!""}",Grey komt eraan!,False,1,0,True,True,False,True,,True,,,"{""reason"":""detector_inconclusive"",""detected"":""af"",""confidence"":0.5714}",True,[],[],True,,"{""errors"":[]}",True,[],True,1,0,True,True,False,100,100,2467,12,2479,0,0,1067.39,1284,8,1292,0,0,1340.04
61cc30cf6287c857b0d2,106,haiku-4-5,managed-prompt,subtitle,da,nl,Et kondom?,Een condoom?,"{""c"":""En condoom?""}",En condoom?,False,1,0,True,True,False,True,,True,,,"{""reason"":""detector_inconclusive"",""detected"":""pt"",""confidence"":0.7143}",True,[],[],True,,"{""errors"":[{""category"":""fluency"",""severity"":""major""}]}",False,"[{""category"":""fluency"",""severity"":""major""}]",True,1,0,True,True,False,85,85,2468,11,2479,0,0,1102.68,1285,18,1303,0,0,1274.46
70acaaaa4e00cf513c4c,107,haiku-4-5,managed-prompt,subtitle,da,nl,- Dr. Stella.,Dr Stella.,"{""c"":""Dr. Stella.""}",Dr. Stella.,False,1,0,True,True,False,True,,True,,,"{""reason"":""detector_inconclusive"",""detected"":""it"",""confidence"":0.5714}",True,[],[],True,,"{""errors"":[]}",True,[],True,1,0,True,True,False,100,100,2470,12,2482,0,0,922.63,1286,8,1294,0,0,1217.64
af4fbc9c8a6e875de5f0,108,haiku-4-5,managed-prompt,subtitle,da,nl,Jeg har en lang weekend til gode.,Ik heb een lang weekend tegoed.,"{""c"":""Ik heb een lang weekend tegoed.""}",Ik heb een lang weekend tegoed.,False,1,0,True,True,False,True,,True,,True,"{""reason"":""detector_match"",""detected"":""nl"",""confidence"":0.8571}",True,[],[],True,,"{""errors"":[]}",True,[],True,1,0,True,True,False,100,100,2474,18,2492,0,0,1748.52,1303,8,1311,0,0,1194.95
e53fce2a77ab43718ed0,109,haiku-4-5,managed-prompt,subtitle,da,nl,Sådan er reglernes.,Dat zijn de regels.,"{""c"":""Zo zijn de regels.""}",Zo zijn de regels.,False,1,0,True,True,False,True,,True,,True,"{""reason"":""detector_match"",""detected"":""nl"",""confidence"":1.0}",True,[],[],True,,"{""errors"":[]}",True,[],True,1,0,True,True,False,100,100,2472,14,2486,0,0,1084.18,1293,8,1301,0,0,1327.88
865118d9501c25ea5416,110,haiku-4-5,managed-prompt,subtitle,da,nb,Børnene har ikke sagt ja til noget.,Barna har ikke sagt ja til noe.,"{""c"":""Barna har ikke sagt ja til noe.""}",Barna har ikke sagt ja til noe.,False,1,0,True,True,False,True,,True,,True,"{""reason"":""detector_match"",""detected"":""no"",""confidence"":1.0}",True,[],[],True,,"{""errors"":[]}",True,[],True,1,0,True,True,False,100,100,2477,19,2496,0,0,1087.65,1308,8,1316,0,0,1187.99
68a1f256fdc3ec6c27fb,111,haiku-4-5,managed-prompt,subtitle,da,nb,"Lad os tage en drink, før vi går.",La oss ta en drink før vi går.,"{""c"":""La oss ta en drink før vi drar.""}",La oss ta en drink før vi drar.,False,1,0,True,True,False,True,,True,,True,"{""reason"":""detector_match"",""detected"":""no"",""confidence"":1.0}",True,[],[],True,,"{""errors"":[]}",True,[],True,1,0,True,True,False,100,100,2477,18,2495,0,0,1209.45,1305,8,1313,0,0,1220.83
081564b37796c1d0dc21,112,haiku-4-5,managed-prompt,subtitle,da,nb,Her er mit nummer.,Her er nummeret mitt.,"{""c"":""Her er nummeret mitt.""}",Her er nummeret mitt.,False,1,0,True,True,False,True,,True,,,"{""reason"":""detector_mismatch_uncertain"",""detected"":""da"",""confidence"":1.0}",True,[],[],True,,"{""errors"":[]}",True,[],True,1,0,True,True,False,100,100,2469,14,2483,0,0,1069.13,1290,8,1298,0,0,1201.04
7b9c3062263b8b0d7c98,113,haiku-4-5,managed-prompt,subtitle,da,nb,Men en gang var jeg meget forelsket i ham.,Men en gang i tiden var jeg svært forelsket i ham.,"{""c"":""En gang var jeg veldig forelsket i ham.""}",En gang var jeg veldig forelsket i ham.,False,1,0,True,True,False,True,,True,,True,"{""reason"":""detector_match"",""detected"":""no"",""confidence"":1.0}",True,[],[],True,,"{""errors"":[{""category"":""accuracy"",""severity"":""major""}]}",False,"[{""category"":""accuracy"",""severity"":""major""}]",True,1,0,True,True,False,85,85,2476,19,2495,0,0,1036.32,1310,17,1327,0,0,1375.57
a3b3d519a71f9b78a817,114,haiku-4-5,managed-prompt,subtitle,da,nb,- Ja.,-Jeg vet.,"{""c"":""- Ja.""}",- Ja.,False,1,0,True,True,False,True,,True,,,"{""reason"":""too_short_for_language_detection"",""detected"":null,""confidence"":null}",True,[],"[{""code"":""source_copy_suspected""}]",True,,"{""errors"":[]}",True,[],True,1,0,True,True,False,97,97,2468,11,2479,0,0,1051.57,1284,8,1292,0,0,1345.34
8bc367a3c83fdf3d9bb3,115,haiku-4-5,managed-prompt,subtitle,da,nb,Jeg har kameraet i mit.,Og jeg har kameraet. Hva nå?,"{""c"":""Jeg har kameraet i mitt.""}",Jeg har kameraet i mitt.,False,1,0,True,True,False,True,,True,,,"{""reason"":""detector_inconclusive"",""detected"":""no"",""confidence"":0.714}",True,[],[],True,,"{""errors"":[]}",True,[],True,1,0,True,True,False,100,100,2473,16,2489,0,0,1003.72,1303,8,1311,0,0,1182.78
54eb2834274f2261d6c9,116,haiku-4-5,managed-prompt,subtitle,da,nb,"Okay, venner.","Ok, folkens.","{""c"":""Okay, venner.""}","Okay, venner.",False,1,0,True,True,False,True,,True,,True,"{""reason"":""detector_match"",""detected"":""no"",""confidence"":1.0}",True,[],"[{""code"":""source_copy_suspected""}]",True,,"{""errors"":[]}",True,[],True,1,0,True,True,False,97,97,2470,13,2483,0,0,1016.7,1288,8,1296,0,0,1353.37
8835abe044e2b7c55efc,117,haiku-4-5,managed-prompt,subtitle,da,nb,De har aldrig fortalt mig det.,De fortalte meg aldri.,"{""c"":""De har aldri fortalt meg det.""}",De har aldri fortalt meg det.,False,1,0,True,True,False,True,,True,,,"{""reason"":""detector_inconclusive"",""detected"":""da"",""confidence"":0.7163}",True,[],[],True,,"{""errors"":[]}",True,[],True,1,0,True,True,False,100,100,2474,16,2490,0,0,1049.62,1298,8,1306,0,0,1252.76
0da15923efe67892806e,118,haiku-4-5,managed-prompt,subtitle,da,nb,"Retter kameraet nord, nordøst.",Retter om kameraet mot nord-nordøst.,"{""c"":""Retter kameraet nord, nordøst.""}","Retter kameraet nord, nordøst.",False,1,0,True,True,False,True,,True,,True,"{""reason"":""detector_match"",""detected"":""no"",""confidence"":1.0}",False,"[{""code"":""source_copied""}]",[],True,,"{""errors"":[]}",True,[],True,1,0,True,True,False,100,100,2476,19,2495,0,0,1025.65,1309,8,1317,0,0,1224.98
a944e3f7800af6db8a88,119,haiku-4-5,managed-prompt,subtitle,da,nb,- Du er noget af en kriminalknuser.,- Du bekjemper kriminalitet.,"{""c"":""Du er en helt ordentlig forbryter-knuser.""}",Du er en helt ordentlig forbryter-knuser.,False,1,0,True,True,False,True,,True,,,"{""reason"":""detector_inconclusive"",""detected"":""da"",""confidence"":0.5206}",True,[],[],True,,"{""errors"":[]}",True,[],True,1,0,True,True,False,100,100,2477,21,2498,0,0,1173.06,1309,8,1317,0,0,1307.62
2ad4f542c856ab590f41,120,haiku-4-5,managed-prompt,subtitle,de,da,Haben Sie die Leichen photographiert?,Fotograferede du liget?,"{""c"":""Har du fotograferet ligene?""}",Har du fotograferet ligene?,False,1,0,True,True,False,True,,True,,,"{""reason"":""detector_inconclusive"",""detected"":""no"",""confidence"":0.7142}",True,[],[],True,,"{""errors"":[{""category"":""accuracy"",""severity"":""minor""}]}",True,"[{""category"":""accuracy"",""severity"":""minor""}]",True,1,0,True,True,False,97,97,2474,15,2489,0,0,1131.91,1298,17,1315,0,0,1334.58
14610e5d57c555c39688,121,haiku-4-5,managed-prompt,subtitle,de,da,"Ich glaube nicht, dass das das Ende ist.","Jeg tror ikke, det her er enden.","{""c"":""Jeg tror ikke, at det er slutningen.""}","Jeg tror ikke, at det er slutningen.",False,1,0,True,True,False,True,,True,,True,"{""reason"":""detector_match"",""detected"":""da"",""confidence"":0.8458}",True,[],[],True,,"{""errors"":[]}",True,[],True,1,0,True,True,False,100,100,2477,19,2496,0,0,1123.57,1308,8,1316,0,0,1259.45
1c565758532a7f271dc0,122,haiku-4-5,managed-prompt,subtitle,de,da,Sie haben mich auch zurückgelassen.,- Jeg blev også efterladt!,"{""c"":""Du har også forladt mig.""}",Du har også forladt mig.,False,1,0,True,True,False,True,,True,,True,"{""reason"":""detector_match"",""detected"":""da"",""confidence"":1.0}",True,[],[],True,,"{""errors"":[{""category"":""accuracy"",""severity"":""major""}]}",False,"[{""category"":""accuracy"",""severity"":""major""}]",True,1,0,True,True,False,85,85,2474,16,2490,0,0,1165.52,1299,17,1316,0,0,1323.32
1392eb6f5d2a99e476c6,123,haiku-4-5,managed-prompt,subtitle,de,da,- Das müssen wir der Polizei erklären.,- Det må vi så bare forklare politiet.,"{""c"":""Det må vi forklare politiet.""}",Det må vi forklare politiet.,False,1,0,True,True,False,True,,True,,,"{""reason"":""detector_mismatch_uncertain"",""detected"":""no"",""confidence"":1.0}",True,[],[],True,,"{""errors"":[]}",True,[],True,1,0,True,True,False,100,100,2479,16,2495,0,0,1108.94,1307,8,1315,0,0,1163.76
f4b6422e2e825bf3bb43,124,haiku-4-5,managed-prompt,subtitle,de,da,"So wie ihr, ihr seid auch eine Gemeinschaft.",Ligesom jer. I er et samfund.,"{""c"":""Ligesom jer, I er også et fællesskab.""}","Ligesom jer, I er også et fællesskab.",False,1,0,True,True,False,True,,True,,True,"{""reason"":""detector_match"",""detected"":""da"",""confidence"":1.0}",True,[],[],True,,"{""errors"":[]}",True,[],True,1,0,True,True,False,100,100,2478,23,2501,0,0,1229.56,1313,8,1321,0,0,1368.87
a5c3a36f25a41fa92073,125,haiku-4-5,managed-prompt,subtitle,de,da,Und das hier.,Og den her ...,"{""c"":""Og det her.""}",Og det her.,False,1,0,True,True,False,True,,True,,True,"{""reason"":""detector_match"",""detected"":""da"",""confidence"":1.0}",True,[],[],True,,"{""errors"":[]}",True,[],True,1,0,True,True,False,100,100,2469,12,2481,0,0,984.32,1287,8,1295,0,0,2084.27
a49205cf704738e5912d,126,haiku-4-5,managed-prompt,subtitle,de,da,So viel weiß ich. Arbeiten Sie mit Hunter zusammen?,Samarbejder du med Hunter?,"{""c"":""Det ved jeg godt. Arbejder du sammen med Hunter?""}",Det ved jeg godt. Arbejder du sammen med Hunter?,False,1,0,True,True,False,True,,True,,True,"{""reason"":""detector_match"",""detected"":""da"",""confidence"":1.0}",True,[],[],True,,"{""errors"":[{""category"":""accuracy"",""severity"":""minor""}]}",True,"[{""category"":""accuracy"",""severity"":""minor""}]",True,1,0,True,True,False,97,97,2481,21,2502,0,0,1058.55,1312,17,1329,0,0,1258.75
034b55f731ab60264117,127,haiku-4-5,managed-prompt,subtitle,de,da,Genau.,Godt.,"{""c"":""Præcis.""}",Præcis.,False,1,0,True,True,False,True,,True,,,"{""reason"":""too_short_for_language_detection"",""detected"":null,""confidence"":null}",True,[],[],True,,"{""errors"":[]}",True,[],True,1,0,True,True,False,100,100,2468,12,2480,0,0,1115.4,1284,8,1292,0,0,1523.72
e35cae2b1e2d302be312,128,haiku-4-5,managed-prompt,subtitle,de,da,Was ist das?,Hvad er det?,"{""c"":""Hvad er det?""}",Hvad er det?,False,1,0,True,True,False,True,,True,,True,"{""reason"":""detector_match"",""detected"":""da"",""confidence"":1.0}",True,[],[],True,,"{""errors"":[]}",True,[],True,1,0,True,True,False,100,100,2468,13,2481,0,0,1066.29,1289,8,1297,0,0,1274.82
07ff7541ea86ae74ac91,129,haiku-4-5,managed-prompt,subtitle,de,da,"- Ja, ja, kann ich.","- Ja, det kan jeg.","{""c"":""Ja, ja, det kan jeg.""}","Ja, ja, det kan jeg.",False,1,0,True,True,False,True,,True,,,"{""reason"":""detector_inconclusive"",""detected"":""hr"",""confidence"":0.7143}",True,[],[],True,,"{""errors"":[]}",True,[],True,1,0,True,True,False,100,100,2473,16,2489,0,0,1061.59,1297,8,1305,0,0,1233.9
7f7ffcc81f61247320c6,130,haiku-4-5,managed-prompt,subtitle,de,en,Beweg dich nur nicht.,Just don't move.,"{""c"":""Just don't move.""}",Just don't move.,False,1,0,True,True,False,True,,True,,True,"{""reason"":""detector_match"",""detected"":""en"",""confidence"":0.8571}",True,[],[],True,,"{""errors"":[]}",True,[],True,1,0,True,True,False,100,100,2472,12,2484,0,0,1595.84,1289,8,1297,0,0,1316.15
1e8657483f83d767d69d,131,haiku-4-5,managed-prompt,subtitle,de,en,"Ich finde, du siehst gut aus.",You look good to me.,"{""c"":""I think you look good.""}",I think you look good.,False,1,0,True,True,False,True,,True,,,"{""reason"":""detector_inconclusive"",""detected"":""en"",""confidence"":0.5714}",True,[],[],True,,"{""errors"":[]}",True,[],True,1,0,True,True,False,100,100,2476,13,2489,0,0,1069.12,1295,8,1303,0,0,1251.47
ef0b12984dc62d51ea76,132,haiku-4-5,managed-prompt,subtitle,de,en,"Ho, ist das der Dank dafür das ich meine Rolle so Göttlich gespielt habe?","Ho, is that the thanks for playing my role so godly?","{""c"":""Hey, is that the thanks I get for playing my role so divinely?""}","Hey, is that the thanks I get for playing my role so divinely?",False,1,0,True,True,False,True,,True,,True,"{""reason"":""detector_match"",""detected"":""en"",""confidence"":1.0}",True,[],[],True,,"{""errors"":[]}",True,[],True,1,0,True,True,False,100,100,2491,23,2514,0,0,1151.42,1330,8,1338,0,0,1354.28
ddc78007e0e4e678af32,133,haiku-4-5,managed-prompt,subtitle,de,en,Er ist im Augenblick außer Form.,"Yeah, he's been a little off his game lately.","{""c"":""He is currently out of shape.""}",He is currently out of shape.,False,1,0,True,True,False,True,,True,,True,"{""reason"":""detector_match"",""detected"":""en"",""confidence"":1.0}",True,[],[],True,,"{""errors"":[]}",True,[],True,1,0,True,True,False,100,100,2476,14,2490,0,0,1028.33,1302,8,1310,0,0,1197.47
f8f55bc2680e46138cce,134,haiku-4-5,managed-prompt,subtitle,de,en,Wir haben Spaß dran und Talent dazu.,We're having fun. We showed aptitude for it.,"{""c"":""We have fun doing it and we're talented at it.""}",We have fun doing it and we're talented at it.,False,1,0,True,True,False,True,,True,,True,"{""reason"":""detector_match"",""detected"":""en"",""confidence"":1.0}",True,[],[],True,,"{""errors"":[]}",True,[],True,1,0,True,True,False,100,100,2480,19,2499,0,0,1113.15,1311,8,1319,0,0,1249.15
bcf6e6921b41b25e1445,135,haiku-4-5,managed-prompt,subtitle,de,en,"Wir gehen noch nicht lange miteinander, aber ich mag dich mehr als alles auf der Welt.","We haven't gone out very long, but I like you more than anyone I've ever dated.","{""c"":""We haven't been together for long, but I like you more than anything in the world.""}","We haven't been together for long, but I like you more than anything in the world.",False,1,0,True,True,False,True,,True,,True,"{""reason"":""detector_match"",""detected"":""en"",""confidence"":1.0}",True,[],[],True,,"{""errors"":[]}",True,[],True,1,0,True,True,False,100,100,2491,26,2517,0,0,1163.68,1337,8,1345,0,0,1247.21
8d695efca17394bbf4fd,136,haiku-4-5,managed-prompt,subtitle,de,en,"Wenn Sie eine falsche Handtasche kaufen, unterstützen Sie ein Multimilliarden-Geschäft, welches die Kinderarbeit aufrecht erhält, Geld von Drogenkartellen wäscht und Terroristen finanziert.","If you buy a fake purse, you are supporting a multibillion-dollar business which perpetuates child labor, launders drug cartel money, finances terrorists.","{""c"":""When you buy a counterfeit handbag, you're supporting a multi-billion dollar business that perpetuates child labor, launders drug cartel money, and finances terrorists.""}","When you buy a counterfeit handbag, you're supporting a multi-billion dollar business that perpetuates child labor, launders drug cartel money, and finances terrorists.",False,1,0,True,True,False,True,,True,,True,"{""reason"":""detector_match"",""detected"":""en"",""confidence"":0.8571}",True,[],[],True,,"{""errors"":[]}",True,[],True,1,0,True,True,False,100,100,2530,45,2575,0,0,1221.24,1410,8,1418,0,0,1278.83
785c6f752d9b8979148c,137,haiku-4-5,managed-prompt,subtitle,de,en,"Du könntest tun, was du willst.",You could do anything you want.,"{""c"":""You could do whatever you want.""}",You could do whatever you want.,False,1,0,True,True,False,True,,True,,True,"{""reason"":""detector_match"",""detected"":""en"",""confidence"":1.0}",True,[],[],True,,"{""errors"":[]}",True,[],True,1,0,True,True,False,100,100,2476,14,2490,0,0,1075.13,1297,8,1305,0,0,1166.9
e75887102870293f9a15,138,haiku-4-5,managed-prompt,subtitle,de,en,Ist schon gut.,That's OK.,"{""c"":""It's fine.""}",It's fine.,False,1,0,True,True,False,True,,True,,,"{""reason"":""too_short_for_language_detection"",""detected"":null,""confidence"":null}",True,[],[],True,,"{""errors"":[]}",True,[],True,1,0,True,True,False,100,100,2470,11,2481,0,0,1023.94,1285,8,1293,0,0,1269.45
2376fb280422ea098d3b,139,haiku-4-5,managed-prompt,subtitle,de,en,Von innen ist das leicht.,From the inside its easy.,"{""c"":""It's easy from the inside.""}",It's easy from the inside.,False,1,0,True,True,False,True,,True,,True,"{""reason"":""detector_match"",""detected"":""en"",""confidence"":1.0}",True,[],[],True,,"{""errors"":[]}",True,[],True,1,0,True,True,False,100,100,2472,14,2486,0,0,1058.98,1292,8,1300,0,0,1218.91
14deb81ccca21750a898,140,haiku-4-5,managed-prompt,subtitle,de,es,Was hat sie dir gesagt?,¿Qué te dijo?,"{""c"":""¿Qué te dijo ella?""}",¿Qué te dijo ella?,False,1,0,True,True,False,True,,True,,True,"{""reason"":""detector_match"",""detected"":""es"",""confidence"":0.8571}",True,[],[],True,,"{""errors"":[]}",True,[],True,1,0,True,True,False,100,100,2471,17,2488,0,0,1035.45,1299,8,1307,0,0,1461.72
be5bdd22e2d591995a6c,141,haiku-4-5,managed-prompt,subtitle,de,es,- Was heißt das?,- ¿Qué significa eso?,"{""c"":""¿Qué significa eso?""}",¿Qué significa eso?,False,1,0,True,True,False,True,,True,,,"{""reason"":""detector_inconclusive"",""detected"":""it"",""confidence"":0.5602}",True,[],[],True,,"{""errors"":[]}",True,[],True,1,0,True,True,False,100,100,2471,16,2487,0,0,1030.42,1300,8,1308,0,0,1248.95
ffa0ef51df6a5c93ac9f,142,haiku-4-5,managed-prompt,subtitle,de,es,Prüfen wir es.,"Bueno, probémoslo.","{""c"":""Déjalo que lo verifique.""}",Déjalo que lo verifique.,False,1,0,True,True,False,True,,True,,,"{""reason"":""detector_inconclusive"",""detected"":""es"",""confidence"":0.5714}",True,[],[],True,,"{""errors"":[{""category"":""accuracy"",""severity"":""major""}]}",False,"[{""category"":""accuracy"",""severity"":""major""}]",True,1,0,True,True,False,85,85,2472,17,2489,0,0,1185.07,1298,17,1315,0,0,1257.93
61bbe6001adde9a283a6,143,haiku-4-5,managed-prompt,subtitle,de,es,- Frank?,-¿Frank?,"{""c"":""¿Frank?""}",¿Frank?,False,1,0,True,True,False,True,,True,,,"{""reason"":""too_short_for_language_detection"",""detected"":null,""confidence"":null}",True,[],[],True,,"{""errors"":[]}",True,[],True,1,0,True,True,False,100,100,2467,11,2478,0,0,1126.8,1284,8,1292,0,0,1274.02
37f9956017b938d69159,144,haiku-4-5,managed-prompt,subtitle,de,es,Hast du 'n Problem?,¿Tienes algún problema?,"{""c"":""¿Tienes algún problema?""}",¿Tienes algún problema?,False,1,0,True,True,False,True,,True,,True,"{""reason"":""detector_match"",""detected"":""es"",""confidence"":1.0}",True,[],[],True,,"{""errors"":[]}",True,[],True,1,0,True,True,False,100,100,2473,16,2489,0,0,1096.65,1300,8,1308,0,0,1187.5
53c97c8b888220e3a38d,145,haiku-4-5,managed-prompt,subtitle,de,es,"Tante Rosamund sagte selbst, dass sie nicht weiß, was sie davon halten soll.",La misma tía Rosamund dijo que no sabía qué pensar de ello.,"{""c"":""La tía Rosamund dijo que ni siquiera ella sabe qué pensar al respecto.""}",La tía Rosamund dijo que ni siquiera ella sabe qué pensar al respecto.,False,1,0,True,True,False,True,,True,,True,"{""reason"":""detector_match"",""detected"":""es"",""confidence"":1.0}",True,[],[],True,,"{""errors"":[{""category"":""accuracy"",""severity"":""minor""}]}",True,"[{""category"":""accuracy"",""severity"":""minor""}]",True,1,0,True,True,False,97,97,2492,32,2524,0,0,1303.62,1347,17,1364,0,0,1400.75
70d611a2a996b846d460,146,haiku-4-5,managed-prompt,subtitle,de,es,Wir dachten dass Byron und Ike gleichzeitig am Portal zehn ankamen.,Pensábamos que Byron y Ike llegaron al Portal 10 de forma simultánea.,"{""c"":""Pensamos que Byron e Ike llegaron al Portal Diez al mismo tiempo.""}",Pensamos que Byron e Ike llegaron al Portal Diez al mismo tiempo.,False,1,0,True,True,False,True,,True,,True,"{""reason"":""detector_match"",""detected"":""es"",""confidence"":1.0}",True,[],[],True,,"{""errors"":[{""category"":""accuracy"",""severity"":""minor""},{""category"":""preservation"",""severity"":""minor""}]}",True,"[{""category"":""accuracy"",""severity"":""minor""},{""category"":""preservation"",""severity"":""minor""}]",True,1,0,True,True,False,94,94,2487,27,2514,0,0,1177.17,1337,26,1363,0,0,1332.58
316d6dcea325cc4f4071,147,haiku-4-5,managed-prompt,subtitle,de,es,"Vielleicht wollte ihm Conley wirklich das Geld geben, um den Buchmacher auszuzahlen.",Quizás Conley realmente fue le va a dar el dinero para pagar el corredor de apuestas.,"{""c"":""Tal vez Conley realmente quería darle el dinero para pagar al corredor de apuestas.""}",Tal vez Conley realmente quería darle el dinero para pagar al corredor de apuestas.,False,1,0,True,True,False,True,,True,,True,"{""reason"":""detector_match"",""detected"":""es"",""confidence"":1.0}",True,[],[],True,,"{""errors"":[]}",True,[],True,1,0,True,True,False,100,100,2498,33,2531,0,0,1190.04,1359,8,1367,0,0,1065.76
80bfa889f5df6c012899,148,haiku-4-5,managed-prompt,subtitle,de,es,"Nicht, weil ich Sie für eine deutsche Agentin hielt.",No es que crea que es Ud. un agente alemán.,"{""c"":""No, porque no la tomé por una agente alemana.""}","No, porque no la tomé por una agente alemana.",False,1,0,True,True,False,True,,True,,True,"{""reason"":""detector_match"",""detected"":""es"",""confidence"":1.0}",True,[],[],True,,"{""errors"":[{""category"":""accuracy"",""severity"":""major""}]}",False,"[{""category"":""accuracy"",""severity"":""major""}]",True,1,0,True,True,False,85,85,2480,21,2501,0,0,1168.03,1317,17,1334,0,0,1313.4
5e5ddf6e58d8a1dc1ac9,149,haiku-4-5,managed-prompt,subtitle,de,es,Hans hat mich betrunken in den Pool geworfen.,Hans estaba borracho y me tiró a la piscina.,"{""c"":""Hans me tiró borracho a la piscina.""}",Hans me tiró borracho a la piscina.,False,1,0,True,True,False,True,,True,,,"{""reason"":""detector_inconclusive"",""detected"":""es"",""confidence"":0.5714}",True,[],[],True,,"{""errors"":[{""category"":""accuracy"",""severity"":""major""}]}",False,"[{""category"":""accuracy"",""severity"":""major""}]",True,1,0,True,True,False,85,85,2478,20,2498,0,0,1173.41,1314,17,1331,0,0,1343.1
2f4325a9976f20dc4916,150,haiku-4-5,managed-prompt,subtitle,de,fr,- Sie hat den Stein.,- Elle a la pierre.,"{""c"":""Elle a la pierre.""}",Elle a la pierre.,False,1,0,True,True,False,True,,True,,,"{""reason"":""detector_inconclusive"",""detected"":""fr"",""confidence"":0.5714}",True,[],[],True,,"{""errors"":[]}",True,[],True,1,0,True,True,False,100,100,2472,12,2484,0,0,1091.89,1290,8,1298,0,0,2822.19
c48152222cba400c3e37,151,haiku-4-5,managed-prompt,subtitle,de,fr,"- Hey, was ist hier los?",- Que se passe-t-il ?,"{""c"":""Hey, qu'est-ce qui se passe ici?""}","Hey, qu'est-ce qui se passe ici?",False,1,0,True,True,False,True,,True,,True,"{""reason"":""detector_match"",""detected"":""fr"",""confidence"":1.0}",True,[],[],True,,"{""errors"":[]}",True,[],True,1,0,True,True,False,100,100,2472,21,2493,0,0,1070.18,1307,8,1315,0,0,1315.95
88ad93c73df9cbec9471,152,haiku-4-5,managed-prompt,subtitle,de,fr,Ich bin Dr. McKay.,Je suis le Dr McKay.,"{""c"":""Je suis le Dr McKay.""}",Je suis le Dr McKay.,False,1,0,True,True,False,True,,True,,True,"{""reason"":""detector_match"",""detected"":""fr"",""confidence"":1.0}",True,[],[],True,,"{""errors"":[]}",True,[],True,1,0,True,True,False,100,100,2472,15,2487,0,0,1006.57,1295,8,1303,0,0,1306.62
f691b8804a4488b57a46,153,haiku-4-5,managed-prompt,subtitle,de,fr,Ich unterschreibe einfach.,je vais juste signer.,"{""c"":""Je signe simplement.""}",Je signe simplement.,False,1,0,True,True,False,True,,True,,True,"{""reason"":""detector_match"",""detected"":""fr"",""confidence"":1.0}",True,[],[],True,,"{""errors"":[]}",True,[],True,1,0,True,True,False,100,100,2473,13,2486,0,0,920.49,1294,8,1302,0,0,1220.43
96ee0edeb63c743b9fa2,154,haiku-4-5,managed-prompt,subtitle,de,fr,Du willst Lexi sehen?,Tu veux voir Lexi ? Je vais t'y emmener.,"{""c"":""Tu veux voir Lexi?""}",Tu veux voir Lexi?,False,1,0,True,True,False,True,,True,,True,"{""reason"":""detector_match"",""detected"":""fr"",""confidence"":1.0}",True,[],[],True,,"{""errors"":[{""category"":""accuracy"",""severity"":""major""}]}",False,"[{""category"":""accuracy"",""severity"":""major""}]",True,1,0,True,True,False,85,85,2473,15,2488,0,0,1108.59,1307,17,1324,0,0,1242.3
8a8334dcb4064557ccc6,155,haiku-4-5,managed-prompt,subtitle,de,fr,Keating.,Keating.,"{""c"":""Keating.""}",Keating.,False,1,0,True,True,False,True,,True,,,"{""reason"":""too_short_for_language_detection"",""detected"":null,""confidence"":null}",True,[],[],True,,"{""errors"":[]}",True,[],True,1,0,True,True,False,100,100,2468,11,2479,0,0,1047.22,1283,8,1291,0,0,1271.03
c37ba8d293011c1baa1d,156,haiku-4-5,managed-prompt,subtitle,de,fr,Ich bringe euch das Wort Gottes.,Je viens vous apporter la parole de Dieu.,"{""c"":""Je vous apporte la parole de Dieu.""}",Je vous apporte la parole de Dieu.,False,1,0,True,True,False,True,,True,,True,"{""reason"":""detector_match"",""detected"":""fr"",""confidence"":1.0}",True,[],[],True,,"{""errors"":[]}",True,[],True,1,0,True,True,False,100,100,2478,19,2497,0,0,1090.39,1311,8,1319,0,0,1524.78
8240dd64d6efc28c05d9,157,haiku-4-5,managed-prompt,subtitle,de,fr,"Portia trug tatsächlich einen Brief von Sarah bei sich, datiert auf ihren 21. Geburtstag.","Portia avait sur elle une lettre de Sarah, datée de son 21e anniversaire.","{""c"":""Portia portait effectivement une lettre de Sarah datée de son 21e anniversaire.""}",Portia portait effectivement une lettre de Sarah datée de son 21e anniversaire.,False,1,0,True,True,False,True,,True,,True,"{""reason"":""detector_match"",""detected"":""fr"",""confidence"":1.0}",True,[],[],True,,"{""errors"":[]}",True,[],True,1,0,True,True,False,100,100,2494,30,2524,0,0,1089.86,1347,8,1355,0,0,1221.36
65ed44da9f2c3e646db0,158,haiku-4-5,managed-prompt,subtitle,de,fr,"Denkst du, du kannst den Fernseher besorgen?",Tu pourras ramener une télé ?,"{""c"":""Tu penses que tu peux trouver la télévision?""}",Tu penses que tu peux trouver la télévision?,False,1,0,True,True,False,True,,True,,True,"{""reason"":""detector_match"",""detected"":""fr"",""confidence"":1.0}",True,[],[],True,,"{""errors"":[]}",True,[],True,1,0,True,True,False,100,100,2482,22,2504,0,0,1178.67,1316,8,1324,0,0,1297.94
39ae46eb17ba163272de,159,haiku-4-5,managed-prompt,subtitle,de,fr,"Du lässt dich von ihr manipulieren, Jack.","Tu te laisses manipuler par elle, Jack.","{""c"":""Elle te manipule, Jack.""}","Elle te manipule, Jack.",False,1,0,True,True,False,True,,True,,,"{""reason"":""detector_inconclusive"",""detected"":""fr"",""confidence"":0.7143}",True,[],[],True,,"{""errors"":[{""category"":""accuracy"",""severity"":""major""}]}",False,"[{""category"":""accuracy"",""severity"":""major""}]",True,1,0,True,True,False,85,85,2478,14,2492,0,0,1188.15,1305,17,1322,0,0,1255.43
419fb2f3cc6f6886bfed,160,haiku-4-5,managed-prompt,subtitle,de,it,"Du, zurück, wo du hingehörst!","Tu, torna da dove sei venuto!","{""c"":""Tu, torna da dove sei venuto!""}","Tu, torna da dove sei venuto!",False,1,0,True,True,False,True,,True,,,"{""reason"":""detector_inconclusive"",""detected"":""pt"",""confidence"":0.5824}",True,[],[],True,,"{""errors"":[]}",True,[],True,1,0,True,True,False,100,100,2476,17,2493,0,0,1225.44,1303,8,1311,0,0,1307.97
268accce6b3bb3f2c1e1,161,haiku-4-5,managed-prompt,subtitle,de,it,"- Hey, Foster?","Ehi, Foster.","{""c"":""- Ehi, Foster?""}","- Ehi, Foster?",False,1,0,True,True,False,True,,True,,,"{""reason"":""detector_mismatch_uncertain"",""detected"":""de"",""confidence"":1.0}",True,[],[],True,,"{""errors"":[]}",True,[],True,1,0,True,True,False,100,100,2469,14,2483,0,0,1154.07,1291,8,1299,0,0,1271.46
e44bc0152bd3ba3b7b53,162,haiku-4-5,managed-prompt,subtitle,de,it,Jahre später starb er endlich. Und die Qual seines Lebens war vorbei.,"Anni dopo, finalmente mori', e la sua vita torturata, cesso'.","{""c"":""Anni dopo morì finalmente. E la sofferenza della sua vita era finita.""}",Anni dopo morì finalmente. E la sofferenza della sua vita era finita.,False,1,0,True,True,False,True,,True,,True,"{""reason"":""detector_match"",""detected"":""it"",""confidence"":1.0}",True,[],[],True,,"{""errors"":[]}",True,[],True,1,0,True,True,False,100,100,2487,27,2514,0,0,1208.34,1335,8,1343,0,0,1257.33
770d0acb51f1047e05d8,163,haiku-4-5,managed-prompt,subtitle,de,it,"Setz dich, ich gehe deine Farbe mischen.","Tu sei la prossima, ragazza. Siediti, vado a prepararti il colore.","{""c"":""Siediti, vado a mescolare il tuo colore.""}","Siediti, vado a mescolare il tuo colore.",False,1,0,True,True,False,True,,True,,True,"{""reason"":""detector_match"",""detected"":""it"",""confidence"":1.0}",True,[],[],True,,"{""errors"":[]}",True,[],True,1,0,True,True,False,100,100,2481,23,2504,0,0,1190.52,1328,8,1336,0,0,1157.84
c20c8c3a241210e45940,164,haiku-4-5,managed-prompt,subtitle,de,it,Verschwinde!,Vattene! (urla),"{""c"":""Sparisci!""}",Sparisci!,False,1,0,True,True,False,True,,True,,True,"{""reason"":""detector_match"",""detected"":""it"",""confidence"":1.0}",True,[],[],True,,"{""errors"":[]}",True,[],True,1,0,True,True,False,100,100,2469,12,2481,0,0,1247.42,1290,8,1298,0,0,1198.7
f831f3d0bf7755980988,165,haiku-4-5,managed-prompt,subtitle,de,it,"Darf ich mir Ihren Stift ausleihen, bitte?","Ouò prestarmi la sua penna, per favore? Orego, signora.","{""c"":""Posso prendere in prestito la tua penna, per favore?""}","Posso prendere in prestito la tua penna, per favore?",False,1,0,True,True,False,True,,True,,True,"{""reason"":""detector_match"",""detected"":""it"",""confidence"":1.0}",True,[],[],True,,"{""errors"":[{""category"":""tone"",""severity"":""major""}]}",False,"[{""category"":""tone"",""severity"":""major""}]",True,1,0,True,True,False,85,85,2483,26,2509,0,0,1220.03,1333,17,1350,0,0,1259.97
761e96835204e421ef9b,166,haiku-4-5,managed-prompt,subtitle,de,it,"Für Sie, mein Sohn, ist dies alles eine Glaubensprüfung.","Per te, figlio mio, questa è tutta una prova di fede.","{""c"":""Per te, mio figlio, tutto questo è una prova di fede.""}","Per te, mio figlio, tutto questo è una prova di fede.",False,1,0,True,True,False,True,,True,,True,"{""reason"":""detector_match"",""detected"":""it"",""confidence"":1.0}",True,[],[],True,,"{""errors"":[]}",True,[],True,1,0,True,True,False,100,100,2488,25,2513,0,0,1157.75,1332,8,1340,0,0,1132.58
7e4a827bbb90e86dd9d1,167,haiku-4-5,managed-prompt,subtitle,de,it,Seine Eltern verloren ihr einziges Kind um 3: 07Uhr heute morgen.,I suoi genitori hanno perso il loro unico figlio alle 3:07 di questa mattina.,"{""c"":""I suoi genitori hanno perso il loro unico figlio alle 3:07 questa mattina.""}",I suoi genitori hanno perso il loro unico figlio alle 3:07 questa mattina.,False,1,0,True,True,False,True,,True,,True,"{""reason"":""detector_match"",""detected"":""it"",""confidence"":1.0}",True,[],[],True,,"{""errors"":[]}",True,[],True,1,0,True,True,False,100,100,2488,30,2518,0,0,1312.61,1342,8,1350,0,0,1262.04
c1332b5311cb70bb4d69,168,haiku-4-5,managed-prompt,subtitle,de,it,Entschuldigen Sie!,Mi scusi!,"{""c"":""Mi scusi!""}",Mi scusi!,False,1,0,True,True,False,True,,True,,,"{""reason"":""too_short_for_language_detection"",""detected"":null,""confidence"":null}",True,[],[],True,,"{""errors"":[]}",True,[],True,1,0,True,True,False,100,100,2471,11,2482,0,0,1324.81,1286,8,1294,0,0,1268.3
ecc21803bf4cf261253f,169,haiku-4-5,managed-prompt,subtitle,de,it,"- Los, los, los!","- Forza, dai, dai!","{""c"":""Los, los, los!""}","Los, los, los!",False,1,0,True,True,False,True,,True,,,"{""reason"":""detector_mismatch_uncertain"",""detected"":""es"",""confidence"":1.0}",True,[],[],True,,"{""errors"":[{""category"":""accuracy"",""severity"":""critical""}]}",False,"[{""category"":""accuracy"",""severity"":""critical""}]",True,1,0,True,True,False,60,60,2471,13,2484,0,0,1139.9,1293,17,1310,0,0,1275.22
b006ec21f7ab8fbd58bb,170,haiku-4-5,managed-prompt,subtitle,de,jp,Menschliche Gefühle sind eine Gabe unserer tierischen Vorfahren.,人間の感情は 祖先からの贈り物だ,"{""c"":""人間の感情は、私たちの動物の祖先からの贈り物です。""}",人間の感情は、私たちの動物の祖先からの贈り物です。,False,1,0,True,True,False,True,,True,,True,"{""reason"":""target_script_present"",""detected"":""ja"",""confidence"":1.0}",True,[],[],True,,"{""errors"":[]}",True,[],True,1,0,True,True,False,100,100,2486,32,2518,0,0,1170.12,1338,8,1346,0,0,2429.25
4047180a0d108481ab32,171,haiku-4-5,managed-prompt,subtitle,de,jp,Was ist das?,なんだ？,"{""c"":""これは何ですか?""}",これは何ですか?,False,1,0,True,True,False,True,,True,,True,"{""reason"":""target_script_present"",""detected"":""ja"",""confidence"":1.0}",True,[],[],True,,"{""errors"":[]}",True,[],True,1,0,True,True,False,100,100,2468,14,2482,0,0,1038.12,1290,8,1298,0,0,3878.07
2596308f1c1d800996a1,172,haiku-4-5,managed-prompt,subtitle,de,jp,- Wo bist du gewesen?,「今まで何処に」 どうもね,"{""c"":""君はどこにいたの？""}",君はどこにいたの？,False,1,0,True,True,False,True,,True,,True,"{""reason"":""target_script_present"",""detected"":""ja"",""confidence"":1.0}",True,[],[],True,,"{""errors"":[]}",True,[],True,1,0,True,True,False,100,100,2473,16,2489,0,0,1060.41,1305,8,1313,0,0,1173.56
91c593c09db71db38eb6,173,haiku-4-5,managed-prompt,subtitle,de,jp,Was machst du hier?,何してるの？,"{""c"":""ここで何をしていますか?""}",ここで何をしていますか?,False,1,0,True,True,False,True,,True,,True,"{""reason"":""target_script_present"",""detected"":""ja"",""confidence"":1.0}",True,[],[],True,,"{""errors"":[{""category"":""tone"",""severity"":""minor""}]}",True,"[{""category"":""tone"",""severity"":""minor""}]",True,1,0,True,True,False,97,97,2470,17,2487,0,0,1122.83,1295,17,1312,0,0,1310.35
f5dea4324ce230881ca4,174,haiku-4-5,managed-prompt,subtitle,de,jp,Die Granate muss eine Art Gift freigesetzt haben.,手榴弾は 何らかの毒物を 放ったに違いない,"{""c"":""手榴弾は何らかの毒を放出したに違いない。""}",手榴弾は何らかの毒を放出したに違いない。,False,1,0,True,True,False,True,,True,,True,"{""reason"":""target_script_present"",""detected"":""ja"",""confidence"":1.0}",True,[],[],True,,"{""errors"":[]}",True,[],True,1,0,True,True,False,100,100,2479,28,2507,0,0,1211.29,1332,8,1340,0,0,1207.46
fecca7f23fdb2aa3ec40,175,haiku-4-5,managed-prompt,subtitle,de,jp,Sie wäre diesen März 30 geworden.,この３月で３０歳,"{""c"":""彼女は今年の3月で30歳になっていたはずです。""}",彼女は今年の3月で30歳になっていたはずです。,False,1,0,True,True,False,True,,True,,True,"{""reason"":""target_script_present"",""detected"":""ja"",""confidence"":1.0}",True,[],"[{""code"":""number_not_exact"",""expected"":{""30"":1},""actual"":{""3"":1,""30"":1}}]",True,,"{""errors"":[]}",True,[],True,1,0,True,True,False,97,97,2477,28,2505,0,0,1210.24,1315,8,1323,0,0,1288.66
67c90490817a99274704,176,haiku-4-5,managed-prompt,subtitle,de,jp,"Sie stehen auf der Liste, Juliet.",リストに入ってるんだ、ジュリエット,"{""c"":""あなたはリストに載っています、Juliet。""}",あなたはリストに載っています、Juliet。,False,1,0,True,True,False,True,,True,,True,"{""reason"":""target_script_present"",""detected"":""ja"",""confidence"":1.0}",True,[],[],True,,"{""errors"":[{""category"":""preservation"",""severity"":""minor""},{""category"":""tone"",""severity"":""minor""}]}",True,"[{""category"":""preservation"",""severity"":""minor""},{""category"":""tone"",""severity"":""minor""}]",True,1,0,True,True,False,94,94,2475,22,2497,0,0,1166.38,1316,26,1342,0,0,1303.46
3d960629185f5bae7c2f,177,haiku-4-5,managed-prompt,subtitle,de,jp,Eine um ihn zu beschützen.,彼を庇護するものは 一体.,"{""c"":""彼を守るために。""}",彼を守るために。,False,1,0,True,True,False,True,,True,,True,"{""reason"":""target_script_present"",""detected"":""ja"",""confidence"":1.0}",True,[],[],True,,"{""errors"":[{""category"":""accuracy"",""severity"":""minor""}]}",True,"[{""category"":""accuracy"",""severity"":""minor""}]",True,1,0,True,True,False,97,97,2473,14,2487,0,0,1067.4,1301,17,1318,0,0,1353.81
e2b890fd52ad379d3b7d,178,haiku-4-5,managed-prompt,subtitle,de,jp,Und Amerika wieder funktionstüchtig machen!,アメリカを取り戻そう！,"{""c"":""アメリカを再び機能させる!""}",アメリカを再び機能させる!,False,1,0,True,True,False,True,,True,,True,"{""reason"":""target_script_present"",""detected"":""ja"",""confidence"":1.0}",True,[],[],True,,"{""errors"":[]}",True,[],True,1,0,True,True,False,100,100,2477,19,2496,0,0,1258.09,1309,8,1317,0,0,1110.78
d48d2bd3a4b8f8b49524,179,haiku-4-5,managed-prompt,subtitle,de,jp,Nicht wegen dir und nicht wegen der Polizei.,貴方の為でも　警察の為でもないの いいわね？,"{""c"":""君のせいじゃなくて、警察のせいでもない。""}",君のせいじゃなくて、警察のせいでもない。,False,1,0,True,True,False,True,,True,,True,"{""reason"":""target_script_present"",""detected"":""ja"",""confidence"":1.0}",True,[],[],True,,"{""errors"":[]}",True,[],True,1,0,True,True,False,100,100,2479,27,2506,0,0,1282.89,1329,8,1337,0,0,1197.59
6d5efd9b48fd8903db96,180,haiku-4-5,managed-prompt,subtitle,de,nl,Uns wird kalt und wir frösteln.,"Dat je het koud hebt, en rillerig bent.","{""c"":""Ons is koud en we rillen.""}",Ons is koud en we rillen.,False,1,0,True,True,False,True,,True,,,"{""reason"":""detector_mismatch_uncertain"",""detected"":""af"",""confidence"":1.0}",True,[],[],True,,"{""errors"":[{""category"":""fluency"",""severity"":""major""}]}",False,"[{""category"":""fluency"",""severity"":""major""}]",True,1,0,True,True,False,85,85,2477,18,2495,0,0,1232.11,1310,18,1328,0,0,1268.27
fc89106aba2527893afc,181,haiku-4-5,managed-prompt,subtitle,de,nl,Mein Vater hält mich unter ständiger Beobachtung.,Mijn vader laat me constant bewaken.,"{""c"":""Mijn vader houdt me onder constant toezicht.""}",Mijn vader houdt me onder constant toezicht.,False,1,0,True,True,False,True,,True,,True,"{""reason"":""detector_match"",""detected"":""nl"",""confidence"":1.0}",True,[],[],True,,"{""errors"":[]}",True,[],True,1,0,True,True,False,100,100,2484,20,2504,0,0,1086.29,1315,8,1323,0,0,1194.37
8949ea5b35d1b76022d3,182,haiku-4-5,managed-prompt,subtitle,de,nl,Es wird dir vielleicht ein wenig... Vielleicht sogar sehr verrückt vorkommen. Aber wir sind deine Brüder.,"Dit klinkt vast een beetje... of heel erg vreemd, maar we zijn je broers.","{""c"":""Het zal je misschien een beetje... Misschien zelfs erg gek lijken. Maar wij zijn je broers.""}",Het zal je misschien een beetje... Misschien zelfs erg gek lijken. Maar wij zijn je broers.,False,1,0,True,True,False,True,,True,,True,"{""reason"":""detector_match"",""detected"":""nl"",""confidence"":1.0}",True,[],[],True,,"{""errors"":[]}",True,[],True,1,0,True,True,False,100,100,2503,40,2543,0,0,1225.05,1367,8,1375,0,0,1128.25
f589795c2316c702c7e0,183,haiku-4-5,managed-prompt,subtitle,de,nl,-Anderthalb.,- Anderhalf.,"{""c"":""-Anderhalve.""}",-Anderhalve.,False,1,0,True,True,False,True,,True,,,"{""reason"":""detector_mismatch_uncertain"",""detected"":""de"",""confidence"":1.0}",True,[],[],True,,"{""errors"":[]}",True,[],True,1,0,True,True,False,100,100,2470,13,2483,0,0,1192.01,1287,8,1295,0,0,1265.19
764c0f7a4d9a06c4a113,184,haiku-4-5,managed-prompt,subtitle,de,nl,Ich brauche... - Ich brauche eure Hilfe.,"- Wacht, ik heb hulp nodig.","{""c"":""Ik heb jullie hulp nodig.""}",Ik heb jullie hulp nodig.,False,1,0,True,True,False,True,,True,,,"{""reason"":""detector_mismatch_uncertain"",""detected"":""af"",""confidence"":1.0}",True,[],[],True,,"{""errors"":[]}",True,[],True,1,0,True,True,False,100,100,2482,19,2501,0,0,1107.79,1315,8,1323,0,0,1286.1
3a8ef3ada32fd693d97d,185,haiku-4-5,managed-prompt,subtitle,de,nl,Einstein flog auch zweimal von der Schule.,Einstein is twee keer van school weggestuurd.,"{""c"":""Einstein vloog ook twee keer van school af.""}",Einstein vloog ook twee keer van school af.,False,1,0,True,True,False,True,,True,,,"{""reason"":""detector_mismatch_uncertain"",""detected"":""af"",""confidence"":1.0}",True,[],[],True,,"{""errors"":[{""category"":""accuracy"",""severity"":""major""}]}",False,"[{""category"":""accuracy"",""severity"":""major""}]",True,1,0,True,True,False,85,85,2476,18,2494,0,0,1163.01,1306,17,1323,0,0,1393.09
51e674e7e33381a1cdc4,186,haiku-4-5,managed-prompt,subtitle,de,nl,Die Taschenlampe.,Geef me de zaklamp.,"{""c"":""De zaklamp.""}",De zaklamp.,False,1,0,True,True,False,True,,True,,,"{""reason"":""detector_inconclusive"",""detected"":""tr"",""confidence"":0.5714}",True,[],[],True,,"{""errors"":[]}",True,[],True,1,0,True,True,False,100,100,2472,12,2484,0,0,1455.64,1293,8,1301,0,0,1222.82
36b3cdd09c03be320ec1,187,haiku-4-5,managed-prompt,subtitle,de,nl,"Du bist imstande, sympathisch, freundlich und großzügig zu sein.",Jij bent in staat tot medeleven... en vriendelijkheid en vrijgevigheid.,"{""c"":""Je bent in staat om sympathiek, vriendelijk en genereus te zijn.""}","Je bent in staat om sympathiek, vriendelijk en genereus te zijn.",False,1,0,True,True,False,True,,True,,True,"{""reason"":""detector_match"",""detected"":""nl"",""confidence"":1.0}",True,[],[],True,,"{""errors"":[]}",True,[],True,1,0,True,True,False,100,100,2485,24,2509,0,0,1132.46,1331,8,1339,0,0,1278.33
21884a0ae8205dda0885,188,haiku-4-5,managed-prompt,subtitle,de,nl,Viele Leute haben mich gefragt:,Veel mensen kwamen naar me toe en vroegen:,"{""c"":""Veel mensen hebben me gevraagd:""}",Veel mensen hebben me gevraagd:,False,1,0,True,True,False,True,,True,,True,"{""reason"":""detector_match"",""detected"":""nl"",""confidence"":1.0}",True,[],[],True,,"{""errors"":[]}",True,[],True,1,0,True,True,False,100,100,2477,17,2494,0,0,1107.98,1306,8,1314,0,0,1272.44
a5a12d9bea288f97ec35,189,haiku-4-5,managed-prompt,subtitle,de,nl,- Nein. - Warum nicht?,- Waarom niet?,"{""c"":""- Nee. - Waarom niet?""}",- Nee. - Waarom niet?,False,1,0,True,True,False,True,,True,,,"{""reason"":""detector_mismatch_uncertain"",""detected"":""af"",""confidence"":1.0}",True,[],[],True,,"{""errors"":[]}",True,[],True,1,0,True,True,False,100,100,2475,18,2493,0,0,1092.8,1301,8,1309,0,0,1270.95
bacb27c5a32b3ac9ac15,190,haiku-4-5,managed-prompt,subtitle,de,nb,Und noch mehr.,Det er mer.,"{""c"":""Og mer til.""}",Og mer til.,False,1,0,True,True,False,True,,True,,,"{""reason"":""detector_mismatch_uncertain"",""detected"":""da"",""confidence"":0.9892}",True,[],[],True,,"{""errors"":[]}",True,[],True,1,0,True,True,False,100,100,2469,12,2481,0,0,1071.01,1285,8,1293,0,0,1234.36
24312567ec3ed243d03f,191,haiku-4-5,managed-prompt,subtitle,de,nb,Du kommst also zuerst zu mir.,Du kommer til meg først.,"{""c"":""Du kommer altså først til meg.""}",Du kommer altså først til meg.,False,1,0,True,True,False,True,,True,,True,"{""reason"":""detector_match"",""detected"":""no"",""confidence"":1.0}",True,[],[],True,,"{""errors"":[]}",True,[],True,1,0,True,True,False,100,100,2474,15,2489,0,0,1153.55,1295,8,1303,0,0,1170.38
f52dd19f306562d51aaa,192,haiku-4-5,managed-prompt,subtitle,de,nb,Das ist falsch und würde Nikki nicht gefallen.,Det er helt feil. Og Nikki ville ikke like det.,"{""c"":""Det er feil og ville ikke gjøre Nikki glad.""}",Det er feil og ville ikke gjøre Nikki glad.,False,1,0,True,True,False,True,,True,,True,"{""reason"":""detector_match"",""detected"":""no"",""confidence"":1.0}",True,[],[],True,,"{""errors"":[]}",True,[],True,1,0,True,True,False,100,100,2478,22,2500,0,0,1288.98,1316,8,1324,0,0,1239.79
bd757192f4ee5d0f04fd,193,haiku-4-5,managed-prompt,subtitle,de,nb,Meine Theorie war richtig.,Teorien min var riktig.,"{""c"":""Teorien min var riktig.""}",Teorien min var riktig.,False,1,0,True,True,False,True,,True,,,"{""reason"":""detector_inconclusive"",""detected"":""sv"",""confidence"":0.8571}",True,[],[],True,,"{""errors"":[]}",True,[],True,1,0,True,True,False,100,100,2474,16,2490,0,0,1271.53,1299,8,1307,0,0,1538.96
80f84488feddff52ecd3,194,haiku-4-5,managed-prompt,subtitle,de,nb,"Wiederhole das über die Leute, die gestorben sind.",Si det om de som døde.,"{""c"":""Gjenta det om folket som døde.""}",Gjenta det om folket som døde.,False,1,0,True,True,False,True,,True,,True,"{""reason"":""detector_match"",""detected"":""no"",""confidence"":1.0}",True,[],[],True,,"{""errors"":[]}",True,[],True,1,0,True,True,False,100,100,2481,18,2499,0,0,1209.04,1307,8,1315,0,0,1382.25
bd266feb4eb4d5c831c0,195,haiku-4-5,managed-prompt,subtitle,de,nb,Osmund! Osmund!,Osmund.,"{""c"":""Osmund! Osmund!""}",Osmund! Osmund!,False,1,0,True,True,False,True,,True,,,"{""reason"":""detector_mismatch_uncertain"",""detected"":""de"",""confidence"":1.0}",True,[],"[{""code"":""source_copy_suspected""}]",True,,"{""errors"":[]}",True,[],True,1,0,True,True,False,97,97,2472,15,2487,0,0,1017.01,1291,8,1299,0,0,1062.67
1171037db23c386af2a5,196,haiku-4-5,managed-prompt,subtitle,de,nb,- Wieso nicht?,- Hvorfor ikke?,"{""c"":""Hvorfor ikke?""}",Hvorfor ikke?,False,1,0,True,True,False,True,,True,,,"{""reason"":""detector_mismatch_uncertain"",""detected"":""da"",""confidence"":1.0}",True,[],[],True,,"{""errors"":[{""category"":""preservation"",""severity"":""minor""}]}",True,"[{""category"":""preservation"",""severity"":""minor""}]",True,1,0,True,True,False,97,97,2470,12,2482,0,0,1055.61,1290,17,1307,0,0,1216.56
a14a7ceb9ab2f42b5b22,197,haiku-4-5,managed-prompt,subtitle,de,nb,"Los, vorwärts.",Kom igjen! Kom igjen! Fortsett!,"{""c"":""Los, framover.""}","Los, framover.",False,1,0,True,True,False,True,,True,,,"{""reason"":""detector_inconclusive"",""detected"":""es"",""confidence"":0.5714}",True,[],[],True,,"{""errors"":[]}",True,[],True,1,0,True,True,False,100,100,2471,12,2483,0,0,1096.9,1297,8,1305,0,0,1295.17
28b2f9299a77602a1fd6,198,haiku-4-5,managed-prompt,subtitle,de,nb,Das ist erst der Anfang. - Alles klar.,Dette er bare begynnelsen.,"{""c"":""Dette er bare begynnelsen. - Helt greit.""}",Dette er bare begynnelsen. - Helt greit.,False,1,0,True,True,False,True,,True,,True,"{""reason"":""detector_match"",""detected"":""no"",""confidence"":1.0}",True,[],[],True,,"{""errors"":[]}",True,[],True,1,0,True,True,False,100,100,2479,21,2500,0,0,1230.8,1308,8,1316,0,0,1201.0
6e02bd295c372b8c684f,199,haiku-4-5,managed-prompt,subtitle,de,nb,Mom... ist Dad da?,Mamma? Er pappa der?,"{""c"":""Mamma... er Pappa der?""}",Mamma... er Pappa der?,False,1,0,True,True,False,True,,True,,,"{""reason"":""detector_inconclusive"",""detected"":""sv"",""confidence"":0.4286}",True,[],[],True,,"{""errors"":[]}",True,[],True,1,0,True,True,False,100,100,2470,17,2487,0,0,1112.18,1298,8,1306,0,0,1227.66
596714d15cea0b307f46,200,haiku-4-5,managed-prompt,subtitle,en,da,- Preston!,Preston.,"{""c"":""- Preston!""}",- Preston!,False,1,0,True,True,False,True,,True,,,"{""reason"":""too_short_for_language_detection"",""detected"":null,""confidence"":null}",True,[],"[{""code"":""source_copy_suspected""}]",True,,"{""errors"":[]}",True,[],True,1,0,True,True,False,97,97,2467,10,2477,0,0,1043.6,1279,8,1287,0,0,1251.32
f688a76c78bc76358402,201,haiku-4-5,managed-prompt,subtitle,en,da,In a language only I could understand.,"På et sprog, kun jeg kunne forstå.","{""c"":""På et sprog, som kun jeg kunne forstå.""}","På et sprog, som kun jeg kunne forstå.",False,1,0,True,True,False,True,,True,,,"{""reason"":""detector_mismatch_uncertain"",""detected"":""no"",""confidence"":1.0}",True,[],[],True,,"{""errors"":[]}",True,[],True,1,0,True,True,False,100,100,2472,19,2491,0,0,1193.56,1302,8,1310,0,0,1132.05
5a8ea019b94e0d638ddc,202,haiku-4-5,managed-prompt,subtitle,en,da,'Cause he is too damn clean.,For han er alt for ren.,"{""c"":""Fordi han er alt for forbandende ren.""}",Fordi han er alt for forbandende ren.,False,1,0,True,True,False,True,,True,,True,"{""reason"":""detector_match"",""detected"":""da"",""confidence"":1.0}",True,[],[],True,,"{""errors"":[{""category"":""accuracy"",""severity"":""minor""}]}",True,"[{""category"":""accuracy"",""severity"":""minor""}]",True,1,0,True,True,False,97,97,2474,20,2494,0,0,1227.68,1300,17,1317,0,0,1254.92
42d82eefee3598a2611e,203,haiku-4-5,managed-prompt,subtitle,en,da,No more impromptu swimming lessons?,Ikke flere spontane svømmetimer?,"{""c"":""Ingen flere spontane svømmelektioner?""}",Ingen flere spontane svømmelektioner?,False,1,0,True,True,False,True,,True,,,"{""reason"":""detector_mismatch_uncertain"",""detected"":""no"",""confidence"":1.0}",True,[],[],True,,"{""errors"":[]}",True,[],True,1,0,True,True,False,100,100,2472,18,2490,0,0,1786.7,1302,8,1310,0,0,1360.96
088e3b6d27c2030e724a,204,haiku-4-5,managed-prompt,subtitle,en,da,"Listen, I'm gonna get you out of here.","Hør, jeg får dig ud herfra.","{""c"":""Lyt, jeg skal få dig ud af her.""}","Lyt, jeg skal få dig ud af her.",False,1,0,True,True,False,True,,True,,True,"{""reason"":""detector_match"",""detected"":""da"",""confidence"":1.0}",True,[],[],True,,"{""errors"":[]}",True,[],True,1,0,True,True,False,100,100,2475,19,2494,0,0,1210.71,1306,8,1314,0,0,1108.27
480fd315118bac0d25fa,205,haiku-4-5,managed-prompt,subtitle,en,da,I must go.,Jeg må videre!,"{""c"":""Jeg må gå.""}",Jeg må gå.,False,1,0,True,True,False,True,,True,,,"{""reason"":""too_short_for_language_detection"",""detected"":null,""confidence"":null}",True,[],[],True,,"{""errors"":[]}",True,[],True,1,0,True,True,False,100,100,2468,13,2481,0,0,1328.86,1287,8,1295,0,0,1028.07
a1f541de1992e48d49d1,206,haiku-4-5,managed-prompt,subtitle,en,da,"Shredded communications from private contractors working with the DOJ, NSA, CIA, FBI- all the initials.","Ødelagt kommunikation fra private virksomheder, der arbejder med Justitsministeriet, NSA, CIA, FBI... - Alle initialerne.","{""c"":""Makuleret kommunikation fra private entreprenører, der arbejder med DOJ, NSA, CIA, FBI - alle initialerne.""}","Makuleret kommunikation fra private entreprenører, der arbejder med DOJ, NSA, CIA, FBI - alle initialerne.",False,1,0,True,True,False,True,,True,,True,"{""reason"":""detector_match"",""detected"":""da"",""confidence"":1.0}",True,[],[],True,,"{""errors"":[]}",True,[],True,1,0,True,True,False,100,100,2490,37,2527,0,0,1423.02,1366,8,1374,0,0,1555.01
0c8c61ad8428b0baf096,207,haiku-4-5,managed-prompt,subtitle,en,da,She's right.,Hun har ret.,"{""c"":""Hun har ret.""}",Hun har ret.,False,1,0,True,True,False,True,,True,,,"{""reason"":""detector_mismatch_uncertain"",""detected"":""no"",""confidence"":1.0}",True,[],[],True,,"{""errors"":[]}",True,[],True,1,0,True,True,False,100,100,2468,11,2479,0,0,1216.47,1283,8,1291,0,0,1267.33
8a5a2d80e8596c4d5543,208,haiku-4-5,managed-prompt,subtitle,en,da,No comment.,Ingen kommentarer.,"{""c"":""Ingen kommentar.""}",Ingen kommentar.,False,1,0,True,True,False,True,,True,,,"{""reason"":""detector_mismatch_uncertain"",""detected"":""no"",""confidence"":1.0}",True,[],[],True,,"{""errors"":[]}",True,[],True,1,0,True,True,False,100,100,2467,13,2480,0,0,1065.96,1286,8,1294,0,0,1232.72
bcea1c4e23a81c83f9d5,209,haiku-4-5,managed-prompt,subtitle,en,da,"Do your job, man.","Gør dit arbejde, mand.","{""c"":""Gør dit arbejde, mand.""}","Gør dit arbejde, mand.",False,1,0,True,True,False,True,,True,,True,"{""reason"":""detector_match"",""detected"":""da"",""confidence"":1.0}",True,[],[],True,,"{""errors"":[]}",True,[],True,1,0,True,True,False,100,100,2470,17,2487,0,0,1128.11,1297,8,1305,0,0,1748.41
373a4fa4669f1b5e26bb,210,haiku-4-5,managed-prompt,subtitle,en,de,Just don't move.,Beweg dich nur nicht.,"{""c"":""Bleib einfach stehen.""}",Bleib einfach stehen.,False,1,0,True,True,False,True,,True,,True,"{""reason"":""detector_match"",""detected"":""de"",""confidence"":1.0}",True,[],[],True,,"{""errors"":[]}",True,[],True,1,0,True,True,False,100,100,2469,16,2485,0,0,1110.36,1293,8,1301,0,0,1209.56
4f1ea01df046d8aa327f,211,haiku-4-5,managed-prompt,subtitle,en,de,You look good to me.,"Ich finde, du siehst gut aus.","{""c"":""Du siehst für mich gut aus.""}",Du siehst für mich gut aus.,False,1,0,True,True,False,True,,True,,True,"{""reason"":""detector_match"",""detected"":""de"",""confidence"":1.0}",True,[],[],True,,"{""errors"":[]}",True,[],True,1,0,True,True,False,100,100,2470,17,2487,0,0,1133.4,1299,8,1307,0,0,1198.26
62b72937f9bd5c259912,212,haiku-4-5,managed-prompt,subtitle,en,de,"Ho, is that the thanks for playing my role so godly?","Ho, ist das der Dank dafür das ich meine Rolle so Göttlich gespielt habe?","{""c"":""Ho, ist das der Dank dafür, dass ich meine Rolle so großartig gespielt habe?""}","Ho, ist das der Dank dafür, dass ich meine Rolle so großartig gespielt habe?",False,1,0,True,True,False,True,,True,,True,"{""reason"":""detector_match"",""detected"":""de"",""confidence"":1.0}",True,[],[],True,,"{""errors"":[]}",True,[],True,1,0,True,True,False,100,100,2478,34,2512,0,0,1242.0,1341,8,1349,0,0,1122.51
51b9af4a26c237acfa74,213,haiku-4-5,managed-prompt,subtitle,en,de,"Yeah, he's been a little off his game lately.",Er ist im Augenblick außer Form.,"{""c"":""Ja, er ist in letzter Zeit etwas nicht in Form.""}","Ja, er ist in letzter Zeit etwas nicht in Form.",False,1,0,True,True,False,True,,True,,True,"{""reason"":""detector_match"",""detected"":""de"",""confidence"":1.0}",True,[],[],True,,"{""errors"":[]}",True,[],True,1,0,True,True,False,100,100,2476,24,2500,0,0,1074.27,1312,8,1320,0,0,1089.44
3846b36dd2b396e58aa7,214,haiku-4-5,managed-prompt,subtitle,en,de,We're having fun. We showed aptitude for it.,Wir haben Spaß dran und Talent dazu.,"{""c"":""Wir haben Spaß. Wir haben Talent dafür gezeigt.""}",Wir haben Spaß. Wir haben Talent dafür gezeigt.,False,1,0,True,True,False,True,,True,,True,"{""reason"":""detector_match"",""detected"":""de"",""confidence"":1.0}",True,[],[],True,,"{""errors"":[]}",True,[],True,1,0,True,True,False,100,100,2476,29,2505,0,0,1401.13,1321,8,1329,0,0,1423.72
da19d77763649da0e611,215,haiku-4-5,managed-prompt,subtitle,en,de,"We haven't gone out very long, but I like you more than anyone I've ever dated.","Wir gehen noch nicht lange miteinander, aber ich mag dich mehr als alles auf der Welt.","{""c"":""Wir sind noch nicht lange zusammen, aber ich mag dich mehr als jeden, den ich je gedatet habe.""}","Wir sind noch nicht lange zusammen, aber ich mag dich mehr als jeden, den ich je gedatet habe.",False,1,0,True,True,False,True,,True,,True,"{""reason"":""detector_match"",""detected"":""de"",""confidence"":1.0}",True,[],[],True,,"{""errors"":[]}",True,[],True,1,0,True,True,False,100,100,2484,34,2518,0,0,1341.83,1345,8,1353,0,0,1163.53
4a3748832b38c46a4954,216,haiku-4-5,managed-prompt,subtitle,en,de,"If you buy a fake purse, you are supporting a multibillion-dollar business which perpetuates child labor, launders drug cartel money, finances terrorists.","Wenn Sie eine falsche Handtasche kaufen, unterstützen Sie ein Multimilliarden-Geschäft, welches die Kinderarbeit aufrecht erhält, Geld von Drogenkartellen wäscht und Terroristen finanziert.","{""c"":""Wenn Sie eine gefälschte Handtasche kaufen, unterstützen Sie ein Milliardengeschäft, das Kinderarbeit perpetuiert, Geld von Drogenkartellen wäscht und Terroristen finanziert.""}","Wenn Sie eine gefälschte Handtasche kaufen, unterstützen Sie ein Milliardengeschäft, das Kinderarbeit perpetuiert, Geld von Drogenkartellen wäscht und Terroristen finanziert.",False,1,0,True,True,False,True,,True,,True,"{""reason"":""detector_match"",""detected"":""de"",""confidence"":1.0}",True,[],[],True,,"{""errors"":[]}",True,[],True,1,0,True,True,False,100,100,2499,69,2568,0,0,1534.16,1434,8,1442,0,0,1156.77
e86295de52cad0a087ef,217,haiku-4-5,managed-prompt,subtitle,en,de,You could do anything you want.,"Du könntest tun, was du willst.","{""c"":""Du könntest alles machen, was du willst.""}","Du könntest alles machen, was du willst.",False,1,0,True,True,False,True,,True,,True,"{""reason"":""detector_match"",""detected"":""de"",""confidence"":1.0}",True,[],[],True,,"{""errors"":[]}",True,[],True,1,0,True,True,False,100,100,2471,21,2492,0,0,1190.24,1304,8,1312,0,0,1202.79
faf3c094a7ba36f7ce37,218,haiku-4-5,managed-prompt,subtitle,en,de,That's OK.,Ist schon gut.,"{""c"":""Das ist OK.""}",Das ist OK.,False,1,0,True,True,False,True,,True,,True,"{""reason"":""detector_match"",""detected"":""de"",""confidence"":1.0}",True,[],[],True,,"{""errors"":[]}",True,[],True,1,0,True,True,False,100,100,2468,11,2479,0,0,1073.46,1285,8,1293,0,0,1327.57
a28f5dd3d2bf04c576f5,219,haiku-4-5,managed-prompt,subtitle,en,de,From the inside its easy.,Von innen ist das leicht.,"{""c"":""Von innen ist es einfach.""}",Von innen ist es einfach.,False,1,0,True,True,False,True,,True,,True,"{""reason"":""detector_match"",""detected"":""de"",""confidence"":1.0}",True,[],[],True,,"{""errors"":[]}",True,[],True,1,0,True,True,False,100,100,2470,16,2486,0,0,1151.0,1294,8,1302,0,0,1212.42
88ae865616f00256261a,220,haiku-4-5,managed-prompt,subtitle,en,es,But now...,Pero ahora...,"{""c"":""Pero ahora...""}",Pero ahora...,False,1,0,True,True,False,True,,True,,,"{""reason"":""detector_mismatch_uncertain"",""detected"":""pt"",""confidence"":1.0}",True,[],[],True,,"{""errors"":[]}",True,[],True,1,0,True,True,False,100,100,2467,12,2479,0,0,1052.45,1286,8,1294,0,0,1194.26
d2fd32a2b8c9e8c5f049,221,haiku-4-5,managed-prompt,subtitle,en,es,- Are you sure ?,- ¿Estás seguro?,"{""c"":""¿Estás seguro?""}",¿Estás seguro?,False,1,0,True,True,False,True,,True,,,"{""reason"":""detector_inconclusive"",""detected"":""es"",""confidence"":0.7143}",True,[],[],True,,"{""errors"":[]}",True,[],True,1,0,True,True,False,100,100,2469,15,2484,0,0,1063.63,1296,8,1304,0,0,1173.61
0a6e3feefff21016dbca,222,haiku-4-5,managed-prompt,subtitle,en,es,Then forget it.,Entonces olvídalo.,"{""c"":""Entonces olvídalo.""}",Entonces olvídalo.,False,1,0,True,True,False,True,,True,,,"{""reason"":""detector_inconclusive"",""detected"":""pt"",""confidence"":0.7143}",True,[],[],True,,"{""errors"":[]}",True,[],True,1,0,True,True,False,100,100,2468,14,2482,0,0,1223.3,1289,8,1297,0,0,1102.4
173dbbfb2cc21d9cfd07,223,haiku-4-5,managed-prompt,subtitle,en,es,"There's a reason that this is not Vermont, that we don't have kids, and that you are not the mayor.","Hay una razón que no es Vermont, que no tenemos hijos, y de que usted no es el alcalde.","{""c"":""Hay una razón por la que esto no es Vermont, por la que no tenemos hijos, y por la que no eres el alcalde.""}","Hay una razón por la que esto no es Vermont, por la que no tenemos hijos, y por la que no eres el alcalde.",False,1,0,True,True,False,True,,True,,True,"{""reason"":""detector_match"",""detected"":""es"",""confidence"":1.0}",True,[],[],True,,"{""errors"":[]}",True,[],True,1,0,True,True,False,100,100,2489,40,2529,0,0,1366.45,1357,8,1365,0,0,1210.58
afa1303fa84b567477cc,224,haiku-4-5,managed-prompt,subtitle,en,es,Here.,Aquí.,"{""c"":""Aquí.""}",Aquí.,False,1,0,True,True,False,True,,True,,,"{""reason"":""too_short_for_language_detection"",""detected"":null,""confidence"":null}",True,[],[],True,,"{""errors"":[]}",True,[],True,1,0,True,True,False,100,100,2466,11,2477,0,0,1062.89,1281,8,1289,0,0,1499.1
5bbabf39bbc080758a7a,225,haiku-4-5,managed-prompt,subtitle,en,es,"Yeah, I was in that alley with Bobby.","Sí, estaba en ese callejón con Bobby.","{""c"":""Sí, estaba en ese callejón con Bobby.""}","Sí, estaba en ese callejón con Bobby.",False,1,0,True,True,False,True,,True,,True,"{""reason"":""detector_match"",""detected"":""es"",""confidence"":1.0}",True,[],[],True,,"{""errors"":[]}",True,[],True,1,0,True,True,False,100,100,2475,21,2496,0,0,1297.74,1310,8,1318,0,0,1241.95
cc74d70317c9ad789ed4,226,haiku-4-5,managed-prompt,subtitle,en,es,"Sokka, let's go! But we still don't know when the next eclipse is gonna happen. Don't be stupid, we'll find out later.","Zokka vámonos pero aun no sabemos cuando sucederá el siguiente eclipse no seas estúpido lo averiguaremos después no, no lo haremos si abandonamos este lugar nunca lo sabremos","{""c"":""¡Sokka, vamos! Pero aún no sabemos cuándo será el próximo eclipse. No seas tonto, lo averiguaremos después.""}","¡Sokka, vamos! Pero aún no sabemos cuándo será el próximo eclipse. No seas tonto, lo averiguaremos después.",False,1,0,True,True,False,True,,True,,True,"{""reason"":""detector_match"",""detected"":""es"",""confidence"":1.0}",True,[],[],True,,"{""errors"":[]}",True,[],True,1,0,True,True,False,100,100,2497,44,2541,0,0,1335.21,1391,8,1399,0,0,1272.83
3111de55e95a95dfc26f,227,haiku-4-5,managed-prompt,subtitle,en,es,"Honey, you don't wanna do this.","Cariño, no quieres hacer esto.","{""c"":""Cariño, no quieres hacer esto.""}","Cariño, no quieres hacer esto.",False,1,0,True,True,False,True,,True,,True,"{""reason"":""detector_match"",""detected"":""es"",""confidence"":1.0}",True,[],[],True,,"{""errors"":[]}",True,[],True,1,0,True,True,False,100,100,2475,19,2494,0,0,1086.36,1306,8,1314,0,0,1319.31
03847dc8cb4b95a684d5,228,haiku-4-5,managed-prompt,subtitle,en,es,~ Where are you going?,- ¿A dónde escapas?,"{""c"":""¿A dónde vas?""}",¿A dónde vas?,False,1,0,True,True,False,True,,True,,,"{""reason"":""detector_inconclusive"",""detected"":""es"",""confidence"":0.7143}",True,[],[],True,,"{""errors"":[{""category"":""preservation"",""severity"":""minor""}]}",True,"[{""category"":""preservation"",""severity"":""minor""}]",True,1,0,True,True,False,97,97,2470,15,2485,0,0,1129.59,1298,17,1315,0,0,1322.76
45f1f3a25ae734072673,229,haiku-4-5,managed-prompt,subtitle,en,es,You look like a cool little robot.,Te ves como un pequeño robot.,"{""c"":""Te ves como un pequeño robot genial.""}",Te ves como un pequeño robot genial.,False,1,0,True,True,False,True,,True,,True,"{""reason"":""detector_match"",""detected"":""es"",""confidence"":1.0}",True,[],[],True,,"{""errors"":[]}",True,[],True,1,0,True,True,False,100,100,2472,18,2490,0,0,1167.31,1299,8,1307,0,0,1217.45
a1a93d0d60e9cc625d31,230,haiku-4-5,managed-prompt,subtitle,en,fr,I'm fine.,Je vais bien.,"{""c"":""Je vais bien.""}",Je vais bien.,False,1,0,True,True,False,True,,True,,,"{""reason"":""detector_mismatch_uncertain"",""detected"":""nl"",""confidence"":1.0}",True,[],[],True,,"{""errors"":[]}",True,[],True,1,0,True,True,False,100,100,2468,12,2480,0,0,1299.44,1285,8,1293,0,0,1147.63
4442d44478b553d30601,231,haiku-4-5,managed-prompt,subtitle,en,fr,"Uh... Georgina, do you know where Val was going?","Georgina, savez-vous où Val est allée ?","{""c"":""Euh... Georgina, tu sais où Val allait?""}","Euh... Georgina, tu sais où Val allait?",False,1,0,True,True,False,True,,True,,,"{""reason"":""detector_inconclusive"",""detected"":""et"",""confidence"":0.5714}",True,[],[],True,,"{""errors"":[]}",True,[],True,1,0,True,True,False,100,100,2480,23,2503,0,0,1296.26,1320,8,1328,0,0,1175.09
3f9302e321db4e78bf94,232,haiku-4-5,managed-prompt,subtitle,en,fr,"- What, my love?","Quoi, mon amour ?","{""c"":""- Quoi, mon amour ?""}","- Quoi, mon amour ?",False,1,0,True,True,False,True,,True,,True,"{""reason"":""detector_match"",""detected"":""fr"",""confidence"":0.8571}",True,[],[],True,,"{""errors"":[]}",True,[],True,1,0,True,True,False,100,100,2470,16,2486,0,0,1204.27,1297,8,1305,0,0,1171.84
35ccc90e1d07e76beca3,233,haiku-4-5,managed-prompt,subtitle,en,fr,We've got bigger concerns.,On a de plus gros soucis.,"{""c"":""On a des préoccupations plus importantes.""}",On a des préoccupations plus importantes.,False,1,0,True,True,False,True,,True,,True,"{""reason"":""detector_match"",""detected"":""fr"",""confidence"":1.0}",True,[],[],True,,"{""errors"":[]}",True,[],True,1,0,True,True,False,100,100,2470,17,2487,0,0,1267.01,1297,8,1305,0,0,1100.81
1cedd266b9c5a05c5813,234,haiku-4-5,managed-prompt,subtitle,en,fr,Those guys are the best.,Ces gars sont les meilleurs.,"{""c"":""Ces gars-là sont les meilleurs.""}",Ces gars-là sont les meilleurs.,False,1,0,True,True,False,True,,True,,True,"{""reason"":""detector_match"",""detected"":""fr"",""confidence"":1.0}",True,[],[],True,,"{""errors"":[]}",True,[],True,1,0,True,True,False,100,100,2470,17,2487,0,0,1184.22,1295,8,1303,0,0,1126.22
c53a2e11af62d948ab5a,235,haiku-4-5,managed-prompt,subtitle,en,fr,- That's a concession.,- Voilà une concession. - Quoi ?,"{""c"":""- C'est une concession.""}",- C'est une concession.,False,1,0,True,True,False,True,,True,,True,"{""reason"":""detector_match"",""detected"":""fr"",""confidence"":1.0}",True,[],[],True,,"{""errors"":[]}",True,[],True,1,0,True,True,False,100,100,2471,15,2486,0,0,1101.28,1301,8,1309,0,0,1254.64
5ac4a92ea4dbf07b4da1,236,haiku-4-5,managed-prompt,subtitle,en,fr,I followed Taub.,- J'ai suivi Taub.,"{""c"":""J'ai suivi Taub.""}",J'ai suivi Taub.,False,1,0,True,True,False,True,,True,,,"{""reason"":""detector_inconclusive"",""detected"":""et"",""confidence"":0.8571}",True,[],[],True,,"{""errors"":[]}",True,[],True,1,0,True,True,False,100,100,2470,16,2486,0,0,1044.8,1296,8,1304,0,0,1253.47
3c13557d181478fe898f,237,haiku-4-5,managed-prompt,subtitle,en,fr,Hi.,Salut.,"{""c"":""Salut.""}",Salut.,False,1,0,True,True,False,True,,True,,,"{""reason"":""too_short_for_language_detection"",""detected"":null,""confidence"":null}",True,[],[],True,,"{""errors"":[]}",True,[],True,1,0,True,True,False,100,100,2466,11,2477,0,0,908.81,1281,8,1289,0,0,1272.83
8a6f284755cd01fb6d43,238,haiku-4-5,managed-prompt,subtitle,en,fr,A serbian man who has invented A sex machine for women.,Un Serbe qui a inventé une machine sexuelle pour les femmes.,"{""c"":""Un homme serbe qui a inventé une machine sexuelle pour les femmes.""}",Un homme serbe qui a inventé une machine sexuelle pour les femmes.,False,1,0,True,True,False,True,,True,,True,"{""reason"":""detector_match"",""detected"":""fr"",""confidence"":1.0}",True,[],[],True,,"{""errors"":[]}",True,[],True,1,0,True,True,False,100,100,2476,24,2500,0,0,1733.03,1317,8,1325,0,0,1622.67
8e12ce5d5e638c995c64,239,haiku-4-5,managed-prompt,subtitle,en,fr,"I started to pray because I often find consolation in my faith, and, one day... I heard a voice.","J'ai commencé à prier car j'ai souvent trouvé du réconfort dans ma Foi et... un jour, j'ai entendu une voix.","{""c"":""J'ai commencé à prier parce que je trouvais souvent du réconfort dans ma foi, et un jour... j'ai entendu une voix.""}","J'ai commencé à prier parce que je trouvais souvent du réconfort dans ma foi, et un jour... j'ai entendu une voix.",False,1,0,True,True,False,True,,True,,True,"{""reason"":""detector_match"",""detected"":""fr"",""confidence"":1.0}",True,[],[],True,,"{""errors"":[]}",True,[],True,1,0,True,True,False,100,100,2488,47,2535,0,0,1272.28,1375,8,1383,0,0,1288.96
f00299000021754f29fb,240,haiku-4-5,managed-prompt,subtitle,en,it,Get an ambulance!,- Chiamate un'ambulanza!,"{""c"":""Chiama un'ambulanza!""}",Chiama un'ambulanza!,False,1,0,True,True,False,True,,True,,,"{""reason"":""detector_mismatch_uncertain"",""detected"":""sw"",""confidence"":1.0}",True,[],[],True,,"{""errors"":[]}",True,[],True,1,0,True,True,False,100,100,2469,15,2484,0,0,1144.53,1293,8,1301,0,0,2533.59
63150feee275f1cf3e48,241,haiku-4-5,managed-prompt,subtitle,en,it,- C'mon!,Forza!,"{""c"":""Dai!""}",Dai!,False,1,0,True,True,False,True,,True,,,"{""reason"":""too_short_for_language_detection"",""detected"":null,""confidence"":null}",True,[],[],True,,"{""errors"":[]}",True,[],True,1,0,True,True,False,100,100,2469,10,2479,0,0,1137.45,1283,8,1291,0,0,1064.47
34c99e544be1ca0b40b3,242,haiku-4-5,managed-prompt,subtitle,en,it,Your members want to be better?,- I suoi membri vogliono migliorare?,"{""c"":""I tuoi membri vogliono migliorare?""}",I tuoi membri vogliono migliorare?,False,1,0,True,True,False,True,,True,,True,"{""reason"":""detector_match"",""detected"":""it"",""confidence"":1.0}",True,[],[],True,,"{""errors"":[]}",True,[],True,1,0,True,True,False,100,100,2471,19,2490,0,0,1186.12,1304,8,1312,0,0,1246.53
0768b9324c013cc035d7,243,haiku-4-5,managed-prompt,subtitle,en,it,"Your friend, he insults me.",Il tuo amico mi sta insultando.,"{""c"":""Il tuo amico mi insulta.""}",Il tuo amico mi insulta.,False,1,0,True,True,False,True,,True,,True,"{""reason"":""detector_match"",""detected"":""it"",""confidence"":1.0}",True,[],[],True,,"{""errors"":[]}",True,[],True,1,0,True,True,False,100,100,2472,16,2488,0,0,1176.43,1299,8,1307,0,0,1130.52
cb4188bd030a67dc7c36,244,haiku-4-5,managed-prompt,subtitle,en,it,Carrie was.,Era Carrie.,"{""c"":""Carrie era.""}",Carrie era.,False,1,0,True,True,False,True,,True,,,"{""reason"":""detector_mismatch_uncertain"",""detected"":""es"",""confidence"":1.0}",True,[],[],True,,"{""errors"":[]}",True,[],True,1,0,True,True,False,100,100,2469,12,2481,0,0,1053.58,1286,8,1294,0,0,1247.17
1356bead2bcdf89dc46a,245,haiku-4-5,managed-prompt,subtitle,en,it,"Well, it's definitely Solano.",E' decisamente Solano.,"{""c"":""Beh, è sicuramente Solano.""}","Beh, è sicuramente Solano.",False,1,0,True,True,False,True,,True,,True,"{""reason"":""detector_match"",""detected"":""it"",""confidence"":1.0}",True,[],[],True,,"{""errors"":[]}",True,[],True,1,0,True,True,False,100,100,2473,19,2492,0,0,1250.74,1300,8,1308,0,0,1323.14
fae85870eb9626886d75,246,haiku-4-5,managed-prompt,subtitle,en,it,"I just overheard Victor and Rocco talking, and they actually killed that kid two decades ago.",Ho appena sentito per caso parlare Victor e Rocco. Hanno ucciso veramente quel bambino vent'anni fa.,"{""c"":""Ho appena sentito Victor e Rocco parlare, e hanno effettivamente ucciso quel ragazzo due decenni fa.""}","Ho appena sentito Victor e Rocco parlare, e hanno effettivamente ucciso quel ragazzo due decenni fa.",False,1,0,True,True,False,True,,True,,True,"{""reason"":""detector_match"",""detected"":""it"",""confidence"":1.0}",True,[],[],True,,"{""errors"":[]}",True,[],True,1,0,True,True,False,100,100,2486,38,2524,0,0,1246.58,1356,8,1364,0,0,1379.31
3ccba6a8135b25a9f3c1,247,haiku-4-5,managed-prompt,subtitle,en,it,"Cellulite, plastic surgery, hero pets, those are not covers.","Cellulite, chirurgia plastica e animali eroici non sono da copertina.","{""c"":""Cellulite, chirurgia plastica, eroi animali domestici, questi non sono covers.""}","Cellulite, chirurgia plastica, eroi animali domestici, questi non sono covers.",False,1,0,True,True,False,True,,True,,True,"{""reason"":""detector_match"",""detected"":""it"",""confidence"":1.0}",True,[],[],True,,"{""errors"":[{""category"":""accuracy"",""severity"":""major""},{""category"":""fluency"",""severity"":""minor""},{""category"":""preservation"",""severity"":""minor""}]}",False,"[{""category"":""accuracy"",""severity"":""major""},{""category"":""fluency"",""severity"":""minor""},{""category"":""preservation"",""severity"":""minor""}]",True,1,0,True,True,False,79,79,2480,30,2510,0,0,1259.43,1333,36,1369,0,0,1436.21
40cbac6e04c55bc6c3ac,248,haiku-4-5,managed-prompt,subtitle,en,it,We can figure this out as we go along.,Possiamo capirlo man mano che andiamo avanti.,"{""c"":""Possiamo capirlo mentre andiamo avanti.""}",Possiamo capirlo mentre andiamo avanti.,False,1,0,True,True,False,True,,True,,True,"{""reason"":""detector_match"",""detected"":""it"",""confidence"":0.8571}",True,[],[],True,,"{""errors"":[]}",True,[],True,1,0,True,True,False,100,100,2474,21,2495,0,0,1211.51,1312,8,1320,0,0,1288.65
30f6950e16d0bb795e69,249,haiku-4-5,managed-prompt,subtitle,en,it,YOU ARE.,Sei.,"{""c"":""SEI.""}",SEI.,False,1,0,True,True,False,True,,True,,,"{""reason"":""too_short_for_language_detection"",""detected"":null,""confidence"":null}",True,[],[],True,,"{""errors"":[]}",True,[],True,1,0,True,True,False,100,100,2467,10,2477,0,0,1147.34,1280,8,1288,0,0,1202.61
f9817d6a4d0473dc87b9,250,haiku-4-5,managed-prompt,subtitle,en,jp,Charlie!,チャーリー！ チャーリー！,"{""c"":""チャーリー!""}",チャーリー!,False,1,0,True,True,False,True,,True,,True,"{""reason"":""target_script_present"",""detected"":""ja"",""confidence"":1.0}",True,[],[],True,,"{""errors"":[]}",True,[],True,1,0,True,True,False,100,100,2466,13,2479,0,0,1099.48,1293,8,1301,0,0,1282.65
3c086ea2904552d73ee7,251,haiku-4-5,managed-prompt,subtitle,en,jp,How did you two meet?,どのように2会うたのですか？,"{""c"":""二人はどうやって出会いましたか？""}",二人はどうやって出会いましたか？,False,1,0,True,True,False,True,,True,,True,"{""reason"":""target_script_present"",""detected"":""ja"",""confidence"":1.0}",True,[],[],True,,"{""errors"":[]}",True,[],True,1,0,True,True,False,100,100,2470,21,2491,0,0,1169.94,1305,8,1313,0,0,1196.49
66a335635a966e5bf9d9,252,haiku-4-5,managed-prompt,subtitle,en,jp,Dad.,パパ！,"{""c"":""パパ。""}",パパ。,False,1,0,True,True,False,True,,True,,True,"{""reason"":""target_script_present"",""detected"":""ja"",""confidence"":1.0}",True,[],[],True,,"{""errors"":[]}",True,[],True,1,0,True,True,False,100,100,2466,11,2477,0,0,985.49,1283,8,1291,0,0,1210.67
d65c1a94b614ba462441,253,haiku-4-5,managed-prompt,subtitle,en,jp,Previously on Z Nation.,前回までの Z Nation は,"{""c"":""前回のエピソード Z Nation""}",前回のエピソード Z Nation,False,1,0,True,True,False,True,,True,,True,"{""reason"":""target_script_present"",""detected"":""ja"",""confidence"":1.0}",True,[],[],True,,"{""errors"":[{""category"":""accuracy"",""severity"":""minor""}]}",True,"[{""category"":""accuracy"",""severity"":""minor""}]",True,1,0,True,True,False,97,97,2469,16,2485,0,0,1379.95,1294,17,1311,0,0,1298.1
5691e88c966eecbcb532,254,haiku-4-5,managed-prompt,subtitle,en,jp,"You know, you were right.",君が正しかったよ,"{""c"":""そうだね、君が正しかったよ。""}",そうだね、君が正しかったよ。,False,1,0,True,True,False,True,,True,,True,"{""reason"":""target_script_present"",""detected"":""ja"",""confidence"":1.0}",True,[],[],True,,"{""errors"":[]}",True,[],True,1,0,True,True,False,100,100,2471,21,2492,0,0,1212.12,1302,8,1310,0,0,1311.33
cf2697397fe68400b4a3,255,haiku-4-5,managed-prompt,subtitle,en,jp,He probably didn't sleep. -Yesterday? -Yesterday.,（ありさ） 多分 寝てないんだね 昨日,"{""c"":""彼はおそらく寝ていないだろう。-昨日？-昨日だ。""}",彼はおそらく寝ていないだろう。-昨日？-昨日だ。,False,1,0,True,True,False,True,,True,,True,"{""reason"":""target_script_present"",""detected"":""ja"",""confidence"":1.0}",True,[],[],True,,"{""errors"":[]}",True,[],True,1,0,True,True,False,100,100,2476,35,2511,0,0,1358.71,1334,8,1342,0,0,1246.47
73bde305cb7fb3e44ac6,256,haiku-4-5,managed-prompt,subtitle,en,jp,You're...,あなたが...,"{""c"":""あなたは...""}",あなたは...,False,1,0,True,True,False,True,,True,,True,"{""reason"":""target_script_present"",""detected"":""ja"",""confidence"":1.0}",True,[],[],True,,"{""errors"":[]}",True,[],True,1,0,True,True,False,100,100,2467,12,2479,0,0,1011.69,1286,8,1294,0,0,1252.22
c217d2a0f1ae1d7b693b,257,haiku-4-5,managed-prompt,subtitle,en,jp,"Ehi, before you get in the car, you have to promise not to kill me. Why? What did you do?",乗る前に　私を殺さないって 約束してよね,"{""c"":""ちょっと待って、車に乗る前に、絶対に僕を殺さないって約束してくれない。なぜ?何をしたの?""}",ちょっと待って、車に乗る前に、絶対に僕を殺さないって約束してくれない。なぜ?何をしたの?,False,1,0,True,True,False,True,,True,,True,"{""reason"":""target_script_present"",""detected"":""ja"",""confidence"":1.0}",True,[],[],True,,"{""errors"":[]}",True,[],True,1,0,True,True,False,100,100,2491,53,2544,0,0,1271.9,1366,8,1374,0,0,1210.05
0bc42e5b73b4ede87a2f,258,haiku-4-5,managed-prompt,subtitle,en,jp,They follow orders.,彼等は命令に従う,"{""c"":""彼らは命令に従う。""}",彼らは命令に従う。,False,1,0,True,True,False,True,,True,,True,"{""reason"":""target_script_present"",""detected"":""ja"",""confidence"":1.0}",True,[],[],True,,"{""errors"":[]}",True,[],True,1,0,True,True,False,100,100,2468,17,2485,0,0,1080.63,1296,8,1304,0,0,1206.36
6b556952dedac3f517b6,259,haiku-4-5,managed-prompt,subtitle,en,jp,What?,何?,"{""c"":""え?""}",え?,False,1,0,True,True,False,True,,True,,True,"{""reason"":""target_script_present"",""detected"":""ja"",""confidence"":1.0}",True,[],[],True,,"{""errors"":[]}",True,[],True,1,0,True,True,False,100,100,2466,9,2475,0,0,1138.01,1279,8,1287,0,0,1259.1
924c247f2578454dccd9,260,haiku-4-5,managed-prompt,subtitle,en,nl,- Maybe they're not because they're all dead!,Misschien omdat ze allemaal dood zijn!,"{""c"":""Misschien niet, omdat ze allemaal dood zijn!""}","Misschien niet, omdat ze allemaal dood zijn!",False,1,0,True,True,False,True,,True,,True,"{""reason"":""detector_match"",""detected"":""nl"",""confidence"":1.0}",True,[],[],True,,"{""errors"":[{""category"":""accuracy"",""severity"":""minor""}]}",True,"[{""category"":""accuracy"",""severity"":""minor""}]",True,1,0,True,True,False,97,97,2475,21,2496,0,0,1294.77,1308,17,1325,0,0,1315.82
bf711afd01b599b2ddb4,261,haiku-4-5,managed-prompt,subtitle,en,nl,Have you seen the rats or have you just heard scratching?,"Heeft u de ratten gezien, of heeft u ze horen krabben?","{""c"":""Heb je de ratten gezien of heb je alleen gekrabbel gehoord?""}",Heb je de ratten gezien of heb je alleen gekrabbel gehoord?,False,1,0,True,True,False,True,,True,,True,"{""reason"":""detector_match"",""detected"":""nl"",""confidence"":1.0}",True,[],[],True,,"{""errors"":[]}",True,[],True,1,0,True,True,False,100,100,2477,29,2506,0,0,1218.91,1327,8,1335,0,0,1214.87
4ec05ea41a5efabb3aa3,262,haiku-4-5,managed-prompt,subtitle,en,nl,"Genetic manipulation, obviously, but what kind?","Genetische manipulatie, maar hoe?","{""c"":""Genetische manipulatie, natuurlijk, maar wat voor soort?""}","Genetische manipulatie, natuurlijk, maar wat voor soort?",False,1,0,True,True,False,True,,True,,True,"{""reason"":""detector_match"",""detected"":""nl"",""confidence"":1.0}",True,[],[],True,,"{""errors"":[]}",True,[],True,1,0,True,True,False,100,100,2474,23,2497,0,0,1078.78,1310,8,1318,0,0,1271.26
1d8dc5015f6cb18d211f,263,haiku-4-5,managed-prompt,subtitle,en,nl,Didn't it bother you that he was more popular?,Vond u het erg dat hij populairder was?,"{""c"":""Stoorde het je dat hij populairder was?""}",Stoorde het je dat hij populairder was?,False,1,0,True,True,False,True,,True,,True,"{""reason"":""detector_match"",""detected"":""nl"",""confidence"":1.0}",True,[],[],True,,"{""errors"":[{""category"":""accuracy"",""severity"":""minor""}]}",True,"[{""category"":""accuracy"",""severity"":""minor""}]",True,1,0,True,True,False,97,97,2477,19,2496,0,0,1151.39,1312,17,1329,0,0,1531.57
3278d4d2778596c1596c,264,haiku-4-5,managed-prompt,subtitle,en,nl,This man asked me to do terrible things.,Die man vroeg mij om vreselijke dingen te doen.,"{""c"":""Deze man vroeg me om verschrikkelijke dingen te doen.""}",Deze man vroeg me om verschrikkelijke dingen te doen.,False,1,0,True,True,False,True,,True,,True,"{""reason"":""detector_match"",""detected"":""nl"",""confidence"":1.0}",True,[],[],True,,"{""errors"":[]}",True,[],True,1,0,True,True,False,100,100,2473,23,2496,0,0,1168.94,1312,8,1320,0,0,1111.84
ecd3ac117766bf9e603b,265,haiku-4-5,managed-prompt,subtitle,en,nl,Just let me get a look at you!,Laat me je eens bekijken!,"{""c"":""Laat me je even bekijken!""}",Laat me je even bekijken!,False,1,0,True,True,False,True,,True,,True,"{""reason"":""detector_match"",""detected"":""nl"",""confidence"":1.0}",True,[],[],True,,"{""errors"":[]}",True,[],True,1,0,True,True,False,100,100,2473,17,2490,0,0,1142.44,1301,8,1309,0,0,1234.01
118c800ffd321c4019df,266,haiku-4-5,managed-prompt,subtitle,en,nl,"Jesus, Sam.","O Jesus, Sam.","{""c"":""Jezus, Sam.""}","Jezus, Sam.",False,1,0,True,True,False,True,,True,,,"{""reason"":""detector_mismatch_uncertain"",""detected"":""de"",""confidence"":1.0}",True,[],[],True,,"{""errors"":[]}",True,[],True,1,0,True,True,False,100,100,2468,13,2481,0,0,994.2,1286,8,1294,0,0,1222.1
33d1fa21da5bf1bb99dc,267,haiku-4-5,managed-prompt,subtitle,en,nl,The tree's too heavy.,De boom is te zwaar.,"{""c"":""De boom is te zwaar.""}",De boom is te zwaar.,False,1,0,True,True,False,True,,True,,True,"{""reason"":""detector_match"",""detected"":""nl"",""confidence"":1.0}",True,[],[],True,,"{""errors"":[]}",True,[],True,1,0,True,True,False,100,100,2470,14,2484,0,0,966.83,1291,8,1299,0,0,1146.76
24235be06c8c74093000,268,haiku-4-5,managed-prompt,subtitle,en,nl,"Mama, stop.","Mama, stop.","{""c"":""Mama, stop.""}","Mama, stop.",False,1,0,True,True,False,True,,True,,,"{""reason"":""detector_inconclusive"",""detected"":""hr"",""confidence"":0.8571}",True,[],[],True,,"{""errors"":[]}",True,[],True,1,0,True,True,False,100,100,2469,12,2481,0,0,1052.97,1286,8,1294,0,0,1117.85
33be56243fcb74625172,269,haiku-4-5,managed-prompt,subtitle,en,nl,"Aw, Grace is pretty upset about not being able to do this town photo.",Grace is echt van streek omdat ze dit stadsfoto projekt niet kan doen.,"{""c"":""Aw, Grace is behoorlijk van streek dat ze deze stadsfoto niet kan maken.""}","Aw, Grace is behoorlijk van streek dat ze deze stadsfoto niet kan maken.",False,1,0,True,True,False,True,,True,,True,"{""reason"":""detector_match"",""detected"":""nl"",""confidence"":1.0}",True,[],[],True,,"{""errors"":[]}",True,[],True,1,0,True,True,False,100,100,2482,29,2511,0,0,1243.23,1330,8,1338,0,0,1300.46
05808ed1170a87dc3897,270,haiku-4-5,managed-prompt,subtitle,en,nb,How... How do we know who's won?,Hvordan vet vi hvem som vinner?,"{""c"":""Hvordan... Hvordan vet vi hvem som har vunnet?""}",Hvordan... Hvordan vet vi hvem som har vunnet?,False,1,0,True,True,False,True,,True,,True,"{""reason"":""detector_match"",""detected"":""no"",""confidence"":1.0}",True,[],[],True,,"{""errors"":[]}",True,[],True,1,0,True,True,False,100,100,2474,25,2499,0,0,1170.96,1313,8,1321,0,0,1177.2
cf2dc0cf78f3aa8c602b,271,haiku-4-5,managed-prompt,subtitle,en,nb,"Come, Sonja!","Kom, Sonja!","{""c"":""Kom, Sonja!""}","Kom, Sonja!",False,1,0,True,True,False,True,,True,,,"{""reason"":""detector_mismatch_uncertain"",""detected"":""hr"",""confidence"":1.0}",True,[],[],True,,"{""errors"":[]}",True,[],True,1,0,True,True,False,100,100,2470,14,2484,0,0,1139.93,1291,8,1299,0,0,1109.46
17b9bd05188561b462c1,272,haiku-4-5,managed-prompt,subtitle,en,nb,"Dad, by the time you get back from your business trip, I'll be in South Africa.","Pappa, når du kommer tilbake fra forretningsreisen, er jeg i Sør-Afrika.","{""c"":""Pappa, når du kommer tilbake fra forretningsutsendelsen din, skal jeg være i Sør-Afrika.""}","Pappa, når du kommer tilbake fra forretningsutsendelsen din, skal jeg være i Sør-Afrika.",False,1,0,True,True,False,True,,True,,True,"{""reason"":""detector_match"",""detected"":""no"",""confidence"":1.0}",True,[],[],True,,"{""errors"":[]}",True,[],True,1,0,True,True,False,100,100,2484,37,2521,0,0,1227.8,1347,8,1355,0,0,1151.86
c07b1c81631fe9ef86bf,273,haiku-4-5,managed-prompt,subtitle,en,nb,With all of us trapped under this thing? Isn't it? You don't know that.,- Med oss alle fanget under denne tingen?,"{""c"":""Med oss alle fanget under denne tingen? Er det ikke slik? Du vet ikke det.""}",Med oss alle fanget under denne tingen? Er det ikke slik? Du vet ikke det.,False,1,0,True,True,False,True,,True,,,"{""reason"":""detector_inconclusive"",""detected"":""da"",""confidence"":0.7064}",True,[],[],True,,"{""errors"":[]}",True,[],True,1,0,True,True,False,100,100,2484,30,2514,0,0,1444.32,1326,8,1334,0,0,1119.02
f7acbe6815ce58ea6a82,274,haiku-4-5,managed-prompt,subtitle,en,nb,The undead surround me.,De udøde omgir meg.,"{""c"":""Udøde omgir meg.""}",Udøde omgir meg.,False,1,0,True,True,False,True,,True,,True,"{""reason"":""detector_match"",""detected"":""no"",""confidence"":1.0}",True,[],[],True,,"{""errors"":[]}",True,[],True,1,0,True,True,False,100,100,2471,16,2487,0,0,1280.91,1296,8,1304,0,0,1593.95
2ee7bf51eac3cebbc015,275,haiku-4-5,managed-prompt,subtitle,en,nb,Please help me find her.,Hjelp meg med å finne henne.,"{""c"":""Vær så snill og hjelp meg å finne henne.""}",Vær så snill og hjelp meg å finne henne.,False,1,0,True,True,False,True,,True,,True,"{""reason"":""detector_match"",""detected"":""no"",""confidence"":1.0}",True,[],[],True,,"{""errors"":[]}",True,[],True,1,0,True,True,False,100,100,2470,24,2494,0,0,1376.39,1306,8,1314,0,0,1132.35
79a8f4e4c9d021cfaa97,276,haiku-4-5,managed-prompt,subtitle,en,nb,Some have grown a bit since last time.,Noen har vokset litt siden sist.,"{""c"":""Noen har vokst litt siden sist.""}",Noen har vokst litt siden sist.,False,1,0,True,True,False,True,,True,,True,"{""reason"":""detector_match"",""detected"":""no"",""confidence"":1.0}",True,[],[],True,,"{""errors"":[]}",True,[],True,1,0,True,True,False,100,100,2473,20,2493,0,0,1240.35,1306,8,1314,0,0,1173.55
243b412443173ed5fcdd,277,haiku-4-5,managed-prompt,subtitle,en,nb,So if anybody knows what happened to ronnie...,Så hvis noen vet hva som skjedde med Ronnie...,"{""c"":""Så hvis noen vet hva som skjedde med ronnie...""}",Så hvis noen vet hva som skjedde med ronnie...,False,1,0,True,True,False,True,,True,,True,"{""reason"":""detector_match"",""detected"":""no"",""confidence"":1.0}",True,[],[],True,,"{""errors"":[{""category"":""preservation"",""severity"":""minor""}]}",True,"[{""category"":""preservation"",""severity"":""minor""}]",True,1,0,True,True,False,97,97,2474,24,2498,0,0,1335.12,1318,17,1335,0,0,1199.43
e7255be1cea67e153d12,278,haiku-4-5,managed-prompt,subtitle,en,nb,- I'm sorry.,Beklager.,"{""c"":""Jeg er lei meg.""}",Jeg er lei meg.,False,1,0,True,True,False,True,,True,,True,"{""reason"":""detector_match"",""detected"":""no"",""confidence"":1.0}",True,[],[],True,,"{""errors"":[]}",True,[],True,1,0,True,True,False,100,100,2469,13,2482,0,0,1075.06,1287,8,1295,0,0,1195.43
77d21bedb57bd81bdfe6,279,haiku-4-5,managed-prompt,subtitle,en,nb,"No, Inspector.","Nei , Inspector .","{""c"":""Nei, Inspektør.""}","Nei, Inspektør.",False,1,0,True,True,False,True,,True,,True,"{""reason"":""detector_match"",""detected"":""no"",""confidence"":1.0}",True,[],[],True,,"{""errors"":[{""category"":""terminology"",""severity"":""minor""}]}",True,"[{""category"":""terminology"",""severity"":""minor""}]",True,1,0,True,True,False,97,97,2468,15,2483,0,0,1096.94,1289,17,1306,0,0,1285.06
c76483f4c7bb3fe4488f,280,haiku-4-5,managed-prompt,subtitle,es,da,"Hijo, ¡no vas a creerlo!","Knægt, du vil ikke tro det.","{""c"":""Søn, du kommer ikke til at tro det!""}","Søn, du kommer ikke til at tro det!",False,1,0,True,True,False,True,,True,,True,"{""reason"":""detector_match"",""detected"":""da"",""confidence"":1.0}",True,[],[],True,,"{""errors"":[]}",True,[],True,1,0,True,True,False,100,100,2477,20,2497,0,0,1188.78,1309,8,1317,0,0,1186.84
793864f855af5bf9c351,281,haiku-4-5,managed-prompt,subtitle,es,da,¡Papi!,Far!,"{""c"":""Papi!""}",Papi!,False,1,0,True,True,False,True,,True,,,"{""reason"":""too_short_for_language_detection"",""detected"":null,""confidence"":null}",True,[],[],True,,"{""errors"":[{""category"":""accuracy"",""severity"":""major""}]}",False,"[{""category"":""accuracy"",""severity"":""major""}]",True,1,0,True,True,False,85,85,2471,11,2482,0,0,1044.52,1283,17,1300,0,0,1663.66
3a7f24c8eab327b1605f,282,haiku-4-5,managed-prompt,subtitle,es,da,"¡Laurie, cállate! ¿Sabes lo que hará Ethan si tiene oportunidad?","Ved du, hvad Ethan vil gøre, hvis han får chancen?","{""c"":""Laurie, hold din mund! Ved du hvad Ethan vil gøre, hvis han får chancen?""}","Laurie, hold din mund! Ved du hvad Ethan vil gøre, hvis han får chancen?",False,1,0,True,True,False,True,,True,,True,"{""reason"":""detector_match"",""detected"":""da"",""confidence"":1.0}",True,[],[],True,,"{""errors"":[]}",True,[],True,1,0,True,True,False,100,100,2494,34,2528,0,0,1290.04,1348,8,1356,0,0,1207.8
11dcc29e394016cd514c,283,haiku-4-5,managed-prompt,subtitle,es,da,Menos mal que tienes el pelo largo,"Godt, du har langt hår.","{""c"":""Godt at du har langt hår""}",Godt at du har langt hår,False,1,0,True,True,False,True,,True,,True,"{""reason"":""detector_match"",""detected"":""da"",""confidence"":1.0}",True,[],[],True,,"{""errors"":[]}",True,[],True,1,0,True,True,False,100,100,2473,17,2490,0,0,1190.95,1303,8,1311,0,0,1146.82
eccecda61cc0dd3e79f8,284,haiku-4-5,managed-prompt,subtitle,es,da,- Rechazó el tratamiento.,- Hun afslår behandling.,"{""c"":""Han afviste behandlingen.""}",Han afviste behandlingen.,False,1,0,True,True,False,True,,True,,True,"{""reason"":""detector_match"",""detected"":""da"",""confidence"":1.0}",True,[],[],True,,"{""errors"":[{""category"":""accuracy"",""severity"":""major""},{""category"":""accuracy"",""severity"":""minor""}]}",False,"[{""category"":""accuracy"",""severity"":""major""},{""category"":""accuracy"",""severity"":""minor""}]",True,1,0,True,True,False,82,82,2473,14,2487,0,0,1148.97,1295,26,1321,0,0,1745.95
701f0169def72083f496,285,haiku-4-5,managed-prompt,subtitle,es,da,"- ¡Bien, sí! Auténtico. Está fuera de la ciudad, pero...","Det ligger lidt uden for byen, men...","{""c"":""- Godt, ja! Autentisk. Det er uden for byen, men...""}","- Godt, ja! Autentisk. Det er uden for byen, men...",False,1,0,True,True,False,True,,True,,True,"{""reason"":""detector_match"",""detected"":""da"",""confidence"":0.8247}",True,[],[],True,,"{""errors"":[]}",True,[],True,1,0,True,True,False,100,100,2489,27,2516,0,0,1386.66,1328,8,1336,0,0,1254.89
0894586fa86c8730d211,286,haiku-4-5,managed-prompt,subtitle,es,da,¿Es él?,Er det ham?,"{""c"":""Er det ham?""}",Er det ham?,False,1,0,True,True,False,True,,True,,,"{""reason"":""detector_inconclusive"",""detected"":""de"",""confidence"":0.8571}",True,[],[],True,,"{""errors"":[]}",True,[],True,1,0,True,True,False,100,100,2470,11,2481,0,0,1049.04,1286,8,1294,0,0,1312.95
bf868f3f25ce46675f0e,287,haiku-4-5,managed-prompt,subtitle,es,da,"Lo siento, pero esto no está funcionando.","Jeg er ked af det, men det her går ikke.","{""c"":""Desværre, men det virker ikke.""}","Desværre, men det virker ikke.",False,1,0,True,True,False,True,,True,,True,"{""reason"":""detector_match"",""detected"":""da"",""confidence"":1.0}",True,[],[],True,,"{""errors"":[]}",True,[],True,1,0,True,True,False,100,100,2475,18,2493,0,0,1163.95,1307,8,1315,0,0,2773.55
f41af4378b605df1875b,288,haiku-4-5,managed-prompt,subtitle,es,da,Y soy muy bueno con mis manos.,Og jeg er dy gtig med hænderne.,"{""c"":""Og jeg er meget dygtig med mine hænder.""}",Og jeg er meget dygtig med mine hænder.,False,1,0,True,True,False,True,,True,,True,"{""reason"":""detector_match"",""detected"":""da"",""confidence"":1.0}",True,[],[],True,,"{""errors"":[]}",True,[],True,1,0,True,True,False,100,100,2475,21,2496,0,0,1199.58,1308,8,1316,0,0,1190.58
dc384bb8ad7a8ffc15f5,289,haiku-4-5,managed-prompt,subtitle,es,da,"Ves, es que estamos ocupados.",Vi har travlt.,"{""c"":""Ves, det er bare det, at vi er optaget.""}","Ves, det er bare det, at vi er optaget.",False,1,0,True,True,False,True,,True,,True,"{""reason"":""detector_match"",""detected"":""da"",""confidence"":1.0}",True,[],[],True,,"{""errors"":[{""category"":""accuracy"",""severity"":""minor""}]}",True,"[{""category"":""accuracy"",""severity"":""minor""}]",True,1,0,True,True,False,97,97,2475,22,2497,0,0,1273.7,1302,17,1319,0,0,1254.75
e0e8979b296a3cbbed80,290,haiku-4-5,managed-prompt,subtitle,es,de,¿Qué te dijo?,Was hat sie dir gesagt?,"{""c"":""Was hat er dir gesagt?""}",Was hat er dir gesagt?,False,1,0,True,True,False,True,,True,,,"{""reason"":""detector_inconclusive"",""detected"":""de"",""confidence"":0.5714}",True,[],[],True,,"{""errors"":[]}",True,[],True,1,0,True,True,False,100,100,2474,14,2488,0,0,1097.8,1296,8,1304,0,0,1288.58
889da38634cbabdbce76,291,haiku-4-5,managed-prompt,subtitle,es,de,- ¿Qué significa eso?,- Was heißt das?,"{""c"":""Was bedeutet das?""}",Was bedeutet das?,False,1,0,True,True,False,True,,True,,True,"{""reason"":""detector_match"",""detected"":""de"",""confidence"":1.0}",True,[],[],True,,"{""errors"":[]}",True,[],True,1,0,True,True,False,100,100,2475,12,2487,0,0,2037.26,1296,8,1304,0,0,1343.27
6abc2461948da32a06e3,292,haiku-4-5,managed-prompt,subtitle,es,de,"Bueno, probémoslo.",Prüfen wir es.,"{""c"":""Gut, lass es uns versuchen.""}","Gut, lass es uns versuchen.",False,1,0,True,True,False,True,,True,,,"{""reason"":""detector_inconclusive"",""detected"":""fr"",""confidence"":0.5714}",True,[],[],True,,"{""errors"":[]}",True,[],True,1,0,True,True,False,100,100,2473,18,2491,0,0,1100.63,1299,8,1307,0,0,1196.01
2eec2ee0805f7102ed3c,293,haiku-4-5,managed-prompt,subtitle,es,de,-¿Frank?,- Frank?,"{""c"":""-Frank?""}",-Frank?,False,1,0,True,True,False,True,,True,,,"{""reason"":""too_short_for_language_detection"",""detected"":null,""confidence"":null}",True,[],[],True,,"{""errors"":[]}",True,[],True,1,0,True,True,False,100,100,2469,10,2479,0,0,965.21,1282,8,1290,0,0,3580.97
08f269f373bb9608ddf4,294,haiku-4-5,managed-prompt,subtitle,es,de,¿Tienes algún problema?,Hast du 'n Problem?,"{""c"":""Hast du ein Problem?""}",Hast du ein Problem?,False,1,0,True,True,False,True,,True,,True,"{""reason"":""detector_match"",""detected"":""de"",""confidence"":0.8571}",True,[],[],True,,"{""errors"":[]}",True,[],True,1,0,True,True,False,100,100,2474,14,2488,0,0,1091.26,1298,8,1306,0,0,1225.75
d5fc9c7a803b56a4329d,295,haiku-4-5,managed-prompt,subtitle,es,de,La misma tía Rosamund dijo que no sabía qué pensar de ello.,"Tante Rosamund sagte selbst, dass sie nicht weiß, was sie davon halten soll.","{""c"":""Tante Rosamund selbst sagte, dass sie nicht wusste, was sie davon halten sollte.""}","Tante Rosamund selbst sagte, dass sie nicht wusste, was sie davon halten sollte.",False,1,0,True,True,False,True,,True,,True,"{""reason"":""detector_match"",""detected"":""de"",""confidence"":1.0}",True,[],[],True,,"{""errors"":[]}",True,[],True,1,0,True,True,False,100,100,2487,35,2522,0,0,1200.78,1350,8,1358,0,0,1115.03
a509f8ec87cac3ee7444,296,haiku-4-5,managed-prompt,subtitle,es,de,Pensábamos que Byron y Ike llegaron al Portal 10 de forma simultánea.,Wir dachten dass Byron und Ike gleichzeitig am Portal zehn ankamen.,"{""c"":""Wir dachten, Byron und Ike erreichten Portal 10 gleichzeitig.""}","Wir dachten, Byron und Ike erreichten Portal 10 gleichzeitig.",False,1,0,True,True,False,True,,True,,True,"{""reason"":""detector_match"",""detected"":""de"",""confidence"":1.0}",True,[],[],True,,"{""errors"":[]}",True,[],True,1,0,True,True,False,100,100,2487,30,2517,0,0,1552.74,1340,8,1348,0,0,1254.25
b216666f17c1e86839e1,297,haiku-4-5,managed-prompt,subtitle,es,de,Quizás Conley realmente fue le va a dar el dinero para pagar el corredor de apuestas.,"Vielleicht wollte ihm Conley wirklich das Geld geben, um den Buchmacher auszuzahlen.","{""c"":""Vielleicht wird Conley dem Wettmakler wirklich das Geld geben, um ihn zu bezahlen.""}","Vielleicht wird Conley dem Wettmakler wirklich das Geld geben, um ihn zu bezahlen.",False,1,0,True,True,False,True,,True,,True,"{""reason"":""detector_match"",""detected"":""de"",""confidence"":1.0}",True,[],[],True,,"{""errors"":[{""category"":""accuracy"",""severity"":""major""},{""category"":""fluency"",""severity"":""minor""}]}",False,"[{""category"":""accuracy"",""severity"":""major""},{""category"":""fluency"",""severity"":""minor""}]",True,1,0,True,True,False,82,82,2492,41,2533,0,0,1561.94,1367,27,1394,0,0,1493.22
7d80f98c1c2cd8e77048,298,haiku-4-5,managed-prompt,subtitle,es,de,No es que crea que es Ud. un agente alemán.,"Nicht, weil ich Sie für eine deutsche Agentin hielt.","{""c"":""Nicht, dass ich glaube, Sie seien ein deutscher Agent.""}","Nicht, dass ich glaube, Sie seien ein deutscher Agent.",False,1,0,True,True,False,True,,True,,True,"{""reason"":""detector_match"",""detected"":""de"",""confidence"":1.0}",True,[],[],True,,"{""errors"":[]}",True,[],True,1,0,True,True,False,100,100,2480,23,2503,0,0,1193.29,1319,8,1327,0,0,2415.55
49a02625fb5af0c440ef,299,haiku-4-5,managed-prompt,subtitle,es,de,Hans estaba borracho y me tiró a la piscina.,Hans hat mich betrunken in den Pool geworfen.,"{""c"":""Hans war betrunken und hat mich ins Schwimmbad geworfen.""}",Hans war betrunken und hat mich ins Schwimmbad geworfen.,False,1,0,True,True,False,True,,True,,True,"{""reason"":""detector_match"",""detected"":""de"",""confidence"":1.0}",True,[],[],True,,"{""errors"":[{""category"":""accuracy"",""severity"":""minor""}]}",True,"[{""category"":""accuracy"",""severity"":""minor""}]",True,1,0,True,True,False,97,97,2480,26,2506,0,0,1247.34,1320,17,1337,0,0,1323.66
9aa90d245038aabf5aa0,300,haiku-4-5,managed-prompt,subtitle,es,en,Pero ahora...,But now...,"{""c"":""But now...""}",But now...,False,1,0,True,True,False,True,,True,,,"{""reason"":""too_short_for_language_detection"",""detected"":null,""confidence"":null}",True,[],[],True,,"{""errors"":[]}",True,[],True,1,0,True,True,False,100,100,2469,10,2479,0,0,1023.17,1284,8,1292,0,0,1092.66
2359a1f24bee010a5a19,301,haiku-4-5,managed-prompt,subtitle,es,en,- ¿Estás seguro?,- Are you sure ?,"{""c"":""Are you sure?""}",Are you sure?,False,1,0,True,True,False,True,,True,,,"{""reason"":""detector_mismatch_uncertain"",""detected"":""fr"",""confidence"":1.0}",True,[],[],True,,"{""errors"":[]}",True,[],True,1,0,True,True,False,100,100,2474,11,2485,0,0,1018.42,1293,8,1301,0,0,1624.65
3fa762d59e23f8e54778,302,haiku-4-5,managed-prompt,subtitle,es,en,Entonces olvídalo.,Then forget it.,"{""c"":""Then forget it.""}",Then forget it.,False,1,0,True,True,False,True,,True,,,"{""reason"":""detector_inconclusive"",""detected"":""da"",""confidence"":0.7143}",True,[],[],True,,"{""errors"":[]}",True,[],True,1,0,True,True,False,100,100,2471,11,2482,0,0,999.8,1286,8,1294,0,0,1637.68
3e1c78c335db8b18e7cd,303,haiku-4-5,managed-prompt,subtitle,es,en,"Hay una razón que no es Vermont, que no tenemos hijos, y de que usted no es el alcalde.","There's a reason that this is not Vermont, that we don't have kids, and that you are not the mayor.","{""c"":""There's a reason you're not Vermont, we don't have kids, and you're not the mayor.""}","There's a reason you're not Vermont, we don't have kids, and you're not the mayor.",False,1,0,True,True,False,True,,True,,True,"{""reason"":""detector_match"",""detected"":""en"",""confidence"":1.0}",True,[],[],True,,"{""errors"":[]}",True,[],True,1,0,True,True,False,100,100,2492,29,2521,0,0,1057.22,1346,8,1354,0,0,2421.78
f70ef9509cc0d9cd0332,304,haiku-4-5,managed-prompt,subtitle,es,en,Aquí.,Here.,"{""c"":""Here.""}",Here.,False,1,0,True,True,False,True,,True,,,"{""reason"":""too_short_for_language_detection"",""detected"":null,""confidence"":null}",True,[],[],True,,"{""errors"":[]}",True,[],True,1,0,True,True,False,100,100,2468,9,2477,0,0,2296.08,1279,8,1287,0,0,1315.65
beff480996be0bcbb97b,305,haiku-4-5,managed-prompt,subtitle,es,en,"Sí, estaba en ese callejón con Bobby.","Yeah, I was in that alley with Bobby.","{""c"":""Yeah, I was in that alley with Bobby.""}","Yeah, I was in that alley with Bobby.",False,1,0,True,True,False,True,,True,,True,"{""reason"":""detector_match"",""detected"":""en"",""confidence"":1.0}",True,[],[],True,,"{""errors"":[]}",True,[],True,1,0,True,True,False,100,100,2478,18,2496,0,0,1110.8,1307,8,1315,0,0,1255.49
0689bebc009e6c331eb4,306,haiku-4-5,managed-prompt,subtitle,es,en,"Zokka vámonos pero aun no sabemos cuando sucederá el siguiente eclipse no seas estúpido lo averiguaremos después no, no lo haremos si abandonamos este lugar nunca lo sabremos","Sokka, let's go! But we still don't know when the next eclipse is gonna happen. Don't be stupid, we'll find out later.","{""c"":""Zokka let's go but we still don't know when the next eclipse will happen don't be stupid we'll figure it out later no, we won't if we leave this place we'll never know""}","Zokka let's go but we still don't know when the next eclipse will happen don't be stupid we'll figure it out later no, we won't if we leave this place we'll never know",False,1,0,True,True,False,True,,True,,True,"{""reason"":""detector_match"",""detected"":""en"",""confidence"":1.0}",True,[],[],True,,"{""errors"":[{""category"":""preservation"",""severity"":""minor""},{""category"":""accuracy"",""severity"":""major""}]}",False,"[{""category"":""preservation"",""severity"":""minor""},{""category"":""accuracy"",""severity"":""major""}]",True,1,0,True,True,False,82,82,2513,50,2563,0,0,1314.72,1398,26,1424,0,0,1442.62
bb7ee721119809652dbc,307,haiku-4-5,managed-prompt,subtitle,es,en,"Cariño, no quieres hacer esto.","Honey, you don't wanna do this.","{""c"":""Honey, you don't want to do this.""}","Honey, you don't want to do this.",False,1,0,True,True,False,True,,True,,True,"{""reason"":""detector_match"",""detected"":""en"",""confidence"":1.0}",True,[],[],True,,"{""errors"":[]}",True,[],True,1,0,True,True,False,100,100,2476,18,2494,0,0,957.45,1305,8,1313,0,0,1230.89
ca0bea6700e52e569ea7,308,haiku-4-5,managed-prompt,subtitle,es,en,- ¿A dónde escapas?,~ Where are you going?,"{""c"":""Where are you escaping to?""}",Where are you escaping to?,False,1,0,True,True,False,True,,True,,True,"{""reason"":""detector_match"",""detected"":""en"",""confidence"":1.0}",True,[],[],True,,"{""errors"":[]}",True,[],True,1,0,True,True,False,100,100,2475,14,2489,0,0,1043.81,1297,8,1305,0,0,1207.54
6e7591e56921fd97b1d9,309,haiku-4-5,managed-prompt,subtitle,es,en,Te ves como un pequeño robot.,You look like a cool little robot.,"{""c"":""You look like a little robot.""}",You look like a little robot.,False,1,0,True,True,False,True,,True,,,"{""reason"":""detector_mismatch_uncertain"",""detected"":""et"",""confidence"":1.0}",True,[],[],True,,"{""errors"":[]}",True,[],True,1,0,True,True,False,100,100,2473,14,2487,0,0,1015.86,1295,8,1303,0,0,1180.95
f1ad944a02e82d1829e5,310,haiku-4-5,managed-prompt,subtitle,es,fr,"Dios mío, cómo bebe esta gente.","Mon Dieu, ils boivent beaucoup.","{""c"":""Mon Dieu, comme ces gens boivent.""}","Mon Dieu, comme ces gens boivent.",False,1,0,True,True,False,True,,True,,True,"{""reason"":""detector_match"",""detected"":""fr"",""confidence"":1.0}",True,[],[],True,,"{""errors"":[]}",True,[],True,1,0,True,True,False,100,100,2479,20,2499,0,0,1145.27,1312,8,1320,0,0,1530.25
4692944c28e33bc312f8,311,haiku-4-5,managed-prompt,subtitle,es,fr,Tú no sabes nada sobre Serena.,Tu ne sais rien du tout à propos de Serena.,"{""c"":""Tu ne sais rien sur Serena.""}",Tu ne sais rien sur Serena.,False,1,0,True,True,False,True,,True,,,"{""reason"":""detector_inconclusive"",""detected"":""fr"",""confidence"":0.7143}",True,[],[],True,,"{""errors"":[]}",True,[],True,1,0,True,True,False,100,100,2477,18,2495,0,0,949.73,1311,8,1319,0,0,1192.42
d65f6ef8738f4f67a615,312,haiku-4-5,managed-prompt,subtitle,es,fr,Espera.,Attends-moi.,"{""c"":""Attends.""}",Attends.,False,1,0,True,True,False,True,,True,,,"{""reason"":""too_short_for_language_detection"",""detected"":null,""confidence"":null}",True,[],[],True,,"{""errors"":[]}",True,[],True,1,0,True,True,False,100,100,2468,11,2479,0,0,1143.3,1286,8,1294,0,0,1220.62
8507d1bcb798523c5c42,313,haiku-4-5,managed-prompt,subtitle,es,fr,"Shelly, teléfono.","Shelly, téléphone.","{""c"":""Shelly, téléphone.""}","Shelly, téléphone.",False,1,0,True,True,False,True,,True,,,"{""reason"":""detector_inconclusive"",""detected"":""fr"",""confidence"":0.5714}",True,[],[],True,,"{""errors"":[]}",True,[],True,1,0,True,True,False,100,100,2473,15,2488,0,0,1070.29,1296,8,1304,0,0,1316.94
0b348e653f3156c4d474,314,haiku-4-5,managed-prompt,subtitle,es,fr,"Dejaste Las Vegas a las 3:30, condujiste por la I-40 sin parar, llegaste a Oklahoma City en 24 horas, Clinton en 23.","Tu quittes Las Vegas à 3h30, tu prends la I-40 sans t'arrêter, tu atteins Oklahoma City en 24 heures, Clinton en 23.","{""c"":""Tu as quitté Las Vegas à 15h30, tu as conduit sur l'I-40 sans t'arrêter, tu es arrivé à Oklahoma City en 24 heures, Clinton en 23.""}","Tu as quitté Las Vegas à 15h30, tu as conduit sur l'I-40 sans t'arrêter, tu es arrivé à Oklahoma City en 24 heures, Clinton en 23.",False,1,0,True,True,False,True,,True,,True,"{""reason"":""detector_match"",""detected"":""fr"",""confidence"":1.0}",True,[],"[{""code"":""number_not_exact"",""expected"":{""3"":1,""30"":1,""40"":1,""24"":1,""23"":1},""actual"":{""15"":1,""30"":1,""40"":1,""24"":1,""23"":1}}]",True,,"{""errors"":[{""category"":""accuracy"",""severity"":""minor""},{""category"":""fluency"",""severity"":""minor""}]}",True,"[{""category"":""accuracy"",""severity"":""minor""},{""category"":""fluency"",""severity"":""minor""}]",True,1,0,True,True,False,91,91,2506,58,2564,0,0,1338.09,1409,27,1436,0,0,1342.48
8c61e4ede8d9127dfb2c,315,haiku-4-5,managed-prompt,subtitle,es,fr,Yo tenía siete años.,Je avais sept ans.,"{""c"":""J'avais sept ans.""}",J'avais sept ans.,False,1,0,True,True,False,True,,True,,True,"{""reason"":""detector_match"",""detected"":""fr"",""confidence"":1.0}",True,[],[],True,,"{""errors"":[]}",True,[],True,1,0,True,True,False,100,100,2472,14,2486,0,0,1132.61,1292,8,1300,0,0,1245.91
4698ec7c640d81c56bca,316,haiku-4-5,managed-prompt,subtitle,es,fr,¿La Sra. Grubach?,Mlle Grubach ?,"{""c"":""Mme Grubach?""}",Mme Grubach?,False,1,0,True,True,False,True,,True,,,"{""reason"":""detector_mismatch_uncertain"",""detected"":""de"",""confidence"":1.0}",True,[],[],True,,"{""errors"":[{""category"":""accuracy"",""severity"":""major""}]}",False,"[{""category"":""accuracy"",""severity"":""major""}]",True,1,0,True,True,False,85,85,2476,14,2490,0,0,1101.16,1299,17,1316,0,0,1258.73
0e7bb0a9c7c90ee28ef5,317,haiku-4-5,managed-prompt,subtitle,es,fr,Estaré fuera varios días.,Je pense que je serai parti pendant quelques jours.,"{""c"":""Je serai absent plusieurs jours.""}",Je serai absent plusieurs jours.,False,1,0,True,True,False,True,,True,,True,"{""reason"":""detector_match"",""detected"":""fr"",""confidence"":1.0}",True,[],[],True,,"{""errors"":[]}",True,[],True,1,0,True,True,False,100,100,2473,15,2488,0,0,1037.82,1302,8,1310,0,0,1523.57
88e9a1b1e8823e19c204,318,haiku-4-5,managed-prompt,subtitle,es,fr,Lo ha hecho Victoria.,C'est Victoria.,"{""c"":""Victoria l'a fait.""}",Victoria l'a fait.,False,1,0,True,True,False,True,,True,,,"{""reason"":""detector_mismatch_uncertain"",""detected"":""ca"",""confidence"":1.0}",True,[],[],True,,"{""errors"":[]}",True,[],True,1,0,True,True,False,100,100,2470,13,2483,0,0,1021.58,1288,8,1296,0,0,1292.34
8150d764917dcd66487b,319,haiku-4-5,managed-prompt,subtitle,es,fr,Y tú sabes que las entrañas de una mujer nunca se equivocan.,Et les tripes d'une femme ne se trompent jamais.,"{""c"":""Et tu sais que l'intuition d'une femme ne se trompe jamais.""}",Et tu sais que l'intuition d'une femme ne se trompe jamais.,False,1,0,True,True,False,True,,True,,True,"{""reason"":""detector_match"",""detected"":""fr"",""confidence"":1.0}",True,[],[],True,,"{""errors"":[{""category"":""accuracy"",""severity"":""minor""}]}",True,"[{""category"":""accuracy"",""severity"":""minor""}]",True,1,0,True,True,False,97,97,2486,29,2515,0,0,1236.8,1332,17,1349,0,0,1286.19
aee68e2d2af8ccac85c1,320,haiku-4-5,managed-prompt,subtitle,es,it,"- Soy yo, Mac.","- Sono io, Mac.","{""c"":""Sono io, Mac.""}","Sono io, Mac.",False,1,0,True,True,False,True,,True,,True,"{""reason"":""detector_match"",""detected"":""it"",""confidence"":1.0}",True,[],[],True,,"{""errors"":[{""category"":""preservation"",""severity"":""minor""}]}",True,"[{""category"":""preservation"",""severity"":""minor""}]",True,1,0,True,True,False,97,97,2472,13,2485,0,0,1066.42,1292,17,1309,0,0,1470.65
a5ea1a246458b001e089,321,haiku-4-5,managed-prompt,subtitle,es,it,Apuesto a que algunos huirían a Tasmania.,Scommetto che alcune persone sono fuggite in Tasmania.,"{""c"":""Scommetto che alcuni fuggirebbero in Tasmania.""}",Scommetto che alcuni fuggirebbero in Tasmania.,False,1,0,True,True,False,True,,True,,True,"{""reason"":""detector_match"",""detected"":""it"",""confidence"":1.0}",True,[],[],True,,"{""errors"":[]}",True,[],True,1,0,True,True,False,100,100,2477,21,2498,0,0,1224.53,1313,8,1321,0,0,1178.1
170ef3f9d3c5df5f1076,322,haiku-4-5,managed-prompt,subtitle,es,it,Jackson fue nombrado capitán del equipo de futbol. Y el tobillo de Dale está mejor.,"Jackson e' diventato capitano della squadra di calcio, la caviglia di Dale va meglio.","{""c"":""Jackson è stato nominato capitano della squadra di calcio. E la caviglia di Dale sta meglio.""}",Jackson è stato nominato capitano della squadra di calcio. E la caviglia di Dale sta meglio.,False,1,0,True,True,False,True,,True,,True,"{""reason"":""detector_match"",""detected"":""it"",""confidence"":1.0}",True,[],[],True,,"{""errors"":[]}",True,[],True,1,0,True,True,False,100,100,2486,31,2517,0,0,1230.89,1341,8,1349,0,0,1226.24
590a820762695e841e13,323,haiku-4-5,managed-prompt,subtitle,es,it,- ¿Desde cuándo lo sabes?,- E da quando lo sai?,"{""c"":""Da quando lo sai?""}",Da quando lo sai?,False,1,0,True,True,False,True,,True,,,"{""reason"":""detector_mismatch_uncertain"",""detected"":""pt"",""confidence"":1.0}",True,[],[],True,,"{""errors"":[]}",True,[],True,1,0,True,True,False,100,100,2477,13,2490,0,0,1147.14,1300,8,1308,0,0,1497.89
0fd2262ae70b2dcf0ba4,324,haiku-4-5,managed-prompt,subtitle,es,it,"-No, perfecto!",-No! Brillante!,"{""c"":""-No, perfetto!""}","-No, perfetto!",False,1,0,True,True,False,True,,True,,True,"{""reason"":""detector_match"",""detected"":""it"",""confidence"":1.0}",True,[],[],True,,"{""errors"":[]}",True,[],True,1,0,True,True,False,100,100,2470,13,2483,0,0,1138.36,1287,8,1295,0,0,1767.66
74b303029f01c856af82,325,haiku-4-5,managed-prompt,subtitle,es,it,- ¿De qué hablas?,Di che parli?,"{""c"":""Di cosa stai parlando?""}",Di cosa stai parlando?,False,1,0,True,True,False,True,,True,,True,"{""reason"":""detector_match"",""detected"":""it"",""confidence"":1.0}",True,[],[],True,,"{""errors"":[]}",True,[],True,1,0,True,True,False,100,100,2474,14,2488,0,0,1168.68,1295,8,1303,0,0,1209.3
a419fd4983d51825f336,326,haiku-4-5,managed-prompt,subtitle,es,it,"Mira, sólo quiero que no te sientas decepcionado cuando no nieve.","Senti, e' solo che non voglio vederti deluso quando non nevichera'.","{""c"":""Mira, voglio solo che tu non ti senta deluso quando non nevica.""}","Mira, voglio solo che tu non ti senta deluso quando non nevica.",False,1,0,True,True,False,True,,True,,True,"{""reason"":""detector_match"",""detected"":""it"",""confidence"":1.0}",True,[],[],True,,"{""errors"":[{""category"":""preservation"",""severity"":""minor""}]}",True,"[{""category"":""preservation"",""severity"":""minor""}]",True,1,0,True,True,False,97,97,2488,27,2515,0,0,1254.3,1338,17,1355,0,0,1273.21
71a6f022847dfebebf05,327,haiku-4-5,managed-prompt,subtitle,es,it,La distancia,La distanza.,"{""c"":""La distanza""}",La distanza,False,1,0,True,True,False,True,,True,,True,"{""reason"":""detector_match"",""detected"":""it"",""confidence"":1.0}",True,[],[],True,,"{""errors"":[]}",True,[],True,1,0,True,True,False,100,100,2467,10,2477,0,0,1015.15,1283,8,1291,0,0,1321.62
cc3a3255b78523efc2b1,328,haiku-4-5,managed-prompt,subtitle,es,it,Qué chistoso.,Che cosa buffa.,"{""c"":""Che divertente.""}",Che divertente.,False,1,0,True,True,False,True,,True,,,"{""reason"":""detector_inconclusive"",""detected"":""nl"",""confidence"":0.5672}",True,[],[],True,,"{""errors"":[]}",True,[],True,1,0,True,True,False,100,100,2471,13,2484,0,0,1010.63,1290,8,1298,0,0,1547.19
055db3ed7b63bc8ecc6d,329,haiku-4-5,managed-prompt,subtitle,es,it,- ¿Cuán estúpida puedes ser?,Quanto cazzo stupida sei a volte?,"{""c"":""Quanto puoi essere stupida?""}",Quanto puoi essere stupida?,False,1,0,True,True,False,True,,True,,True,"{""reason"":""detector_match"",""detected"":""it"",""confidence"":1.0}",True,[],[],True,,"{""errors"":[]}",True,[],True,1,0,True,True,False,100,100,2479,15,2494,0,0,1086.76,1307,8,1315,0,0,1308.9
1f50dbdcfe2f8afcedb6,330,haiku-4-5,managed-prompt,subtitle,es,jp,¿Qué sucede cariño ¿No te gusto?,おい どうしてだよ 俺が好きだろ？,"{""c"":""どうしたの、かわいい?気に入らなかった?""}",どうしたの、かわいい?気に入らなかった?,False,1,0,True,True,False,True,,True,,True,"{""reason"":""target_script_present"",""detected"":""ja"",""confidence"":1.0}",True,[],[],True,,"{""errors"":[{""category"":""accuracy"",""severity"":""major""},{""category"":""tone"",""severity"":""major""}]}",False,"[{""category"":""accuracy"",""severity"":""major""},{""category"":""tone"",""severity"":""major""}]",True,1,0,True,True,False,70,70,2483,26,2509,0,0,1260.63,1330,26,1356,0,0,1534.28
86dcac96ce1b89e8b757,331,haiku-4-5,managed-prompt,subtitle,es,jp,Yo también quiero verte.,私も会いたいわ,"{""c"":""俺もお前に会いたいよ。""}",俺もお前に会いたいよ。,False,1,0,True,True,False,True,,True,,True,"{""reason"":""target_script_present"",""detected"":""ja"",""confidence"":1.0}",True,[],[],True,,"{""errors"":[{""category"":""tone"",""severity"":""minor""}]}",True,"[{""category"":""tone"",""severity"":""minor""}]",True,1,0,True,True,False,97,97,2472,20,2492,0,0,1031.41,1302,17,1319,0,0,1352.64
2d0945530f9d2297bb73,332,haiku-4-5,managed-prompt,subtitle,es,jp,La AAC viene de una mutación del gen APP.,ＣＡＡは　ＡＰＰ遺伝子の突然変異で 発生します,"{""c"":""AACは、APPの遺伝子変異から生じます。""}",AACは、APPの遺伝子変異から生じます。,False,1,0,True,True,False,True,,True,,True,"{""reason"":""target_script_present"",""detected"":""ja"",""confidence"":1.0}",True,[],[],True,,"{""errors"":[{""category"":""preservation"",""severity"":""major""}]}",False,"[{""category"":""preservation"",""severity"":""major""}]",True,1,0,True,True,False,85,85,2476,26,2502,0,0,1224.62,1342,17,1359,0,0,1227.79
3e274f58f7e859c1de18,333,haiku-4-5,managed-prompt,subtitle,es,jp,Yo también.,私も,"{""c"":""私も。""}",私も。,False,1,0,True,True,False,True,,True,,True,"{""reason"":""target_script_present"",""detected"":""ja"",""confidence"":1.0}",True,[],[],True,,"{""errors"":[]}",True,[],True,1,0,True,True,False,100,100,2468,10,2478,0,0,1101.37,1282,8,1290,0,0,1258.61
9f5208f23b9078e7d7b6,334,haiku-4-5,managed-prompt,subtitle,es,jp,¡Ella está dentro!,彼女はそこだ！,"{""c"":""彼女は中にいます!""}",彼女は中にいます!,False,1,0,True,True,False,True,,True,,True,"{""reason"":""target_script_present"",""detected"":""ja"",""confidence"":1.0}",True,[],[],True,,"{""errors"":[]}",True,[],True,1,0,True,True,False,100,100,2472,16,2488,0,0,1081.04,1297,8,1305,0,0,1559.17
30e323c424346a0e50d5,335,haiku-4-5,managed-prompt,subtitle,es,jp,Es un placer conocerlo.,お会いできて　光栄です！,"{""c"":""お会いできて光栄です。""}",お会いできて光栄です。,False,1,0,True,True,False,True,,True,,True,"{""reason"":""target_script_present"",""detected"":""ja"",""confidence"":1.0}",True,[],[],True,,"{""errors"":[]}",True,[],True,1,0,True,True,False,100,100,2472,17,2489,0,0,1086.32,1302,8,1310,0,0,1332.16
bfeda1907b5ede92e13a,336,haiku-4-5,managed-prompt,subtitle,es,jp,En tercer lugar:,第３位,"{""c"":""3番目に:""}",3番目に:,False,1,0,True,True,False,True,,True,,True,"{""reason"":""target_script_present"",""detected"":""ja"",""confidence"":1.0}",True,[],"[{""code"":""number_not_exact"",""expected"":{},""actual"":{""3"":1}}]",True,,"{""errors"":[]}",True,[],True,1,0,True,True,False,97,97,2469,12,2481,0,0,1164.91,1285,8,1293,0,0,1291.72
4f12c6be54eb4543229c,337,haiku-4-5,managed-prompt,subtitle,es,jp,"Debieron encerrarte hace mucho tiempo, para que pagaras por lo que has hecho.",彼らはずっと以前にあんたを監禁した 多分　あんたに代償を払わせた,"{""c"":""お前は昔からぶち込まれるべきだった。お前がしたことの代償を払うためにな。""}",お前は昔からぶち込まれるべきだった。お前がしたことの代償を払うためにな。,False,1,0,True,True,False,True,,True,,True,"{""reason"":""target_script_present"",""detected"":""ja"",""confidence"":1.0}",True,[],[],True,,"{""errors"":[]}",True,[],True,1,0,True,True,False,100,100,2488,41,2529,0,0,1638.87,1364,8,1372,0,0,1396.16
6a88f4d037939aa2cef7,338,haiku-4-5,managed-prompt,subtitle,es,jp,¿Por qué- - Kati tomaba vino de vez en cuando.,ケイティは　時折ワインを飲みましたが なぜ　ですか？,"{""c"":""なぜ- - Katiは時々ワインを飲んでいたのか。""}",なぜ- - Katiは時々ワインを飲んでいたのか。,False,1,0,True,True,False,True,,True,,True,"{""reason"":""target_script_present"",""detected"":""ja"",""confidence"":1.0}",True,[],[],True,,"{""errors"":[]}",True,[],True,1,0,True,True,False,100,100,2484,32,2516,0,0,1312.22,1344,8,1352,0,0,1137.57
ddc7b13c1a5176e43d56,339,haiku-4-5,managed-prompt,subtitle,es,jp,Duele.,- 痛むよ。,"{""c"":""痛いです。""}",痛いです。,False,1,0,True,True,False,True,,True,,True,"{""reason"":""target_script_present"",""detected"":""ja"",""confidence"":1.0}",True,[],[],True,,"{""errors"":[]}",True,[],True,1,0,True,True,False,100,100,2468,12,2480,0,0,1132.8,1290,8,1298,0,0,1268.1
498255356cbda960c253,340,haiku-4-5,managed-prompt,subtitle,es,nl,- ¿Quiere que pare?,Wilt u dat ik ermee ophoud?,"{""c"":""Wil je dat ik stop?""}",Wil je dat ik stop?,False,1,0,True,True,False,True,,True,,,"{""reason"":""detector_mismatch_uncertain"",""detected"":""sl"",""confidence"":1.0}",True,[],[],True,,"{""errors"":[{""category"":""tone"",""severity"":""minor""}]}",True,"[{""category"":""tone"",""severity"":""minor""}]",True,1,0,True,True,False,97,97,2474,16,2490,0,0,1150.96,1304,17,1321,0,0,1589.53
901c590caa0f027b9e6f,341,haiku-4-5,managed-prompt,subtitle,es,nl,¿Qué tal la película de anoche?,Hoe was de film van gisteren?,"{""c"":""Hoe was de film gisteravond?""}",Hoe was de film gisteravond?,False,1,0,True,True,False,True,,True,,True,"{""reason"":""detector_match"",""detected"":""nl"",""confidence"":1.0}",True,[],[],True,,"{""errors"":[]}",True,[],True,1,0,True,True,False,100,100,2477,18,2495,0,0,1234.77,1307,8,1315,0,0,1220.12
5bd65e76731b1abb0e5c,342,haiku-4-5,managed-prompt,subtitle,es,nl,Sr. Gundars. ¿Ves?,Gundars. Mr.,"{""c"":""Dhr. Gundars. Zie je?""}",Dhr. Gundars. Zie je?,False,1,0,True,True,False,True,,True,,,"{""reason"":""detector_mismatch_uncertain"",""detected"":""de"",""confidence"":1.0}",True,[],[],True,,"{""errors"":[]}",True,[],True,1,0,True,True,False,100,100,2478,20,2498,0,0,1143.63,1307,8,1315,0,0,1264.87
7b71db3c23e8fb5037fa,343,haiku-4-5,managed-prompt,subtitle,es,nl,"Por favor, todos vosotros, hoy celebramos la llegada de El Murfi a la ciudad de los zeros.","Alstublieft, iedereen... Vandaag vieren we de aankomst van El Murfi in de Stad van de Zero's.","{""c"":""Alstublieft, jullie allemaal, vandaag vieren we de komst van El Murfi naar de stad van de nullen.""}","Alstublieft, jullie allemaal, vandaag vieren we de komst van El Murfi naar de stad van de nullen.",False,1,0,True,True,False,True,,True,,,"{""reason"":""detector_inconclusive"",""detected"":""nl"",""confidence"":0.5719}",True,[],[],True,,"{""errors"":[{""category"":""accuracy"",""severity"":""minor""},{""category"":""fluency"",""severity"":""minor""}]}",True,"[{""category"":""accuracy"",""severity"":""minor""},{""category"":""fluency"",""severity"":""minor""}]",True,1,0,True,True,False,94,94,2493,41,2534,0,0,1306.2,1370,27,1397,0,0,1431.66
0b24a1d0ea7b14f203ba,344,haiku-4-5,managed-prompt,subtitle,es,nl,Estás yendo por un camino peligroso y me estás arrastrando contigo.,Je loopt een gevaarlijk pad af en je trekt mij met je mee.,"{""c"":""Je gaat een gevaarlijk pad in en je sleept mij mee.""}",Je gaat een gevaarlijk pad in en je sleept mij mee.,False,1,0,True,True,False,True,,True,,True,"{""reason"":""detector_match"",""detected"":""nl"",""confidence"":1.0}",True,[],[],True,,"{""errors"":[]}",True,[],True,1,0,True,True,False,100,100,2487,25,2512,0,0,1299.08,1332,8,1340,0,0,1342.44
25c2e7eb1dd147e24e92,345,haiku-4-5,managed-prompt,subtitle,es,nl,Olvida todo esto.,Vergeet dit alles hier.,"{""c"":""Vergeet dit allemaal.""}",Vergeet dit allemaal.,False,1,0,True,True,False,True,,True,,,"{""reason"":""detector_inconclusive"",""detected"":""af"",""confidence"":0.7143}",True,[],[],True,,"{""errors"":[]}",True,[],True,1,0,True,True,False,100,100,2471,14,2485,0,0,1043.53,1293,8,1301,0,0,1255.89
2c90db48508d654b4bd5,346,haiku-4-5,managed-prompt,subtitle,es,nl,"Yo también te quiero, Lois.","Ik houd ook van jou, Lois.","{""c"":""Ik hou ook van jou, Lois.""}","Ik hou ook van jou, Lois.",False,1,0,True,True,False,True,,True,,,"{""reason"":""detector_inconclusive"",""detected"":""af"",""confidence"":0.8571}",True,[],[],True,,"{""errors"":[]}",True,[],True,1,0,True,True,False,100,100,2475,21,2496,0,0,1175.93,1310,8,1318,0,0,1138.21
ef023a1d77b43621f60e,347,haiku-4-5,managed-prompt,subtitle,es,nl,"No. No, se trataba de otro tipo.","Nee, het was iemand anders.","{""c"":""Nee. Nee, het was een ander soort.""}","Nee. Nee, het was een ander soort.",False,1,0,True,True,False,True,,True,,True,"{""reason"":""detector_match"",""detected"":""nl"",""confidence"":1.0}",True,[],[],True,,"{""errors"":[]}",True,[],True,1,0,True,True,False,100,100,2475,23,2498,0,0,1252.89,1309,8,1317,0,0,1223.08
ead8bbab0da7387ea964,348,haiku-4-5,managed-prompt,subtitle,es,nl,Eso es lo bueno de la carne de ciervo.,Dat is het goede aan hertenvlees.,"{""c"":""Dat is het mooie van hertenvlees.""}",Dat is het mooie van hertenvlees.,False,1,0,True,True,False,True,,True,,True,"{""reason"":""detector_match"",""detected"":""nl"",""confidence"":1.0}",True,[],[],True,,"{""errors"":[]}",True,[],True,1,0,True,True,False,100,100,2480,20,2500,0,0,1284.46,1312,8,1320,0,0,1189.06
d50fb275f6492a44de27,349,haiku-4-5,managed-prompt,subtitle,es,nl,"Ya era difícil hacer negocios con el baboso del viejo general, pero Ban Sung es todavía peor.","Die vorige generaal was al een vreselijke viespeuk, maar Ban Sung is erger.","{""c"":""Het was al moeilijk zaken doen met die slijmerige oude generaal, maar Ban Sung is nog erger.""}","Het was al moeilijk zaken doen met die slijmerige oude generaal, maar Ban Sung is nog erger.",False,1,0,True,True,False,True,,True,,True,"{""reason"":""detector_match"",""detected"":""nl"",""confidence"":1.0}",True,[],[],True,,"{""errors"":[]}",True,[],True,1,0,True,True,False,100,100,2493,36,2529,0,0,1364.01,1353,8,1361,0,0,1145.31
e5f5aa883b274c54c1a8,350,haiku-4-5,managed-prompt,subtitle,es,nb,Estamos todos juntos en esto.,Vi er sammen om dette.,"{""c"":""Vi er alle sammen i dette sammen.""}",Vi er alle sammen i dette sammen.,False,1,0,True,True,False,True,,True,,True,"{""reason"":""detector_match"",""detected"":""no"",""confidence"":1.0}",True,[],[],True,,"{""errors"":[{""category"":""fluency"",""severity"":""minor""}]}",True,"[{""category"":""fluency"",""severity"":""minor""}]",True,1,0,True,True,False,97,97,2473,15,2488,0,0,1102.2,1294,18,1312,0,0,1248.85
b1e9360ceca811538046,351,haiku-4-5,managed-prompt,subtitle,es,nb,¡Dejaste que papá volviera a casa!,- Du lot pappa komme hjem igjen!,"{""c"":""Du lot far komme hjem igjen!""}",Du lot far komme hjem igjen!,False,1,0,True,True,False,True,,True,,True,"{""reason"":""detector_match"",""detected"":""no"",""confidence"":1.0}",True,[],[],True,,"{""errors"":[{""category"":""terminology"",""severity"":""minor""}]}",True,"[{""category"":""terminology"",""severity"":""minor""}]",True,1,0,True,True,False,97,97,2479,17,2496,0,0,1202.06,1307,17,1324,0,0,1444.64
060d9e2145e4907c91c0,352,haiku-4-5,managed-prompt,subtitle,es,nb,Me equivoqué al decirte eso.,Det var feil av meg å si det.,"{""c"":""Jeg tok feil da jeg sa det til deg.""}",Jeg tok feil da jeg sa det til deg.,False,1,0,True,True,False,True,,True,,True,"{""reason"":""detector_match"",""detected"":""no"",""confidence"":1.0}",True,[],[],True,,"{""errors"":[]}",True,[],True,1,0,True,True,False,100,100,2476,19,2495,0,0,1288.83,1305,8,1313,0,0,1269.0
ab8d1957902ecb8a9265,353,haiku-4-5,managed-prompt,subtitle,es,nb,Estoy enamorado de mi esposa.,Jeg er forelsket i kona.,"{""c"":""Jeg er forelsket i kona mi.""}",Jeg er forelsket i kona mi.,False,1,0,True,True,False,True,,True,,True,"{""reason"":""detector_match"",""detected"":""no"",""confidence"":1.0}",True,[],[],True,,"{""errors"":[]}",True,[],True,1,0,True,True,False,100,100,2476,18,2494,0,0,1616.61,1304,8,1312,0,0,1276.34
215ec7ac22a3f9682618,354,haiku-4-5,managed-prompt,subtitle,es,nb,- Déjeme ayudarlo.,-La meg hjeIpe deg.,"{""c"":""La meg hjelpe deg.""}",La meg hjelpe deg.,False,1,0,True,True,False,True,,True,,True,"{""reason"":""detector_match"",""detected"":""no"",""confidence"":1.0}",True,[],[],True,,"{""errors"":[{""category"":""preservation"",""severity"":""minor""}]}",True,"[{""category"":""preservation"",""severity"":""minor""}]",True,1,0,True,True,False,97,97,2473,14,2487,0,0,1560.71,1295,17,1312,0,0,1316.66
a0a9249e28ef9c0708e7,355,haiku-4-5,managed-prompt,subtitle,es,nb,No entiendes.,Du forstår ikke.,"{""c"":""Du forstår ikke.""}",Du forstår ikke.,False,1,0,True,True,False,True,,True,,True,"{""reason"":""detector_match"",""detected"":""no"",""confidence"":1.0}",True,[],[],True,,"{""errors"":[]}",True,[],True,1,0,True,True,False,100,100,2469,13,2482,0,0,1328.94,1288,8,1296,0,0,1281.62
5b1e839ac9f82589d672,356,haiku-4-5,managed-prompt,subtitle,es,nb,Parece aterrada.,Hun ser skrekkslagen ut.,"{""c"":""Hun ser redd ut.""}",Hun ser redd ut.,False,1,0,True,True,False,True,,True,,,"{""reason"":""detector_mismatch_uncertain"",""detected"":""sv"",""confidence"":1.0}",True,[],[],True,,"{""errors"":[]}",True,[],True,1,0,True,True,False,100,100,2471,13,2484,0,0,1421.32,1292,8,1300,0,0,1170.49
31fec7aec4e061a3bfc4,357,haiku-4-5,managed-prompt,subtitle,es,nb,¡Es un hombre!,Det er et menneske!,"{""c"":""Det er en mann!""}",Det er en mann!,False,1,0,True,True,False,True,,True,,True,"{""reason"":""detector_match"",""detected"":""no"",""confidence"":1.0}",True,[],[],True,,"{""errors"":[{""category"":""accuracy"",""severity"":""major""}]}",False,"[{""category"":""accuracy"",""severity"":""major""}]",True,1,0,True,True,False,85,85,2472,12,2484,0,0,1323.29,1289,17,1306,0,0,1316.04
e556341a9606d05a121a,358,haiku-4-5,managed-prompt,subtitle,es,nb,Vamos. ¿Como ayudaste a Gentry?,Slik du hjalp Gentry?,"{""c"":""Kom igjen. Hvordan hjalp du Gentry?""}",Kom igjen. Hvordan hjalp du Gentry?,False,1,0,True,True,False,True,,True,,True,"{""reason"":""detector_match"",""detected"":""no"",""confidence"":1.0}",True,[],[],True,,"{""errors"":[]}",True,[],True,1,0,True,True,False,100,100,2480,23,2503,0,0,1260.61,1316,8,1324,0,0,1310.49
564c9c785e47f572514d,359,haiku-4-5,managed-prompt,subtitle,es,nb,- ¿Todavía tienes el plan dental?,-Har du ennå tannlegeplan og alt mulig?,"{""c"":""Har du fortsatt tannplanen?""}",Har du fortsatt tannplanen?,False,1,0,True,True,False,True,,True,,True,"{""reason"":""detector_match"",""detected"":""no"",""confidence"":1.0}",True,[],[],True,,"{""errors"":[{""category"":""accuracy"",""severity"":""minor""}]}",True,"[{""category"":""accuracy"",""severity"":""minor""}]",True,1,0,True,True,False,97,97,2478,17,2495,0,0,1168.51,1313,17,1330,0,0,1157.85
82733081fda5cd9608d0,360,haiku-4-5,managed-prompt,subtitle,fr,da,"Alex, on peut s'en aller ?","- Alex, lad os smutte.","{""c"":""Alex, kan vi tage af sted?""}","Alex, kan vi tage af sted?",False,1,0,True,True,False,True,,True,,True,"{""reason"":""detector_match"",""detected"":""da"",""confidence"":1.0}",True,[],[],True,,"{""errors"":[]}",True,[],True,1,0,True,True,False,100,100,2474,17,2491,0,0,1129.42,1303,8,1311,0,0,1257.97
67425d85995e813ae297,361,haiku-4-5,managed-prompt,subtitle,fr,da,Bien sûr que non.,"- Nej, selvfølgelig ikke.","{""c"":""Selvfølgelig ikke.""}",Selvfølgelig ikke.,False,1,0,True,True,False,True,,True,,,"{""reason"":""detector_mismatch_uncertain"",""detected"":""no"",""confidence"":1.0}",True,[],[],True,,"{""errors"":[]}",True,[],True,1,0,True,True,False,100,100,2472,15,2487,0,0,1152.04,1299,8,1307,0,0,1135.9
85ed3a13e07bb29ee087,362,haiku-4-5,managed-prompt,subtitle,fr,da,"- Ouais, je reste ici.",- Jeg bliver her.,"{""c"":""Ja, jeg bliver her.""}","Ja, jeg bliver her.",False,1,0,True,True,False,True,,True,,,"{""reason"":""detector_mismatch_uncertain"",""detected"":""no"",""confidence"":1.0}",True,[],[],True,,"{""errors"":[]}",True,[],True,1,0,True,True,False,100,100,2474,14,2488,0,0,1316.87,1294,8,1302,0,0,1164.93
ac0d26dcbc856165f86d,363,haiku-4-5,managed-prompt,subtitle,fr,da,Quoi?,Hvad?,"{""c"":""Hvad?""}",Hvad?,False,1,0,True,True,False,True,,True,,,"{""reason"":""too_short_for_language_detection"",""detected"":null,""confidence"":null}",True,[],[],True,,"{""errors"":[]}",True,[],True,1,0,True,True,False,100,100,2468,11,2479,0,0,1103.2,1285,8,1293,0,0,1262.71
cdc60f6c0d00d781e86d,364,haiku-4-5,managed-prompt,subtitle,fr,da,"Qu'est-il arrivé à Scott? August, je suis désolée.",Hvad er der sket med Scott?,"{""c"":""Hvad skete der med Scott? August, jeg er ked af det.""}","Hvad skete der med Scott? August, jeg er ked af det.",False,1,0,True,True,False,True,,True,,True,"{""reason"":""detector_match"",""detected"":""da"",""confidence"":1.0}",True,[],[],True,,"{""errors"":[]}",True,[],True,1,0,True,True,False,100,100,2485,25,2510,0,0,1344.39,1320,8,1328,0,0,1183.19
5319b941e3538570ccad,365,haiku-4-5,managed-prompt,subtitle,fr,da,- Qu'est-ce que j'en fais ?,- Hvad skal jeg gøre med denne her?,"{""c"":""Hvad skal jeg gøre med det?""}",Hvad skal jeg gøre med det?,False,1,0,True,True,False,True,,True,,True,"{""reason"":""detector_match"",""detected"":""da"",""confidence"":1.0}",True,[],[],True,,"{""errors"":[]}",True,[],True,1,0,True,True,False,100,100,2478,18,2496,0,0,1177.58,1311,8,1319,0,0,1155.22
53131776bf65d9d11b9d,366,haiku-4-5,managed-prompt,subtitle,fr,da,Parfait.,Det her er godt.,"{""c"":""Perfekt.""}",Perfekt.,False,1,0,True,True,False,True,,True,,,"{""reason"":""too_short_for_language_detection"",""detected"":null,""confidence"":null}",True,[],[],True,,"{""errors"":[]}",True,[],True,1,0,True,True,False,100,100,2468,11,2479,0,0,1810.62,1285,8,1293,0,0,1124.46
de458b7102fdab7ba680,367,haiku-4-5,managed-prompt,subtitle,fr,da,Physiquement les Atrians arrivent à maturité plus vite que nous.,"Atrians bliver hurtigere modne, end vi gør..","{""c"":""Fysisk når Atrians modenhed hurtigere end os.""}",Fysisk når Atrians modenhed hurtigere end os.,False,1,0,True,True,False,True,,True,,True,"{""reason"":""detector_match"",""detected"":""da"",""confidence"":1.0}",True,[],[],True,,"{""errors"":[]}",True,[],True,1,0,True,True,False,100,100,2484,23,2507,0,0,1275.71,1323,8,1331,0,0,1292.69
291c345cf9a7ae2ce2f2,368,haiku-4-5,managed-prompt,subtitle,fr,da,Je suis ton cadeau.,- Jeg er din fødselsdagsgave.,"{""c"":""Jeg er din gave.""}",Jeg er din gave.,False,1,0,True,True,False,True,,True,,,"{""reason"":""detector_inconclusive"",""detected"":""da"",""confidence"":0.5717}",True,[],[],True,,"{""errors"":[]}",True,[],True,1,0,True,True,False,100,100,2471,13,2484,0,0,1093.52,1297,8,1305,0,0,1244.86
8600b2cc28cd59e0382c,369,haiku-4-5,managed-prompt,subtitle,fr,da,"Qui, M. Lopez?","Hvem, hr. Lopez?","{""c"":""Ja, hr. Lopez?""}","Ja, hr. Lopez?",False,1,0,True,True,False,True,,True,,,"{""reason"":""detector_inconclusive"",""detected"":""de"",""confidence"":0.5714}",True,[],[],True,,"{""errors"":[{""category"":""accuracy"",""severity"":""major""}]}",False,"[{""category"":""accuracy"",""severity"":""major""}]",True,1,0,True,True,False,85,85,2471,14,2485,0,0,983.86,1295,17,1312,0,0,1234.83
748cb6745d5ce7fbbbdf,370,haiku-4-5,managed-prompt,subtitle,fr,de,- Elle a la pierre.,- Sie hat den Stein.,"{""c"":""Sie hat den Stein.""}",Sie hat den Stein.,False,1,0,True,True,False,True,,True,,True,"{""reason"":""detector_match"",""detected"":""de"",""confidence"":1.0}",True,[],[],True,,"{""errors"":[{""category"":""preservation"",""severity"":""minor""}]}",True,"[{""category"":""preservation"",""severity"":""minor""}]",True,1,0,True,True,False,97,97,2470,14,2484,0,0,1032.71,1292,17,1309,0,0,1203.21
fe75e4d6d7bf1e286245,371,haiku-4-5,managed-prompt,subtitle,fr,de,- Que se passe-t-il ?,"- Hey, was ist hier los?","{""c"":""Was ist los?""}",Was ist los?,False,1,0,True,True,False,True,,True,,,"{""reason"":""detector_inconclusive"",""detected"":""en"",""confidence"":0.8571}",True,[],[],True,,"{""errors"":[]}",True,[],True,1,0,True,True,False,100,100,2475,11,2486,0,0,948.68,1296,8,1304,0,0,1204.97
cbd58dc94341b9a42030,372,haiku-4-5,managed-prompt,subtitle,fr,de,Je suis le Dr McKay.,Ich bin Dr. McKay.,"{""c"":""Ich bin Dr. McKay.""}",Ich bin Dr. McKay.,False,1,0,True,True,False,True,,True,,True,"{""reason"":""detector_match"",""detected"":""de"",""confidence"":1.0}",True,[],[],True,,"{""errors"":[]}",True,[],True,1,0,True,True,False,100,100,2472,15,2487,0,0,1062.62,1295,8,1303,0,0,1324.21
b79ea5ab323ba93e32b8,373,haiku-4-5,managed-prompt,subtitle,fr,de,je vais juste signer.,Ich unterschreibe einfach.,"{""c"":""Ich werde mich einfach anmelden.""}",Ich werde mich einfach anmelden.,False,1,0,True,True,False,True,,True,,True,"{""reason"":""detector_match"",""detected"":""de"",""confidence"":1.0}",True,[],[],True,,"{""errors"":[{""category"":""accuracy"",""severity"":""major""}]}",False,"[{""category"":""accuracy"",""severity"":""major""}]",True,1,0,True,True,False,85,85,2472,20,2492,0,0,1533.42,1301,17,1318,0,0,1240.76
ad4312ff74fc794ff7ea,374,haiku-4-5,managed-prompt,subtitle,fr,de,Tu veux voir Lexi ? Je vais t'y emmener.,Du willst Lexi sehen?,"{""c"":""Du willst Lexi sehen? Ich bringe dich hin.""}",Du willst Lexi sehen? Ich bringe dich hin.,False,1,0,True,True,False,True,,True,,True,"{""reason"":""detector_match"",""detected"":""de"",""confidence"":1.0}",True,[],[],True,,"{""errors"":[]}",True,[],True,1,0,True,True,False,100,100,2481,25,2506,0,0,1212.89,1315,8,1323,0,0,1175.78
39f68fc2247e9a3110ee,375,haiku-4-5,managed-prompt,subtitle,fr,de,Keating.,Keating.,"{""c"":""Keating.""}",Keating.,False,1,0,True,True,False,True,,True,,,"{""reason"":""too_short_for_language_detection"",""detected"":null,""confidence"":null}",True,[],[],True,,"{""errors"":[]}",True,[],True,1,0,True,True,False,100,100,2468,11,2479,0,0,1161.34,1283,8,1291,0,0,1263.76
97a441aab2d9ae4b40a6,376,haiku-4-5,managed-prompt,subtitle,fr,de,Je viens vous apporter la parole de Dieu.,Ich bringe euch das Wort Gottes.,"{""c"":""Ich bin hier, um euch Gottes Wort zu bringen.""}","Ich bin hier, um euch Gottes Wort zu bringen.",False,1,0,True,True,False,True,,True,,True,"{""reason"":""detector_match"",""detected"":""de"",""confidence"":1.0}",True,[],[],True,,"{""errors"":[]}",True,[],True,1,0,True,True,False,100,100,2478,25,2503,0,0,1136.4,1317,8,1325,0,0,1211.59
87e0997a12d75f438a18,377,haiku-4-5,managed-prompt,subtitle,fr,de,"Portia avait sur elle une lettre de Sarah, datée de son 21e anniversaire.","Portia trug tatsächlich einen Brief von Sarah bei sich, datiert auf ihren 21. Geburtstag.","{""c"":""Portia hatte einen Brief von Sarah bei sich, der auf ihren 21. Geburtstag datiert war.""}","Portia hatte einen Brief von Sarah bei sich, der auf ihren 21. Geburtstag datiert war.",False,1,0,True,True,False,True,,True,,True,"{""reason"":""detector_match"",""detected"":""de"",""confidence"":1.0}",True,[],[],True,,"{""errors"":[]}",True,[],True,1,0,True,True,False,100,100,2487,34,2521,0,0,1180.3,1351,8,1359,0,0,1285.0
8709bfe0f437f525be81,378,haiku-4-5,managed-prompt,subtitle,fr,de,Tu pourras ramener une télé ?,"Denkst du, du kannst den Fernseher besorgen?","{""c"":""Kannst du einen Fernseher mitbringen?""}",Kannst du einen Fernseher mitbringen?,False,1,0,True,True,False,True,,True,,True,"{""reason"":""detector_match"",""detected"":""de"",""confidence"":1.0}",True,[],[],True,,"{""errors"":[]}",True,[],True,1,0,True,True,False,100,100,2473,20,2493,0,0,1054.8,1313,8,1321,0,0,1450.6
cdac242a1ae258c14806,379,haiku-4-5,managed-prompt,subtitle,fr,de,"Tu te laisses manipuler par elle, Jack.","Du lässt dich von ihr manipulieren, Jack.","{""c"":""Du lässt dich von ihr manipulieren, Jack.""}","Du lässt dich von ihr manipulieren, Jack.",False,1,0,True,True,False,True,,True,,True,"{""reason"":""detector_match"",""detected"":""de"",""confidence"":1.0}",True,[],[],True,,"{""errors"":[]}",True,[],True,1,0,True,True,False,100,100,2477,21,2498,0,0,1216.64,1312,8,1320,0,0,1201.31
2f5634f649a33de37617,380,haiku-4-5,managed-prompt,subtitle,fr,en,Je vais bien.,I'm fine.,"{""c"":""I'm doing well.""}",I'm doing well.,False,1,0,True,True,False,True,,True,,,"{""reason"":""detector_inconclusive"",""detected"":""cy"",""confidence"":0.8571}",True,[],[],True,,"{""errors"":[]}",True,[],True,1,0,True,True,False,100,100,2469,12,2481,0,0,1073.68,1285,8,1293,0,0,1175.82
48bf7c72c3d42cf6061f,381,haiku-4-5,managed-prompt,subtitle,fr,en,"Georgina, savez-vous où Val est allée ?","Uh... Georgina, do you know where Val was going?","{""c"":""Georgina, do you know where Val went?""}","Georgina, do you know where Val went?",False,1,0,True,True,False,True,,True,,True,"{""reason"":""detector_match"",""detected"":""en"",""confidence"":1.0}",True,[],[],True,,"{""errors"":[]}",True,[],True,1,0,True,True,False,100,100,2478,18,2496,0,0,1056.16,1314,8,1322,0,0,1340.53
cbbe39a615a205acf27c,382,haiku-4-5,managed-prompt,subtitle,fr,en,"Quoi, mon amour ?","- What, my love?","{""c"":""What, my love?""}","What, my love?",False,1,0,True,True,False,True,,True,,True,"{""reason"":""detector_match"",""detected"":""en"",""confidence"":1.0}",True,[],[],True,,"{""errors"":[]}",True,[],True,1,0,True,True,False,100,100,2472,12,2484,0,0,1057.75,1292,8,1300,0,0,1289.68
3e2530844c945d5a9296,383,haiku-4-5,managed-prompt,subtitle,fr,en,On a de plus gros soucis.,We've got bigger concerns.,"{""c"":""We have bigger problems.""}",We have bigger problems.,False,1,0,True,True,False,True,,True,,,"{""reason"":""detector_mismatch_uncertain"",""detected"":""da"",""confidence"":0.9994}",True,[],[],True,,"{""errors"":[]}",True,[],True,1,0,True,True,False,100,100,2474,12,2486,0,0,1064.17,1292,8,1300,0,0,1175.1
ad48a4ff68e9697f3d8f,384,haiku-4-5,managed-prompt,subtitle,fr,en,Ces gars sont les meilleurs.,Those guys are the best.,"{""c"":""These guys are the best.""}",These guys are the best.,False,1,0,True,True,False,True,,True,,True,"{""reason"":""detector_match"",""detected"":""en"",""confidence"":1.0}",True,[],[],True,,"{""errors"":[]}",True,[],True,1,0,True,True,False,100,100,2472,13,2485,0,0,1022.15,1291,8,1299,0,0,1157.45
32156b0b906c7bdb5d19,385,haiku-4-5,managed-prompt,subtitle,fr,en,- Voilà une concession. - Quoi ?,- That's a concession.,"{""c"":""- Here's a compromise. - What?""}",- Here's a compromise. - What?,False,1,0,True,True,False,True,,True,,True,"{""reason"":""detector_match"",""detected"":""en"",""confidence"":1.0}",True,[],[],True,,"{""errors"":[]}",True,[],True,1,0,True,True,False,100,100,2478,16,2494,0,0,1191.56,1303,8,1311,0,0,1187.66
76839a9d1f62fa3df23d,386,haiku-4-5,managed-prompt,subtitle,fr,en,- J'ai suivi Taub.,I followed Taub.,"{""c"":""I followed Taub.""}",I followed Taub.,False,1,0,True,True,False,True,,True,,True,"{""reason"":""detector_match"",""detected"":""en"",""confidence"":1.0}",True,[],[],True,,"{""errors"":[]}",True,[],True,1,0,True,True,False,100,100,2474,13,2487,0,0,1054.87,1293,8,1301,0,0,1227.02
511b32971398068ec529,387,haiku-4-5,managed-prompt,subtitle,fr,en,Salut.,Hi.,"{""c"":""Hi.""}",Hi.,False,1,0,True,True,False,True,,True,,,"{""reason"":""too_short_for_language_detection"",""detected"":null,""confidence"":null}",True,[],[],True,,"{""errors"":[]}",True,[],True,1,0,True,True,False,100,100,2468,9,2477,0,0,1036.81,1279,8,1287,0,0,1137.36
9425baa998f693a27b04,388,haiku-4-5,managed-prompt,subtitle,fr,en,Un Serbe qui a inventé une machine sexuelle pour les femmes.,A serbian man who has invented A sex machine for women.,"{""c"":""A Serb who invented a sex machine for women.""}",A Serb who invented a sex machine for women.,False,1,0,True,True,False,True,,True,,True,"{""reason"":""detector_match"",""detected"":""en"",""confidence"":1.0}",True,[],[],True,,"{""errors"":[]}",True,[],True,1,0,True,True,False,100,100,2481,19,2500,0,0,1099.15,1312,8,1320,0,0,1302.63
f2eaaaa207bd4be47f30,389,haiku-4-5,managed-prompt,subtitle,fr,en,"J'ai commencé à prier car j'ai souvent trouvé du réconfort dans ma Foi et... un jour, j'ai entendu une voix.","I started to pray because I often find consolation in my faith, and, one day... I heard a voice.","{""c"":""I started praying because I often found comfort in my Faith and... one day, I heard a voice.""}","I started praying because I often found comfort in my Faith and... one day, I heard a voice.",False,1,0,True,True,False,True,,True,,True,"{""reason"":""detector_match"",""detected"":""en"",""confidence"":1.0}",True,[],[],True,,"{""errors"":[]}",True,[],True,1,0,True,True,False,100,100,2504,29,2533,0,0,1131.72,1357,8,1365,0,0,1212.1
88ad11fdc23eec5eeca6,390,haiku-4-5,managed-prompt,subtitle,fr,es,"Mon Dieu, ils boivent beaucoup.","Dios mío, cómo bebe esta gente.","{""c"":""Dios mío, beben mucho.""}","Dios mío, beben mucho.",False,1,0,True,True,False,True,,True,,,"{""reason"":""detector_inconclusive"",""detected"":""es"",""confidence"":0.7143}",True,[],[],True,,"{""errors"":[]}",True,[],True,1,0,True,True,False,100,100,2477,18,2495,0,0,1114.4,1310,8,1318,0,0,1211.25
a51bbfee8af796d914cf,391,haiku-4-5,managed-prompt,subtitle,fr,es,Tu ne sais rien du tout à propos de Serena.,Tú no sabes nada sobre Serena.,"{""c"":""No sabes nada en absoluto sobre Serena.""}",No sabes nada en absoluto sobre Serena.,False,1,0,True,True,False,True,,True,,True,"{""reason"":""detector_match"",""detected"":""es"",""confidence"":1.0}",True,[],[],True,,"{""errors"":[]}",True,[],True,1,0,True,True,False,100,100,2480,20,2500,0,0,1065.35,1313,8,1321,0,0,1163.81
0001cc7b9206e10664f0,392,haiku-4-5,managed-prompt,subtitle,fr,es,Attends-moi.,Espera.,"{""c"":""Espérame.""}",Espérame.,False,1,0,True,True,False,True,,True,,,"{""reason"":""detector_mismatch_uncertain"",""detected"":""pt"",""confidence"":1.0}",True,[],[],True,,"{""errors"":[]}",True,[],True,1,0,True,True,False,100,100,2471,12,2483,0,0,1101.75,1287,8,1295,0,0,1269.01
5924f13afd33a5174124,393,haiku-4-5,managed-prompt,subtitle,fr,es,"Shelly, téléphone.","Shelly, teléfono.","{""c"":""Shelly, teléfono.""}","Shelly, teléfono.",False,1,0,True,True,False,True,,True,,,"{""reason"":""detector_mismatch_uncertain"",""detected"":""en"",""confidence"":1.0}",True,[],[],True,,"{""errors"":[]}",True,[],True,1,0,True,True,False,100,100,2472,16,2488,0,0,1002.27,1297,8,1305,0,0,1299.91
ce231ad11b00b5c0f32c,394,haiku-4-5,managed-prompt,subtitle,fr,es,"Tu quittes Las Vegas à 3h30, tu prends la I-40 sans t'arrêter, tu atteins Oklahoma City en 24 heures, Clinton en 23.","Dejaste Las Vegas a las 3:30, condujiste por la I-40 sin parar, llegaste a Oklahoma City en 24 horas, Clinton en 23.","{""c"":""Sales de Las Vegas a las 3:30, tomas la I-40 sin parar, llegas a Oklahoma City en 24 horas, Clinton en 23.""}","Sales de Las Vegas a las 3:30, tomas la I-40 sin parar, llegas a Oklahoma City en 24 horas, Clinton en 23.",False,1,0,True,True,False,True,,True,,True,"{""reason"":""detector_match"",""detected"":""es"",""confidence"":1.0}",True,[],[],True,,"{""errors"":[]}",True,[],True,1,0,True,True,False,100,100,2509,46,2555,0,0,1396.25,1397,8,1405,0,0,2563.47
841d222d407c5c6c6d95,395,haiku-4-5,managed-prompt,subtitle,fr,es,Je avais sept ans.,Yo tenía siete años.,"{""c"":""Yo tenía siete años.""}",Yo tenía siete años.,False,1,0,True,True,False,True,,True,,True,"{""reason"":""detector_match"",""detected"":""es"",""confidence"":1.0}",True,[],[],True,,"{""errors"":[]}",True,[],True,1,0,True,True,False,100,100,2470,15,2485,0,0,1056.21,1293,8,1301,0,0,3114.69
48ac60e53c88d26ee5c3,396,haiku-4-5,managed-prompt,subtitle,fr,es,Mlle Grubach ?,¿La Sra. Grubach?,"{""c"":""¿Srta. Grubach?""}",¿Srta. Grubach?,False,1,0,True,True,False,True,,True,,,"{""reason"":""detector_mismatch_uncertain"",""detected"":""de"",""confidence"":1.0}",True,[],[],True,,"{""errors"":[]}",True,[],True,1,0,True,True,False,100,100,2471,17,2488,0,0,1141.2,1301,8,1309,0,0,1142.48
5ef2e4145a6040632cbd,397,haiku-4-5,managed-prompt,subtitle,fr,es,Je pense que je serai parti pendant quelques jours.,Estaré fuera varios días.,"{""c"":""Creo que estaré fuera durante algunos días.""}",Creo que estaré fuera durante algunos días.,False,1,0,True,True,False,True,,True,,True,"{""reason"":""detector_match"",""detected"":""es"",""confidence"":1.0}",True,[],[],True,,"{""errors"":[]}",True,[],True,1,0,True,True,False,100,100,2478,20,2498,0,0,1108.77,1307,8,1315,0,0,1249.67
f2535c6c737b2e5a6431,398,haiku-4-5,managed-prompt,subtitle,fr,es,C'est Victoria.,Lo ha hecho Victoria.,"{""c"":""Es Victoria.""}",Es Victoria.,False,1,0,True,True,False,True,,True,,True,"{""reason"":""detector_match"",""detected"":""es"",""confidence"":1.0}",True,[],[],True,,"{""errors"":[]}",True,[],True,1,0,True,True,False,100,100,2469,10,2479,0,0,1039.56,1285,8,1293,0,0,1262.89
449e9243ffc429f99da4,399,haiku-4-5,managed-prompt,subtitle,fr,es,Et les tripes d'une femme ne se trompent jamais.,Y tú sabes que las entrañas de una mujer nunca se equivocan.,"{""c"":""Y las tripas de una mujer nunca se equivocan.""}",Y las tripas de una mujer nunca se equivocan.,False,1,0,True,True,False,True,,True,,True,"{""reason"":""detector_match"",""detected"":""es"",""confidence"":1.0}",True,[],[],True,,"{""errors"":[]}",True,[],True,1,0,True,True,False,100,100,2481,23,2504,0,0,1120.32,1326,8,1334,0,0,1221.39
5767ed795d4a0e48caf8,400,haiku-4-5,managed-prompt,subtitle,fr,it,"Mon dieu, je suis une idiote.","Oh, Dio, Sono un idiota.","{""c"":""Mio Dio, sono un'idiota.""}","Mio Dio, sono un'idiota.",False,1,0,True,True,False,True,,True,,True,"{""reason"":""detector_match"",""detected"":""it"",""confidence"":1.0}",True,[],[],True,,"{""errors"":[]}",True,[],True,1,0,True,True,False,100,100,2475,19,2494,0,0,1095.96,1305,8,1313,0,0,1114.59
c9c00229a2f274bb4af6,401,haiku-4-5,managed-prompt,subtitle,fr,it,Tu surestimes ta capacité à toucher cinq cibles mouvantes.,Sopravvaluti la tua abilita' se dici di poter colpire cinque bersagli in movimento. - Pensi?,"{""c"":""Sopravvaluti la tua capacità di colpire cinque bersagli in movimento.""}",Sopravvaluti la tua capacità di colpire cinque bersagli in movimento.,False,1,0,True,True,False,True,,True,,True,"{""reason"":""detector_match"",""detected"":""it"",""confidence"":1.0}",True,[],[],True,,"{""errors"":[]}",True,[],True,1,0,True,True,False,100,100,2482,30,2512,0,0,1336.75,1347,8,1355,0,0,1231.83
86e8cbb858611ac8fee8,402,haiku-4-5,managed-prompt,subtitle,fr,it,Je dois m'occuper de ma famille.,"No... no, devo provvedere alla mia famiglia.","{""c"":""Devo prendermi cura della mia famiglia.""}",Devo prendermi cura della mia famiglia.,False,1,0,True,True,False,True,,True,,True,"{""reason"":""detector_match"",""detected"":""it"",""confidence"":1.0}",True,[],[],True,,"{""errors"":[]}",True,[],True,1,0,True,True,False,100,100,2474,20,2494,0,0,1121.72,1308,8,1316,0,0,1058.53
441bd6c47ed751405e2c,403,haiku-4-5,managed-prompt,subtitle,fr,it,"- Allons-y, Tim.","Forza,andiamo,Tim.","{""c"":""Andiamo, Tim.""}","Andiamo, Tim.",False,1,0,True,True,False,True,,True,,,"{""reason"":""detector_inconclusive"",""detected"":""pt"",""confidence"":0.8571}",True,[],[],True,,"{""errors"":[]}",True,[],True,1,0,True,True,False,100,100,2473,14,2487,0,0,1035.26,1297,8,1305,0,0,1397.11
3bde501edf3e57a1b47b,404,haiku-4-5,managed-prompt,subtitle,fr,it,Allez !,Andiamo!,"{""c"":""Dai!""}",Dai!,False,1,0,True,True,False,True,,True,,,"{""reason"":""too_short_for_language_detection"",""detected"":null,""confidence"":null}",True,[],[],True,,"{""errors"":[]}",True,[],True,1,0,True,True,False,100,100,2468,10,2478,0,0,1007.27,1284,8,1292,0,0,1190.14
ed2507190f5021c4fb18,405,haiku-4-5,managed-prompt,subtitle,fr,it,Si ça ne vous embête pas.,"Quindi, se non le dispiace.","{""c"":""Se non le dispiace.""}",Se non le dispiace.,False,1,0,True,True,False,True,,True,,True,"{""reason"":""detector_match"",""detected"":""it"",""confidence"":0.8571}",True,[],[],True,,"{""errors"":[]}",True,[],True,1,0,True,True,False,100,100,2473,14,2487,0,0,1112.69,1297,8,1305,0,0,1156.01
88e917c5939ab683dd3c,406,haiku-4-5,managed-prompt,subtitle,fr,it,Pour moi ?,Me?,"{""c"":""Per me?""}",Per me?,False,1,0,True,True,False,True,,True,,,"{""reason"":""too_short_for_language_detection"",""detected"":null,""confidence"":null}",True,[],[],True,,"{""errors"":[]}",True,[],True,1,0,True,True,False,100,100,2468,10,2478,0,0,1036.67,1282,8,1290,0,0,1138.79
b3be1b6b668a348c9fbe,407,haiku-4-5,managed-prompt,subtitle,fr,it,Évidemment que j'aime ma femme.,È chiaro che amo mia moglie.,"{""c"":""Ovviamente amo mia moglie.""}",Ovviamente amo mia moglie.,False,1,0,True,True,False,True,,True,,True,"{""reason"":""detector_match"",""detected"":""it"",""confidence"":1.0}",True,[],[],True,,"{""errors"":[]}",True,[],True,1,0,True,True,False,100,100,2478,18,2496,0,0,1055.23,1307,8,1315,0,0,1293.25
9009f3a4d695faeea818,408,haiku-4-5,managed-prompt,subtitle,fr,it,"Seigneur, ça serait tellement sympa.","Oh Dio, sarebbe fantastico!","{""c"":""Signore, sarebbe davvero carino.""}","Signore, sarebbe davvero carino.",False,1,0,True,True,False,True,,True,,True,"{""reason"":""detector_match"",""detected"":""it"",""confidence"":1.0}",True,[],[],True,,"{""errors"":[]}",True,[],True,1,0,True,True,False,100,100,2478,19,2497,0,0,1061.44,1306,8,1314,0,0,1258.88
0b01720caa0f32677db9,409,haiku-4-5,managed-prompt,subtitle,fr,it,Maintenant... commence... mon propre rêve... qui ne se terminera jamais.,Ma ora un sogno tutto mio. Che non finirà mai.,"{""c"":""Ora... cominci... il mio proprio sogno... che non finirà mai.""}",Ora... cominci... il mio proprio sogno... che non finirà mai.,False,1,0,True,True,False,True,,True,,True,"{""reason"":""detector_match"",""detected"":""it"",""confidence"":1.0}",True,[],[],True,,"{""errors"":[{""category"":""fluency"",""severity"":""minor""}]}",True,"[{""category"":""fluency"",""severity"":""minor""}]",True,1,0,True,True,False,97,97,2485,27,2512,0,0,1114.11,1329,18,1347,0,0,1336.31
a4255a5948343dbad1c0,410,haiku-4-5,managed-prompt,subtitle,fr,jp,"Merci, ma reine.",ありがとうございます,"{""c"":""ありがとう、女王様。""}",ありがとう、女王様。,False,1,0,True,True,False,True,,True,,True,"{""reason"":""target_script_present"",""detected"":""ja"",""confidence"":1.0}",True,[],[],True,,"{""errors"":[{""category"":""tone"",""severity"":""minor""}]}",True,"[{""category"":""tone"",""severity"":""minor""}]",True,1,0,True,True,False,97,97,2472,17,2489,0,0,991.33,1298,17,1315,0,0,1138.93
2329e5e6656dd34e9b4f,411,haiku-4-5,managed-prompt,subtitle,fr,jp,"Ooh, c'est intéressant.",あらら　これは興味深い,"{""c"":""おお、それは興味深いですね。""}",おお、それは興味深いですね。,False,1,0,True,True,False,True,,True,,True,"{""reason"":""target_script_present"",""detected"":""ja"",""confidence"":1.0}",True,[],[],True,,"{""errors"":[]}",True,[],True,1,0,True,True,False,100,100,2476,19,2495,0,0,1080.31,1307,8,1315,0,0,1313.81
c3e39847e8b73356e547,412,haiku-4-5,managed-prompt,subtitle,fr,jp,Sortez tous !,- よし、全員降りろ,"{""c"":""全員出て行け!""}",全員出て行け!,False,1,0,True,True,False,True,,True,,True,"{""reason"":""target_script_present"",""detected"":""ja"",""confidence"":1.0}",True,[],[],True,,"{""errors"":[]}",True,[],True,1,0,True,True,False,100,100,2469,14,2483,0,0,3383.8,1295,8,1303,0,0,1299.97
dff433fac49f7e3b85b0,413,haiku-4-5,managed-prompt,subtitle,fr,jp,- Bien. - Parfait. - Merci John.,分かった　ありがとう,"{""c"":""- いいね。- パーフェクト。- ありがとうジョン。""}",- いいね。- パーフェクト。- ありがとうジョン。,False,1,0,True,True,False,True,,True,,True,"{""reason"":""target_script_present"",""detected"":""ja"",""confidence"":1.0}",True,[],[],True,,"{""errors"":[{""category"":""accuracy"",""severity"":""major""},{""category"":""fluency"",""severity"":""minor""}]}",False,"[{""category"":""accuracy"",""severity"":""major""},{""category"":""fluency"",""severity"":""minor""}]",True,1,0,True,True,False,82,82,2479,30,2509,0,0,1245.31,1320,27,1347,0,0,1486.6
f41ca2d6be9734e191c3,414,haiku-4-5,managed-prompt,subtitle,fr,jp,Je pense que parfois.,時々だが...,"{""c"":""時々そう思う。""}",時々そう思う。,False,1,0,True,True,False,True,,True,,True,"{""reason"":""target_script_present"",""detected"":""ja"",""confidence"":1.0}",True,[],[],True,,"{""errors"":[]}",True,[],True,1,0,True,True,False,100,100,2471,14,2485,0,0,1077.67,1291,8,1299,0,0,1572.96
dc94cba94ba7f447ee4d,415,haiku-4-5,managed-prompt,subtitle,fr,jp,"Non, c'était une blague.",あれはジョークさ,"{""c"":""いいえ、冗談でした。""}",いいえ、冗談でした。,False,1,0,True,True,False,True,,True,,True,"{""reason"":""target_script_present"",""detected"":""ja"",""confidence"":1.0}",True,[],[],True,,"{""errors"":[]}",True,[],True,1,0,True,True,False,100,100,2473,18,2491,0,0,1105.82,1301,8,1309,0,0,1224.99
c13e437e3d7264b2dff3,416,haiku-4-5,managed-prompt,subtitle,fr,jp,Il n'y aura que nous et le V.,集合場所に来るのは俺達だけ そこへVが,"{""c"":""私たちとVだけになります。""}",私たちとVだけになります。,False,1,0,True,True,False,True,,True,,True,"{""reason"":""target_script_present"",""detected"":""ja"",""confidence"":1.0}",True,[],[],True,,"{""errors"":[]}",True,[],True,1,0,True,True,False,100,100,2476,17,2493,0,0,1091.71,1315,8,1323,0,0,1178.66
7e62f0822e0038781d2b,417,haiku-4-5,managed-prompt,subtitle,fr,jp,Quoi donc ?,何を？,"{""c"":""何ですか?""}",何ですか?,False,1,0,True,True,False,True,,True,,True,"{""reason"":""target_script_present"",""detected"":""ja"",""confidence"":1.0}",True,[],[],True,,"{""errors"":[]}",True,[],True,1,0,True,True,False,100,100,2469,12,2481,0,0,1075.54,1287,8,1295,0,0,1118.2
8a6fdf16ed5a6c2e0bdb,418,haiku-4-5,managed-prompt,subtitle,fr,jp,Ça va aller.,大丈夫よ,"{""c"":""大丈夫です。""}",大丈夫です。,False,1,0,True,True,False,True,,True,,True,"{""reason"":""target_script_present"",""detected"":""ja"",""confidence"":1.0}",True,[],[],True,,"{""errors"":[]}",True,[],True,1,0,True,True,False,100,100,2471,14,2485,0,0,1056.27,1294,8,1302,0,0,1456.21
59d9e491145113d4bb99,419,haiku-4-5,managed-prompt,subtitle,fr,jp,"Je suis désolée, Dr Morgan mais je ne vais pas abandonner si vite.",悪いわね　モーガン先生 まだ終わらせないわ,"{""c"":""申し訳ございません、ドクター・モーガン、ですがこんなにすぐには諦めません。""}",申し訳ございません、ドクター・モーガン、ですがこんなにすぐには諦めません。,False,1,0,True,True,False,True,,True,,True,"{""reason"":""target_script_present"",""detected"":""ja"",""confidence"":1.0}",True,[],[],True,,"{""errors"":[]}",True,[],True,1,0,True,True,False,100,100,2485,41,2526,0,0,1387.09,1351,8,1359,0,0,1204.06
708b7ca964262e26f5e8,420,haiku-4-5,managed-prompt,subtitle,fr,nl,Salut... Dire que ta mère te battait pour que tu mettes une robe.,Ik herinner me dat je moeder je moest slaan voor je een jurk aantrok.,"{""c"":""Hoi... Stel je voor dat je moeder je sloeg om je een jurk aan te trekken.""}",Hoi... Stel je voor dat je moeder je sloeg om je een jurk aan te trekken.,False,1,0,True,True,False,True,,True,,True,"{""reason"":""detector_match"",""detected"":""nl"",""confidence"":0.8571}",True,[],[],True,,"{""errors"":[{""category"":""accuracy"",""severity"":""major""}]}",False,"[{""category"":""accuracy"",""severity"":""major""}]",True,1,0,True,True,False,85,85,2486,35,2521,0,0,1551.22,1345,17,1362,0,0,1164.48
97b860df4dc8d5c707f8,421,haiku-4-5,managed-prompt,subtitle,fr,nl,Pouvez-vous en dire de même ?,Kun jij dat ook zeggen?,"{""c"":""Kun je hetzelfde zeggen?""}",Kun je hetzelfde zeggen?,False,1,0,True,True,False,True,,True,,True,"{""reason"":""detector_match"",""detected"":""nl"",""confidence"":1.0}",True,[],[],True,,"{""errors"":[]}",True,[],True,1,0,True,True,False,100,100,2475,17,2492,0,0,1267.14,1304,8,1312,0,0,1958.16
f9d581d9e144869bf472,422,haiku-4-5,managed-prompt,subtitle,fr,nl,- De la glace avec un client?,- IJs met een cliënt?,"{""c"":""Ijs met een klant?""}",Ijs met een klant?,False,1,0,True,True,False,True,,True,,True,"{""reason"":""detector_match"",""detected"":""nl"",""confidence"":1.0}",False,"[{""code"":""terminology_mismatch"",""source_term"":""Glace"",""expected_target_term"":""IJssculptuur""}]",[],True,,"{""errors"":[{""category"":""preservation"",""severity"":""minor""}]}",True,"[{""category"":""preservation"",""severity"":""minor""}]",True,1,0,True,True,False,97,97,2473,15,2488,0,0,1223.45,1300,17,1317,0,0,1243.76
2442e3ca577b3b2c2632,423,haiku-4-5,managed-prompt,subtitle,fr,nl,Elle trouvera Davina avant que cet homme abuse d'elle.,Ze kan Davina vinden voordat die man haar kwaad doet.,"{""c"":""Ze zal Davina vinden voordat deze man haar misbruikt.""}",Ze zal Davina vinden voordat deze man haar misbruikt.,False,1,0,True,True,False,True,,True,,True,"{""reason"":""detector_match"",""detected"":""nl"",""confidence"":1.0}",True,[],[],True,,"{""errors"":[]}",True,[],True,1,0,True,True,False,100,100,2481,24,2505,0,0,1252.0,1323,8,1331,0,0,1245.02
2e4bd8ec6f1ed1a8500a,424,haiku-4-5,managed-prompt,subtitle,fr,nl,Je t'ai reconnu d'après une photo.,Ik ken je van een foto.,"{""c"":""Ik herkende je van een foto.""}",Ik herkende je van een foto.,False,1,0,True,True,False,True,,True,,True,"{""reason"":""detector_match"",""detected"":""nl"",""confidence"":1.0}",True,[],[],True,,"{""errors"":[]}",True,[],True,1,0,True,True,False,100,100,2476,18,2494,0,0,1185.18,1303,8,1311,0,0,2696.78
2e14652e0cc0b4312fe4,425,haiku-4-5,managed-prompt,subtitle,fr,nl,"D'ailleurs, Jackie ne veut pas de nous.",We maken toch geen van beiden kans bij Jackie.,"{""c"":""Trouwens, Jackie wil niets met ons te maken hebben.""}","Trouwens, Jackie wil niets met ons te maken hebben.",False,1,0,True,True,False,True,,True,,True,"{""reason"":""detector_match"",""detected"":""nl"",""confidence"":0.8571}",True,[],[],True,,"{""errors"":[{""category"":""accuracy"",""severity"":""minor""}]}",True,"[{""category"":""accuracy"",""severity"":""minor""}]",True,1,0,True,True,False,97,97,2476,24,2500,0,0,1366.29,1312,17,1329,0,0,1300.86
ae45c9dd492b78248315,426,haiku-4-5,managed-prompt,subtitle,fr,nl,Oui.,Ja.,"{""c"":""Ja.""}",Ja.,False,1,0,True,True,False,True,,True,,,"{""reason"":""too_short_for_language_detection"",""detected"":null,""confidence"":null}",True,[],[],True,,"{""errors"":[]}",True,[],True,1,0,True,True,False,100,100,2468,10,2478,0,0,997.98,1281,8,1289,0,0,1091.31
fd7d534ea242ada7f7c0,427,haiku-4-5,managed-prompt,subtitle,fr,nl,N'imaginez pas que vous êtes un as de la romance en vous tripotant les mains et en vous donnant la becquée.,"Denk niet dat jij meer van romantiek weet dan ik. Handje vasthouden, elkaar voeren en afvegen is ook maar gelul.","{""c"":""Stel jezelf niet voor dat je een romancemaat bent door je handen te masseren en elkaar te voeren.""}",Stel jezelf niet voor dat je een romancemaat bent door je handen te masseren en elkaar te voeren.,False,1,0,True,True,False,True,,True,,True,"{""reason"":""detector_match"",""detected"":""nl"",""confidence"":1.0}",True,[],[],True,,"{""errors"":[{""category"":""accuracy"",""severity"":""major""},{""category"":""fluency"",""severity"":""minor""}]}",False,"[{""category"":""accuracy"",""severity"":""major""},{""category"":""fluency"",""severity"":""minor""}]",True,1,0,True,True,False,82,82,2496,35,2531,0,0,1223.71,1368,29,1397,0,0,1622.07
9f217c790d44dc69f50c,428,haiku-4-5,managed-prompt,subtitle,fr,nl,Oui.,Ja.,"{""c"":""Ja.""}",Ja.,False,1,0,True,True,False,True,,True,,,"{""reason"":""too_short_for_language_detection"",""detected"":null,""confidence"":null}",True,[],[],True,,"{""errors"":[]}",True,[],True,1,0,True,True,False,100,100,2468,10,2478,0,0,1070.5,1281,8,1289,0,0,1127.93
23dd65aad5204590e436,429,haiku-4-5,managed-prompt,subtitle,fr,nl,"- Nous, Seymour, on n'a rien contre lui.","Wij, Seymour, hebben geen probleem met hem.","{""c"":""Wij, Seymour, hebben niets tegen hem.""}","Wij, Seymour, hebben niets tegen hem.",False,1,0,True,True,False,True,,True,,True,"{""reason"":""detector_match"",""detected"":""nl"",""confidence"":1.0}",True,[],[],True,,"{""errors"":[]}",True,[],True,1,0,True,True,False,100,100,2482,22,2504,0,0,1323.87,1320,8,1328,0,0,1221.06
6e7d7ed14120b6707bd1,430,haiku-4-5,managed-prompt,subtitle,fr,nb,"Chuck, on a un problème sur la 7ème. Unité psychiatrique.","-Problemer på psykiatrisk, Chuck.","{""c"":""Chuck, vi har et problem på den 7. Psykiatrisk enhet.""}","Chuck, vi har et problem på den 7. Psykiatrisk enhet.",False,1,0,True,True,False,True,,True,,True,"{""reason"":""detector_match"",""detected"":""no"",""confidence"":1.0}",True,[],[],True,,"{""errors"":[]}",True,[],True,1,0,True,True,False,100,100,2484,27,2511,0,0,1239.92,1323,8,1331,0,0,1207.38
5549cb339599ff33c176,431,haiku-4-5,managed-prompt,subtitle,fr,nb,"Allez, je ferai pas foirer ton plan !",Kom igjen. Jeg skal ikke ødelegge det for deg.,"{""c"":""Kom igjen, jeg skal ikke sabotere planen din!""}","Kom igjen, jeg skal ikke sabotere planen din!",False,1,0,True,True,False,True,,True,,True,"{""reason"":""detector_match"",""detected"":""no"",""confidence"":1.0}",True,[],[],True,,"{""errors"":[]}",True,[],True,1,0,True,True,False,100,100,2477,22,2499,0,0,1169.14,1317,8,1325,0,0,1144.29
2dc8c50c8aaf670e0219,432,haiku-4-5,managed-prompt,subtitle,fr,nb,"Fais gaffe, petit !","Pass deg, gutt!","{""c"":""Pass på, liten!""}","Pass på, liten!",False,1,0,True,True,False,True,,True,,True,"{""reason"":""detector_match"",""detected"":""no"",""confidence"":1.0}",True,[],[],True,,"{""errors"":[]}",True,[],True,1,0,True,True,False,100,100,2472,13,2485,0,0,1164.35,1292,8,1300,0,0,1228.16
af1a7dad17cc88dd8642,433,haiku-4-5,managed-prompt,subtitle,fr,nb,Amusant ?,Morsomt?,"{""c"":""Morsomt?""}",Morsomt?,False,1,0,True,True,False,True,,True,,,"{""reason"":""too_short_for_language_detection"",""detected"":null,""confidence"":null}",True,[],[],True,,"{""errors"":[]}",True,[],True,1,0,True,True,False,100,100,2469,12,2481,0,0,1183.11,1288,8,1296,0,0,1211.63
b6d9871c3dac3d3cd988,434,haiku-4-5,managed-prompt,subtitle,fr,nb,"Ainsi que le gouverneur, l'archevêque, et des PDG américains et japonais.","Og det gjør guvernøren, erkebiskopen og sjefene for noen amerikanske og japanske firmaer.","{""c"":""Samt guvernøren, erkebishopen, og amerikanske og japanske administrerende direktører.""}","Samt guvernøren, erkebishopen, og amerikanske og japanske administrerende direktører.",False,1,0,True,True,False,True,,True,,True,"{""reason"":""detector_match"",""detected"":""no"",""confidence"":0.9954}",True,[],[],True,,"{""errors"":[]}",True,[],True,1,0,True,True,False,100,100,2488,30,2518,0,0,1225.1,1347,8,1355,0,0,3081.54
db10c0e3e27504a129ed,435,haiku-4-5,managed-prompt,subtitle,fr,nb,Qu'est-ce que vous voulez qu'on leur donne ?,Hva skal vi liksom gi dem?,"{""c"":""Hva vil du at vi skal gi dem?""}",Hva vil du at vi skal gi dem?,False,1,0,True,True,False,True,,True,,,"{""reason"":""detector_inconclusive"",""detected"":""sl"",""confidence"":0.7143}",True,[],[],True,,"{""errors"":[{""category"":""accuracy"",""severity"":""minor""}]}",True,"[{""category"":""accuracy"",""severity"":""minor""}]",True,1,0,True,True,False,97,97,2481,18,2499,0,0,1299.83,1311,17,1328,0,0,1593.87
6218cec93aa43ce05dee,436,haiku-4-5,managed-prompt,subtitle,fr,nb,Qu'est ce que t'as ?,Hva har du?,"{""c"":""Hva er galt med deg?""}",Hva er galt med deg?,False,1,0,True,True,False,True,,True,,True,"{""reason"":""detector_match"",""detected"":""no"",""confidence"":1.0}",True,[],[],True,,"{""errors"":[]}",True,[],True,1,0,True,True,False,100,100,2474,16,2490,0,0,1153.92,1298,8,1306,0,0,1209.17
e78f1df4295d6d0613fe,437,haiku-4-5,managed-prompt,subtitle,fr,nb,"- À part cela, nous ne savons rien.",-Bortsett fra det vet vi ingenting.,"{""c"":""Bortsett fra det, vet vi ingenting.""}","Bortsett fra det, vet vi ingenting.",False,1,0,True,True,False,True,,True,,True,"{""reason"":""detector_match"",""detected"":""no"",""confidence"":1.0}",True,[],[],True,,"{""errors"":[]}",True,[],True,1,0,True,True,False,100,100,2477,20,2497,0,0,1163.15,1309,8,1317,0,0,1561.26
ab7e35d1a284c6cbdc9e,438,haiku-4-5,managed-prompt,subtitle,fr,nb,- Mon dieu !,- Herregud.,"{""c"":""Min Gud!""}",Min Gud!,False,1,0,True,True,False,True,,True,,,"{""reason"":""too_short_for_language_detection"",""detected"":null,""confidence"":null}",True,[],[],True,,"{""errors"":[{""category"":""preservation"",""severity"":""minor""}]}",True,"[{""category"":""preservation"",""severity"":""minor""}]",True,1,0,True,True,False,97,97,2469,11,2480,0,0,1079.32,1287,17,1304,0,0,1286.2
bf664d894a269036ccb6,439,haiku-4-5,managed-prompt,subtitle,fr,nb,Je n'en supporterai pas davantage.,Jeg holder ikke ut lenger.,"{""c"":""Jeg kommer ikke til å tåle mer av dette.""}",Jeg kommer ikke til å tåle mer av dette.,False,1,0,True,True,False,True,,True,,True,"{""reason"":""detector_match"",""detected"":""no"",""confidence"":1.0}",True,[],[],True,,"{""errors"":[]}",True,[],True,1,0,True,True,False,100,100,2476,20,2496,0,0,1258.14,1304,8,1312,0,0,1279.62
eb23d8e093b4d657c417,440,haiku-4-5,managed-prompt,subtitle,it,da,- Non lo so.,- Det ved jeg ikke.,"{""c"":""- Jeg ved det ikke.""}",- Jeg ved det ikke.,False,1,0,True,True,False,True,,True,,,"{""reason"":""detector_mismatch_uncertain"",""detected"":""no"",""confidence"":1.0}",True,[],[],True,,"{""errors"":[]}",True,[],True,1,0,True,True,False,100,100,2469,14,2483,0,0,1176.87,1289,8,1297,0,0,1142.85
5e8212ca2cabb32458ea,441,haiku-4-5,managed-prompt,subtitle,it,da,Quando glielo diremo?,Hvornår siger vi det til dem?,"{""c"":""Hvornår skal vi fortælle det til ham?""}",Hvornår skal vi fortælle det til ham?,False,1,0,True,True,False,True,,True,,True,"{""reason"":""detector_match"",""detected"":""da"",""confidence"":1.0}",True,[],[],True,,"{""errors"":[{""category"":""accuracy"",""severity"":""major""}]}",False,"[{""category"":""accuracy"",""severity"":""major""}]",True,1,0,True,True,False,85,85,2472,20,2492,0,0,1134.53,1305,17,1322,0,0,1298.98
cce1348bec65b95f6d49,442,haiku-4-5,managed-prompt,subtitle,it,da,"Ma lui è veramente country, si.","Men ja, han spiller ægte country.","{""c"":""Men ham er virkelig country, ja.""}","Men ham er virkelig country, ja.",False,1,0,True,True,False,True,,True,,,"{""reason"":""detector_mismatch_uncertain"",""detected"":""no"",""confidence"":1.0}",True,[],[],True,,"{""errors"":[]}",True,[],True,1,0,True,True,False,100,100,2473,17,2490,0,0,1155.64,1300,8,1308,0,0,1378.26
b372eadf9822db906cb5,443,haiku-4-5,managed-prompt,subtitle,it,da,C'è qualcuno qui?,Er der nogen her?,"{""c"":""Er der nogen her?""}",Er der nogen her?,False,1,0,True,True,False,True,,True,,,"{""reason"":""detector_mismatch_uncertain"",""detected"":""de"",""confidence"":1.0}",True,[],[],True,,"{""errors"":[]}",True,[],True,1,0,True,True,False,100,100,2472,13,2485,0,0,1157.85,1293,8,1301,0,0,1254.69
d1f2818599adc81b03ec,444,haiku-4-5,managed-prompt,subtitle,it,da,A dire il vero non abbiamo ancora deciso se prendero' il tuo cognome. Ma sai un cosa?,"Faktisk er jeg ikke sikker på, om jeg vil have dit efternavn.","{""c"":""For at være helt ærlig, vi har stadig ikke besluttet, om jeg tager dit efternavn. Men ved du hvad? ->""}","For at være helt ærlig, vi har stadig ikke besluttet, om jeg tager dit efternavn. Men ved du hvad? ->",False,1,0,True,True,False,True,,True,,True,"{""reason"":""detector_match"",""detected"":""da"",""confidence"":1.0}",True,[],[],True,,"{""errors"":[{""category"":""preservation"",""severity"":""minor""}]}",True,"[{""category"":""preservation"",""severity"":""minor""}]",True,1,0,True,True,False,97,97,2493,40,2533,0,0,1555.69,1354,17,1371,0,0,1183.71
84038620a8b90e34441a,445,haiku-4-5,managed-prompt,subtitle,it,da,"No, non lo fara'.","Nej, du gør ikke.","{""c"":""Nej, det gør han ikke.""}","Nej, det gør han ikke.",False,1,0,True,True,False,True,,True,,True,"{""reason"":""detector_match"",""detected"":""da"",""confidence"":1.0}",True,[],[],True,,"{""errors"":[{""category"":""accuracy"",""severity"":""minor""}]}",True,"[{""category"":""accuracy"",""severity"":""minor""}]",True,1,0,True,True,False,97,97,2471,17,2488,0,0,1155.4,1298,17,1315,0,0,1618.0
2b9e35008967996582d7,446,haiku-4-5,managed-prompt,subtitle,it,da,E' reale.,Det er virkeligt.,"{""c"":""Det er virkeligt.""}",Det er virkeligt.,False,1,0,True,True,False,True,,True,,True,"{""reason"":""detector_match"",""detected"":""da"",""confidence"":1.0}",True,[],[],True,,"{""errors"":[]}",True,[],True,1,0,True,True,False,100,100,2469,13,2482,0,0,1119.65,1288,8,1296,0,0,1161.2
b43dfe4199d61d70013f,447,haiku-4-5,managed-prompt,subtitle,it,da,Quindi credi che sia a lui che Zhang passa la roba?,"Tror du, han er Zhangs bagmand?","{""c"":""Så du tror, at det er til ham, Zhang giver tingene?""}","Så du tror, at det er til ham, Zhang giver tingene?",False,1,0,True,True,False,True,,True,,True,"{""reason"":""detector_match"",""detected"":""da"",""confidence"":1.0}",True,[],[],True,,"{""errors"":[]}",True,[],True,1,0,True,True,False,100,100,2479,25,2504,0,0,1368.73,1321,8,1329,0,0,1360.81
9986c852f419ca0a486e,448,haiku-4-5,managed-prompt,subtitle,it,da,Forse se ci arrampichiamo possiamo salvarci.,"Klatrer vi op, bliver vi måske reddet.","{""c"":""Måske hvis vi klatrer op, kan vi redde os selv.""}","Måske hvis vi klatrer op, kan vi redde os selv.",False,1,0,True,True,False,True,,True,,,"{""reason"":""detector_inconclusive"",""detected"":""da"",""confidence"":0.5714}",True,[],[],True,,"{""errors"":[]}",True,[],True,1,0,True,True,False,100,100,2481,24,2505,0,0,1240.85,1319,8,1327,0,0,1179.62
0c24687766b8d8aced4a,449,haiku-4-5,managed-prompt,subtitle,it,da,Lo apprezzi? Davvero? Si'.,- Gør du det?,"{""c"":""Du sætter pris på det? Virkelig? Ja.""}",Du sætter pris på det? Virkelig? Ja.,False,1,0,True,True,False,True,,True,,True,"{""reason"":""detector_match"",""detected"":""da"",""confidence"":1.0}",True,[],[],True,,"{""errors"":[]}",True,[],True,1,0,True,True,False,100,100,2476,24,2500,0,0,1239.17,1308,8,1316,0,0,1235.93
3b8daa297b5aa6920b23,450,haiku-4-5,managed-prompt,subtitle,it,de,"Tu, torna da dove sei venuto!","Du, zurück, wo du hingehörst!","{""c"":""Du, geh zurück, woher du gekommen bist!""}","Du, geh zurück, woher du gekommen bist!",False,1,0,True,True,False,True,,True,,True,"{""reason"":""detector_match"",""detected"":""de"",""confidence"":1.0}",True,[],[],True,,"{""errors"":[]}",True,[],True,1,0,True,True,False,100,100,2474,22,2496,0,0,1265.95,1308,8,1316,0,0,1200.03
fcd22ca645c213180abb,451,haiku-4-5,managed-prompt,subtitle,it,de,"Ehi, Foster.","- Hey, Foster?","{""c"":""Hei, Foster.""}","Hei, Foster.",False,1,0,True,True,False,True,,True,,True,"{""reason"":""detector_match"",""detected"":""de"",""confidence"":1.0}",True,[],[],True,,"{""errors"":[]}",True,[],True,1,0,True,True,False,100,100,2470,13,2483,0,0,1178.24,1288,8,1296,0,0,1320.67
96f206aa27b8a0b4a8c0,452,haiku-4-5,managed-prompt,subtitle,it,de,"Anni dopo, finalmente mori', e la sua vita torturata, cesso'.",Jahre später starb er endlich. Und die Qual seines Lebens war vorbei.,"{""c"":""Jahre später starb er endlich, und sein qualvolles Leben endete.""}","Jahre später starb er endlich, und sein qualvolles Leben endete.",False,1,0,True,True,False,True,,True,,True,"{""reason"":""detector_match"",""detected"":""de"",""confidence"":1.0}",True,[],[],True,,"{""errors"":[]}",True,[],True,1,0,True,True,False,100,100,2484,24,2508,0,0,1309.91,1332,8,1340,0,0,1149.73
5a60cc3b6313bd71037f,453,haiku-4-5,managed-prompt,subtitle,it,de,"Tu sei la prossima, ragazza. Siediti, vado a prepararti il colore.","Setz dich, ich gehe deine Farbe mischen.","{""c"":""Du bist die Nächste, Mädchen. Setz dich hin, ich mache dir die Farbe.""}","Du bist die Nächste, Mädchen. Setz dich hin, ich mache dir die Farbe.",False,1,0,True,True,False,True,,True,,True,"{""reason"":""detector_match"",""detected"":""de"",""confidence"":1.0}",True,[],[],True,,"{""errors"":[]}",True,[],True,1,0,True,True,False,100,100,2488,38,2526,0,0,1414.54,1343,8,1351,0,0,1164.72
eb8c330aad442e422081,454,haiku-4-5,managed-prompt,subtitle,it,de,Vattene! (urla),Verschwinde!,"{""c"":""Hau ab! (brüllt)""}",Hau ab! (brüllt),False,1,0,True,True,False,True,,True,,True,"{""reason"":""detector_match"",""detected"":""de"",""confidence"":0.8571}",True,[],[],True,,"{""errors"":[]}",True,[],True,1,0,True,True,False,100,100,2473,17,2490,0,0,1034.86,1295,8,1303,0,0,1395.03
8cdb833dcc5490cf6dbf,455,haiku-4-5,managed-prompt,subtitle,it,de,"Ouò prestarmi la sua penna, per favore? Orego, signora.","Darf ich mir Ihren Stift ausleihen, bitte?","{""c"":""Könnten Sie mir Ihren Stift leihen, bitte? Ja, gerne, Frau.""}","Könnten Sie mir Ihren Stift leihen, bitte? Ja, gerne, Frau.",False,1,0,True,True,False,True,,True,,True,"{""reason"":""detector_match"",""detected"":""de"",""confidence"":1.0}",True,[],[],True,,"{""errors"":[{""category"":""accuracy"",""severity"":""major""},{""category"":""fluency"",""severity"":""minor""}]}",False,"[{""category"":""accuracy"",""severity"":""major""},{""category"":""fluency"",""severity"":""minor""}]",True,1,0,True,True,False,82,82,2486,36,2522,0,0,1118.16,1341,27,1368,0,0,1920.05
eea22b7ef9cffa69de6a,456,haiku-4-5,managed-prompt,subtitle,it,de,"Per te, figlio mio, questa è tutta una prova di fede.","Für Sie, mein Sohn, ist dies alles eine Glaubensprüfung.","{""c"":""Für dich, mein Sohn, ist dies alles eine Glaubensprobe.""}","Für dich, mein Sohn, ist dies alles eine Glaubensprobe.",False,1,0,True,True,False,True,,True,,True,"{""reason"":""detector_match"",""detected"":""de"",""confidence"":1.0}",True,[],[],True,,"{""errors"":[{""category"":""tone"",""severity"":""minor""}]}",True,"[{""category"":""tone"",""severity"":""minor""}]",True,1,0,True,True,False,97,97,2483,30,2513,0,0,1465.63,1337,17,1354,0,0,1325.54
65dd083b0310f88981fc,457,haiku-4-5,managed-prompt,subtitle,it,de,I suoi genitori hanno perso il loro unico figlio alle 3:07 di questa mattina.,Seine Eltern verloren ihr einziges Kind um 3: 07Uhr heute morgen.,"{""c"":""Seine Eltern haben ihren einzigen Sohn heute Morgen um 3:07 Uhr verloren.""}",Seine Eltern haben ihren einzigen Sohn heute Morgen um 3:07 Uhr verloren.,False,1,0,True,True,False,True,,True,,True,"{""reason"":""detector_match"",""detected"":""de"",""confidence"":1.0}",True,[],[],True,,"{""errors"":[]}",True,[],True,1,0,True,True,False,100,100,2488,36,2524,0,0,1213.74,1348,8,1356,0,0,1253.21
68762c6baac634952749,458,haiku-4-5,managed-prompt,subtitle,it,de,Mi scusi!,Entschuldigen Sie!,"{""c"":""Entschuldigung!""}",Entschuldigung!,False,1,0,True,True,False,True,,True,,True,"{""reason"":""detector_match"",""detected"":""de"",""confidence"":1.0}",True,[],[],True,,"{""errors"":[]}",True,[],True,1,0,True,True,False,100,100,2468,13,2481,0,0,994.23,1288,8,1296,0,0,1545.24
64f60ce299cd3335daea,459,haiku-4-5,managed-prompt,subtitle,it,de,"- Forza, dai, dai!","- Los, los, los!","{""c"":""Los geht's, komm schon, komm schon!""}","Los geht's, komm schon, komm schon!",False,1,0,True,True,False,True,,True,,,"{""reason"":""detector_inconclusive"",""detected"":""de"",""confidence"":0.7143}",True,[],[],True,,"{""errors"":[]}",True,[],True,1,0,True,True,False,100,100,2473,22,2495,0,0,1163.33,1302,8,1310,0,0,1270.63
e4679aa366e4d66c42a4,460,haiku-4-5,managed-prompt,subtitle,it,en,- Chiamate un'ambulanza!,Get an ambulance!,"{""c"":""Call an ambulance!""}",Call an ambulance!,False,1,0,True,True,False,True,,True,,,"{""reason"":""detector_inconclusive"",""detected"":""ca"",""confidence"":0.8571}",True,[],[],True,,"{""errors"":[]}",True,[],True,1,0,True,True,False,100,100,2473,12,2485,0,0,1037.0,1290,8,1298,0,0,1546.62
7d33de32539d57b0c5d7,461,haiku-4-5,managed-prompt,subtitle,it,en,Forza!,- C'mon!,"{""c"":""Come on!""}",Come on!,False,1,0,True,True,False,True,,True,,,"{""reason"":""too_short_for_language_detection"",""detected"":null,""confidence"":null}",True,[],[],True,,"{""errors"":[]}",True,[],True,1,0,True,True,False,100,100,2468,10,2478,0,0,1005.23,1283,8,1291,0,0,1203.99
cfa50d21e1c37cf56798,462,haiku-4-5,managed-prompt,subtitle,it,en,- I suoi membri vogliono migliorare?,Your members want to be better?,"{""c"":""Do his members want to improve?""}",Do his members want to improve?,False,1,0,True,True,False,True,,True,,True,"{""reason"":""detector_match"",""detected"":""en"",""confidence"":1.0}",True,[],[],True,,"{""errors"":[{""category"":""accuracy"",""severity"":""major""}]}",False,"[{""category"":""accuracy"",""severity"":""major""}]",True,1,0,True,True,False,85,85,2476,14,2490,0,0,1042.26,1299,17,1316,0,0,1138.77
dc09854ea6b14249592f,463,haiku-4-5,managed-prompt,subtitle,it,en,Il tuo amico mi sta insultando.,"Your friend, he insults me.","{""c"":""Your friend is insulting me.""}",Your friend is insulting me.,False,1,0,True,True,False,True,,True,,True,"{""reason"":""detector_match"",""detected"":""en"",""confidence"":1.0}",True,[],[],True,,"{""errors"":[]}",True,[],True,1,0,True,True,False,100,100,2475,14,2489,0,0,962.46,1297,8,1305,0,0,1230.3
b8bde2c3f15802f36d2f,464,haiku-4-5,managed-prompt,subtitle,it,en,Era Carrie.,Carrie was.,"{""c"":""Era Carrie.""}",Era Carrie.,False,1,0,True,True,False,True,,True,,,"{""reason"":""detector_mismatch_uncertain"",""detected"":""ca"",""confidence"":1.0}",True,[],"[{""code"":""source_copy_suspected""}]",True,,"{""errors"":[]}",True,[],True,1,0,True,True,False,97,97,2469,12,2481,0,0,984.07,1286,8,1294,0,0,1225.73
e67a36c2fe7b5dfd0bbd,465,haiku-4-5,managed-prompt,subtitle,it,en,E' decisamente Solano.,"Well, it's definitely Solano.","{""c"":""It's definitely Solano.""}",It's definitely Solano.,False,1,0,True,True,False,True,,True,,True,"{""reason"":""detector_match"",""detected"":""en"",""confidence"":1.0}",True,[],[],True,,"{""errors"":[]}",True,[],True,1,0,True,True,False,100,100,2472,14,2486,0,0,951.44,1295,8,1303,0,0,1586.8
1b939ac60e5e7ac4e3c7,466,haiku-4-5,managed-prompt,subtitle,it,en,Ho appena sentito per caso parlare Victor e Rocco. Hanno ucciso veramente quel bambino vent'anni fa.,"I just overheard Victor and Rocco talking, and they actually killed that kid two decades ago.","{""c"":""I just overheard Victor and Rocco talking. They really did kill that child twenty years ago.""}",I just overheard Victor and Rocco talking. They really did kill that child twenty years ago.,False,1,0,True,True,False,True,,True,,True,"{""reason"":""detector_match"",""detected"":""en"",""confidence"":1.0}",True,[],[],True,,"{""errors"":[]}",True,[],True,1,0,True,True,False,100,100,2496,29,2525,0,0,1109.86,1347,8,1355,0,0,1335.15
458c1db426a904b9764e,467,haiku-4-5,managed-prompt,subtitle,it,en,"Cellulite, chirurgia plastica e animali eroici non sono da copertina.","Cellulite, plastic surgery, hero pets, those are not covers.","{""c"":""Cellulite, plastic surgery, and heroic animals are not cover material.""}","Cellulite, plastic surgery, and heroic animals are not cover material.",False,1,0,True,True,False,True,,True,,True,"{""reason"":""detector_match"",""detected"":""en"",""confidence"":0.8571}",True,[],[],True,,"{""errors"":[]}",True,[],True,1,0,True,True,False,100,100,2487,24,2511,0,0,1138.84,1327,8,1335,0,0,1164.08
f81e36f88967962f9e76,468,haiku-4-5,managed-prompt,subtitle,it,en,Possiamo capirlo man mano che andiamo avanti.,We can figure this out as we go along.,"{""c"":""We can figure it out as we go along.""}",We can figure it out as we go along.,False,1,0,True,True,False,True,,True,,True,"{""reason"":""detector_match"",""detected"":""en"",""confidence"":1.0}",True,[],[],True,,"{""errors"":[]}",True,[],True,1,0,True,True,False,100,100,2481,17,2498,0,0,1024.26,1308,8,1316,0,0,1168.08
7022e5619b3c85c880e6,469,haiku-4-5,managed-prompt,subtitle,it,en,Sei.,YOU ARE.,"{""c"":""Sei.""}",Sei.,False,1,0,True,True,False,True,,True,,,"{""reason"":""too_short_for_language_detection"",""detected"":null,""confidence"":null}",True,[],"[{""code"":""source_copy_suspected""}]",True,,"{""errors"":[{""category"":""accuracy"",""severity"":""critical""}]}",False,"[{""category"":""accuracy"",""severity"":""critical""}]",True,1,0,True,True,False,57,57,2467,10,2477,0,0,1008.32,1280,17,1297,0,0,1329.74
88b9bbe0dccc8aace57d,470,haiku-4-5,managed-prompt,subtitle,it,es,"- Sono io, Mac.","- Soy yo, Mac.","{""c"":""Soy yo, Mac.""}","Soy yo, Mac.",False,1,0,True,True,False,True,,True,,,"{""reason"":""detector_mismatch_uncertain"",""detected"":""so"",""confidence"":1.0}",True,[],[],True,,"{""errors"":[{""category"":""preservation"",""severity"":""minor""}]}",True,"[{""category"":""preservation"",""severity"":""minor""}]",True,1,0,True,True,False,97,97,2471,14,2485,0,0,1056.84,1293,17,1310,0,0,1200.13
83fcf84b098c50237098,471,haiku-4-5,managed-prompt,subtitle,it,es,Scommetto che alcune persone sono fuggite in Tasmania.,Apuesto a que algunos huirían a Tasmania.,"{""c"":""Apuesto a que algunas personas huyeron a Tasmania.""}",Apuesto a que algunas personas huyeron a Tasmania.,False,1,0,True,True,False,True,,True,,True,"{""reason"":""detector_match"",""detected"":""es"",""confidence"":1.0}",True,[],[],True,,"{""errors"":[]}",True,[],True,1,0,True,True,False,100,100,2479,22,2501,0,0,1079.52,1314,8,1322,0,0,1281.52
bf24a68844367dad90b9,472,haiku-4-5,managed-prompt,subtitle,it,es,"Jackson e' diventato capitano della squadra di calcio, la caviglia di Dale va meglio.",Jackson fue nombrado capitán del equipo de futbol. Y el tobillo de Dale está mejor.,"{""c"":""Jackson se convirtió en capitán del equipo de fútbol, el tobillo de Dale está mejor.""}","Jackson se convirtió en capitán del equipo de fútbol, el tobillo de Dale está mejor.",False,1,0,True,True,False,True,,True,,True,"{""reason"":""detector_match"",""detected"":""es"",""confidence"":1.0}",True,[],[],True,,"{""errors"":[]}",True,[],True,1,0,True,True,False,100,100,2488,31,2519,0,0,1140.23,1341,8,1349,0,0,1263.19
ee378c1bfca9b4b76fdc,473,haiku-4-5,managed-prompt,subtitle,it,es,- E da quando lo sai?,- ¿Desde cuándo lo sabes?,"{""c"":""¿Y desde cuándo lo sabes?""}",¿Y desde cuándo lo sabes?,False,1,0,True,True,False,True,,True,,True,"{""reason"":""detector_match"",""detected"":""es"",""confidence"":1.0}",True,[],[],True,,"{""errors"":[]}",True,[],True,1,0,True,True,False,100,100,2472,18,2490,0,0,1094.95,1305,8,1313,0,0,1225.19
f6d6670bac7b03964645,474,haiku-4-5,managed-prompt,subtitle,it,es,-No! Brillante!,"-No, perfecto!","{""c"":""-¡No! ¡Brillante!""}",-¡No! ¡Brillante!,False,1,0,True,True,False,True,,True,,,"{""reason"":""detector_mismatch_uncertain"",""detected"":""it"",""confidence"":1.0}",True,[],[],True,,"{""errors"":[]}",True,[],True,1,0,True,True,False,100,100,2471,19,2490,0,0,1080.47,1293,8,1301,0,0,1247.06
69593ef3f7fd72efc582,475,haiku-4-5,managed-prompt,subtitle,it,es,Di che parli?,- ¿De qué hablas?,"{""c"":""¿De qué hablas?""}",¿De qué hablas?,False,1,0,True,True,False,True,,True,,True,"{""reason"":""detector_match"",""detected"":""es"",""confidence"":0.8571}",True,[],[],True,,"{""errors"":[]}",True,[],True,1,0,True,True,False,100,100,2469,15,2484,0,0,1127.3,1296,8,1304,0,0,1299.13
655314f35201430dbd29,476,haiku-4-5,managed-prompt,subtitle,it,es,"Senti, e' solo che non voglio vederti deluso quando non nevichera'.","Mira, sólo quiero que no te sientas decepcionado cuando no nieve.","{""c"":""Mira, es solo que no quiero verte decepcionado cuando no nieve.""}","Mira, es solo que no quiero verte decepcionado cuando no nieve.",False,1,0,True,True,False,True,,True,,True,"{""reason"":""detector_match"",""detected"":""es"",""confidence"":1.0}",True,[],[],True,,"{""errors"":[]}",True,[],True,1,0,True,True,False,100,100,2486,28,2514,0,0,1159.69,1339,8,1347,0,0,1234.21
d1e6531ec2e6e908275e,477,haiku-4-5,managed-prompt,subtitle,it,es,La distanza.,La distancia,"{""c"":""La distancia.""}",La distancia.,False,1,0,True,True,False,True,,True,,,"{""reason"":""detector_mismatch_uncertain"",""detected"":""it"",""confidence"":1.0}",True,[],[],True,,"{""errors"":[]}",True,[],True,1,0,True,True,False,100,100,2468,11,2479,0,0,1083.1,1283,8,1291,0,0,1546.04
72610b9c24ab6de447f1,478,haiku-4-5,managed-prompt,subtitle,it,es,Che cosa buffa.,Qué chistoso.,"{""c"":""Qué cosa tan graciosa.""}",Qué cosa tan graciosa.,False,1,0,True,True,False,True,,True,,True,"{""reason"":""detector_match"",""detected"":""es"",""confidence"":1.0}",True,[],[],True,,"{""errors"":[]}",True,[],True,1,0,True,True,False,100,100,2470,16,2486,0,0,1091.1,1293,8,1301,0,0,1150.82
c940857fb03ecac4f068,479,haiku-4-5,managed-prompt,subtitle,it,es,Quanto cazzo stupida sei a volte?,- ¿Cuán estúpida puedes ser?,"{""c"":""¿Qué tan jodidamente estúpida eres a veces?""}",¿Qué tan jodidamente estúpida eres a veces?,False,1,0,True,True,False,True,,True,,,"{""reason"":""detector_inconclusive"",""detected"":""pt"",""confidence"":0.6231}",True,[],[],True,,"{""errors"":[]}",True,[],True,1,0,True,True,False,100,100,2475,27,2502,0,0,1121.19,1319,8,1327,0,0,1234.5
9239e72cb9e6492dfd64,480,haiku-4-5,managed-prompt,subtitle,it,fr,"Oh, Dio, Sono un idiota.","Mon dieu, je suis une idiote.","{""c"":""Oh, Dio, Je suis un idiot.""}","Oh, Dio, Je suis un idiot.",False,1,0,True,True,False,True,,True,,True,"{""reason"":""detector_match"",""detected"":""fr"",""confidence"":1.0}",True,[],[],True,,"{""errors"":[{""category"":""preservation"",""severity"":""major""},{""category"":""fluency"",""severity"":""minor""}]}",False,"[{""category"":""preservation"",""severity"":""major""},{""category"":""fluency"",""severity"":""minor""}]",True,1,0,True,True,False,82,82,2475,19,2494,0,0,1021.95,1305,27,1332,0,0,1441.1
0c70f94ebab656f7b370,481,haiku-4-5,managed-prompt,subtitle,it,fr,Sopravvaluti la tua abilita' se dici di poter colpire cinque bersagli in movimento. - Pensi?,Tu surestimes ta capacité à toucher cinq cibles mouvantes.,"{""c"":""Tu surestimes tes capacités si tu dis pouvoir frapper cinq cibles en mouvement. - Tu crois?""}",Tu surestimes tes capacités si tu dis pouvoir frapper cinq cibles en mouvement. - Tu crois?,False,1,0,True,True,False,True,,True,,True,"{""reason"":""detector_match"",""detected"":""fr"",""confidence"":1.0}",True,[],[],True,,"{""errors"":[]}",True,[],True,1,0,True,True,False,100,100,2499,35,2534,0,0,1380.12,1354,8,1362,0,0,1196.7
16405eb5ec76a80b37bd,482,haiku-4-5,managed-prompt,subtitle,it,fr,"No... no, devo provvedere alla mia famiglia.",Je dois m'occuper de ma famille.,"{""c"":""Non... non, je dois pourvoir à ma famille.""}","Non... non, je dois pourvoir à ma famille.",False,1,0,True,True,False,True,,True,,True,"{""reason"":""detector_match"",""detected"":""fr"",""confidence"":1.0}",True,[],[],True,,"{""errors"":[]}",True,[],True,1,0,True,True,False,100,100,2478,19,2497,0,0,1091.31,1307,8,1315,0,0,1134.47
be28f859c3f257b04f83,483,haiku-4-5,managed-prompt,subtitle,it,fr,"Forza,andiamo,Tim.","- Allons-y, Tim.","{""c"":""Allez-y, on y va, Tim.""}","Allez-y, on y va, Tim.",False,1,0,True,True,False,True,,True,,,"{""reason"":""detector_inconclusive"",""detected"":""tr"",""confidence"":0.5714}",True,[],[],True,,"{""errors"":[]}",True,[],True,1,0,True,True,False,100,100,2474,19,2493,0,0,1109.17,1302,8,1310,0,0,1189.78
848da694d019512f528e,484,haiku-4-5,managed-prompt,subtitle,it,fr,Andiamo!,Allez !,"{""c"":""Allons-y!""}",Allons-y!,False,1,0,True,True,False,True,,True,,,"{""reason"":""too_short_for_language_detection"",""detected"":null,""confidence"":null}",True,[],[],True,,"{""errors"":[]}",True,[],True,1,0,True,True,False,100,100,2469,13,2482,0,0,1027.72,1287,8,1295,0,0,1242.32
63fbf143c1c8b2182e87,485,haiku-4-5,managed-prompt,subtitle,it,fr,"Quindi, se non le dispiace.",Si ça ne vous embête pas.,"{""c"":""Donc, si cela ne vous dérange pas.""}","Donc, si cela ne vous dérange pas.",False,1,0,True,True,False,True,,True,,True,"{""reason"":""detector_match"",""detected"":""fr"",""confidence"":1.0}",True,[],[],True,,"{""errors"":[]}",True,[],True,1,0,True,True,False,100,100,2474,19,2493,0,0,1096.35,1302,8,1310,0,0,1165.15
a5546a2fa9e23db615c4,486,haiku-4-5,managed-prompt,subtitle,it,fr,Me?,Pour moi ?,"{""c"":""Moi ?""}",Moi ?,False,1,0,True,True,False,True,,True,,,"{""reason"":""too_short_for_language_detection"",""detected"":null,""confidence"":null}",True,[],[],True,,"{""errors"":[]}",True,[],True,1,0,True,True,False,100,100,2466,11,2477,0,0,1038.92,1284,8,1292,0,0,1636.54
149ce231ac5964d9e71c,487,haiku-4-5,managed-prompt,subtitle,it,fr,È chiaro che amo mia moglie.,Évidemment que j'aime ma femme.,"{""c"":""C'est clair que j'aime ma femme.""}",C'est clair que j'aime ma femme.,False,1,0,True,True,False,True,,True,,True,"{""reason"":""detector_match"",""detected"":""fr"",""confidence"":1.0}",True,[],[],True,,"{""errors"":[]}",True,[],True,1,0,True,True,False,100,100,2475,21,2496,0,0,1159.26,1310,8,1318,0,0,1297.84
027e80ac2c72578f8b93,488,haiku-4-5,managed-prompt,subtitle,it,fr,"Oh Dio, sarebbe fantastico!","Seigneur, ça serait tellement sympa.","{""c"":""Oh Dieu, ce serait fantastique!""}","Oh Dieu, ce serait fantastique!",False,1,0,True,True,False,True,,True,,True,"{""reason"":""detector_match"",""detected"":""fr"",""confidence"":1.0}",True,[],[],True,,"{""errors"":[]}",True,[],True,1,0,True,True,False,100,100,2473,19,2492,0,0,1154.96,1306,8,1314,0,0,1899.15
127962b3730297bf7cb3,489,haiku-4-5,managed-prompt,subtitle,it,fr,Ma ora un sogno tutto mio. Che non finirà mai.,Maintenant... commence... mon propre rêve... qui ne se terminera jamais.,"{""c"":""Maintenant un rêve tout à moi. Qui ne finira jamais.""}",Maintenant un rêve tout à moi. Qui ne finira jamais.,False,1,0,True,True,False,True,,True,,True,"{""reason"":""detector_match"",""detected"":""fr"",""confidence"":1.0}",True,[],[],True,,"{""errors"":[]}",True,[],True,1,0,True,True,False,100,100,2481,27,2508,0,0,1202.55,1329,8,1337,0,0,1055.49
fbcdccf4d6026aa80ef1,490,haiku-4-5,managed-prompt,subtitle,it,jp,Non scordare mai...,決して忘れるな マルセル,"{""c"":""決して忘れないで...""}",決して忘れないで...,False,1,0,True,True,False,True,,True,,True,"{""reason"":""target_script_present"",""detected"":""ja"",""confidence"":1.0}",True,[],[],True,,"{""errors"":[]}",True,[],True,1,0,True,True,False,100,100,2470,15,2485,0,0,942.0,1299,8,1307,0,0,1287.74
51780e6b1dc80d6447fe,491,haiku-4-5,managed-prompt,subtitle,it,jp,Questo sono io e questo sei tu. Cioè tu sei questo e io sono questo.,これが俺でこっちがお前 いや これがお前でこれが俺,"{""c"":""これが俺で、これがお前だ。つまり、お前はこれで、俺はこれだ。""}",これが俺で、これがお前だ。つまり、お前はこれで、俺はこれだ。,False,1,0,True,True,False,True,,True,,True,"{""reason"":""target_script_present"",""detected"":""ja"",""confidence"":1.0}",True,[],[],True,,"{""errors"":[]}",True,[],True,1,0,True,True,False,100,100,2485,39,2524,0,0,1806.28,1350,8,1358,0,0,1235.96
a8fb9f4d78e30dd2f774,492,haiku-4-5,managed-prompt,subtitle,it,jp,Papà!,パパ！,"{""c"":""パパ!""}",パパ!,False,1,0,True,True,False,True,,True,,True,"{""reason"":""target_script_present"",""detected"":""ja"",""confidence"":1.0}",True,[],[],True,,"{""errors"":[{""category"":""preservation"",""severity"":""minor""}]}",True,"[{""category"":""preservation"",""severity"":""minor""}]",True,1,0,True,True,False,97,97,2468,11,2479,0,0,1547.59,1284,17,1301,0,0,1343.12
c81db0c868aa98eb2f08,493,haiku-4-5,managed-prompt,subtitle,it,jp,Sissignore.,わかりました！,"{""c"":""シスサニョーレ""}",シスサニョーレ,False,1,0,True,True,False,True,,True,,True,"{""reason"":""target_script_present"",""detected"":""ja"",""confidence"":1.0}",True,[],[],True,,"{""errors"":[{""category"":""accuracy"",""severity"":""major""}]}",False,"[{""category"":""accuracy"",""severity"":""major""}]",True,1,0,True,True,False,85,85,2470,16,2486,0,0,1679.43,1292,17,1309,0,0,1452.12
02345eb9263db2aa8c64,494,haiku-4-5,managed-prompt,subtitle,it,jp,Scofield di nuovo in penitenziario.,スコフィールドがまた刑務所に行く 正直いうと、,"{""c"":""スコフィールドが再び刑務所に。""}",スコフィールドが再び刑務所に。,False,1,0,True,True,False,True,,True,,True,"{""reason"":""target_script_present"",""detected"":""ja"",""confidence"":1.0}",True,[],[],True,,"{""errors"":[]}",True,[],True,1,0,True,True,False,100,100,2477,22,2499,0,0,1586.23,1324,8,1332,0,0,1142.17
b3e18dea9a9073e4250f,495,haiku-4-5,managed-prompt,subtitle,it,jp,"Una volta alle superiori, perche'?",高校の時に一度だけ なぜ？,"{""c"":""高校の時、なぜ?""}",高校の時、なぜ?,False,1,0,True,True,False,True,,True,,True,"{""reason"":""target_script_present"",""detected"":""ja"",""confidence"":1.0}",True,[],[],True,,"{""errors"":[{""category"":""accuracy"",""severity"":""major""}]}",False,"[{""category"":""accuracy"",""severity"":""major""}]",True,1,0,True,True,False,85,85,2474,17,2491,0,0,1358.21,1309,17,1326,0,0,1389.36
ba507dda0384d62630e6,496,haiku-4-5,managed-prompt,subtitle,it,jp,Quindi... indovina chi non e' piu' l'ultima persona sulla terra?,地球上で最後の人は 他に誰もいない,"{""c"":""だから...誰がもう地球上で最後の人間ではないか、当ててみて?""}",だから...誰がもう地球上で最後の人間ではないか、当ててみて?,False,1,0,True,True,False,True,,True,,True,"{""reason"":""target_script_present"",""detected"":""ja"",""confidence"":1.0}",True,[],[],True,,"{""errors"":[{""category"":""accuracy"",""severity"":""major""}]}",False,"[{""category"":""accuracy"",""severity"":""major""}]",True,1,0,True,True,False,85,85,2483,35,2518,0,0,1644.76,1338,17,1355,0,0,1331.37
2fb0e4bd9ea256b66bc9,497,haiku-4-5,managed-prompt,subtitle,it,jp,Da dove arriva?,どこから流してる？,"{""c"":""どこから来ましたか?""}",どこから来ましたか?,False,1,0,True,True,False,True,,True,,True,"{""reason"":""target_script_present"",""detected"":""ja"",""confidence"":1.0}",True,[],[],True,,"{""errors"":[{""category"":""tone"",""severity"":""minor""}]}",True,"[{""category"":""tone"",""severity"":""minor""}]",True,1,0,True,True,False,97,97,2469,16,2485,0,0,1088.37,1295,17,1312,0,0,1340.16
a692f4a2e8e8273fa9ab,498,haiku-4-5,managed-prompt,subtitle,it,jp,Tutti cosi' perfetti...,完璧です,"{""c"":""みんなそんなに完璧...""}",みんなそんなに完璧...,False,1,0,True,True,False,True,,True,,True,"{""reason"":""target_script_present"",""detected"":""ja"",""confidence"":1.0}",True,[],[],True,,"{""errors"":[{""category"":""fluency"",""severity"":""minor""}]}",True,"[{""category"":""fluency"",""severity"":""minor""}]",True,1,0,True,True,False,97,97,2472,18,2490,0,0,1082.99,1297,18,1315,0,0,1339.58
5920afe53d8bdad3312b,499,haiku-4-5,managed-prompt,subtitle,it,jp,"- Se ti ordina di dare fuoco ai bambini, il tuo Signore e' diabolico.",子供を焼けと命じたなら あんたの主は悪だ,"{""c"":""子どもに火をつけるように命じられたら、あなたの主人は悪魔的です。""}",子どもに火をつけるように命じられたら、あなたの主人は悪魔的です。,False,1,0,True,True,False,True,,True,,True,"{""reason"":""target_script_present"",""detected"":""ja"",""confidence"":1.0}",True,[],[],True,,"{""errors"":[]}",True,[],True,1,0,True,True,False,100,100,2489,37,2526,0,0,1247.21,1350,8,1358,0,0,1151.97
452300904b569510534d,500,haiku-4-5,managed-prompt,subtitle,it,nl,"Grazie, signore.","Bedankt, meneer.","{""c"":""Dank je, meneer.""}","Dank je, meneer.",False,1,0,True,True,False,True,,True,,,"{""reason"":""detector_inconclusive"",""detected"":""af"",""confidence"":0.7621}",True,[],[],True,,"{""errors"":[]}",True,[],True,1,0,True,True,False,100,100,2471,15,2486,0,0,1157.89,1294,8,1302,0,0,1501.29
004fb6fb3dfe4a456927,501,haiku-4-5,managed-prompt,subtitle,it,nl,- Guardate che sento tutto.,- Ik kan alles horen wat jullie zeggen.,"{""c"":""Zorg dat ik alles hoor.""}",Zorg dat ik alles hoor.,False,1,0,True,True,False,True,,True,,,"{""reason"":""detector_mismatch_uncertain"",""detected"":""af"",""confidence"":1.0}",True,[],[],True,,"{""errors"":[{""category"":""accuracy"",""severity"":""major""}]}",False,"[{""category"":""accuracy"",""severity"":""major""}]",True,1,0,True,True,False,85,85,2473,18,2491,0,0,1135.65,1307,17,1324,0,0,1450.75
e99577370565b5b27611,502,haiku-4-5,managed-prompt,subtitle,it,nl,Siediti.,Ga gewoon zitten.,"{""c"":""Ga zitten.""}",Ga zitten.,False,1,0,True,True,False,True,,True,,,"{""reason"":""detector_mismatch_uncertain"",""detected"":""de"",""confidence"":1.0}",True,[],[],True,,"{""errors"":[]}",True,[],True,1,0,True,True,False,100,100,2468,12,2480,0,0,1113.97,1287,8,1295,0,0,1307.55
e6af8f62231d92943822,503,haiku-4-5,managed-prompt,subtitle,it,nl,Aveva dei dipendenti?,Had hij werknemers?,"{""c"":""Had je werknemers?""}",Had je werknemers?,False,1,0,True,True,False,True,,True,,True,"{""reason"":""detector_match"",""detected"":""nl"",""confidence"":1.0}",True,[],[],True,,"{""errors"":[{""category"":""accuracy"",""severity"":""major""}]}",False,"[{""category"":""accuracy"",""severity"":""major""}]",True,1,0,True,True,False,85,85,2471,13,2484,0,0,1152.78,1292,17,1309,0,0,1380.63
44113bfc049e711555f2,504,haiku-4-5,managed-prompt,subtitle,it,nl,"Lascia stare, Harold.","- Geen punt, Harold.","{""c"":""Laat maar zitten, Harold.""}","Laat maar zitten, Harold.",False,1,0,True,True,False,True,,True,,True,"{""reason"":""detector_match"",""detected"":""nl"",""confidence"":1.0}",True,[],[],True,,"{""errors"":[]}",True,[],True,1,0,True,True,False,100,100,2472,16,2488,0,0,1032.39,1295,8,1303,0,0,1314.68
00ebbe79f817315a768c,505,haiku-4-5,managed-prompt,subtitle,it,nl,"Gente, ora partiamo perché l'ho detto io, va bene?","Oké, we vertrekken. Wanneer ik het zeg, oké?","{""c"":""Mensen, we gaan nu omdat ik het zeg, oké?""}","Mensen, we gaan nu omdat ik het zeg, oké?",False,1,0,True,True,False,True,,True,,True,"{""reason"":""detector_match"",""detected"":""nl"",""confidence"":1.0}",True,[],[],True,,"{""errors"":[]}",True,[],True,1,0,True,True,False,100,100,2485,24,2509,0,0,1224.79,1332,8,1340,0,0,1178.13
9f40d07d9c051d860630,506,haiku-4-5,managed-prompt,subtitle,it,nl,- Grazie.,-Dank je.,"{""c"":""Dank je.""}",Dank je.,False,1,0,True,True,False,True,,True,,,"{""reason"":""too_short_for_language_detection"",""detected"":null,""confidence"":null}",True,[],[],True,,"{""errors"":[{""category"":""preservation"",""severity"":""minor""}]}",True,"[{""category"":""preservation"",""severity"":""minor""}]",True,1,0,True,True,False,97,97,2469,12,2481,0,0,1101.14,1286,17,1303,0,0,1245.26
9c70e6c673067e0cc69c,507,haiku-4-5,managed-prompt,subtitle,it,nl,Magari... torneremo un'altra volta.,Misschien kunnen we beter een andere keer komen.,"{""c"":""Misschien... we komen een ander keer terug.""}",Misschien... we komen een ander keer terug.,False,1,0,True,True,False,True,,True,,True,"{""reason"":""detector_match"",""detected"":""nl"",""confidence"":1.0}",True,[],[],True,,"{""errors"":[{""category"":""fluency"",""severity"":""minor""}]}",True,"[{""category"":""fluency"",""severity"":""minor""}]",True,1,0,True,True,False,97,97,2476,22,2498,0,0,1213.58,1312,18,1330,0,0,1407.96
8e43df991a17939ead0e,508,haiku-4-5,managed-prompt,subtitle,it,nl,Ci sono nuove prove.,Er is nieuw bewijs.,"{""c"":""Er zijn nieuwe bewijzen.""}",Er zijn nieuwe bewijzen.,False,1,0,True,True,False,True,,True,,True,"{""reason"":""detector_match"",""detected"":""nl"",""confidence"":1.0}",True,[],[],True,,"{""errors"":[]}",True,[],True,1,0,True,True,False,100,100,2471,14,2485,0,0,1186.11,1292,8,1300,0,0,2450.96
fa2abaf384dd70bd5bf1,509,haiku-4-5,managed-prompt,subtitle,it,nl,Non c'è alcun dubbio.,Er bestaat geen twijfel.,"{""c"":""Er is geen twijfel over.""}",Er is geen twijfel over.,False,1,0,True,True,False,True,,True,,True,"{""reason"":""detector_match"",""detected"":""nl"",""confidence"":1.0}",True,[],[],True,,"{""errors"":[]}",True,[],True,1,0,True,True,False,100,100,2474,15,2489,0,0,1167.84,1296,8,1304,0,0,1167.91
6f4d9bb8d75334130e9c,510,haiku-4-5,managed-prompt,subtitle,it,nb,"Questo no, si, no.","- Den? Nei, jo, vel...","{""c"":""Dette nei, ja, nei.""}","Dette nei, ja, nei.",False,1,0,True,True,False,True,,True,,,"{""reason"":""detector_inconclusive"",""detected"":""fi"",""confidence"":0.8571}",True,[],[],True,,"{""errors"":[{""category"":""fluency"",""severity"":""major""}]}",False,"[{""category"":""fluency"",""severity"":""major""}]",True,1,0,True,True,False,85,85,2472,14,2486,0,0,1186.46,1296,18,1314,0,0,1109.08
8881b25825b7c05d4ee8,511,haiku-4-5,managed-prompt,subtitle,it,nb,La polizia non chiede aiuto ai dilettanti.,Politiet konsulterer ikke amatører.,"{""c"":""Politiet ber ikke om hjelp fra amatører.""}",Politiet ber ikke om hjelp fra amatører.,False,1,0,True,True,False,True,,True,,True,"{""reason"":""detector_match"",""detected"":""no"",""confidence"":1.0}",True,[],[],True,,"{""errors"":[]}",True,[],True,1,0,True,True,False,100,100,2478,22,2500,0,0,1266.89,1311,8,1319,0,0,1328.46
0020f3b2b04043815839,512,haiku-4-5,managed-prompt,subtitle,it,nb,- Non vuoi ricordarlo.,- Du vil ikke huske det.,"{""c"":""Du vil ikke huske det.""}",Du vil ikke huske det.,False,1,0,True,True,False,True,,True,,,"{""reason"":""detector_mismatch_uncertain"",""detected"":""da"",""confidence"":1.0}",True,[],[],True,,"{""errors"":[{""category"":""preservation"",""severity"":""minor""}]}",True,"[{""category"":""preservation"",""severity"":""minor""}]",True,1,0,True,True,False,97,97,2472,14,2486,0,0,1178.65,1294,17,1311,0,0,1279.63
f68d702fa002d24936d9,513,haiku-4-5,managed-prompt,subtitle,it,nb,- Com'e' possibile?,Hvordan er det mulig?,"{""c"":""Hvordan er det mulig?""}",Hvordan er det mulig?,False,1,0,True,True,False,True,,True,,,"{""reason"":""detector_mismatch_uncertain"",""detected"":""da"",""confidence"":1.0}",True,[],[],True,,"{""errors"":[]}",True,[],True,1,0,True,True,False,100,100,2472,15,2487,0,0,1059.49,1297,8,1305,0,0,1171.79
7ae3e455c3082ec84f19,514,haiku-4-5,managed-prompt,subtitle,it,nb,- La verità su Terry Lennox.,- Sannheten om Terry Lennox.,"{""c"":""Sannheten om Terry Lennox.""}",Sannheten om Terry Lennox.,False,1,0,True,True,False,True,,True,,True,"{""reason"":""detector_match"",""detected"":""no"",""confidence"":1.0}",True,[],[],True,,"{""errors"":[{""category"":""preservation"",""severity"":""minor""}]}",True,"[{""category"":""preservation"",""severity"":""minor""}]",True,1,0,True,True,False,97,97,2474,18,2492,0,0,1142.3,1304,17,1321,0,0,1742.71
8169eebd4820d9e8b84c,515,haiku-4-5,managed-prompt,subtitle,it,nb,"Signore, per continuare le ricerche dovremo usare tutto il carburante.",Hvis vi fortsetter ettersøkningen så vil vi bruke opp alt drivstoffet vårt.,"{""c"":""Herre, for å fortsette søket må vi bruke alt drivstoffet.""}","Herre, for å fortsette søket må vi bruke alt drivstoffet.",False,1,0,True,True,False,True,,True,,True,"{""reason"":""detector_match"",""detected"":""no"",""confidence"":1.0}",True,[],[],True,,"{""errors"":[]}",True,[],True,1,0,True,True,False,100,100,2486,28,2514,0,0,1254.6,1339,8,1347,0,0,1164.26
16e16bb80c50b4c78faa,516,haiku-4-5,managed-prompt,subtitle,it,nb,"Secondo te, sono morti?",Tror du de er døde?,"{""c"":""Etter din mening, er de døde?""}","Etter din mening, er de døde?",False,1,0,True,True,False,True,,True,,,"{""reason"":""detector_mismatch_uncertain"",""detected"":""da"",""confidence"":1.0}",True,[],[],True,,"{""errors"":[]}",True,[],True,1,0,True,True,False,100,100,2471,19,2490,0,0,1374.73,1301,8,1309,0,0,1401.5
e848dc4b03d0903b2a89,517,haiku-4-5,managed-prompt,subtitle,it,nb,Cos'è successo?,Hva skjedde?,"{""c"":""Hva skjedde?""}",Hva skjedde?,False,1,0,True,True,False,True,,True,,True,"{""reason"":""detector_match"",""detected"":""no"",""confidence"":0.8571}",True,[],[],True,,"{""errors"":[]}",True,[],True,1,0,True,True,False,100,100,2471,14,2485,0,0,1103.96,1294,8,1302,0,0,1153.51
e37c25abc868a624a82d,518,haiku-4-5,managed-prompt,subtitle,it,nb,Certo.,Ja visst.,"{""c"":""Ja.""}",Ja.,False,1,0,True,True,False,True,,True,,,"{""reason"":""too_short_for_language_detection"",""detected"":null,""confidence"":null}",True,[],[],True,,"{""errors"":[]}",True,[],True,1,0,True,True,False,100,100,2468,10,2478,0,0,1163.86,1283,8,1291,0,0,1324.96
056e4e36afe82a46ad8c,519,haiku-4-5,managed-prompt,subtitle,it,nb,Praticamente sono sposata con un Buzz Lightyear sexy.,Jeg er gift med en sexy Buzz Lightyear.,"{""c"":""Praktisk talt er jeg gift med en sexy Buzz Lightyear.""}",Praktisk talt er jeg gift med en sexy Buzz Lightyear.,False,1,0,True,True,False,True,,True,,True,"{""reason"":""detector_match"",""detected"":""no"",""confidence"":1.0}",True,[],[],True,,"{""errors"":[]}",True,[],True,1,0,True,True,False,100,100,2480,25,2505,0,0,1267.08,1319,8,1327,0,0,1174.8
4aa10574f86e311552f5,520,haiku-4-5,managed-prompt,subtitle,jp,da,サラによると、深夜零時までだと言った。,"Hun sagde, det var som om vi fik indtil midnat.","{""c"":""Ifølge Sara er det til midnat.""}",Ifølge Sara er det til midnat.,False,1,0,True,True,False,True,,True,,True,"{""reason"":""detector_match"",""detected"":""da"",""confidence"":1.0}",True,[],[],True,,"{""errors"":[{""category"":""accuracy"",""severity"":""major""}]}",False,"[{""category"":""accuracy"",""severity"":""major""}]",True,1,0,True,True,False,85,85,2481,18,2499,0,0,1315.03,1314,17,1331,0,0,1323.46
4c63c41e2caf92db3c9f,521,haiku-4-5,managed-prompt,subtitle,jp,da,何でも無い,- Hvad? Intet.,"{""c"":""Det er ingenting""}",Det er ingenting,False,1,0,True,True,False,True,,True,,,"{""reason"":""detector_mismatch_uncertain"",""detected"":""no"",""confidence"":1.0}",True,[],[],True,,"{""errors"":[]}",True,[],True,1,0,True,True,False,100,100,2470,11,2481,0,0,1227.06,1291,8,1299,0,0,1257.63
3f6fa91c8274b8109649,522,haiku-4-5,managed-prompt,subtitle,jp,da,前にドアがある それを使って,– Brug døren foran dig.,"{""c"":""Der er en dør foran. Brug den.""}",Der er en dør foran. Brug den.,False,1,0,True,True,False,True,,True,,True,"{""reason"":""detector_match"",""detected"":""da"",""confidence"":1.0}",True,[],[],True,,"{""errors"":[]}",True,[],True,1,0,True,True,False,100,100,2475,20,2495,0,0,1280.3,1305,8,1313,0,0,1307.85
cfcd36091c7300effc90,523,haiku-4-5,managed-prompt,subtitle,jp,da,それを表す 言葉があるわ,Ja og det er der et ord for:,"{""c"":""Der er et ord til at beskrive det""}",Der er et ord til at beskrive det,False,1,0,True,True,False,True,,True,,True,"{""reason"":""detector_match"",""detected"":""da"",""confidence"":1.0}",True,[],[],True,,"{""errors"":[]}",True,[],True,1,0,True,True,False,100,100,2476,16,2492,0,0,1077.32,1304,8,1312,0,0,1247.43
86a21619080134a47fce,524,haiku-4-5,managed-prompt,subtitle,jp,da,魚には一種の 身ぶり言語がある,"Jeg tror, at fisk har en slags tegnsprog.","{""c"":""Fisk har en slags kropssprkog""}",Fisk har en slags kropssprkog,False,1,0,True,True,False,True,,True,,,"{""reason"":""detector_mismatch_uncertain"",""detected"":""sv"",""confidence"":1.0}",True,[],[],True,,"{""errors"":[{""category"":""fluency"",""severity"":""critical""},{""category"":""accuracy"",""severity"":""major""}]}",False,"[{""category"":""fluency"",""severity"":""critical""},{""category"":""accuracy"",""severity"":""major""}]",True,1,0,True,True,False,45,45,2481,18,2499,0,0,1137.53,1317,27,1344,0,0,1287.86
b0db1f032761947fd1f8,525,haiku-4-5,managed-prompt,subtitle,jp,da,こんにちは、チェスター,"Goddag, Chester.","{""c"":""Hej, Chester""}","Hej, Chester",False,1,0,True,True,False,True,,True,,,"{""reason"":""detector_mismatch_uncertain"",""detected"":""nl"",""confidence"":1.0}",True,[],[],True,,"{""errors"":[]}",True,[],True,1,0,True,True,False,100,100,2474,12,2486,0,0,1048.56,1294,8,1302,0,0,1152.34
066a528b66eb2b778fcd,526,haiku-4-5,managed-prompt,subtitle,jp,da,ちっきしょう,Fandens også.,"{""c"":""Fandeme""}",Fandeme,False,1,0,True,True,False,True,,True,,,"{""reason"":""too_short_for_language_detection"",""detected"":null,""confidence"":null}",True,[],[],True,,"{""errors"":[]}",True,[],True,1,0,True,True,False,100,100,2471,11,2482,0,0,1093.13,1289,8,1297,0,0,1249.33
363088039d2fa7b3643a,527,haiku-4-5,managed-prompt,subtitle,jp,da,何故ですか?,Hvorfor?,"{""c"":""Hvorfor?""}",Hvorfor?,False,1,0,True,True,False,True,,True,,,"{""reason"":""too_short_for_language_detection"",""detected"":null,""confidence"":null}",True,[],[],True,,"{""errors"":[]}",True,[],True,1,0,True,True,False,100,100,2471,11,2482,0,0,1014.68,1287,8,1295,0,0,1333.69
89e2f5ef10c887b4d289,528,haiku-4-5,managed-prompt,subtitle,jp,da,- いや,Nej.,"{""c"":""Nej""}",Nej,False,1,0,True,True,False,True,,True,,,"{""reason"":""too_short_for_language_detection"",""detected"":null,""confidence"":null}",True,[],[],True,,"{""errors"":[]}",True,[],True,1,0,True,True,False,100,100,2467,10,2477,0,0,997.26,1283,8,1291,0,0,1332.34
da8d659feec83c43112c,529,haiku-4-5,managed-prompt,subtitle,jp,da,- こんにちは - やぁ,"Hej, skatter.","{""c"":""- Hej - Hej""}",- Hej - Hej,False,1,0,True,True,False,True,,True,,,"{""reason"":""too_short_for_language_detection"",""detected"":null,""confidence"":null}",True,[],[],True,,"{""errors"":[]}",True,[],True,1,0,True,True,False,100,100,2475,15,2490,0,0,1128.61,1299,8,1307,0,0,1345.47
b370a950a1664d7cc64f,530,haiku-4-5,managed-prompt,subtitle,jp,de,人間の感情は 祖先からの贈り物だ,Menschliche Gefühle sind eine Gabe unserer tierischen Vorfahren.,"{""c"":""Menschliche Gefühle sind ein Geschenk unserer Ahnen""}",Menschliche Gefühle sind ein Geschenk unserer Ahnen,False,1,0,True,True,False,True,,True,,True,"{""reason"":""detector_match"",""detected"":""de"",""confidence"":1.0}",True,[],[],True,,"{""errors"":[{""category"":""accuracy"",""severity"":""minor""}]}",True,"[{""category"":""accuracy"",""severity"":""minor""}]",True,1,0,True,True,False,97,97,2483,26,2509,0,0,1096.75,1332,17,1349,0,0,1233.29
4ca7ad0b3379064d5951,531,haiku-4-5,managed-prompt,subtitle,jp,de,なんだ？,Was ist das?,"{""c"":""Was?""}",Was?,False,1,0,True,True,False,True,,True,,,"{""reason"":""too_short_for_language_detection"",""detected"":null,""confidence"":null}",True,[],[],True,,"{""errors"":[]}",True,[],True,1,0,True,True,False,100,100,2470,9,2479,0,0,1080.78,1284,8,1292,0,0,1164.34
6ffadccf9922892c44fe,532,haiku-4-5,managed-prompt,subtitle,jp,de,「今まで何処に」 どうもね,- Wo bist du gewesen?,"{""c"":""「Wo warst du die ganze Zeit」 Na ja""}",「Wo warst du die ganze Zeit」 Na ja,False,1,0,True,True,False,True,,True,,,"{""reason"":""detector_inconclusive"",""detected"":""de"",""confidence"":0.7143}",True,[],[],True,,"{""errors"":[{""category"":""fluency"",""severity"":""minor""}]}",True,"[{""category"":""fluency"",""severity"":""minor""}]",True,1,0,True,True,False,97,97,2478,21,2499,0,0,1223.23,1309,18,1327,0,0,1252.36
07e677605cc7e076e37b,533,haiku-4-5,managed-prompt,subtitle,jp,de,何してるの？,Was machst du hier?,"{""c"":""Was machst du?""}",Was machst du?,False,1,0,True,True,False,True,,True,,True,"{""reason"":""detector_match"",""detected"":""de"",""confidence"":0.8571}",True,[],[],True,,"{""errors"":[]}",True,[],True,1,0,True,True,False,100,100,2471,12,2483,0,0,1114.97,1289,8,1297,0,0,1178.33
8e7f9b7a2f569fac98d0,534,haiku-4-5,managed-prompt,subtitle,jp,de,手榴弾は 何らかの毒物を 放ったに違いない,Die Granate muss eine Art Gift freigesetzt haben.,"{""c"":""Die Granate muss irgendeinen Giftstoff freigesetzt haben""}",Die Granate muss irgendeinen Giftstoff freigesetzt haben,False,1,0,True,True,False,True,,True,,True,"{""reason"":""detector_match"",""detected"":""de"",""confidence"":1.0}",True,[],[],True,,"{""errors"":[]}",True,[],True,1,0,True,True,False,100,100,2488,26,2514,0,0,1242.43,1330,8,1338,0,0,1280.18
3c2d55b8e26b1de79905,535,haiku-4-5,managed-prompt,subtitle,jp,de,この３月で３０歳,Sie wäre diesen März 30 geworden.,"{""c"":""Mit 30 Jahren im März dieses Jahres""}",Mit 30 Jahren im März dieses Jahres,False,1,0,True,True,False,True,,True,,True,"{""reason"":""detector_match"",""detected"":""de"",""confidence"":1.0}",True,[],"[{""code"":""number_not_exact"",""expected"":{""３"":1,""３０"":1},""actual"":{""30"":1}}]",True,,"{""errors"":[{""category"":""accuracy"",""severity"":""major""}]}",False,"[{""category"":""accuracy"",""severity"":""major""}]",True,1,0,True,True,False,82,82,2473,19,2492,0,0,1150.58,1306,17,1323,0,0,1378.74
4937c6e9b085a6d41567,536,haiku-4-5,managed-prompt,subtitle,jp,de,リストに入ってるんだ、ジュリエット,"Sie stehen auf der Liste, Juliet.","{""c"":""Ich bin auf der Liste, Juliet""}","Ich bin auf der Liste, Juliet",False,1,0,True,True,False,True,,True,,True,"{""reason"":""detector_match"",""detected"":""de"",""confidence"":1.0}",True,[],[],True,,"{""errors"":[{""category"":""tone"",""severity"":""major""}]}",False,"[{""category"":""tone"",""severity"":""major""}]",True,1,0,True,True,False,85,85,2481,17,2498,0,0,1193.7,1311,17,1328,0,0,1271.8
bd16c5e69014fa88d35d,537,haiku-4-5,managed-prompt,subtitle,jp,de,彼を庇護するものは 一体.,Eine um ihn zu beschützen.,"{""c"":""Was ihn beschützt, ist eins.""}","Was ihn beschützt, ist eins.",False,1,0,True,True,False,True,,True,,True,"{""reason"":""detector_match"",""detected"":""de"",""confidence"":1.0}",True,[],[],True,,"{""errors"":[{""category"":""accuracy"",""severity"":""major""}]}",False,"[{""category"":""accuracy"",""severity"":""major""}]",True,1,0,True,True,False,85,85,2478,18,2496,0,0,1130.22,1304,17,1321,0,0,1172.33
33442dc4d17854348e2e,538,haiku-4-5,managed-prompt,subtitle,jp,de,アメリカを取り戻そう！,Und Amerika wieder funktionstüchtig machen!,"{""c"":""Holt Amerika zurück!""}",Holt Amerika zurück!,False,1,0,True,True,False,True,,True,,,"{""reason"":""detector_inconclusive"",""detected"":""de"",""confidence"":0.7143}",True,[],[],True,,"{""errors"":[]}",True,[],True,1,0,True,True,False,100,100,2477,14,2491,0,0,1074.27,1304,8,1312,0,0,1161.97
5995238b335a3535d20e,539,haiku-4-5,managed-prompt,subtitle,jp,de,貴方の為でも　警察の為でもないの いいわね？,Nicht wegen dir und nicht wegen der Polizei.,"{""c"":""Weder für dich noch für die Polizei, verstanden?""}","Weder für dich noch für die Polizei, verstanden?",False,1,0,True,True,False,True,,True,,True,"{""reason"":""detector_match"",""detected"":""de"",""confidence"":1.0}",True,[],[],True,,"{""errors"":[]}",True,[],True,1,0,True,True,False,100,100,2487,24,2511,0,0,2480.98,1326,8,1334,0,0,1218.29
68e5e0591be0925d8075,540,haiku-4-5,managed-prompt,subtitle,jp,en,チャーリー！ チャーリー！,Charlie!,"{""c"":""Charlie! Charlie!""}",Charlie! Charlie!,False,1,0,True,True,False,True,,True,,,"{""reason"":""detector_mismatch_uncertain"",""detected"":""nl"",""confidence"":1.0}",True,[],[],True,,"{""errors"":[]}",True,[],True,1,0,True,True,False,100,100,2478,11,2489,0,0,1145.06,1291,8,1299,0,0,1163.62
10d53d548fa690a9d41e,541,haiku-4-5,managed-prompt,subtitle,jp,en,どのように2会うたのですか？,How did you two meet?,"{""c"":""How did you two meet?""}",How did you two meet?,False,1,0,True,True,False,True,,True,,,"{""reason"":""detector_inconclusive"",""detected"":""af"",""confidence"":0.7143}",True,[],"[{""code"":""number_not_exact"",""expected"":{""2"":1},""actual"":{}}]",True,,"{""errors"":[]}",True,[],True,1,0,True,True,False,97,97,2476,13,2489,0,0,1130.18,1296,8,1304,0,0,1206.18
2d5b3c0fac680bf24004,542,haiku-4-5,managed-prompt,subtitle,jp,en,パパ！,Dad.,"{""c"":""Dad!""}",Dad!,False,1,0,True,True,False,True,,True,,,"{""reason"":""too_short_for_language_detection"",""detected"":null,""confidence"":null}",True,[],[],True,,"{""errors"":[]}",True,[],True,1,0,True,True,False,100,100,2469,9,2478,0,0,1080.35,1280,8,1288,0,0,1301.37
546d15240d8531ce811f,543,haiku-4-5,managed-prompt,subtitle,jp,en,前回までの Z Nation は,Previously on Z Nation.,"{""c"":""Z Nation up to last time ->""}",Z Nation up to last time ->,False,1,0,True,True,False,True,,True,,True,"{""reason"":""detector_match"",""detected"":""en"",""confidence"":1.0}",True,[],[],True,,"{""errors"":[{""category"":""fluency"",""severity"":""minor""}]}",True,"[{""category"":""fluency"",""severity"":""minor""}]",True,1,0,True,True,False,97,97,2472,14,2486,0,0,1109.92,1292,18,1310,0,0,1342.8
c90ee93793692b99c7ff,544,haiku-4-5,managed-prompt,subtitle,jp,en,君が正しかったよ,"You know, you were right.","{""c"":""You were right""}",You were right,False,1,0,True,True,False,True,,True,,True,"{""reason"":""detector_match"",""detected"":""en"",""confidence"":0.8571}",True,[],[],True,,"{""errors"":[]}",True,[],True,1,0,True,True,False,100,100,2473,10,2483,0,0,1049.34,1291,8,1299,0,0,2039.71
ff486311b1a5985e78af,545,haiku-4-5,managed-prompt,subtitle,jp,en,（ありさ） 多分 寝てないんだね 昨日,He probably didn't sleep. -Yesterday? -Yesterday.,"{""c"":""(Arisa) You probably haven't slept since yesterday""}",(Arisa) You probably haven't slept since yesterday,False,1,0,True,True,False,True,,True,,True,"{""reason"":""detector_match"",""detected"":""en"",""confidence"":0.8571}",True,[],[],True,,"{""errors"":[]}",True,[],True,1,0,True,True,False,100,100,2486,20,2506,0,0,1158.05,1318,8,1326,0,0,1210.86
bb83d98cb29929497033,546,haiku-4-5,managed-prompt,subtitle,jp,en,あなたが...,You're...,"{""c"":""You are...""}",You are...,False,1,0,True,True,False,True,,True,,,"{""reason"":""too_short_for_language_detection"",""detected"":null,""confidence"":null}",True,[],[],True,,"{""errors"":[]}",True,[],True,1,0,True,True,False,100,100,2469,10,2479,0,0,964.24,1284,8,1292,0,0,1268.15
a7e6d6d71819e0e23ae4,547,haiku-4-5,managed-prompt,subtitle,jp,en,乗る前に　私を殺さないって 約束してよね,"Ehi, before you get in the car, you have to promise not to kill me. Why? What did you do?","{""c"":""Promise me you won't kill me before we get on""}",Promise me you won't kill me before we get on,False,1,0,True,True,False,True,,True,,,"{""reason"":""detector_mismatch_uncertain"",""detected"":""af"",""confidence"":1.0}",True,[],[],True,,"{""errors"":[]}",True,[],True,1,0,True,True,False,100,100,2484,18,2502,0,0,1151.67,1330,8,1338,0,0,1198.39
a0f6c64fb3ad73a3e897,548,haiku-4-5,managed-prompt,subtitle,jp,en,彼等は命令に従う,They follow orders.,"{""c"":""They follow orders""}",They follow orders,False,1,0,True,True,False,True,,True,,True,"{""reason"":""detector_match"",""detected"":""en"",""confidence"":1.0}",True,[],[],True,,"{""errors"":[]}",True,[],True,1,0,True,True,False,100,100,2474,10,2484,0,0,1132.9,1289,8,1297,0,0,1266.19
7e383773c1d224dbabb1,549,haiku-4-5,managed-prompt,subtitle,jp,en,何?,What?,"{""c"":""What?""}",What?,False,1,0,True,True,False,True,,True,,,"{""reason"":""too_short_for_language_detection"",""detected"":null,""confidence"":null}",True,[],[],True,,"{""errors"":[]}",True,[],True,1,0,True,True,False,100,100,2467,9,2476,0,0,1229.45,1279,8,1287,0,0,1803.15
d133feb117288d496622,550,haiku-4-5,managed-prompt,subtitle,jp,es,おい どうしてだよ 俺が好きだろ？,¿Qué sucede cariño ¿No te gusto?,"{""c"":""Oye, ¿por qué? ¿No te cae bien?""}","Oye, ¿por qué? ¿No te cae bien?",False,1,0,True,True,False,True,,True,,,"{""reason"":""detector_inconclusive"",""detected"":""es"",""confidence"":0.7143}",True,[],[],True,,"{""errors"":[{""category"":""accuracy"",""severity"":""major""},{""category"":""tone"",""severity"":""major""}]}",False,"[{""category"":""accuracy"",""severity"":""major""},{""category"":""tone"",""severity"":""major""}]",True,1,0,True,True,False,70,70,2484,27,2511,0,0,1367.0,1330,26,1356,0,0,1385.01
4f98a11181ac1f8e55d6,551,haiku-4-5,managed-prompt,subtitle,jp,es,私も会いたいわ,Yo también quiero verte.,"{""c"":""También quiero verte""}",También quiero verte,False,1,0,True,True,False,True,,True,,True,"{""reason"":""detector_match"",""detected"":""es"",""confidence"":1.0}",True,[],[],True,,"{""errors"":[]}",True,[],True,1,0,True,True,False,100,100,2473,12,2485,0,0,1036.06,1294,8,1302,0,0,1236.58
667a44d15e69b69e1886,552,haiku-4-5,managed-prompt,subtitle,jp,es,ＣＡＡは　ＡＰＰ遺伝子の突然変異で 発生します,La AAC viene de una mutación del gen APP.,"{""c"":""CAA se produce por una mutación del gen APP""}",CAA se produce por una mutación del gen APP,False,1,0,True,True,False,True,,True,,True,"{""reason"":""detector_match"",""detected"":""es"",""confidence"":1.0}",True,[],[],True,,"{""errors"":[]}",True,[],True,1,0,True,True,False,100,100,2502,18,2520,0,0,1300.39,1334,8,1342,0,0,1298.43
8e6942c1ed31e86558f4,553,haiku-4-5,managed-prompt,subtitle,jp,es,私も,Yo también.,"{""c"":""Yo también""}",Yo también,False,1,0,True,True,False,True,,True,,True,"{""reason"":""detector_match"",""detected"":""es"",""confidence"":1.0}",True,[],[],True,,"{""errors"":[]}",True,[],True,1,0,True,True,False,100,100,2467,10,2477,0,0,1220.9,1282,8,1290,0,0,1191.45
84d1b69c75a49447c6bd,554,haiku-4-5,managed-prompt,subtitle,jp,es,彼女はそこだ！,¡Ella está dentro!,"{""c"":""¡Ella está allá!""}",¡Ella está allá!,False,1,0,True,True,False,True,,True,,True,"{""reason"":""detector_match"",""detected"":""es"",""confidence"":1.0}",True,[],[],True,,"{""errors"":[{""category"":""accuracy"",""severity"":""major""}]}",False,"[{""category"":""accuracy"",""severity"":""major""}]",True,1,0,True,True,False,85,85,2475,15,2490,0,0,1108.68,1296,17,1313,0,0,1305.24
2f96576665e499868267,555,haiku-4-5,managed-prompt,subtitle,jp,es,お会いできて　光栄です！,Es un placer conocerlo.,"{""c"":""¡Es un honor conocerlo!""}",¡Es un honor conocerlo!,False,1,0,True,True,False,True,,True,,True,"{""reason"":""detector_match"",""detected"":""es"",""confidence"":1.0}",True,[],[],True,,"{""errors"":[]}",True,[],True,1,0,True,True,False,100,100,2476,16,2492,0,0,1170.12,1300,8,1308,0,0,1143.43
128d651b18de2811b060,556,haiku-4-5,managed-prompt,subtitle,jp,es,第３位,En tercer lugar:,"{""c"":""3er lugar""}",3er lugar,False,1,0,True,True,False,True,,True,,,"{""reason"":""too_short_for_language_detection"",""detected"":null,""confidence"":null}",True,[],"[{""code"":""number_not_exact"",""expected"":{""３"":1},""actual"":{""3"":1}}]",True,,"{""errors"":[]}",True,[],True,1,0,True,True,False,97,97,2469,10,2479,0,0,1084.81,1284,8,1292,0,0,1262.68
3c481b49c999e2f5d928,557,haiku-4-5,managed-prompt,subtitle,jp,es,彼らはずっと以前にあんたを監禁した 多分　あんたに代償を払わせた,"Debieron encerrarte hace mucho tiempo, para que pagaras por lo que has hecho.","{""c"":""Te encarcelaron hace mucho tiempo. Probablemente te hicieron pagar un precio.""}",Te encarcelaron hace mucho tiempo. Probablemente te hicieron pagar un precio.,False,1,0,True,True,False,True,,True,,True,"{""reason"":""detector_match"",""detected"":""es"",""confidence"":1.0}",True,[],[],True,,"{""errors"":[]}",True,[],True,1,0,True,True,False,100,100,2498,30,2528,0,0,1231.44,1352,8,1360,0,0,1056.82
67670fa188433a4aead3,558,haiku-4-5,managed-prompt,subtitle,jp,es,ケイティは　時折ワインを飲みましたが なぜ　ですか？,¿Por qué- - Kati tomaba vino de vez en cuando.,"{""c"":""¿Por qué Katie bebía Alcohol de vez en cuando?""}",¿Por qué Katie bebía Alcohol de vez en cuando?,False,1,0,True,True,False,True,,True,,True,"{""reason"":""detector_match"",""detected"":""es"",""confidence"":1.0}",True,[],[],True,,"{""errors"":[{""category"":""accuracy"",""severity"":""major""},{""category"":""terminology"",""severity"":""minor""},{""category"":""fluency"",""severity"":""minor""}]}",False,"[{""category"":""accuracy"",""severity"":""major""},{""category"":""terminology"",""severity"":""minor""},{""category"":""fluency"",""severity"":""minor""}]",True,1,0,True,True,False,79,79,2492,22,2514,0,0,1067.84,1334,36,1370,0,0,1443.56
820240f5e2b400b412f6,559,haiku-4-5,managed-prompt,subtitle,jp,es,- 痛むよ。,Duele.,"{""c"":""Me duele.""}",Me duele.,False,1,0,True,True,False,True,,True,,,"{""reason"":""too_short_for_language_detection"",""detected"":null,""confidence"":null}",True,[],[],True,,"{""errors"":[]}",True,[],True,1,0,True,True,False,100,100,2473,11,2484,0,0,1037.1,1288,8,1296,0,0,1231.28
e1e7539aa5bcd8a91d40,560,haiku-4-5,managed-prompt,subtitle,jp,fr,ありがとうございます,"Merci, ma reine.","{""c"":""Merci beaucoup""}",Merci beaucoup,False,1,0,True,True,False,True,,True,,,"{""reason"":""detector_inconclusive"",""detected"":""fr"",""confidence"":0.5714}",True,[],[],True,,"{""errors"":[]}",True,[],True,1,0,True,True,False,100,100,2471,13,2484,0,0,1116.33,1294,8,1302,0,0,2546.41
1cb6b1bc8a0d6ecc8e6a,561,haiku-4-5,managed-prompt,subtitle,jp,fr,あらら　これは興味深い,"Ooh, c'est intéressant.","{""c"":""Tiens tiens, c'est intéressant""}","Tiens tiens, c'est intéressant",False,1,0,True,True,False,True,,True,,True,"{""reason"":""detector_match"",""detected"":""fr"",""confidence"":1.0}",True,[],[],True,,"{""errors"":[]}",True,[],True,1,0,True,True,False,100,100,2474,20,2494,0,0,1142.15,1308,8,1316,0,0,1285.9
c471683efe906100f5b6,562,haiku-4-5,managed-prompt,subtitle,jp,fr,- よし、全員降りろ,Sortez tous !,"{""c"":""Alright, everybody get out""}","Alright, everybody get out",False,1,0,True,True,False,True,,True,,,"{""reason"":""detector_inconclusive"",""detected"":""en"",""confidence"":0.8571}",True,[],[],True,,"{""errors"":[{""category"":""accuracy"",""severity"":""critical""}]}",False,"[{""category"":""accuracy"",""severity"":""critical""}]",True,1,0,True,True,False,60,60,2474,14,2488,0,0,1049.58,1296,17,1313,0,0,1170.39
2463408f49609d424966,563,haiku-4-5,managed-prompt,subtitle,jp,fr,分かった　ありがとう,- Bien. - Parfait. - Merci John.,"{""c"":""D'accord, merci""}","D'accord, merci",False,1,0,True,True,False,True,,True,,,"{""reason"":""detector_mismatch_uncertain"",""detected"":""it"",""confidence"":1.0}",True,[],[],True,,"{""errors"":[]}",True,[],True,1,0,True,True,False,100,100,2474,13,2487,0,0,1108.71,1303,8,1311,0,0,2585.94
05a216249893d49d0d41,564,haiku-4-5,managed-prompt,subtitle,jp,fr,時々だが...,Je pense que parfois.,"{""c"":""Parfois mais...""}",Parfois mais...,False,1,0,True,True,False,True,,True,,,"{""reason"":""detector_inconclusive"",""detected"":""fr"",""confidence"":0.5713}",True,[],[],True,,"{""errors"":[]}",True,[],True,1,0,True,True,False,100,100,2470,12,2482,0,0,1098.78,1290,8,1298,0,0,1110.15
5da5a9927df3ad986987,565,haiku-4-5,managed-prompt,subtitle,jp,fr,あれはジョークさ,"Non, c'était une blague.","{""c"":""C'était juste une blague""}",C'était juste une blague,False,1,0,True,True,False,True,,True,,True,"{""reason"":""detector_match"",""detected"":""fr"",""confidence"":1.0}",True,[],[],True,,"{""errors"":[{""category"":""accuracy"",""severity"":""minor""}]}",True,"[{""category"":""accuracy"",""severity"":""minor""}]",True,1,0,True,True,False,97,97,2472,15,2487,0,0,1086.95,1298,17,1315,0,0,1290.73
2ba028b75a141b14668e,566,haiku-4-5,managed-prompt,subtitle,jp,fr,集合場所に来るのは俺達だけ そこへVが,Il n'y aura que nous et le V.,"{""c"":""On sera les seuls à venir au point de rendez-vous. Et V y sera aussi""}",On sera les seuls à venir au point de rendez-vous. Et V y sera aussi,False,1,0,True,True,False,True,,True,,True,"{""reason"":""detector_match"",""detected"":""fr"",""confidence"":1.0}",True,[],[],True,,"{""errors"":[]}",True,[],True,1,0,True,True,False,100,100,2485,28,2513,0,0,1298.68,1326,8,1334,0,0,1055.94
61db801256473a3610ee,567,haiku-4-5,managed-prompt,subtitle,jp,fr,何を？,Quoi donc ?,"{""c"":""Quoi ?""}",Quoi ?,False,1,0,True,True,False,True,,True,,,"{""reason"":""too_short_for_language_detection"",""detected"":null,""confidence"":null}",True,[],[],True,,"{""errors"":[]}",True,[],True,1,0,True,True,False,100,100,2469,11,2480,0,0,1020.0,1286,8,1294,0,0,1212.11
37c171c5ae3a3c6c19e8,568,haiku-4-5,managed-prompt,subtitle,jp,fr,大丈夫よ,Ça va aller.,"{""c"":""Ça va bien""}",Ça va bien,False,1,0,True,True,False,True,,True,,,"{""reason"":""detector_mismatch_uncertain"",""detected"":""lv"",""confidence"":1.0}",True,[],[],True,,"{""errors"":[{""category"":""accuracy"",""severity"":""minor""}]}",True,"[{""category"":""accuracy"",""severity"":""minor""}]",True,1,0,True,True,False,97,97,2472,12,2484,0,0,1206.92,1292,17,1309,0,0,1272.64
d8c42760f489154dc096,569,haiku-4-5,managed-prompt,subtitle,jp,fr,悪いわね　モーガン先生 まだ終わらせないわ,"Je suis désolée, Dr Morgan mais je ne vais pas abandonner si vite.","{""c"":""C'est dommage, professeur Morgan. Je n'ai pas encore fini.""}","C'est dommage, professeur Morgan. Je n'ai pas encore fini.",False,1,0,True,True,False,True,,True,,True,"{""reason"":""detector_match"",""detected"":""fr"",""confidence"":1.0}",True,[],[],True,,"{""errors"":[{""category"":""accuracy"",""severity"":""major""}]}",False,"[{""category"":""accuracy"",""severity"":""major""}]",True,1,0,True,True,False,85,85,2488,27,2515,0,0,1256.93,1336,17,1353,0,0,1312.73
0784c2f902a39864c47e,570,haiku-4-5,managed-prompt,subtitle,jp,it,決して忘れるな マルセル,Non scordare mai...,"{""c"":""Non dimenticare mai Marcel""}",Non dimenticare mai Marcel,False,1,0,True,True,False,True,,True,,,"{""reason"":""detector_mismatch_uncertain"",""detected"":""ro"",""confidence"":1.0}",True,[],[],True,,"{""errors"":[]}",True,[],True,1,0,True,True,False,100,100,2476,13,2489,0,0,1126.55,1296,8,1304,0,0,1244.5
e10759d6749958a7aa44,571,haiku-4-5,managed-prompt,subtitle,jp,it,これが俺でこっちがお前 いや これがお前でこれが俺,Questo sono io e questo sei tu. Cioè tu sei questo e io sono questo.,"{""c"":""Questo sono io e questo sei tu. No, questo sei tu e questo sono io""}","Questo sono io e questo sei tu. No, questo sei tu e questo sono io",False,1,0,True,True,False,True,,True,,True,"{""reason"":""detector_match"",""detected"":""it"",""confidence"":0.933}",True,[],[],True,,"{""errors"":[]}",True,[],True,1,0,True,True,False,100,100,2489,25,2514,0,0,1360.34,1336,8,1344,0,0,1155.06
8b143a3146aedbc1ef8f,572,haiku-4-5,managed-prompt,subtitle,jp,it,パパ！,Papà!,"{""c"":""Papà!""}",Papà!,False,1,0,True,True,False,True,,True,,,"{""reason"":""too_short_for_language_detection"",""detected"":null,""confidence"":null}",True,[],[],True,,"{""errors"":[]}",True,[],True,1,0,True,True,False,100,100,2469,11,2480,0,0,1115.22,1284,8,1292,0,0,1292.96
33eab0efb396cad56c74,573,haiku-4-5,managed-prompt,subtitle,jp,it,わかりました！,Sissignore.,"{""c"":""Capito!""}",Capito!,False,1,0,True,True,False,True,,True,,,"{""reason"":""too_short_for_language_detection"",""detected"":null,""confidence"":null}",True,[],[],True,,"{""errors"":[]}",True,[],True,1,0,True,True,False,100,100,2470,11,2481,0,0,1147.75,1287,8,1295,0,0,1075.95
3b3b4ba114d6fd120266,574,haiku-4-5,managed-prompt,subtitle,jp,it,スコフィールドがまた刑務所に行く 正直いうと、,Scofield di nuovo in penitenziario.,"{""c"":""Scofield torna di nuovo in prigione. A dire il vero,""}","Scofield torna di nuovo in prigione. A dire il vero,",False,1,0,True,True,False,True,,True,,True,"{""reason"":""detector_match"",""detected"":""it"",""confidence"":1.0}",True,[],[],True,,"{""errors"":[]}",True,[],True,1,0,True,True,False,100,100,2488,26,2514,0,0,1395.21,1328,8,1336,0,0,1071.25
a7e941d5d8bd7ba2b0fb,575,haiku-4-5,managed-prompt,subtitle,jp,it,高校の時に一度だけ なぜ？,"Una volta alle superiori, perche'?","{""c"":""Una sola volta al liceo. Perché?""}",Una sola volta al liceo. Perché?,False,1,0,True,True,False,True,,True,,True,"{""reason"":""detector_match"",""detected"":""it"",""confidence"":1.0}",True,[],[],True,,"{""errors"":[]}",True,[],True,1,0,True,True,False,100,100,2481,19,2500,0,0,1237.15,1310,8,1318,0,0,1134.46
819f823ca0a04443f855,576,haiku-4-5,managed-prompt,subtitle,jp,it,地球上で最後の人は 他に誰もいない,Quindi... indovina chi non e' piu' l'ultima persona sulla terra?,"{""c"":""L'ultimo uomo sulla Terra è solo""}",L'ultimo uomo sulla Terra è solo,False,1,0,True,True,False,True,,True,,True,"{""reason"":""detector_match"",""detected"":""it"",""confidence"":1.0}",True,[],[],True,,"{""errors"":[{""category"":""accuracy"",""severity"":""major""}]}",False,"[{""category"":""accuracy"",""severity"":""major""}]",True,1,0,True,True,False,85,85,2482,16,2498,0,0,1154.18,1318,17,1335,0,0,1238.88
3e42f44734a0794f5168,577,haiku-4-5,managed-prompt,subtitle,jp,it,どこから流してる？,Da dove arriva?,"{""c"":""Da dove stai trasmettendo?""}",Da dove stai trasmettendo?,False,1,0,True,True,False,True,,True,,True,"{""reason"":""detector_match"",""detected"":""it"",""confidence"":1.0}",True,[],[],True,,"{""errors"":[]}",True,[],True,1,0,True,True,False,100,100,2472,16,2488,0,0,1125.24,1294,8,1302,0,0,1113.03
bf47043bb4e9e16222b0,578,haiku-4-5,managed-prompt,subtitle,jp,it,完璧です,Tutti cosi' perfetti...,"{""c"":""Perfetto""}",Perfetto,False,1,0,True,True,False,True,,True,,True,"{""reason"":""detector_match"",""detected"":""it"",""confidence"":1.0}",True,[],[],True,,"{""errors"":[]}",True,[],True,1,0,True,True,False,100,100,2469,10,2479,0,0,987.23,1288,8,1296,0,0,1182.06
e79c8c142173b2981463,579,haiku-4-5,managed-prompt,subtitle,jp,it,子供を焼けと命じたなら あんたの主は悪だ,"- Se ti ordina di dare fuoco ai bambini, il tuo Signore e' diabolico.","{""c"":""Se il tuo signore ti ha ordinato di bruciare i bambini, allora il tuo signore è malvagio""}","Se il tuo signore ti ha ordinato di bruciare i bambini, allora il tuo signore è malvagio",False,1,0,True,True,False,True,,True,,True,"{""reason"":""detector_match"",""detected"":""it"",""confidence"":1.0}",True,[],[],True,,"{""errors"":[]}",True,[],True,1,0,True,True,False,100,100,2487,36,2523,0,0,1133.74,1349,8,1357,0,0,1632.5
6ee138c45b6cae7dd762,580,haiku-4-5,managed-prompt,subtitle,jp,nl,- 何が起きたんだ！ - なんだそれ？,- Wat gebeurt er?,"{""c"":""- Wat is er gebeurd?! - Wat is dat?""}",- Wat is er gebeurd?! - Wat is dat?,False,1,0,True,True,False,True,,True,,,"{""reason"":""detector_inconclusive"",""detected"":""af"",""confidence"":0.8571}",True,[],[],True,,"{""errors"":[]}",True,[],True,1,0,True,True,False,100,100,2485,22,2507,0,0,1257.76,1315,8,1323,0,0,1237.74
d6e01c668485a2b65d6d,581,haiku-4-5,managed-prompt,subtitle,jp,nl,ぉ前の魂を食らつてやる,Ik ga me tegoed doen aan je ziel.,"{""c"":""Ik zal je ziel opeten""}",Ik zal je ziel opeten,False,1,0,True,True,False,True,,True,,,"{""reason"":""detector_mismatch_uncertain"",""detected"":""sl"",""confidence"":1.0}",True,[],[],True,,"{""errors"":[]}",True,[],True,1,0,True,True,False,100,100,2479,17,2496,0,0,1299.0,1312,8,1320,0,0,1143.19
293f65131b3c066fc242,582,haiku-4-5,managed-prompt,subtitle,jp,nl,ありがとう,Dankjewel.,"{""c"":""Dank je wel""}",Dank je wel,False,1,0,True,True,False,True,,True,,,"{""reason"":""detector_inconclusive"",""detected"":""af"",""confidence"":0.8571}",True,[],[],True,,"{""errors"":[]}",True,[],True,1,0,True,True,False,100,100,2469,12,2481,0,0,1156.16,1290,8,1298,0,0,1286.36
b75a6babd4c36e761f66,583,haiku-4-5,managed-prompt,subtitle,jp,nl,したいが それには対価が要る,Dat zou ik graag willen. Maar er zit een prijskaartje aan.,"{""c"":""Dat wil ik wel, maar daar moet ik wat voor krijgen""}","Dat wil ik wel, maar daar moet ik wat voor krijgen",False,1,0,True,True,False,True,,True,,,"{""reason"":""detector_mismatch_uncertain"",""detected"":""af"",""confidence"":1.0}",True,[],[],True,,"{""errors"":[]}",True,[],True,1,0,True,True,False,100,100,2474,24,2498,0,0,1306.04,1323,8,1331,0,0,1267.6
b8a9f9227c56e2f50194,584,haiku-4-5,managed-prompt,subtitle,jp,nl,いいえ、サー。,"Nee, meneer.","{""c"":""Nee, meneer.""}","Nee, meneer.",False,1,0,True,True,False,True,,True,,True,"{""reason"":""detector_match"",""detected"":""nl"",""confidence"":1.0}",True,[],[],True,,"{""errors"":[]}",True,[],True,1,0,True,True,False,100,100,2473,14,2487,0,0,1197.42,1294,8,1302,0,0,1540.99
a9de2bfa4cbb4ce27fa0,585,haiku-4-5,managed-prompt,subtitle,jp,nl,さあどうぞ カウボーイ　プリンセス,"Hé, jongens. Pak maar.","{""c"":""Kom op dan Cowboy Prinses""}",Kom op dan Cowboy Prinses,False,1,0,True,True,False,True,,True,,,"{""reason"":""detector_mismatch_uncertain"",""detected"":""af"",""confidence"":0.9988}",True,[],[],True,,"{""errors"":[{""category"":""accuracy"",""severity"":""minor""}]}",True,"[{""category"":""accuracy"",""severity"":""minor""}]",True,1,0,True,True,False,97,97,2483,17,2500,0,0,1274.36,1313,17,1330,0,0,1136.48
4604713df4e7b84a9fd9,586,haiku-4-5,managed-prompt,subtitle,jp,nl,- 私の家族は？,M'n familie?,"{""c"":""- Mijn familie?""}",- Mijn familie?,False,1,0,True,True,False,True,,True,,True,"{""reason"":""detector_match"",""detected"":""nl"",""confidence"":1.0}",True,[],[],True,,"{""errors"":[]}",True,[],True,1,0,True,True,False,100,100,2473,13,2486,0,0,1646.9,1292,8,1300,0,0,1271.95
596d4da1244f19246d48,587,haiku-4-5,managed-prompt,subtitle,jp,nl,それが塩や金や 油であろうとなかろうと,"Of het nou zout, goud of olie is.","{""c"":""Of het nu zout, goud of olie is of niet""}","Of het nu zout, goud of olie is of niet",False,1,0,True,True,False,True,,True,,,"{""reason"":""detector_inconclusive"",""detected"":""nl"",""confidence"":0.7143}",True,[],[],True,,"{""errors"":[]}",True,[],True,1,0,True,True,False,100,100,2482,21,2503,0,0,1548.86,1318,8,1326,0,0,1224.25
03545a6c182834348177,588,haiku-4-5,managed-prompt,subtitle,jp,nl,- そうなの　わたし、ピューターが大好きなの,Daar ben ik gek op.,"{""c"":""- Echt waar? Ik hou echt van Pewter""}",- Echt waar? Ik hou echt van Pewter,False,1,0,True,True,False,True,,True,,True,"{""reason"":""detector_match"",""detected"":""nl"",""confidence"":1.0}",True,[],[],True,,"{""errors"":[{""category"":""accuracy"",""severity"":""critical""},{""category"":""accuracy"",""severity"":""major""}]}",False,"[{""category"":""accuracy"",""severity"":""critical""},{""category"":""accuracy"",""severity"":""major""}]",True,1,0,True,True,False,45,45,2484,24,2508,0,0,1313.1,1319,26,1345,0,0,1504.41
d337f3cc9b490f3779b8,589,haiku-4-5,managed-prompt,subtitle,jp,nl,メイソン　今週はどうだった？,"Mason, hoe was je week?","{""c"":""Mason, hoe was het deze week?""}","Mason, hoe was het deze week?",False,1,0,True,True,False,True,,True,,True,"{""reason"":""detector_match"",""detected"":""nl"",""confidence"":1.0}",True,[],[],True,,"{""errors"":[]}",True,[],True,1,0,True,True,False,100,100,2478,16,2494,0,0,1159.61,1303,8,1311,0,0,1179.82
6cce89ed800c61e859e5,590,haiku-4-5,managed-prompt,subtitle,jp,nb,父さんは殺ろされたんじゃない,"Min far ble ikke drept, han...","{""c"":""Far ble ikke drept""}",Far ble ikke drept,False,1,0,True,True,False,True,,True,,True,"{""reason"":""detector_match"",""detected"":""no"",""confidence"":1.0}",True,[],[],True,,"{""errors"":[]}",True,[],True,1,0,True,True,False,100,100,2480,13,2493,0,0,1284.34,1304,8,1312,0,0,1295.82
5691e2afa89930ab74c3,591,haiku-4-5,managed-prompt,subtitle,jp,nb,- いや,- Nei.,"{""c"":""Nei""}",Nei,False,1,0,True,True,False,True,,True,,,"{""reason"":""too_short_for_language_detection"",""detected"":null,""confidence"":null}",True,[],[],True,,"{""errors"":[]}",True,[],True,1,0,True,True,False,100,100,2467,9,2476,0,0,1117.93,1282,8,1290,0,0,1256.37
a7abbad7620ebb2edc11,592,haiku-4-5,managed-prompt,subtitle,jp,nb,もう大丈夫,Det går bra nå.,"{""c"":""Det er helt greit nå""}",Det er helt greit nå,False,1,0,True,True,False,True,,True,,True,"{""reason"":""detector_match"",""detected"":""no"",""confidence"":0.8571}",True,[],[],True,,"{""errors"":[]}",True,[],True,1,0,True,True,False,100,100,2472,14,2486,0,0,1144.77,1294,8,1302,0,0,1244.77
a754930dfdc8e4e480a5,593,haiku-4-5,managed-prompt,subtitle,jp,nb,私のようにね 私はアルメニア人だ,Som meg Jeg er armener.,"{""c"":""Som meg, jeg er armenier""}","Som meg, jeg er armenier",False,1,0,True,True,False,True,,True,,True,"{""reason"":""detector_match"",""detected"":""no"",""confidence"":1.0}",True,[],[],True,,"{""errors"":[{""category"":""terminology"",""severity"":""minor""}]}",True,"[{""category"":""terminology"",""severity"":""minor""}]",True,1,0,True,True,False,97,97,2481,14,2495,0,0,1096.13,1304,17,1321,0,0,2297.19
1534f5064983e7c55ac0,594,haiku-4-5,managed-prompt,subtitle,jp,nb,君の番号を聞いてない,-Kom igjen. Jeg fikk ikke nummeret ditt!,"{""c"":""Jeg hørte ikke nummeret ditt""}",Jeg hørte ikke nummeret ditt,False,1,0,True,True,False,True,,True,,,"{""reason"":""detector_inconclusive"",""detected"":""no"",""confidence"":0.5714}",True,[],[],True,,"{""errors"":[]}",True,[],True,1,0,True,True,False,100,100,2475,18,2493,0,0,1219.86,1311,8,1319,0,0,1224.66
ba1b287665dc45ee36d8,595,haiku-4-5,managed-prompt,subtitle,jp,nb,準備は出来てる,Og jeg er klar for det.,"{""c"":""Jeg er klar""}",Jeg er klar,False,1,0,True,True,False,True,,True,,True,"{""reason"":""detector_match"",""detected"":""no"",""confidence"":1.0}",True,[],[],True,,"{""errors"":[]}",True,[],True,1,0,True,True,False,100,100,2472,12,2484,0,0,1117.1,1294,8,1302,0,0,1138.09
5a385822cf5ee1f067be,596,haiku-4-5,managed-prompt,subtitle,jp,nb,続けろ,Stå på.,"{""c"":""Fortsett""}",Fortsett,False,1,0,True,True,False,True,,True,,True,"{""reason"":""detector_match"",""detected"":""no"",""confidence"":1.0}",True,[],[],True,,"{""errors"":[]}",True,[],True,1,0,True,True,False,100,100,2469,10,2479,0,0,1088.01,1285,8,1293,0,0,1221.26
1e7da04c9d4f23c889fc,597,haiku-4-5,managed-prompt,subtitle,jp,nb,礼ならいいよ,Bare hyggelig.,"{""c"":""Gaver er greit for meg""}",Gaver er greit for meg,False,1,0,True,True,False,True,,True,,,"{""reason"":""detector_inconclusive"",""detected"":""da"",""confidence"":0.855}",True,[],[],True,,"{""errors"":[{""category"":""accuracy"",""severity"":""major""}]}",False,"[{""category"":""accuracy"",""severity"":""major""}]",True,1,0,True,True,False,85,85,2473,15,2488,0,0,1135.13,1295,17,1312,0,0,1541.25
55f9bb46c47742dfed5e,598,haiku-4-5,managed-prompt,subtitle,jp,nb,何も！,Ingenting!,"{""c"":""Ingenting!""}",Ingenting!,False,1,0,True,True,False,True,,True,,,"{""reason"":""detector_mismatch_uncertain"",""detected"":""tl"",""confidence"":1.0}",True,[],[],True,,"{""errors"":[]}",True,[],True,1,0,True,True,False,100,100,2469,11,2480,0,0,1061.39,1283,8,1291,0,0,1171.8
d1a3e5617df43dddc3ae,599,haiku-4-5,managed-prompt,subtitle,jp,nb,全く予想しなかった 15年前の失敗と同じくらい... 君と共に働くのが 好きになった,"Jeg forutså ikke hvor vanskelig de siste 15 årene har vært for meg, hvor mye jeg ville komme til å elske å arbeide sammen med deg.","{""c"":""Helt uventet som feilen fra for 15 år siden... Jeg ble glad i å jobbe sammen med deg""}",Helt uventet som feilen fra for 15 år siden... Jeg ble glad i å jobbe sammen med deg,False,1,0,True,True,False,True,,True,,True,"{""reason"":""detector_match"",""detected"":""no"",""confidence"":1.0}",True,[],[],True,,"{""errors"":[{""category"":""accuracy"",""severity"":""major""}]}",False,"[{""category"":""accuracy"",""severity"":""major""}]",True,1,0,True,True,False,85,85,2502,35,2537,0,0,1563.33,1380,17,1397,0,0,1589.36
7f505357e7bec1643460,600,haiku-4-5,managed-prompt,subtitle,nl,da,Heb je een rotdag?,Har du en dårlig dag?,"{""c"":""Havde du en dårlig dag?""}",Havde du en dårlig dag?,False,1,0,True,True,False,True,,True,,True,"{""reason"":""detector_match"",""detected"":""da"",""confidence"":1.0}",True,[],[],True,,"{""errors"":[{""category"":""accuracy"",""severity"":""major""}]}",False,"[{""category"":""accuracy"",""severity"":""major""}]",True,1,0,True,True,False,85,85,2472,16,2488,0,0,1079.56,1299,17,1316,0,0,1118.55
0c53b1f31b36269890c3,601,haiku-4-5,managed-prompt,subtitle,nl,da,- Sinds ik jou ken.,"- Ja, siden jeg mødte dig.","{""c"":""Siden jeg kender dig.""}",Siden jeg kender dig.,False,1,0,True,True,False,True,,True,,True,"{""reason"":""detector_match"",""detected"":""da"",""confidence"":1.0}",True,[],[],True,,"{""errors"":[]}",True,[],True,1,0,True,True,False,100,100,2473,14,2487,0,0,976.1,1297,8,1305,0,0,1343.12
7b1a5e287559a5153ddf,602,haiku-4-5,managed-prompt,subtitle,nl,da,- Hemeltje. Haak. - Haak?,Klo.,"{""c"":""- Himmelstuen. Krog. - Krog?""}",- Himmelstuen. Krog. - Krog?,False,1,0,True,True,False,True,,True,,True,"{""reason"":""detector_match"",""detected"":""da"",""confidence"":1.0}",True,[],[],True,,"{""errors"":[{""category"":""accuracy"",""severity"":""major""}]}",False,"[{""category"":""accuracy"",""severity"":""major""}]",True,1,0,True,True,False,85,85,2479,23,2502,0,0,1216.62,1308,17,1325,0,0,1101.03
3e16f6f3aa3044661920,603,haiku-4-5,managed-prompt,subtitle,nl,da,Ik wilde niet dat er iemand gearresteerd werd.,Jeg... ville ikke have nogen arresteret.,"{""c"":""Jeg ville ikke have, at nogen blev arresteret.""}","Jeg ville ikke have, at nogen blev arresteret.",False,1,0,True,True,False,True,,True,,True,"{""reason"":""detector_match"",""detected"":""da"",""confidence"":1.0}",True,[],[],True,,"{""errors"":[]}",True,[],True,1,0,True,True,False,100,100,2480,20,2500,0,0,1158.65,1311,8,1319,0,0,1438.54
61ae525d2e70941f9eb4,604,haiku-4-5,managed-prompt,subtitle,nl,da,Helemaal niet slecht.,Ikke dårligt.,"{""c"":""Slet ikke dårligt.""}",Slet ikke dårligt.,False,1,0,True,True,False,True,,True,,True,"{""reason"":""detector_match"",""detected"":""da"",""confidence"":1.0}",True,[],[],True,,"{""errors"":[]}",True,[],True,1,0,True,True,False,100,100,2472,15,2487,0,0,1223.62,1293,8,1301,0,0,1299.39
c8a67e5f3e7e54c7ffef,605,haiku-4-5,managed-prompt,subtitle,nl,da,Daar komt Grey.,Grey kommer!,"{""c"":""Der kommer Grey.""}",Der kommer Grey.,False,1,0,True,True,False,True,,True,,,"{""reason"":""detector_mismatch_uncertain"",""detected"":""no"",""confidence"":1.0}",True,[],[],True,,"{""errors"":[]}",True,[],True,1,0,True,True,False,100,100,2469,11,2480,0,0,977.31,1283,8,1291,0,0,1241.53
e8313d2cffe8557fe148,606,haiku-4-5,managed-prompt,subtitle,nl,da,Een condoom?,Et kondom?,"{""c"":""Et kondom?""}",Et kondom?,False,1,0,True,True,False,True,,True,,,"{""reason"":""detector_inconclusive"",""detected"":""no"",""confidence"":0.8762}",True,[],[],True,,"{""errors"":[]}",True,[],True,1,0,True,True,False,100,100,2468,11,2479,0,0,1158.4,1285,8,1293,0,0,1542.25
06602e2c8154f4527043,607,haiku-4-5,managed-prompt,subtitle,nl,da,Dr Stella.,- Dr. Stella.,"{""c"":""Dr. Stella.""}",Dr. Stella.,False,1,0,True,True,False,True,,True,,,"{""reason"":""detector_inconclusive"",""detected"":""it"",""confidence"":0.5714}",True,[],[],True,,"{""errors"":[]}",True,[],True,1,0,True,True,False,100,100,2468,12,2480,0,0,1016.13,1286,8,1294,0,0,1267.2
cc22c0ff2b38b6e8242a,608,haiku-4-5,managed-prompt,subtitle,nl,da,Ik heb een lang weekend tegoed.,Jeg har en lang weekend til gode.,"{""c"":""Jeg har et langt weekend, som jeg skal bruge.""}","Jeg har et langt weekend, som jeg skal bruge.",False,1,0,True,True,False,True,,True,,,"{""reason"":""detector_inconclusive"",""detected"":""af"",""confidence"":0.7122}",True,[],[],True,,"{""errors"":[{""category"":""accuracy"",""severity"":""minor""},{""category"":""fluency"",""severity"":""minor""}]}",True,"[{""category"":""accuracy"",""severity"":""minor""},{""category"":""fluency"",""severity"":""minor""}]",True,1,0,True,True,False,94,94,2475,21,2496,0,0,1228.72,1306,27,1333,0,0,2366.67
de5e242b10de9b161edd,609,haiku-4-5,managed-prompt,subtitle,nl,da,Dat zijn de regels.,Sådan er reglernes.,"{""c"":""Det er reglerne.""}",Det er reglerne.,False,1,0,True,True,False,True,,True,,True,"{""reason"":""detector_match"",""detected"":""da"",""confidence"":1.0}",True,[],[],True,,"{""errors"":[]}",True,[],True,1,0,True,True,False,100,100,2471,13,2484,0,0,1058.76,1292,8,1300,0,0,1436.94
86b4829ffffee0e3e4dd,610,haiku-4-5,managed-prompt,subtitle,nl,de,"Dat je het koud hebt, en rillerig bent.",Uns wird kalt und wir frösteln.,"{""c"":""Dass dir kalt ist und dir Schauer über den Rücken laufen.""}",Dass dir kalt ist und dir Schauer über den Rücken laufen.,False,1,0,True,True,False,True,,True,,True,"{""reason"":""detector_match"",""detected"":""de"",""confidence"":1.0}",True,[],[],True,,"{""errors"":[]}",True,[],True,1,0,True,True,False,100,100,2479,28,2507,0,0,1197.72,1320,8,1328,0,0,1144.82
c674e078e640e9c0e4e8,611,haiku-4-5,managed-prompt,subtitle,nl,de,Mijn vader laat me constant bewaken.,Mein Vater hält mich unter ständiger Beobachtung.,"{""c"":""Mein Vater lässt mich ständig überwachen.""}",Mein Vater lässt mich ständig überwachen.,False,1,0,True,True,False,True,,True,,True,"{""reason"":""detector_match"",""detected"":""de"",""confidence"":1.0}",True,[],[],True,,"{""errors"":[]}",True,[],True,1,0,True,True,False,100,100,2475,25,2500,0,0,1059.43,1320,8,1328,0,0,1210.07
3b20026157e8125a829b,612,haiku-4-5,managed-prompt,subtitle,nl,de,"Dit klinkt vast een beetje... of heel erg vreemd, maar we zijn je broers.",Es wird dir vielleicht ein wenig... Vielleicht sogar sehr verrückt vorkommen. Aber wir sind deine Brüder.,"{""c"":""Das klingt sicher ein bisschen... oder sehr seltsam, aber wir sind deine Brüder.""}","Das klingt sicher ein bisschen... oder sehr seltsam, aber wir sind deine Brüder.",False,1,0,True,True,False,True,,True,,True,"{""reason"":""detector_match"",""detected"":""de"",""confidence"":1.0}",True,[],[],True,,"{""errors"":[]}",True,[],True,1,0,True,True,False,100,100,2488,34,2522,0,0,1238.31,1361,8,1369,0,0,1233.05
2cbe2a927ea86f75b0ac,613,haiku-4-5,managed-prompt,subtitle,nl,de,- Anderhalf.,-Anderthalb.,"{""c"":""- Anderhalf.""}",- Anderhalf.,False,1,0,True,True,False,True,,True,,True,"{""reason"":""detector_match"",""detected"":""de"",""confidence"":1.0}",True,[],"[{""code"":""source_copy_suspected""}]",True,,"{""errors"":[{""category"":""accuracy"",""severity"":""major""}]}",False,"[{""category"":""accuracy"",""severity"":""major""}]",True,1,0,True,True,False,82,82,2470,13,2483,0,0,1066.16,1288,17,1305,0,0,1612.08
6b37ed0edbb404b1fcdc,614,haiku-4-5,managed-prompt,subtitle,nl,de,"- Wacht, ik heb hulp nodig.",Ich brauche... - Ich brauche eure Hilfe.,"{""c"":""Warte, ich brauche Hilfe.""}","Warte, ich brauche Hilfe.",False,1,0,True,True,False,True,,True,,True,"{""reason"":""detector_match"",""detected"":""de"",""confidence"":1.0}",True,[],[],True,,"{""errors"":[]}",True,[],True,1,0,True,True,False,100,100,2478,19,2497,0,0,1119.83,1315,8,1323,0,0,1186.19
b6a46b118ebca28968c8,615,haiku-4-5,managed-prompt,subtitle,nl,de,Einstein is twee keer van school weggestuurd.,Einstein flog auch zweimal von der Schule.,"{""c"":""Einstein wurde zweimal von der Schule verwiesen.""}",Einstein wurde zweimal von der Schule verwiesen.,False,1,0,True,True,False,True,,True,,True,"{""reason"":""detector_match"",""detected"":""de"",""confidence"":1.0}",True,[],[],True,,"{""errors"":[]}",True,[],True,1,0,True,True,False,100,100,2476,20,2496,0,0,1064.87,1308,8,1316,0,0,2282.9
31fb1bf7872c959ab141,616,haiku-4-5,managed-prompt,subtitle,nl,de,Geef me de zaklamp.,Die Taschenlampe.,"{""c"":""Gib mir die Taschenlampe.""}",Gib mir die Taschenlampe.,False,1,0,True,True,False,True,,True,,True,"{""reason"":""detector_match"",""detected"":""de"",""confidence"":1.0}",True,[],[],True,,"{""errors"":[]}",True,[],True,1,0,True,True,False,100,100,2473,19,2492,0,0,1196.44,1300,8,1308,0,0,1342.7
00e9d87eb248af4d0862,617,haiku-4-5,managed-prompt,subtitle,nl,de,Jij bent in staat tot medeleven... en vriendelijkheid en vrijgevigheid.,"Du bist imstande, sympathisch, freundlich und großzügig zu sein.","{""c"":""Du bist zu Mitgefühl fähig... und zu Freundlichkeit und Großzügigkeit.""}",Du bist zu Mitgefühl fähig... und zu Freundlichkeit und Großzügigkeit.,False,1,0,True,True,False,True,,True,,True,"{""reason"":""detector_match"",""detected"":""de"",""confidence"":1.0}",True,[],[],True,,"{""errors"":[]}",True,[],True,1,0,True,True,False,100,100,2486,35,2521,0,0,1359.16,1342,8,1350,0,0,1194.08
493bd70e43ca5f615578,618,haiku-4-5,managed-prompt,subtitle,nl,de,Veel mensen kwamen naar me toe en vroegen:,Viele Leute haben mich gefragt:,"{""c"":""Viele Menschen kamen zu mir und fragten:""}",Viele Menschen kamen zu mir und fragten:,False,1,0,True,True,False,True,,True,,True,"{""reason"":""detector_match"",""detected"":""de"",""confidence"":1.0}",True,[],[],True,,"{""errors"":[]}",True,[],True,1,0,True,True,False,100,100,2476,19,2495,0,0,1089.76,1308,8,1316,0,0,1141.85
eb148d1616640118e581,619,haiku-4-5,managed-prompt,subtitle,nl,de,- Waarom niet?,- Nein. - Warum nicht?,"{""c"":""Warum nicht?""}",Warum nicht?,False,1,0,True,True,False,True,,True,,True,"{""reason"":""detector_match"",""detected"":""de"",""confidence"":1.0}",True,[],[],True,,"{""errors"":[{""category"":""preservation"",""severity"":""major""}]}",False,"[{""category"":""preservation"",""severity"":""major""}]",True,1,0,True,True,False,85,85,2470,12,2482,0,0,999.24,1295,17,1312,0,0,1352.95
38a1dac227bd3c49b884,620,haiku-4-5,managed-prompt,subtitle,nl,en,Misschien omdat ze allemaal dood zijn!,- Maybe they're not because they're all dead!,"{""c"":""Maybe because they're all dead!""}",Maybe because they're all dead!,False,1,0,True,True,False,True,,True,,True,"{""reason"":""detector_match"",""detected"":""en"",""confidence"":1.0}",True,[],[],True,,"{""errors"":[]}",True,[],True,1,0,True,True,False,100,100,2476,14,2490,0,0,1164.65,1301,8,1309,0,0,1205.56
ae90f260faf6df0ce24f,621,haiku-4-5,managed-prompt,subtitle,nl,en,"Heeft u de ratten gezien, of heeft u ze horen krabben?",Have you seen the rats or have you just heard scratching?,"{""c"":""Have you seen the rats, or heard them scratching?""}","Have you seen the rats, or heard them scratching?",False,1,0,True,True,False,True,,True,,True,"{""reason"":""detector_match"",""detected"":""en"",""confidence"":1.0}",True,[],[],True,,"{""errors"":[]}",True,[],True,1,0,True,True,False,100,100,2483,19,2502,0,0,1058.89,1317,8,1325,0,0,1276.73
461581f47ac6d79e97dd,622,haiku-4-5,managed-prompt,subtitle,nl,en,"Genetische manipulatie, maar hoe?","Genetic manipulation, obviously, but what kind?","{""c"":""Genetic manipulation, but how?""}","Genetic manipulation, but how?",False,1,0,True,True,False,True,,True,,True,"{""reason"":""detector_match"",""detected"":""en"",""confidence"":1.0}",True,[],[],True,,"{""errors"":[]}",True,[],True,1,0,True,True,False,100,100,2475,14,2489,0,0,1013.38,1301,8,1309,0,0,1264.62
cc0782bdf31b7606f1a8,623,haiku-4-5,managed-prompt,subtitle,nl,en,Vond u het erg dat hij populairder was?,Didn't it bother you that he was more popular?,"{""c"":""Did you mind that he was more popular?""}",Did you mind that he was more popular?,False,1,0,True,True,False,True,,True,,True,"{""reason"":""detector_match"",""detected"":""en"",""confidence"":1.0}",True,[],[],True,,"{""errors"":[]}",True,[],True,1,0,True,True,False,100,100,2478,16,2494,0,0,975.91,1309,8,1317,0,0,1342.54
f65a2615ef2fe32a38af,624,haiku-4-5,managed-prompt,subtitle,nl,en,Die man vroeg mij om vreselijke dingen te doen.,This man asked me to do terrible things.,"{""c"":""They asked me to do terrible things.""}",They asked me to do terrible things.,False,1,0,True,True,False,True,,True,,True,"{""reason"":""detector_match"",""detected"":""en"",""confidence"":1.0}",True,[],[],True,,"{""errors"":[{""category"":""accuracy"",""severity"":""major""}]}",False,"[{""category"":""accuracy"",""severity"":""major""}]",True,1,0,True,True,False,85,85,2480,15,2495,0,0,1040.76,1304,17,1321,0,0,1448.97
e4eb9ea43f9f01434b45,625,haiku-4-5,managed-prompt,subtitle,nl,en,Laat me je eens bekijken!,Just let me get a look at you!,"{""c"":""Let me take a look at you!""}",Let me take a look at you!,False,1,0,True,True,False,True,,True,,,"{""reason"":""detector_inconclusive"",""detected"":""af"",""confidence"":0.7143}",True,[],[],True,,"{""errors"":[]}",True,[],True,1,0,True,True,False,100,100,2475,15,2490,0,0,1132.12,1299,8,1307,0,0,1108.57
4681df2d2913bdb7cdb3,626,haiku-4-5,managed-prompt,subtitle,nl,en,"O Jesus, Sam.","Jesus, Sam.","{""c"":""O Jesus, Sam.""}","O Jesus, Sam.",False,1,0,True,True,False,True,,True,,,"{""reason"":""detector_inconclusive"",""detected"":""pt"",""confidence"":0.8571}",True,[],"[{""code"":""source_copy_suspected""}]",True,,"{""errors"":[]}",True,[],True,1,0,True,True,False,97,97,2469,12,2481,0,0,990.96,1285,8,1293,0,0,1195.53
15e756e0442debb2e085,627,haiku-4-5,managed-prompt,subtitle,nl,en,De boom is te zwaar.,The tree's too heavy.,"{""c"":""The tree is too heavy.""}",The tree is too heavy.,False,1,0,True,True,False,True,,True,,True,"{""reason"":""detector_match"",""detected"":""en"",""confidence"":1.0}",True,[],[],True,,"{""errors"":[]}",True,[],True,1,0,True,True,False,100,100,2471,13,2484,0,0,1032.68,1290,8,1298,0,0,1603.52
18aca7e3337619b14d71,628,haiku-4-5,managed-prompt,subtitle,nl,en,"Mama, stop.","Mama, stop.","{""c"":""Mama, stop.""}","Mama, stop.",False,1,0,True,True,False,True,,True,,,"{""reason"":""detector_inconclusive"",""detected"":""hr"",""confidence"":0.8571}",True,[],[],True,,"{""errors"":[]}",True,[],True,1,0,True,True,False,100,100,2469,12,2481,0,0,1065.14,1286,8,1294,0,0,1062.49
00602cb9f51176fb2c77,629,haiku-4-5,managed-prompt,subtitle,nl,en,Grace is echt van streek omdat ze dit stadsfoto projekt niet kan doen.,"Aw, Grace is pretty upset about not being able to do this town photo.","{""c"":""Grace is really upset because she can't do this city photo project.""}",Grace is really upset because she can't do this city photo project.,False,1,0,True,True,False,True,,True,,True,"{""reason"":""detector_match"",""detected"":""en"",""confidence"":1.0}",True,[],[],True,,"{""errors"":[]}",True,[],True,1,0,True,True,False,100,100,2483,21,2504,0,0,1474.7,1322,8,1330,0,0,1279.41
3ede8d88894a5d24e30d,630,haiku-4-5,managed-prompt,subtitle,nl,es,Wilt u dat ik ermee ophoud?,- ¿Quiere que pare?,"{""c"":""¿Quieres que pare?""}",¿Quieres que pare?,False,1,0,True,True,False,True,,True,,,"{""reason"":""detector_mismatch_uncertain"",""detected"":""fr"",""confidence"":1.0}",True,[],[],True,,"{""errors"":[{""category"":""tone"",""severity"":""minor""}]}",True,"[{""category"":""tone"",""severity"":""minor""}]",True,1,0,True,True,False,97,97,2476,16,2492,0,0,1064.86,1304,17,1321,0,0,1273.46
ea9ae58467cae62abeef,631,haiku-4-5,managed-prompt,subtitle,nl,es,Hoe was de film van gisteren?,¿Qué tal la película de anoche?,"{""c"":""¿Qué tal fue la película de ayer?""}",¿Qué tal fue la película de ayer?,False,1,0,True,True,False,True,,True,,True,"{""reason"":""detector_match"",""detected"":""es"",""confidence"":1.0}",True,[],[],True,,"{""errors"":[]}",True,[],True,1,0,True,True,False,100,100,2475,20,2495,0,0,1152.01,1309,8,1317,0,0,1310.56
200ab8405ca53fe7bc01,632,haiku-4-5,managed-prompt,subtitle,nl,es,Gundars. Mr.,Sr. Gundars. ¿Ves?,"{""c"":""Gundars. Sr. ->""}",Gundars. Sr. ->,False,1,0,True,True,False,True,,True,,,"{""reason"":""detector_mismatch_uncertain"",""detected"":""sv"",""confidence"":1.0}",True,[],[],True,,"{""errors"":[{""category"":""preservation"",""severity"":""major""},{""category"":""accuracy"",""severity"":""major""}]}",False,"[{""category"":""preservation"",""severity"":""major""},{""category"":""accuracy"",""severity"":""major""}]",True,1,0,True,True,False,70,70,2471,15,2486,0,0,1039.08,1301,26,1327,0,0,1374.33
fa0709e0594b1a090bd5,633,haiku-4-5,managed-prompt,subtitle,nl,es,"Alstublieft, iedereen... Vandaag vieren we de aankomst van El Murfi in de Stad van de Zero's.","Por favor, todos vosotros, hoy celebramos la llegada de El Murfi a la ciudad de los zeros.","{""c"":""Por favor, todos... Hoy celebramos la llegada de El Murfi a la Ciudad de los Ceros.""}","Por favor, todos... Hoy celebramos la llegada de El Murfi a la Ciudad de los Ceros.",False,1,0,True,True,False,True,,True,,True,"{""reason"":""detector_match"",""detected"":""es"",""confidence"":1.0}",True,[],[],True,,"{""errors"":[]}",True,[],True,1,0,True,True,False,100,100,2500,35,2535,0,0,1278.72,1364,8,1372,0,0,1168.07
18eed7fedf28b36d93ff,634,haiku-4-5,managed-prompt,subtitle,nl,es,Je loopt een gevaarlijk pad af en je trekt mij met je mee.,Estás yendo por un camino peligroso y me estás arrastrando contigo.,"{""c"":""Estás recorriendo un camino peligroso y me arrastras contigo.""}",Estás recorriendo un camino peligroso y me arrastras contigo.,False,1,0,True,True,False,True,,True,,True,"{""reason"":""detector_match"",""detected"":""es"",""confidence"":1.0}",True,[],[],True,,"{""errors"":[]}",True,[],True,1,0,True,True,False,100,100,2484,28,2512,0,0,1230.68,1335,8,1343,0,0,1185.94
35189bf1d73a987f3d46,635,haiku-4-5,managed-prompt,subtitle,nl,es,Vergeet dit alles hier.,Olvida todo esto.,"{""c"":""Olvida todo esto aquí.""}",Olvida todo esto aquí.,False,1,0,True,True,False,True,,True,,,"{""reason"":""detector_mismatch_uncertain"",""detected"":""pt"",""confidence"":1.0}",True,[],[],True,,"{""errors"":[{""category"":""accuracy"",""severity"":""minor""}]}",True,"[{""category"":""accuracy"",""severity"":""minor""}]",True,1,0,True,True,False,97,97,2472,16,2488,0,0,1112.16,1295,17,1312,0,0,1200.44
ccb4e79e8ac69a75f143,636,haiku-4-5,managed-prompt,subtitle,nl,es,"Ik houd ook van jou, Lois.","Yo también te quiero, Lois.","{""c"":""También te amo, Lois.""}","También te amo, Lois.",False,1,0,True,True,False,True,,True,,True,"{""reason"":""detector_match"",""detected"":""es"",""confidence"":1.0}",True,[],[],True,,"{""errors"":[]}",True,[],True,1,0,True,True,False,100,100,2478,16,2494,0,0,1041.5,1305,8,1313,0,0,1208.71
4e3d57b1847a6c9b57cd,637,haiku-4-5,managed-prompt,subtitle,nl,es,"Nee, het was iemand anders.","No. No, se trataba de otro tipo.","{""c"":""No, fue otra persona.""}","No, fue otra persona.",False,1,0,True,True,False,True,,True,,True,"{""reason"":""detector_match"",""detected"":""es"",""confidence"":1.0}",True,[],[],True,,"{""errors"":[]}",True,[],True,1,0,True,True,False,100,100,2475,13,2488,0,0,1651.17,1299,8,1307,0,0,1232.67
2546751ea984b8eb2c6b,638,haiku-4-5,managed-prompt,subtitle,nl,es,Dat is het goede aan hertenvlees.,Eso es lo bueno de la carne de ciervo.,"{""c"":""Eso es lo bueno de la carne de venado.""}",Eso es lo bueno de la carne de venado.,False,1,0,True,True,False,True,,True,,True,"{""reason"":""detector_match"",""detected"":""es"",""confidence"":1.0}",True,[],[],True,,"{""errors"":[]}",True,[],True,1,0,True,True,False,100,100,2476,22,2498,0,0,1187.99,1314,8,1322,0,0,1271.41
8286eceab5342daae995,639,haiku-4-5,managed-prompt,subtitle,nl,es,"Die vorige generaal was al een vreselijke viespeuk, maar Ban Sung is erger.","Ya era difícil hacer negocios con el baboso del viejo general, pero Ban Sung es todavía peor.","{""c"":""El general anterior ya era una persona horrible y asquerosa, pero Ban Sung es peor.""}","El general anterior ya era una persona horrible y asquerosa, pero Ban Sung es peor.",False,1,0,True,True,False,True,,True,,True,"{""reason"":""detector_match"",""detected"":""es"",""confidence"":1.0}",True,[],[],True,,"{""errors"":[]}",True,[],True,1,0,True,True,False,100,100,2488,28,2516,0,0,1128.79,1345,8,1353,0,0,1131.81
38cff194062934574ecf,640,haiku-4-5,managed-prompt,subtitle,nl,fr,Ik herinner me dat je moeder je moest slaan voor je een jurk aantrok.,Salut... Dire que ta mère te battait pour que tu mettes une robe.,"{""c"":""Je me souviens que ta mère devait te frapper avant que tu ne mettes une robe.""}",Je me souviens que ta mère devait te frapper avant que tu ne mettes une robe.,False,1,0,True,True,False,True,,True,,True,"{""reason"":""detector_match"",""detected"":""fr"",""confidence"":1.0}",True,[],[],True,,"{""errors"":[]}",True,[],True,1,0,True,True,False,100,100,2488,31,2519,0,0,1194.94,1341,8,1349,0,0,1172.14
9fcc34621cf43b6d0753,641,haiku-4-5,managed-prompt,subtitle,nl,fr,Kun jij dat ook zeggen?,Pouvez-vous en dire de même ?,"{""c"":""Peux-tu dire ça aussi?""}",Peux-tu dire ça aussi?,False,1,0,True,True,False,True,,True,,True,"{""reason"":""detector_match"",""detected"":""fr"",""confidence"":1.0}",True,[],[],True,,"{""errors"":[]}",True,[],True,1,0,True,True,False,100,100,2474,17,2491,0,0,1124.05,1305,8,1313,0,0,1217.69
510ad29ba48e68a2df31,642,haiku-4-5,managed-prompt,subtitle,nl,fr,- IJs met een cliënt?,- De la glace avec un client?,"{""c"":""Glace avec un client?""}",Glace avec un client?,False,1,0,True,True,False,True,,True,,True,"{""reason"":""detector_match"",""detected"":""fr"",""confidence"":1.0}",True,[],[],True,,"{""errors"":[]}",True,[],True,1,0,True,True,False,100,100,2474,14,2488,0,0,940.83,1299,8,1307,0,0,1094.67
f87279e8a70bb9178406,643,haiku-4-5,managed-prompt,subtitle,nl,fr,Ze kan Davina vinden voordat die man haar kwaad doet.,Elle trouvera Davina avant que cet homme abuse d'elle.,"{""c"":""Elle peut trouver Davina avant que cet homme ne lui fasse du mal.""}",Elle peut trouver Davina avant que cet homme ne lui fasse du mal.,False,1,0,True,True,False,True,,True,,True,"{""reason"":""detector_match"",""detected"":""fr"",""confidence"":1.0}",True,[],[],True,,"{""errors"":[]}",True,[],True,1,0,True,True,False,100,100,2482,27,2509,0,0,1159.65,1326,8,1334,0,0,1455.09
6420c34d0c6b84db53e9,644,haiku-4-5,managed-prompt,subtitle,nl,fr,Ik ken je van een foto.,Je t'ai reconnu d'après une photo.,"{""c"":""Je te connais d'une photo.""}",Je te connais d'une photo.,False,1,0,True,True,False,True,,True,,True,"{""reason"":""detector_match"",""detected"":""fr"",""confidence"":1.0}",True,[],[],True,,"{""errors"":[]}",True,[],True,1,0,True,True,False,100,100,2473,16,2489,0,0,1139.2,1301,8,1309,0,0,1529.82
561209c196b02255f6e7,645,haiku-4-5,managed-prompt,subtitle,nl,fr,We maken toch geen van beiden kans bij Jackie.,"D'ailleurs, Jackie ne veut pas de nous.","{""c"":""De toute façon, on n'a aucune chance avec Jackie.""}","De toute façon, on n'a aucune chance avec Jackie.",False,1,0,True,True,False,True,,True,,True,"{""reason"":""detector_match"",""detected"":""fr"",""confidence"":1.0}",True,[],[],True,,"{""errors"":[]}",True,[],True,1,0,True,True,False,100,100,2476,24,2500,0,0,1154.22,1312,8,1320,0,0,1194.03
4969e0845016e9000c42,646,haiku-4-5,managed-prompt,subtitle,nl,fr,Ja.,Oui.,"{""c"":""Oui.""}",Oui.,False,1,0,True,True,False,True,,True,,,"{""reason"":""too_short_for_language_detection"",""detected"":null,""confidence"":null}",True,[],[],True,,"{""errors"":[]}",True,[],True,1,0,True,True,False,100,100,2467,11,2478,0,0,1001.03,1282,8,1290,0,0,1273.69
d0c0f948cef77ff07f78,647,haiku-4-5,managed-prompt,subtitle,nl,fr,"Denk niet dat jij meer van romantiek weet dan ik. Handje vasthouden, elkaar voeren en afvegen is ook maar gelul.",N'imaginez pas que vous êtes un as de la romance en vous tripotant les mains et en vous donnant la becquée.,"{""c"":""Ne pense pas que tu en sais plus sur le romantisme que moi. Se tenir la main, se nourrir mutuellement et s'essuyer, c'est aussi que des conneries.""}","Ne pense pas que tu en sais plus sur le romantisme que moi. Se tenir la main, se nourrir mutuellement et s'essuyer, c'est aussi que des conneries.",False,1,0,True,True,False,True,,True,,True,"{""reason"":""detector_match"",""detected"":""fr"",""confidence"":1.0}",True,[],[],True,,"{""errors"":[{""category"":""fluency"",""severity"":""minor""},{""category"":""tone"",""severity"":""minor""}]}",True,"[{""category"":""fluency"",""severity"":""minor""},{""category"":""tone"",""severity"":""minor""}]",True,1,0,True,True,False,94,94,2501,53,2554,0,0,1317.23,1386,27,1413,0,0,1649.22
868e6b3e53e1ddcae1e2,648,haiku-4-5,managed-prompt,subtitle,nl,fr,Ja.,Oui.,"{""c"":""Oui.""}",Oui.,False,1,0,True,True,False,True,,True,,,"{""reason"":""too_short_for_language_detection"",""detected"":null,""confidence"":null}",True,[],[],True,,"{""errors"":[]}",True,[],True,1,0,True,True,False,100,100,2467,11,2478,0,0,1055.86,1282,8,1290,0,0,1392.81
444a8e4bf9edcf7f4c4b,649,haiku-4-5,managed-prompt,subtitle,nl,fr,"Wij, Seymour, hebben geen probleem met hem.","- Nous, Seymour, on n'a rien contre lui.","{""c"":""Nous, Seymour, n'avons aucun problème avec lui.""}","Nous, Seymour, n'avons aucun problème avec lui.",False,1,0,True,True,False,True,,True,,True,"{""reason"":""detector_match"",""detected"":""fr"",""confidence"":1.0}",True,[],[],True,,"{""errors"":[]}",True,[],True,1,0,True,True,False,100,100,2480,27,2507,0,0,1090.75,1325,8,1333,0,0,1066.29
dd2d8f420cacd75008b0,650,haiku-4-5,managed-prompt,subtitle,nl,it,"Bedankt, meneer.","Grazie, signore.","{""c"":""Grazie, signore.""}","Grazie, signore.",False,1,0,True,True,False,True,,True,,True,"{""reason"":""detector_match"",""detected"":""it"",""confidence"":1.0}",True,[],[],True,,"{""errors"":[]}",True,[],True,1,0,True,True,False,100,100,2472,14,2486,0,0,1098.67,1293,8,1301,0,0,1879.23
bb307c17dbd7855c50f9,651,haiku-4-5,managed-prompt,subtitle,nl,it,- Ik kan alles horen wat jullie zeggen.,- Guardate che sento tutto.,"{""c"":""Riesco a sentire tutto quello che dite.""}",Riesco a sentire tutto quello che dite.,False,1,0,True,True,False,True,,True,,True,"{""reason"":""detector_match"",""detected"":""it"",""confidence"":1.0}",True,[],[],True,,"{""errors"":[]}",True,[],True,1,0,True,True,False,100,100,2480,19,2499,0,0,1166.01,1308,8,1316,0,0,1174.29
a3f6276c8dc702e6fc33,652,haiku-4-5,managed-prompt,subtitle,nl,it,Ga gewoon zitten.,Siediti.,"{""c"":""Siediti semplicemente.""}",Siediti semplicemente.,False,1,0,True,True,False,True,,True,,True,"{""reason"":""detector_match"",""detected"":""it"",""confidence"":1.0}",True,[],[],True,,"{""errors"":[]}",True,[],True,1,0,True,True,False,100,100,2471,14,2485,0,0,1084.68,1289,8,1297,0,0,1202.13
c4929bae6cffaef706f6,653,haiku-4-5,managed-prompt,subtitle,nl,it,Had hij werknemers?,Aveva dei dipendenti?,"{""c"":""Aveva dipendenti?""}",Aveva dipendenti?,False,1,0,True,True,False,True,,True,,True,"{""reason"":""detector_match"",""detected"":""it"",""confidence"":1.0}",True,[],[],True,,"{""errors"":[]}",True,[],True,1,0,True,True,False,100,100,2470,13,2483,0,0,1096.71,1292,8,1300,0,0,1241.74
67779427d19f4a9300d7,654,haiku-4-5,managed-prompt,subtitle,nl,it,"- Geen punt, Harold.","Lascia stare, Harold.","{""c"":""Nessun problema, Harold.""}","Nessun problema, Harold.",False,1,0,True,True,False,True,,True,,,"{""reason"":""detector_inconclusive"",""detected"":""en"",""confidence"":0.5714}",True,[],[],True,,"{""errors"":[]}",True,[],True,1,0,True,True,False,100,100,2471,15,2486,0,0,1110.91,1294,8,1302,0,0,1383.49
5f146afbaf428c60fb4f,655,haiku-4-5,managed-prompt,subtitle,nl,it,"Oké, we vertrekken. Wanneer ik het zeg, oké?","Gente, ora partiamo perché l'ho detto io, va bene?","{""c"":""Ok, partiamo. Quando lo dico io, ok?""}","Ok, partiamo. Quando lo dico io, ok?",False,1,0,True,True,False,True,,True,,True,"{""reason"":""detector_match"",""detected"":""it"",""confidence"":0.8571}",True,[],[],True,,"{""errors"":[]}",True,[],True,1,0,True,True,False,100,100,2485,22,2507,0,0,1190.76,1330,8,1338,0,0,1103.26
4465ae02cd9763f9e118,656,haiku-4-5,managed-prompt,subtitle,nl,it,-Dank je.,- Grazie.,"{""c"":""Grazie.""}",Grazie.,False,1,0,True,True,False,True,,True,,,"{""reason"":""too_short_for_language_detection"",""detected"":null,""confidence"":null}",True,[],[],True,,"{""errors"":[]}",True,[],True,1,0,True,True,False,100,100,2470,11,2481,0,0,1106.89,1285,8,1293,0,0,1551.04
f804b396d9ac36c1fd6a,657,haiku-4-5,managed-prompt,subtitle,nl,it,Misschien kunnen we beter een andere keer komen.,Magari... torneremo un'altra volta.,"{""c"":""Forse potremmo venire un'altra volta.""}",Forse potremmo venire un'altra volta.,False,1,0,True,True,False,True,,True,,True,"{""reason"":""detector_match"",""detected"":""it"",""confidence"":1.0}",True,[],[],True,,"{""errors"":[]}",True,[],True,1,0,True,True,False,100,100,2478,20,2498,0,0,1210.16,1310,8,1318,0,0,1179.98
e463571ffca4e72f3eb5,658,haiku-4-5,managed-prompt,subtitle,nl,it,Er is nieuw bewijs.,Ci sono nuove prove.,"{""c"":""C'è una nuova prova.""}",C'è una nuova prova.,False,1,0,True,True,False,True,,True,,True,"{""reason"":""detector_match"",""detected"":""it"",""confidence"":1.0}",True,[],[],True,,"{""errors"":[{""category"":""accuracy"",""severity"":""major""}]}",False,"[{""category"":""accuracy"",""severity"":""major""}]",True,1,0,True,True,False,85,85,2471,16,2487,0,0,1141.89,1294,17,1311,0,0,1267.38
e151d339a3f0ed5b21a7,659,haiku-4-5,managed-prompt,subtitle,nl,it,Er bestaat geen twijfel.,Non c'è alcun dubbio.,"{""c"":""Non c'è dubbio.""}",Non c'è dubbio.,False,1,0,True,True,False,True,,True,,True,"{""reason"":""detector_match"",""detected"":""it"",""confidence"":1.0}",True,[],[],True,,"{""errors"":[]}",True,[],True,1,0,True,True,False,100,100,2471,15,2486,0,0,1063.78,1296,8,1304,0,0,1190.91
b0d2204a7fbacaa3596b,660,haiku-4-5,managed-prompt,subtitle,nl,jp,- Wat gebeurt er?,- 何が起きたんだ！ - なんだそれ？,"{""c"":""何が起きてるの?""}",何が起きてるの?,False,1,0,True,True,False,True,,True,,True,"{""reason"":""target_script_present"",""detected"":""ja"",""confidence"":1.0}",True,[],[],True,,"{""errors"":[]}",True,[],True,1,0,True,True,False,100,100,2471,15,2486,0,0,1043.75,1309,8,1317,0,0,1209.09
8422df8144581e1ec682,661,haiku-4-5,managed-prompt,subtitle,nl,jp,Ik ga me tegoed doen aan je ziel.,ぉ前の魂を食らつてやる,"{""c"":""君の魂を食べ尽くすつもりだ。""}",君の魂を食べ尽くすつもりだ。,False,1,0,True,True,False,True,,True,,True,"{""reason"":""target_script_present"",""detected"":""ja"",""confidence"":1.0}",True,[],[],True,,"{""errors"":[]}",True,[],True,1,0,True,True,False,100,100,2478,25,2503,0,0,1110.61,1320,8,1328,0,0,1347.9
79a805637f54e3eb55d6,662,haiku-4-5,managed-prompt,subtitle,nl,jp,Dankjewel.,ありがとう,"{""c"":""ありがとうございます。""}",ありがとうございます。,False,1,0,True,True,False,True,,True,,True,"{""reason"":""target_script_present"",""detected"":""ja"",""confidence"":1.0}",True,[],[],True,,"{""errors"":[{""category"":""tone"",""severity"":""minor""}]}",True,"[{""category"":""tone"",""severity"":""minor""}]",True,1,0,True,True,False,97,97,2471,15,2486,0,0,1081.93,1293,17,1310,0,0,1254.65
5139c0ffc656d4ffb448,663,haiku-4-5,managed-prompt,subtitle,nl,jp,Dat zou ik graag willen. Maar er zit een prijskaartje aan.,したいが それには対価が要る,"{""c"":""喜んでやりたいのですが。ただし代償があります。""}",喜んでやりたいのですが。ただし代償があります。,False,1,0,True,True,False,True,,True,,True,"{""reason"":""target_script_present"",""detected"":""ja"",""confidence"":1.0}",True,[],[],True,,"{""errors"":[]}",True,[],True,1,0,True,True,False,100,100,2487,27,2514,0,0,1248.97,1326,8,1334,0,0,1146.78
7dbb5da44f29e7843d48,664,haiku-4-5,managed-prompt,subtitle,nl,jp,"Nee, meneer.",いいえ、サー。,"{""c"":""いいえ、先生。""}",いいえ、先生。,False,1,0,True,True,False,True,,True,,True,"{""reason"":""target_script_present"",""detected"":""ja"",""confidence"":1.0}",True,[],[],True,,"{""errors"":[{""category"":""terminology"",""severity"":""minor""}]}",True,"[{""category"":""terminology"",""severity"":""minor""}]",True,1,0,True,True,False,97,97,2471,15,2486,0,0,1026.11,1296,17,1313,0,0,1550.36
6fc871ce72344061be4a,665,haiku-4-5,managed-prompt,subtitle,nl,jp,"Hé, jongens. Pak maar.",さあどうぞ カウボーイ　プリンセス,"{""c"":""やあ、みんな。取ってくれ。""}",やあ、みんな。取ってくれ。,False,1,0,True,True,False,True,,True,,True,"{""reason"":""target_script_present"",""detected"":""ja"",""confidence"":1.0}",True,[],[],True,,"{""errors"":[{""category"":""accuracy"",""severity"":""major""},{""category"":""preservation"",""severity"":""minor""}]}",False,"[{""category"":""accuracy"",""severity"":""major""},{""category"":""preservation"",""severity"":""minor""}]",True,1,0,True,True,False,82,82,2475,22,2497,0,0,1165.48,1318,26,1344,0,0,1411.58
b3812d02faca723ab730,666,haiku-4-5,managed-prompt,subtitle,nl,jp,M'n familie?,- 私の家族は？,"{""c"":""私の家族?""}",私の家族?,False,1,0,True,True,False,True,,True,,True,"{""reason"":""target_script_present"",""detected"":""ja"",""confidence"":1.0}",True,[],[],True,,"{""errors"":[]}",True,[],True,1,0,True,True,False,100,100,2469,12,2481,0,0,1041.43,1292,8,1300,0,0,1211.2
f076a8adfb5a063175cb,667,haiku-4-5,managed-prompt,subtitle,nl,jp,"Of het nou zout, goud of olie is.",それが塩や金や 油であろうとなかろうと,"{""c"":""塩であろうと、金であろうと、油であろうと。""}",塩であろうと、金であろうと、油であろうと。,False,1,0,True,True,False,True,,True,,True,"{""reason"":""target_script_present"",""detected"":""ja"",""confidence"":1.0}",True,[],[],True,,"{""errors"":[{""category"":""accuracy"",""severity"":""major""}]}",False,"[{""category"":""accuracy"",""severity"":""major""}]",True,1,0,True,True,False,85,85,2477,26,2503,0,0,1251.97,1323,17,1340,0,0,1225.55
12aee416cdb1837dd87e,668,haiku-4-5,managed-prompt,subtitle,nl,jp,Daar ben ik gek op.,- そうなの　わたし、ピューターが大好きなの,"{""c"":""それが大好きです。""}",それが大好きです。,False,1,0,True,True,False,True,,True,,True,"{""reason"":""target_script_present"",""detected"":""ja"",""confidence"":1.0}",True,[],[],True,,"{""errors"":[]}",True,[],True,1,0,True,True,False,100,100,2473,14,2487,0,0,1116.83,1309,8,1317,0,0,1587.1
6364e8ae2d6dea1669ab,669,haiku-4-5,managed-prompt,subtitle,nl,jp,"Mason, hoe was je week?",メイソン　今週はどうだった？,"{""c"":""Mason、今週はどうだった？""}",Mason、今週はどうだった？,False,1,0,True,True,False,True,,True,,True,"{""reason"":""target_script_present"",""detected"":""ja"",""confidence"":1.0}",True,[],[],True,,"{""errors"":[]}",True,[],True,1,0,True,True,False,100,100,2472,17,2489,0,0,1038.06,1305,8,1313,0,0,3186.61
be08663ec6d9a1d683e8,670,haiku-4-5,managed-prompt,subtitle,nl,nb,Ik zeg het alleen maar.,Jeg bare sier det.,"{""c"":""Jeg sier det bare.""}",Jeg sier det bare.,False,1,0,True,True,False,True,,True,,True,"{""reason"":""detector_match"",""detected"":""no"",""confidence"":0.9378}",True,[],[],True,,"{""errors"":[]}",True,[],True,1,0,True,True,False,100,100,2473,14,2487,0,0,1161.79,1294,8,1302,0,0,1583.07
7b8b7b36e42b6a8a94d2,671,haiku-4-5,managed-prompt,subtitle,nl,nb,Oké... oké.,Ok.,"{""c"":""Okei... okei.""}",Okei... okei.,False,1,0,True,True,False,True,,True,,,"{""reason"":""detector_inconclusive"",""detected"":""fi"",""confidence"":0.8571}",True,[],[],True,,"{""errors"":[]}",True,[],True,1,0,True,True,False,100,100,2471,14,2485,0,0,1101.04,1287,8,1295,0,0,1230.86
d5bb50a256b30fdc0341,672,haiku-4-5,managed-prompt,subtitle,nl,nb,Denk je nu dat je het antwoord hebt?,Tror du at du har et svar nå?,"{""c"":""Tror du at du har svaret nå?""}",Tror du at du har svaret nå?,False,1,0,True,True,False,True,,True,,,"{""reason"":""detector_inconclusive"",""detected"":""sv"",""confidence"":0.8571}",True,[],[],True,,"{""errors"":[]}",True,[],True,1,0,True,True,False,100,100,2478,19,2497,0,0,1173.34,1312,8,1320,0,0,1105.75
24911658b1d8cb92ef9a,673,haiku-4-5,managed-prompt,subtitle,nl,nb,"Op mijn scheiding, ja.",For skilsmissen min!,"{""c"":""På skilsmissen min, ja.""}","På skilsmissen min, ja.",False,1,0,True,True,False,True,,True,,,"{""reason"":""detector_mismatch_uncertain"",""detected"":""fi"",""confidence"":1.0}",True,[],[],True,,"{""errors"":[]}",True,[],True,1,0,True,True,False,100,100,2472,15,2487,0,0,1208.26,1293,8,1301,0,0,1219.26
af56cb40db01eca8b167,674,haiku-4-5,managed-prompt,subtitle,nl,nb,Voel je je goed?,Føles det bra?,"{""c"":""Føler du deg bra?""}",Føler du deg bra?,False,1,0,True,True,False,True,,True,,True,"{""reason"":""detector_match"",""detected"":""no"",""confidence"":0.897}",True,[],[],True,,"{""errors"":[]}",True,[],True,1,0,True,True,False,100,100,2472,15,2487,0,0,1190.36,1296,8,1304,0,0,1233.79
f5036b5ad65373e478ff,675,haiku-4-5,managed-prompt,subtitle,nl,nb,Enige tijd geleden was er een beloning uit voor Bill San Antonio.,For en tid siden ble det satt en belønning på Bill San Antonio.,"{""c"":""For en tid siden var det en belønning ut for Bill San Antonio.""}",For en tid siden var det en belønning ut for Bill San Antonio.,False,1,0,True,True,False,True,,True,,True,"{""reason"":""detector_match"",""detected"":""no"",""confidence"":0.9988}",True,[],[],True,,"{""errors"":[{""category"":""fluency"",""severity"":""major""}]}",False,"[{""category"":""fluency"",""severity"":""major""}]",True,1,0,True,True,False,85,85,2481,23,2504,0,0,1230.61,1322,18,1340,0,0,1252.71
1ec623640f77a2e4c03c,676,haiku-4-5,managed-prompt,subtitle,nl,nb,"Kom, dan gaan we.",Kom.,"{""c"":""Kom, da går vi.""}","Kom, da går vi.",False,1,0,True,True,False,True,,True,,,"{""reason"":""detector_inconclusive"",""detected"":""sv"",""confidence"":0.8927}",True,[],[],True,,"{""errors"":[]}",True,[],True,1,0,True,True,False,100,100,2472,14,2486,0,0,1158.34,1289,8,1297,0,0,1230.86
7381d308fb583980f58d,677,haiku-4-5,managed-prompt,subtitle,nl,nb,Het gebeurt.,Det skjer.,"{""c"":""Det skjer.""}",Det skjer.,False,1,0,True,True,False,True,,True,,True,"{""reason"":""detector_match"",""detected"":""no"",""confidence"":1.0}",True,[],[],True,,"{""errors"":[]}",True,[],True,1,0,True,True,False,100,100,2468,11,2479,0,0,1086.0,1283,8,1291,0,0,1242.6
4393547f22997ad4c490,678,haiku-4-5,managed-prompt,subtitle,nl,nb,- Jamey.,- Jamey?,"{""c"":""- Jamey.""}",- Jamey.,False,1,0,True,True,False,True,,True,,,"{""reason"":""too_short_for_language_detection"",""detected"":null,""confidence"":null}",True,[],"[{""code"":""source_copy_suspected""}]",True,,"{""errors"":[]}",True,[],True,1,0,True,True,False,97,97,2469,12,2481,0,0,1072.27,1286,8,1294,0,0,1270.49
fbcb1ebdcab3ff9b0f3a,679,haiku-4-5,managed-prompt,subtitle,nl,nb,Niemand rust!,Ingen må hvile!,"{""c"":""Ingen hviler!""}",Ingen hviler!,False,1,0,True,True,False,True,,True,,,"{""reason"":""detector_mismatch_uncertain"",""detected"":""da"",""confidence"":1.0}",True,[],[],True,,"{""errors"":[]}",True,[],True,1,0,True,True,False,100,100,2469,12,2481,0,0,1043.23,1287,8,1295,0,0,1174.8
c9de68a27b20dc66f4e7,680,haiku-4-5,managed-prompt,subtitle,nb,da,Barna har ikke sagt ja til noe.,Børnene har ikke sagt ja til noget.,"{""c"":""Barna har ikke sagt ja til noget.""}",Barna har ikke sagt ja til noget.,False,1,0,True,True,False,True,,True,,,"{""reason"":""detector_inconclusive"",""detected"":""no"",""confidence"":0.9127}",True,[],[],True,,"{""errors"":[{""category"":""fluency"",""severity"":""major""}]}",False,"[{""category"":""fluency"",""severity"":""major""}]",True,1,0,True,True,False,85,85,2476,19,2495,0,0,1089.67,1308,18,1326,0,0,1142.9
91097dbed2a28b5ddc82,681,haiku-4-5,managed-prompt,subtitle,nb,da,La oss ta en drink før vi går.,"Lad os tage en drink, før vi går.","{""c"":""Lad os tage en drink før vi går.""}",Lad os tage en drink før vi går.,False,1,0,True,True,False,True,,True,,True,"{""reason"":""detector_match"",""detected"":""da"",""confidence"":0.9233}",True,[],[],True,,"{""errors"":[{""category"":""fluency"",""severity"":""minor""}]}",True,"[{""category"":""fluency"",""severity"":""minor""}]",True,1,0,True,True,False,97,97,2474,19,2493,0,0,1304.52,1306,18,1324,0,0,1276.12
840b13bb27dff1053695,682,haiku-4-5,managed-prompt,subtitle,nb,da,Her er nummeret mitt.,Her er mit nummer.,"{""c"":""Her er nummeret mit.""}",Her er nummeret mit.,False,1,0,True,True,False,True,,True,,True,"{""reason"":""detector_match"",""detected"":""da"",""confidence"":1.0}",True,[],[],True,,"{""errors"":[]}",True,[],True,1,0,True,True,False,100,100,2471,14,2485,0,0,1180.18,1290,8,1298,0,0,1257.81
a92928bbe033a149d499,683,haiku-4-5,managed-prompt,subtitle,nb,da,Men en gang i tiden var jeg svært forelsket i ham.,Men en gang var jeg meget forelsket i ham.,"{""c"":""Der var engang, hvor jeg var meget forelsket i ham.""}","Der var engang, hvor jeg var meget forelsket i ham.",False,1,0,True,True,False,True,,True,,,"{""reason"":""detector_mismatch_uncertain"",""detected"":""no"",""confidence"":0.9988}",True,[],[],True,,"{""errors"":[]}",True,[],True,1,0,True,True,False,100,100,2479,22,2501,0,0,1286.05,1313,8,1321,0,0,1284.91
e1ee05dce511418079e6,684,haiku-4-5,managed-prompt,subtitle,nb,da,-Jeg vet.,- Ja.,"{""c"":""-Jeg ved det.""}",-Jeg ved det.,False,1,0,True,True,False,True,,True,,True,"{""reason"":""detector_match"",""detected"":""da"",""confidence"":1.0}",True,[],[],True,,"{""errors"":[]}",True,[],True,1,0,True,True,False,100,100,2470,13,2483,0,0,1175.72,1285,8,1293,0,0,1108.65
d46894f71f04a1de45ec,685,haiku-4-5,managed-prompt,subtitle,nb,da,Og jeg har kameraet. Hva nå?,Jeg har kameraet i mit.,"{""c"":""Og jeg har kameraet. Hvad nu?""}",Og jeg har kameraet. Hvad nu?,False,1,0,True,True,False,True,,True,,,"{""reason"":""detector_inconclusive"",""detected"":""hr"",""confidence"":0.8571}",True,[],[],True,,"{""errors"":[]}",True,[],True,1,0,True,True,False,100,100,2478,20,2498,0,0,1157.91,1309,8,1317,0,0,1465.83
973b20729bffb9807919,686,haiku-4-5,managed-prompt,subtitle,nb,da,"Ok, folkens.","Okay, venner.","{""c"":""Ok, folkens.""}","Ok, folkens.",False,1,0,True,True,False,True,,True,,,"{""reason"":""detector_mismatch_uncertain"",""detected"":""no"",""confidence"":1.0}",True,[],"[{""code"":""source_copy_suspected""}]",True,,"{""errors"":[]}",True,[],True,1,0,True,True,False,97,97,2469,12,2481,0,0,1053.38,1287,8,1295,0,0,1178.87
2646c20da3c0bbc17f80,687,haiku-4-5,managed-prompt,subtitle,nb,da,De fortalte meg aldri.,De har aldrig fortalt mig det.,"{""c"":""De fortalte mig aldrig.""}",De fortalte mig aldrig.,False,1,0,True,True,False,True,,True,,True,"{""reason"":""detector_match"",""detected"":""da"",""confidence"":1.0}",True,[],[],True,,"{""errors"":[]}",True,[],True,1,0,True,True,False,100,100,2472,16,2488,0,0,1033.68,1298,8,1306,0,0,1215.3
8a98459fef84c01f4f3f,688,haiku-4-5,managed-prompt,subtitle,nb,da,Retter om kameraet mot nord-nordøst.,"Retter kameraet nord, nordøst.","{""c"":""Ret kameraet mod nord-nordøst.""}",Ret kameraet mod nord-nordøst.,False,1,0,True,True,False,True,,True,,,"{""reason"":""detector_mismatch_uncertain"",""detected"":""no"",""confidence"":1.0}",True,[],[],True,,"{""errors"":[]}",True,[],True,1,0,True,True,False,100,100,2478,19,2497,0,0,1036.7,1309,8,1317,0,0,1289.06
d813be9e2ff082e426ca,689,haiku-4-5,managed-prompt,subtitle,nb,da,- Du bekjemper kriminalitet.,- Du er noget af en kriminalknuser.,"{""c"":""Du bekæmper kriminalitet.""}",Du bekæmper kriminalitet.,False,1,0,True,True,False,True,,True,,,"{""reason"":""detector_inconclusive"",""detected"":""da"",""confidence"":0.5714}",True,[],[],True,,"{""errors"":[]}",True,[],True,1,0,True,True,False,100,100,2475,17,2492,0,0,1123.31,1305,8,1313,0,0,1244.16
d1da678032629c4e6924,690,haiku-4-5,managed-prompt,subtitle,nb,de,Det er mer.,Und noch mehr.,"{""c"":""Es gibt mehr.""}",Es gibt mehr.,False,1,0,True,True,False,True,,True,,True,"{""reason"":""detector_match"",""detected"":""de"",""confidence"":1.0}",True,[],[],True,,"{""errors"":[]}",True,[],True,1,0,True,True,False,100,100,2468,11,2479,0,0,1064.95,1284,8,1292,0,0,1270.77
d3a95598b69b36e1f78e,691,haiku-4-5,managed-prompt,subtitle,nb,de,Du kommer til meg først.,Du kommst also zuerst zu mir.,"{""c"":""Du kommst zuerst zu mir.""}",Du kommst zuerst zu mir.,False,1,0,True,True,False,True,,True,,True,"{""reason"":""detector_match"",""detected"":""de"",""confidence"":1.0}",True,[],[],True,,"{""errors"":[]}",True,[],True,1,0,True,True,False,100,100,2470,16,2486,0,0,1091.83,1296,8,1304,0,0,1274.86
c7f0ffe8709ec49a5acf,692,haiku-4-5,managed-prompt,subtitle,nb,de,Det er helt feil. Og Nikki ville ikke like det.,Das ist falsch und würde Nikki nicht gefallen.,"{""c"":""Das ist völlig falsch. Und Nikki würde das nicht mögen.""}",Das ist völlig falsch. Und Nikki würde das nicht mögen.,False,1,0,True,True,False,True,,True,,True,"{""reason"":""detector_match"",""detected"":""de"",""confidence"":1.0}",True,[],[],True,,"{""errors"":[]}",True,[],True,1,0,True,True,False,100,100,2480,26,2506,0,0,1263.44,1320,8,1328,0,0,1288.57
1b6d3e86c98249d3d5e5,693,haiku-4-5,managed-prompt,subtitle,nb,de,Teorien min var riktig.,Meine Theorie war richtig.,"{""c"":""Meine Theorie war richtig.""}",Meine Theorie war richtig.,False,1,0,True,True,False,True,,True,,True,"{""reason"":""detector_match"",""detected"":""de"",""confidence"":1.0}",True,[],[],True,,"{""errors"":[]}",True,[],True,1,0,True,True,False,100,100,2473,17,2490,0,0,1184.85,1300,8,1308,0,0,1290.38
03441753eaaac40268d5,694,haiku-4-5,managed-prompt,subtitle,nb,de,Si det om de som døde.,"Wiederhole das über die Leute, die gestorben sind.","{""c"":""Sag mir von denen, die starben.""}","Sag mir von denen, die starben.",False,1,0,True,True,False,True,,True,,True,"{""reason"":""detector_match"",""detected"":""de"",""confidence"":1.0}",True,[],[],True,,"{""errors"":[{""category"":""accuracy"",""severity"":""minor""}]}",True,"[{""category"":""accuracy"",""severity"":""minor""}]",True,1,0,True,True,False,97,97,2472,19,2491,0,0,1117.65,1308,17,1325,0,0,1593.19
a7f3c5b6fa9879528191,695,haiku-4-5,managed-prompt,subtitle,nb,de,Osmund.,Osmund! Osmund!,"{""c"":""Osmund.""}",Osmund.,False,1,0,True,True,False,True,,True,,,"{""reason"":""too_short_for_language_detection"",""detected"":null,""confidence"":null}",True,[],"[{""code"":""source_copy_suspected""}]",True,,"{""errors"":[]}",True,[],True,1,0,True,True,False,97,97,2468,11,2479,0,0,1102.92,1287,8,1295,0,0,1570.08
87be44935c7398659d2a,696,haiku-4-5,managed-prompt,subtitle,nb,de,- Hvorfor ikke?,- Wieso nicht?,"{""c"":""Warum nicht?""}",Warum nicht?,False,1,0,True,True,False,True,,True,,True,"{""reason"":""detector_match"",""detected"":""de"",""confidence"":1.0}",True,[],[],True,,"{""errors"":[]}",True,[],True,1,0,True,True,False,100,100,2470,12,2482,0,0,988.23,1290,8,1298,0,0,2791.96
47e9cd70ac0941dfad80,697,haiku-4-5,managed-prompt,subtitle,nb,de,Kom igjen! Kom igjen! Fortsett!,"Los, vorwärts.","{""c"":""Komm schon! Komm schon! Mach weiter!""}",Komm schon! Komm schon! Mach weiter!,False,1,0,True,True,False,True,,True,,True,"{""reason"":""detector_match"",""detected"":""de"",""confidence"":1.0}",True,[],[],True,,"{""errors"":[]}",True,[],True,1,0,True,True,False,100,100,2478,25,2503,0,0,1218.54,1310,8,1318,0,0,1232.57
7560f5c4c31312b35576,698,haiku-4-5,managed-prompt,subtitle,nb,de,Dette er bare begynnelsen.,Das ist erst der Anfang. - Alles klar.,"{""c"":""Das ist erst der Anfang.""}",Das ist erst der Anfang.,False,1,0,True,True,False,True,,True,,True,"{""reason"":""detector_match"",""detected"":""de"",""confidence"":1.0}",True,[],[],True,,"{""errors"":[]}",True,[],True,1,0,True,True,False,100,100,2472,15,2487,0,0,1277.18,1302,8,1310,0,0,1241.61
ba51c432321a37331513,699,haiku-4-5,managed-prompt,subtitle,nb,de,Mamma? Er pappa der?,Mom... ist Dad da?,"{""c"":""Mama? Ist Papa da?""}",Mama? Ist Papa da?,False,1,0,True,True,False,True,,True,,,"{""reason"":""detector_mismatch_uncertain"",""detected"":""id"",""confidence"":1.0}",True,[],[],True,,"{""errors"":[]}",True,[],True,1,0,True,True,False,100,100,2473,15,2488,0,0,1198.7,1296,8,1304,0,0,1444.88
88480847cac6ce780c0d,700,haiku-4-5,managed-prompt,subtitle,nb,en,Hvordan vet vi hvem som vinner?,How... How do we know who's won?,"{""c"":""How do we know who wins?""}",How do we know who wins?,False,1,0,True,True,False,True,,True,,True,"{""reason"":""detector_match"",""detected"":""en"",""confidence"":1.0}",True,[],[],True,,"{""errors"":[]}",True,[],True,1,0,True,True,False,100,100,2476,14,2490,0,0,1086.44,1302,8,1310,0,0,1247.09
da88c06532aaf73d8b90,701,haiku-4-5,managed-prompt,subtitle,nb,en,"Kom, Sonja!","Come, Sonja!","{""c"":""Come on, Sonja!""}","Come on, Sonja!",False,1,0,True,True,False,True,,True,,,"{""reason"":""detector_inconclusive"",""detected"":""hr"",""confidence"":0.5714}",True,[],[],True,,"{""errors"":[]}",True,[],True,1,0,True,True,False,100,100,2471,14,2485,0,0,1047.12,1291,8,1299,0,0,1536.14
afb5eb014ed3891bdc3e,702,haiku-4-5,managed-prompt,subtitle,nb,en,"Pappa, når du kommer tilbake fra forretningsreisen, er jeg i Sør-Afrika.","Dad, by the time you get back from your business trip, I'll be in South Africa.","{""c"":""Dad, when you come back from your business trip, I'll be in South Africa.""}","Dad, when you come back from your business trip, I'll be in South Africa.",False,1,0,True,True,False,True,,True,,True,"{""reason"":""detector_match"",""detected"":""en"",""confidence"":1.0}",True,[],[],True,,"{""errors"":[]}",True,[],True,1,0,True,True,False,100,100,2490,25,2515,0,0,1220.99,1335,8,1343,0,0,1228.37
1934e9e4b8b01eab53c5,703,haiku-4-5,managed-prompt,subtitle,nb,en,- Med oss alle fanget under denne tingen?,With all of us trapped under this thing? Isn't it? You don't know that.,"{""c"":""Are we all trapped under this thing?""}",Are we all trapped under this thing?,False,1,0,True,True,False,True,,True,,True,"{""reason"":""detector_match"",""detected"":""en"",""confidence"":1.0}",True,[],[],True,,"{""errors"":[]}",True,[],True,1,0,True,True,False,100,100,2476,15,2491,0,0,1182.59,1313,8,1321,0,0,1164.53
3abc40faa151939805e4,704,haiku-4-5,managed-prompt,subtitle,nb,en,De udøde omgir meg.,The undead surround me.,"{""c"":""The undead surround me.""}",The undead surround me.,False,1,0,True,True,False,True,,True,,True,"{""reason"":""detector_match"",""detected"":""en"",""confidence"":1.0}",True,[],[],True,,"{""errors"":[]}",True,[],True,1,0,True,True,False,100,100,2473,14,2487,0,0,1099.36,1294,8,1302,0,0,1166.13
398492f06c4e9ed81cef,705,haiku-4-5,managed-prompt,subtitle,nb,en,Hjelp meg med å finne henne.,Please help me find her.,"{""c"":""Help me find her.""}",Help me find her.,False,1,0,True,True,False,True,,True,,,"{""reason"":""detector_mismatch_uncertain"",""detected"":""da"",""confidence"":1.0}",True,[],[],True,,"{""errors"":[]}",True,[],True,1,0,True,True,False,100,100,2476,12,2488,0,0,1210.24,1294,8,1302,0,0,1142.08
81776c86b098a9c17b2b,706,haiku-4-5,managed-prompt,subtitle,nb,en,Noen har vokset litt siden sist.,Some have grown a bit since last time.,"{""c"":""Someone has grown a bit since last time.""}",Someone has grown a bit since last time.,False,1,0,True,True,False,True,,True,,True,"{""reason"":""detector_match"",""detected"":""en"",""confidence"":1.0}",True,[],[],True,,"{""errors"":[]}",True,[],True,1,0,True,True,False,100,100,2477,16,2493,0,0,1180.3,1302,8,1310,0,0,1580.8
48e2438cb55b5e69df1c,707,haiku-4-5,managed-prompt,subtitle,nb,en,Så hvis noen vet hva som skjedde med Ronnie...,So if anybody knows what happened to ronnie...,"{""c"":""So if anyone knows what happened to Ronnie...""}",So if anyone knows what happened to Ronnie...,False,1,0,True,True,False,True,,True,,True,"{""reason"":""detector_match"",""detected"":""en"",""confidence"":1.0}",True,[],[],True,,"{""errors"":[]}",True,[],True,1,0,True,True,False,100,100,2482,18,2500,0,0,1125.69,1312,8,1320,0,0,1241.29
0fc34b62210ce5bfb443,708,haiku-4-5,managed-prompt,subtitle,nb,en,Beklager.,- I'm sorry.,"{""c"":""Sorry.""}",Sorry.,False,1,0,True,True,False,True,,True,,,"{""reason"":""too_short_for_language_detection"",""detected"":null,""confidence"":null}",True,[],[],True,,"{""errors"":[]}",True,[],True,1,0,True,True,False,100,100,2469,9,2478,0,0,1117.91,1283,8,1291,0,0,1219.82
beb7576327d4c38ec975,709,haiku-4-5,managed-prompt,subtitle,nb,en,"Nei , Inspector .","No, Inspector.","{""c"":""Nei, Inspector.""}","Nei, Inspector.",False,1,0,True,True,False,True,,True,,,"{""reason"":""detector_mismatch_uncertain"",""detected"":""ro"",""confidence"":1.0}",True,[],[],True,,"{""errors"":[{""category"":""accuracy"",""severity"":""critical""}]}",False,"[{""category"":""accuracy"",""severity"":""critical""}]",True,1,0,True,True,False,60,60,2469,12,2481,0,0,1131.75,1286,17,1303,0,0,1277.01
bf109dcded3056534e31,710,haiku-4-5,managed-prompt,subtitle,nb,es,Vi er sammen om dette.,Estamos todos juntos en esto.,"{""c"":""Estamos juntos en esto.""}",Estamos juntos en esto.,False,1,0,True,True,False,True,,True,,True,"{""reason"":""detector_match"",""detected"":""es"",""confidence"":1.0}",True,[],[],True,,"{""errors"":[]}",True,[],True,1,0,True,True,False,100,100,2470,15,2485,0,0,1228.56,1294,8,1302,0,0,1605.53
ec56003686e8f02e8704,711,haiku-4-5,managed-prompt,subtitle,nb,es,- Du lot pappa komme hjem igjen!,¡Dejaste que papá volviera a casa!,"{""c"":""¡Papá del lote vuelve a casa de nuevo!""}",¡Papá del lote vuelve a casa de nuevo!,False,1,0,True,True,False,True,,True,,True,"{""reason"":""detector_match"",""detected"":""es"",""confidence"":1.0}",True,[],[],True,,"{""errors"":[{""category"":""accuracy"",""severity"":""critical""}]}",False,"[{""category"":""accuracy"",""severity"":""critical""}]",True,1,0,True,True,False,60,60,2476,23,2499,0,0,1149.9,1313,19,1332,0,0,1503.07
545d19432c7970ec347f,712,haiku-4-5,managed-prompt,subtitle,nb,es,Det var feil av meg å si det.,Me equivoqué al decirte eso.,"{""c"":""Fue un error de mi parte decir eso.""}",Fue un error de mi parte decir eso.,False,1,0,True,True,False,True,,True,,True,"{""reason"":""detector_match"",""detected"":""es"",""confidence"":1.0}",True,[],[],True,,"{""errors"":[]}",True,[],True,1,0,True,True,False,100,100,2474,19,2493,0,0,1646.01,1305,8,1313,0,0,1271.16
8d6d6491a1fc5b3244e7,713,haiku-4-5,managed-prompt,subtitle,nb,es,Jeg er forelsket i kona.,Estoy enamorado de mi esposa.,"{""c"":""Estoy enamorado de mi esposa.""}",Estoy enamorado de mi esposa.,False,1,0,True,True,False,True,,True,,True,"{""reason"":""detector_match"",""detected"":""es"",""confidence"":1.0}",True,[],[],True,,"{""errors"":[]}",True,[],True,1,0,True,True,False,100,100,2474,19,2493,0,0,1254.76,1305,8,1313,0,0,1129.25
c0ae582fb0b1f7eb2628,714,haiku-4-5,managed-prompt,subtitle,nb,es,-La meg hjeIpe deg.,- Déjeme ayudarlo.,"{""c"":""Déjame ayudarte.""}",Déjame ayudarte.,False,1,0,True,True,False,True,,True,,,"{""reason"":""detector_inconclusive"",""detected"":""hu"",""confidence"":0.4286}",True,[],[],True,,"{""errors"":[]}",True,[],True,1,0,True,True,False,100,100,2473,15,2488,0,0,1226.9,1296,8,1304,0,0,1149.6
038168e6514692f68269,715,haiku-4-5,managed-prompt,subtitle,nb,es,Du forstår ikke.,No entiendes.,"{""c"":""No lo entiendes.""}",No lo entiendes.,False,1,0,True,True,False,True,,True,,True,"{""reason"":""detector_match"",""detected"":""es"",""confidence"":1.0}",True,[],[],True,,"{""errors"":[]}",True,[],True,1,0,True,True,False,100,100,2470,13,2483,0,0,1207.59,1288,8,1296,0,0,1304.08
b3fe9c613fcaadbbd66e,716,haiku-4-5,managed-prompt,subtitle,nb,es,Hun ser skrekkslagen ut.,Parece aterrada.,"{""c"":""Ella se ve asustada.""}",Ella se ve asustada.,False,1,0,True,True,False,True,,True,,,"{""reason"":""detector_inconclusive"",""detected"":""et"",""confidence"":0.8571}",True,[],[],True,,"{""errors"":[{""category"":""accuracy"",""severity"":""minor""}]}",True,"[{""category"":""accuracy"",""severity"":""minor""}]",True,1,0,True,True,False,97,97,2472,15,2487,0,0,1195.75,1294,17,1311,0,0,1669.72
1d01937467fc3e70ab53,717,haiku-4-5,managed-prompt,subtitle,nb,es,Det er et menneske!,¡Es un hombre!,"{""c"":""¡Es una persona!""}",¡Es una persona!,False,1,0,True,True,False,True,,True,,True,"{""reason"":""detector_match"",""detected"":""es"",""confidence"":1.0}",True,[],[],True,,"{""errors"":[]}",True,[],True,1,0,True,True,False,100,100,2470,13,2483,0,0,1215.92,1290,8,1298,0,0,1244.65
817f32a37f58fbd0a4f2,718,haiku-4-5,managed-prompt,subtitle,nb,es,Slik du hjalp Gentry?,Vamos. ¿Como ayudaste a Gentry?,"{""c"":""¿Como ayudaste a Gentry?""}",¿Como ayudaste a Gentry?,False,1,0,True,True,False,True,,True,,True,"{""reason"":""detector_match"",""detected"":""es"",""confidence"":0.8571}",True,[],[],True,,"{""errors"":[{""category"":""fluency"",""severity"":""minor""}]}",True,"[{""category"":""fluency"",""severity"":""minor""}]",True,1,0,True,True,False,97,97,2475,18,2493,0,0,1107.48,1311,18,1329,0,0,1293.23
ccfed1ba5a774469f623,719,haiku-4-5,managed-prompt,subtitle,nb,es,-Har du ennå tannlegeplan og alt mulig?,- ¿Todavía tienes el plan dental?,"{""c"":""¿Aún tienes plan dental y todo eso?""}",¿Aún tienes plan dental y todo eso?,False,1,0,True,True,False,True,,True,,True,"{""reason"":""detector_match"",""detected"":""es"",""confidence"":1.0}",True,[],[],True,,"{""errors"":[]}",True,[],True,1,0,True,True,False,100,100,2481,21,2502,0,0,1199.39,1317,8,1325,0,0,1273.37
e3af9c8e1c6ec0615c45,720,haiku-4-5,managed-prompt,subtitle,nb,fr,"-Problemer på psykiatrisk, Chuck.","Chuck, on a un problème sur la 7ème. Unité psychiatrique.","{""c"":""Problèmes en psychiatrie, Chuck.""}","Problèmes en psychiatrie, Chuck.",False,1,0,True,True,False,True,,True,,,"{""reason"":""detector_inconclusive"",""detected"":""fr"",""confidence"":0.7143}",True,[],[],True,,"{""errors"":[]}",True,[],True,1,0,True,True,False,100,100,2477,17,2494,0,0,1173.22,1313,8,1321,0,0,1135.12
88b1f2d44ae3bc639571,721,haiku-4-5,managed-prompt,subtitle,nb,fr,Kom igjen. Jeg skal ikke ødelegge det for deg.,"Allez, je ferai pas foirer ton plan !","{""c"":""Allez, je ne vais pas tout gâcher pour toi.""}","Allez, je ne vais pas tout gâcher pour toi.",False,1,0,True,True,False,True,,True,,True,"{""reason"":""detector_match"",""detected"":""fr"",""confidence"":1.0}",True,[],[],True,,"{""errors"":[]}",True,[],True,1,0,True,True,False,100,100,2481,24,2505,0,0,1225.21,1319,8,1327,0,0,1511.73
7ccf4cce67326b53b697,722,haiku-4-5,managed-prompt,subtitle,nb,fr,"Pass deg, gutt!","Fais gaffe, petit !","{""c"":""Passe-le, mec!""}","Passe-le, mec!",False,1,0,True,True,False,True,,True,,True,"{""reason"":""detector_match"",""detected"":""fr"",""confidence"":1.0}",True,[],[],True,,"{""errors"":[{""category"":""accuracy"",""severity"":""major""}]}",False,"[{""category"":""accuracy"",""severity"":""major""}]",True,1,0,True,True,False,85,85,2470,16,2486,0,0,1286.52,1295,19,1314,0,0,1484.01
caf18a9cfb9400548fa8,723,haiku-4-5,managed-prompt,subtitle,nb,fr,Morsomt?,Amusant ?,"{""c"":""Amusant?""}",Amusant?,False,1,0,True,True,False,True,,True,,,"{""reason"":""too_short_for_language_detection"",""detected"":null,""confidence"":null}",True,[],[],True,,"{""errors"":[]}",True,[],True,1,0,True,True,False,100,100,2469,12,2481,0,0,1020.03,1289,8,1297,0,0,1229.28
c8592f3baa210682f624,724,haiku-4-5,managed-prompt,subtitle,nb,fr,"Og det gjør guvernøren, erkebiskopen og sjefene for noen amerikanske og japanske firmaer.","Ainsi que le gouverneur, l'archevêque, et des PDG américains et japonais.","{""c"":""Et c'est ce que font le gouverneur, l'archevêque et les chefs de certaines entreprises américaines et japonaises.""}","Et c'est ce que font le gouverneur, l'archevêque et les chefs de certaines entreprises américaines et japonaises.",False,1,0,True,True,False,True,,True,,True,"{""reason"":""detector_match"",""detected"":""fr"",""confidence"":1.0}",True,[],[],True,,"{""errors"":[]}",True,[],True,1,0,True,True,False,100,100,2493,39,2532,0,0,1506.56,1356,8,1364,0,0,1257.5
30d577cc4a14df7b471e,725,haiku-4-5,managed-prompt,subtitle,nb,fr,Hva skal vi liksom gi dem?,Qu'est-ce que vous voulez qu'on leur donne ?,"{""c"":""Qu'est-ce qu'on peut bien leur donner ?""}",Qu'est-ce qu'on peut bien leur donner ?,False,1,0,True,True,False,True,,True,,True,"{""reason"":""detector_match"",""detected"":""fr"",""confidence"":1.0}",True,[],[],True,,"{""errors"":[]}",True,[],True,1,0,True,True,False,100,100,2474,22,2496,0,0,1167.69,1316,8,1324,0,0,2786.57
37eea2b4197388c1f37f,726,haiku-4-5,managed-prompt,subtitle,nb,fr,Hva har du?,Qu'est ce que t'as ?,"{""c"":""Qu'est-ce que tu as?""}",Qu'est-ce que tu as?,False,1,0,True,True,False,True,,True,,True,"{""reason"":""detector_match"",""detected"":""fr"",""confidence"":1.0}",True,[],[],True,,"{""errors"":[]}",True,[],True,1,0,True,True,False,100,100,2470,17,2487,0,0,1134.01,1300,8,1308,0,0,1117.51
b3998b33215a45b2047c,727,haiku-4-5,managed-prompt,subtitle,nb,fr,-Bortsett fra det vet vi ingenting.,"- À part cela, nous ne savons rien.","{""c"":""À part ça, nous ne savons rien.""}","À part ça, nous ne savons rien.",False,1,0,True,True,False,True,,True,,True,"{""reason"":""detector_match"",""detected"":""fr"",""confidence"":1.0}",True,[],[],True,,"{""errors"":[]}",True,[],True,1,0,True,True,False,100,100,2477,19,2496,0,0,1232.52,1308,8,1316,0,0,1156.11
f06319bb315f3828518e,728,haiku-4-5,managed-prompt,subtitle,nb,fr,- Herregud.,- Mon dieu !,"{""c"":""Mon Dieu.""}",Mon Dieu.,False,1,0,True,True,False,True,,True,,,"{""reason"":""too_short_for_language_detection"",""detected"":null,""confidence"":null}",True,[],[],True,,"{""errors"":[{""category"":""preservation"",""severity"":""minor""}]}",True,"[{""category"":""preservation"",""severity"":""minor""}]",True,1,0,True,True,False,97,97,2470,12,2482,0,0,1144.48,1288,17,1305,0,0,1616.81
d7a06de9e15186fb7274,729,haiku-4-5,managed-prompt,subtitle,nb,fr,Jeg holder ikke ut lenger.,Je n'en supporterai pas davantage.,"{""c"":""Je n'en peux plus.""}",Je n'en peux plus.,False,1,0,True,True,False,True,,True,,True,"{""reason"":""detector_match"",""detected"":""fr"",""confidence"":1.0}",True,[],[],True,,"{""errors"":[]}",True,[],True,1,0,True,True,False,100,100,2472,15,2487,0,0,1223.02,1299,8,1307,0,0,1557.81
cfa1eaea01deb359e069,730,haiku-4-5,managed-prompt,subtitle,nb,it,"- Den? Nei, jo, vel...","Questo no, si, no.","{""c"":""- Den? No, sì, beh...""}","- Den? No, sì, beh...",False,1,0,True,True,False,True,,True,,,"{""reason"":""detector_mismatch_uncertain"",""detected"":""nl"",""confidence"":1.0}",True,[],[],True,,"{""errors"":[]}",True,[],True,1,0,True,True,False,100,100,2474,18,2492,0,0,1211.91,1302,8,1310,0,0,1614.04
3727780363820b6067dc,731,haiku-4-5,managed-prompt,subtitle,nb,it,Politiet konsulterer ikke amatører.,La polizia non chiede aiuto ai dilettanti.,"{""c"":""La polizia non consulta dilettanti.""}",La polizia non consulta dilettanti.,False,1,0,True,True,False,True,,True,,True,"{""reason"":""detector_match"",""detected"":""it"",""confidence"":1.0}",True,[],[],True,,"{""errors"":[]}",True,[],True,1,0,True,True,False,100,100,2475,18,2493,0,0,1196.15,1307,8,1315,0,0,1230.4
dd0f8e108ce3e4ebd164,732,haiku-4-5,managed-prompt,subtitle,nb,it,- Du vil ikke huske det.,- Non vuoi ricordarlo.,"{""c"":""Non te lo ricorderai.""}",Non te lo ricorderai.,False,1,0,True,True,False,True,,True,,True,"{""reason"":""detector_match"",""detected"":""it"",""confidence"":1.0}",True,[],[],True,,"{""errors"":[{""category"":""accuracy"",""severity"":""major""}]}",False,"[{""category"":""accuracy"",""severity"":""major""}]",True,1,0,True,True,False,85,85,2472,14,2486,0,0,1291.85,1294,17,1311,0,0,1254.44
d9a0265971b455adcf87,733,haiku-4-5,managed-prompt,subtitle,nb,it,Hvordan er det mulig?,- Com'e' possibile?,"{""c"":""Come è possibile?""}",Come è possibile?,False,1,0,True,True,False,True,,True,,True,"{""reason"":""detector_match"",""detected"":""it"",""confidence"":1.0}",True,[],[],True,,"{""errors"":[]}",True,[],True,1,0,True,True,False,100,100,2472,12,2484,0,0,1244.36,1294,8,1302,0,0,1195.3
9af530bc96a686aa539c,734,haiku-4-5,managed-prompt,subtitle,nb,it,- Sannheten om Terry Lennox.,- La verità su Terry Lennox.,"{""c"":""La verità su Terry Lennox.""}",La verità su Terry Lennox.,False,1,0,True,True,False,True,,True,,True,"{""reason"":""detector_match"",""detected"":""it"",""confidence"":1.0}",True,[],[],True,,"{""errors"":[{""category"":""preservation"",""severity"":""minor""}]}",True,"[{""category"":""preservation"",""severity"":""minor""}]",True,1,0,True,True,False,97,97,2476,16,2492,0,0,1071.07,1302,17,1319,0,0,1254.66
ce94b06a6dba78e3178c,735,haiku-4-5,managed-prompt,subtitle,nb,it,Hvis vi fortsetter ettersøkningen så vil vi bruke opp alt drivstoffet vårt.,"Signore, per continuare le ricerche dovremo usare tutto il carburante.","{""c"":""Se continuiamo la ricerca, consumeremo tutto il nostro carburante.""}","Se continuiamo la ricerca, consumeremo tutto il nostro carburante.",False,1,0,True,True,False,True,,True,,True,"{""reason"":""detector_match"",""detected"":""it"",""confidence"":1.0}",True,[],[],True,,"{""errors"":[]}",True,[],True,1,0,True,True,False,100,100,2489,26,2515,0,0,1339.44,1337,8,1345,0,0,1129.31
017589cdaf57105da4c2,736,haiku-4-5,managed-prompt,subtitle,nb,it,Tror du de er døde?,"Secondo te, sono morti?","{""c"":""Credi che siano morti?""}",Credi che siano morti?,False,1,0,True,True,False,True,,True,,True,"{""reason"":""detector_match"",""detected"":""it"",""confidence"":1.0}",True,[],[],True,,"{""errors"":[]}",True,[],True,1,0,True,True,False,100,100,2473,15,2488,0,0,1328.93,1297,8,1305,0,0,1171.13
bef73ad043759f6f4562,737,haiku-4-5,managed-prompt,subtitle,nb,it,Hva skjedde?,Cos'è successo?,"{""c"":""Cosa è successo?""}",Cosa è successo?,False,1,0,True,True,False,True,,True,,True,"{""reason"":""detector_match"",""detected"":""it"",""confidence"":1.0}",True,[],[],True,,"{""errors"":[]}",True,[],True,1,0,True,True,False,100,100,2471,13,2484,0,0,1001.51,1293,8,1301,0,0,1183.53
beab473f5eca8e9cee8f,738,haiku-4-5,managed-prompt,subtitle,nb,it,Ja visst.,Certo.,"{""c"":""Sì, certo.""}","Sì, certo.",False,1,0,True,True,False,True,,True,,,"{""reason"":""too_short_for_language_detection"",""detected"":null,""confidence"":null}",True,[],[],True,,"{""errors"":[]}",True,[],True,1,0,True,True,False,100,100,2469,14,2483,0,0,1130.58,1287,8,1295,0,0,1407.17
c35689bdb09f308d5006,739,haiku-4-5,managed-prompt,subtitle,nb,it,Jeg er gift med en sexy Buzz Lightyear.,Praticamente sono sposata con un Buzz Lightyear sexy.,"{""c"":""Sono sposato con un sexy Buzz Lightyear.""}",Sono sposato con un sexy Buzz Lightyear.,False,1,0,True,True,False,True,,True,,,"{""reason"":""detector_inconclusive"",""detected"":""it"",""confidence"":0.7143}",True,[],[],True,,"{""errors"":[]}",True,[],True,1,0,True,True,False,100,100,2478,21,2499,0,0,1077.83,1315,8,1323,0,0,2656.65
fbc7b278d04f48930c12,740,haiku-4-5,managed-prompt,subtitle,nb,jp,"Min far ble ikke drept, han...",父さんは殺ろされたんじゃない,"{""c"":""私の父は殺されませんでした、彼は...""}",私の父は殺されませんでした、彼は...,False,1,0,True,True,False,True,,True,,True,"{""reason"":""target_script_present"",""detected"":""ja"",""confidence"":1.0}",True,[],[],True,,"{""errors"":[{""category"":""fluency"",""severity"":""minor""},{""category"":""tone"",""severity"":""minor""}]}",True,"[{""category"":""fluency"",""severity"":""minor""},{""category"":""tone"",""severity"":""minor""}]",True,1,0,True,True,False,94,94,2474,23,2497,0,0,1273.76,1315,27,1342,0,0,2700.13
6f1c0b30aad4297ea719,741,haiku-4-5,managed-prompt,subtitle,nb,jp,- Nei.,- いや,"{""c"":""いいえ。""}",いいえ。,False,1,0,True,True,False,True,,True,,True,"{""reason"":""target_script_present"",""detected"":""ja"",""confidence"":1.0}",True,[],[],True,,"{""errors"":[]}",True,[],True,1,0,True,True,False,100,100,2468,12,2480,0,0,1000.54,1285,8,1293,0,0,1286.03
ce41150d4ef35f22c8e2,742,haiku-4-5,managed-prompt,subtitle,nb,jp,Det går bra nå.,もう大丈夫,"{""c"":""今は大丈夫です。""}",今は大丈夫です。,False,1,0,True,True,False,True,,True,,True,"{""reason"":""target_script_present"",""detected"":""ja"",""confidence"":1.0}",True,[],[],True,,"{""errors"":[]}",True,[],True,1,0,True,True,False,100,100,2471,16,2487,0,0,1061.24,1296,8,1304,0,0,1267.02
3e577a78cf1da9fc39b6,743,haiku-4-5,managed-prompt,subtitle,nb,jp,Som meg Jeg er armener.,私のようにね 私はアルメニア人だ,"{""c"":""私です。私はアルメニア人です。""}",私です。私はアルメニア人です。,False,1,0,True,True,False,True,,True,,True,"{""reason"":""target_script_present"",""detected"":""ja"",""confidence"":1.0}",True,[],[],True,,"{""errors"":[{""category"":""accuracy"",""severity"":""major""},{""category"":""tone"",""severity"":""minor""}]}",False,"[{""category"":""accuracy"",""severity"":""major""},{""category"":""tone"",""severity"":""minor""}]",True,1,0,True,True,False,82,82,2472,20,2492,0,0,1064.96,1310,26,1336,0,0,1347.81
b86dc047268fa7dac012,744,haiku-4-5,managed-prompt,subtitle,nb,jp,-Kom igjen. Jeg fikk ikke nummeret ditt!,君の番号を聞いてない,"{""c"":""早く!君の番号をもらってない!""}",早く!君の番号をもらってない!,False,1,0,True,True,False,True,,True,,True,"{""reason"":""target_script_present"",""detected"":""ja"",""confidence"":1.0}",True,[],[],True,,"{""errors"":[{""category"":""accuracy"",""severity"":""minor""}]}",True,"[{""category"":""accuracy"",""severity"":""minor""}]",True,1,0,True,True,False,97,97,2482,20,2502,0,0,1089.33,1312,17,1329,0,0,1283.17
22faab3e6b4d18d599d9,745,haiku-4-5,managed-prompt,subtitle,nb,jp,Og jeg er klar for det.,準備は出来てる,"{""c"":""そして私はそれの準備ができています。""}",そして私はそれの準備ができています。,False,1,0,True,True,False,True,,True,,True,"{""reason"":""target_script_present"",""detected"":""ja"",""confidence"":1.0}",True,[],[],True,,"{""errors"":[{""category"":""fluency"",""severity"":""minor""}]}",True,"[{""category"":""fluency"",""severity"":""minor""}]",True,1,0,True,True,False,97,97,2473,20,2493,0,0,1134.19,1302,18,1320,0,0,1316.4
78ced820c250dca8309e,746,haiku-4-5,managed-prompt,subtitle,nb,jp,Stå på.,続けろ,"{""c"":""スタンバイ""}",スタンバイ,False,1,0,True,True,False,True,,True,,True,"{""reason"":""target_script_present"",""detected"":""ja"",""confidence"":1.0}",True,[],[],True,,"{""errors"":[{""category"":""accuracy"",""severity"":""major""}]}",False,"[{""category"":""accuracy"",""severity"":""major""}]",True,1,0,True,True,False,85,85,2469,13,2482,0,0,921.43,1288,17,1305,0,0,1157.65
7bbd9e280060e28fc709,747,haiku-4-5,managed-prompt,subtitle,nb,jp,Bare hyggelig.,礼ならいいよ,"{""c"":""素敵ですね。""}",素敵ですね。,False,1,0,True,True,False,True,,True,,True,"{""reason"":""target_script_present"",""detected"":""ja"",""confidence"":1.0}",True,[],[],True,,"{""errors"":[{""category"":""accuracy"",""severity"":""major""}]}",False,"[{""category"":""accuracy"",""severity"":""major""}]",True,1,0,True,True,False,85,85,2470,14,2484,0,0,1054.51,1294,17,1311,0,0,1328.98
a76b6a1f78837c3248e9,748,haiku-4-5,managed-prompt,subtitle,nb,jp,Ingenting!,何も！,"{""c"":""何もない!""}",何もない!,False,1,0,True,True,False,True,,True,,True,"{""reason"":""target_script_present"",""detected"":""ja"",""confidence"":1.0}",True,[],[],True,,"{""errors"":[]}",True,[],True,1,0,True,True,False,100,100,2468,11,2479,0,0,1131.2,1283,8,1291,0,0,1196.98
527bf14df1cd166fafda,749,haiku-4-5,managed-prompt,subtitle,nb,jp,"Jeg forutså ikke hvor vanskelig de siste 15 årene har vært for meg, hvor mye jeg ville komme til å elske å arbeide sammen med deg.",全く予想しなかった 15年前の失敗と同じくらい... 君と共に働くのが 好きになった,"{""c"":""ここ15年がこんなに大変になるとは予想できませんでした。あなたと一緒に働くことがこんなに好きになるなんて。""}",ここ15年がこんなに大変になるとは予想できませんでした。あなたと一緒に働くことがこんなに好きになるなんて。,False,1,0,True,True,False,True,,True,,True,"{""reason"":""target_script_present"",""detected"":""ja"",""confidence"":1.0}",True,[],[],True,,"{""errors"":[]}",True,[],True,1,0,True,True,False,100,100,2506,55,2561,0,0,1448.34,1400,8,1408,0,0,1117.53
1da7ba54404189c677cf,750,haiku-4-5,managed-prompt,subtitle,nb,nl,Jeg bare sier det.,Ik zeg het alleen maar.,"{""c"":""Ik zeg het maar even.""}",Ik zeg het maar even.,False,1,0,True,True,False,True,,True,,True,"{""reason"":""detector_match"",""detected"":""nl"",""confidence"":1.0}",True,[],[],True,,"{""errors"":[]}",True,[],True,1,0,True,True,False,100,100,2471,16,2487,0,0,1155.06,1296,8,1304,0,0,1119.23
f0482f4c25223cc1374d,751,haiku-4-5,managed-prompt,subtitle,nb,nl,Ok.,Oké... oké.,"{""c"":""Oké.""}",Oké.,False,1,0,True,True,False,True,,True,,,"{""reason"":""too_short_for_language_detection"",""detected"":null,""confidence"":null}",True,[],[],True,,"{""errors"":[]}",True,[],True,1,0,True,True,False,100,100,2466,11,2477,0,0,1056.32,1284,8,1292,0,0,1236.84
a2669af8ed7f2c26af60,752,haiku-4-5,managed-prompt,subtitle,nb,nl,Tror du at du har et svar nå?,Denk je nu dat je het antwoord hebt?,"{""c"":""Denk je dat je nu een antwoord hebt?""}",Denk je dat je nu een antwoord hebt?,False,1,0,True,True,False,True,,True,,True,"{""reason"":""detector_match"",""detected"":""nl"",""confidence"":1.0}",True,[],[],True,,"{""errors"":[]}",True,[],True,1,0,True,True,False,100,100,2477,21,2498,0,0,1317.79,1314,8,1322,0,0,1305.77
346cc96255813d4fcc58,753,haiku-4-5,managed-prompt,subtitle,nb,nl,For skilsmissen min!,"Op mijn scheiding, ja.","{""c"":""Voor mijn scheiding!""}",Voor mijn scheiding!,False,1,0,True,True,False,True,,True,,True,"{""reason"":""detector_match"",""detected"":""nl"",""confidence"":1.0}",True,[],[],True,,"{""errors"":[]}",True,[],True,1,0,True,True,False,100,100,2470,13,2483,0,0,1069.22,1291,8,1299,0,0,1228.67
c6b4226c07576545d43e,754,haiku-4-5,managed-prompt,subtitle,nb,nl,Føles det bra?,Voel je je goed?,"{""c"":""Voelt het goed?""}",Voelt het goed?,False,1,0,True,True,False,True,,True,,True,"{""reason"":""detector_match"",""detected"":""nl"",""confidence"":1.0}",True,[],[],True,,"{""errors"":[]}",True,[],True,1,0,True,True,False,100,100,2471,14,2485,0,0,1141.18,1295,8,1303,0,0,1244.12
811797c59e7636a5ff61,755,haiku-4-5,managed-prompt,subtitle,nb,nl,For en tid siden ble det satt en belønning på Bill San Antonio.,Enige tijd geleden was er een beloning uit voor Bill San Antonio.,"{""c"":""Een tijdje geleden werd er een beloning op Bill San Antonio gezet.""}",Een tijdje geleden werd er een beloning op Bill San Antonio gezet.,False,1,0,True,True,False,True,,True,,True,"{""reason"":""detector_match"",""detected"":""nl"",""confidence"":1.0}",True,[],[],True,,"{""errors"":[]}",True,[],True,1,0,True,True,False,100,100,2482,24,2506,0,0,1228.33,1323,8,1331,0,0,1719.52
514ab6fded849ba78fed,756,haiku-4-5,managed-prompt,subtitle,nb,nl,Kom.,"Kom, dan gaan we.","{""c"":""Kom.""}",Kom.,False,1,0,True,True,False,True,,True,,,"{""reason"":""too_short_for_language_detection"",""detected"":null,""confidence"":null}",True,[],"[{""code"":""source_copy_suspected""}]",True,,"{""errors"":[]}",True,[],True,1,0,True,True,False,97,97,2467,10,2477,0,0,1025.65,1285,8,1293,0,0,1241.61
3b3e833bd062a9cb57aa,757,haiku-4-5,managed-prompt,subtitle,nb,nl,Det skjer.,Het gebeurt.,"{""c"":""Het gebeurt.""}",Het gebeurt.,False,1,0,True,True,False,True,,True,,True,"{""reason"":""detector_match"",""detected"":""nl"",""confidence"":1.0}",True,[],[],True,,"{""errors"":[]}",True,[],True,1,0,True,True,False,100,100,2468,11,2479,0,0,1049.7,1283,8,1291,0,0,1288.44
826982c2f9e10fa5912b,758,haiku-4-5,managed-prompt,subtitle,nb,nl,- Jamey?,- Jamey.,"{""c"":""- Jamey?""}",- Jamey?,False,1,0,True,True,False,True,,True,,,"{""reason"":""too_short_for_language_detection"",""detected"":null,""confidence"":null}",True,[],"[{""code"":""source_copy_suspected""}]",True,,"{""errors"":[]}",True,[],True,1,0,True,True,False,97,97,2469,12,2481,0,0,891.56,1288,8,1296,0,0,1207.74
b910567e0c3dea13206d,759,haiku-4-5,managed-prompt,subtitle,nb,nl,Ingen må hvile!,Niemand rust!,"{""c"":""Niemand mag rusten!""}",Niemand mag rusten!,False,1,0,True,True,False,True,,True,,True,"{""reason"":""detector_match"",""detected"":""nl"",""confidence"":0.8571}",True,[],[],True,,"{""errors"":[]}",True,[],True,1,0,True,True,False,100,100,2470,14,2484,0,0,1322.57,1289,8,1297,0,0,1220.21
5327c4dc0652e9247ab6,760,haiku-4-5,managed-prompt,tatoeba,da,de,Anden Verdenskrig begyndte i 1939.,Der Zweite Weltkrieg begann 1939.,"{""c"":""Der Zweite Weltkrieg begann 1939.""}",Der Zweite Weltkrieg begann 1939.,False,1,0,True,True,False,True,,True,,True,"{""reason"":""detector_match"",""detected"":""de"",""confidence"":1.0}",True,[],[],True,,"{""errors"":[]}",True,[],True,1,0,True,True,False,100,100,2478,21,2499,0,0,1081.34,1313,8,1321,0,0,1371.03
3eadbaee044e722b38d0,761,haiku-4-5,managed-prompt,tatoeba,da,de,På havet herskede der i går en voldsom søgang.,Auf dem Meer herrschte gestern starker Seegang.,"{""c"":""Gestern herrschte auf dem Meer ein heftiger Seegang.""}",Gestern herrschte auf dem Meer ein heftiger Seegang.,False,1,0,True,True,False,True,,True,,True,"{""reason"":""detector_match"",""detected"":""de"",""confidence"":1.0}",True,[],[],True,,"{""errors"":[]}",True,[],True,1,0,True,True,False,100,100,2480,26,2506,0,0,1129.81,1323,8,1331,0,0,1294.66
d3e9d8c75dcd71e7c817,762,haiku-4-5,managed-prompt,tatoeba,da,de,Det er ingen hemmelighed at Tom ikke kan lide Maria.,"Es ist kein Geheimnis, dass Tom Mary nicht mag.","{""c"":""Es ist kein Geheimnis, dass Tom Maria nicht mag.""}","Es ist kein Geheimnis, dass Tom Maria nicht mag.",False,1,0,True,True,False,True,,True,,True,"{""reason"":""detector_match"",""detected"":""de"",""confidence"":1.0}",True,[],[],True,,"{""errors"":[]}",True,[],True,1,0,True,True,False,100,100,2478,23,2501,0,0,1118.15,1317,8,1325,0,0,1257.15
4d34a4d0f451f9612309,763,haiku-4-5,managed-prompt,tatoeba,da,de,Han fik kørekort til lastbil mens han var inde som soldat.,Er hat bei der Bundeswehr seinen LKW-Führerschein gemacht.,"{""c"":""Han bekam seinen Lastkraftwagenschein, während er als Soldat im Dienst war.""}","Han bekam seinen Lastkraftwagenschein, während er als Soldat im Dienst war.",False,1,0,True,True,False,True,,True,,True,"{""reason"":""detector_match"",""detected"":""de"",""confidence"":1.0}",True,[],[],True,,"{""errors"":[{""category"":""fluency"",""severity"":""minor""}]}",True,"[{""category"":""fluency"",""severity"":""minor""}]",True,1,0,True,True,False,97,97,2482,32,2514,0,0,1277.98,1334,18,1352,0,0,1229.94
d91e396002ef301ec698,764,haiku-4-5,managed-prompt,tatoeba,da,de,Fransk er ikke mit modersmål.,Französisch ist nicht meine Muttersprache.,"{""c"":""Französisch ist nicht meine Muttersprache.""}",Französisch ist nicht meine Muttersprache.,False,1,0,True,True,False,True,,True,,True,"{""reason"":""detector_match"",""detected"":""de"",""confidence"":1.0}",True,[],[],True,,"{""errors"":[]}",True,[],True,1,0,True,True,False,100,100,2473,20,2493,0,0,1188.36,1306,8,1314,0,0,1262.22
12941a84d0f2a3a34d20,765,haiku-4-5,managed-prompt,tatoeba,da,de,Vi har opdaget en hemmelig gang.,Wir haben einen Geheimgang entdeckt.,"{""c"":""Wir haben einen geheimen Gang entdeckt.""}",Wir haben einen geheimen Gang entdeckt.,False,1,0,True,True,False,True,,True,,True,"{""reason"":""detector_match"",""detected"":""de"",""confidence"":1.0}",True,[],[],True,,"{""errors"":[]}",True,[],True,1,0,True,True,False,100,100,2474,20,2494,0,0,1085.73,1308,8,1316,0,0,1197.82
3b1a51d8a2e3a64f5fba,766,haiku-4-5,managed-prompt,tatoeba,da,de,Tom kunne ikke beslutte sig for om hans hund skulle hedde Cookie eller Pochi.,"Tom konnte sich nicht entscheiden, ob er seinen Hund Cookie oder Pochi nennen sollte.","{""c"":""Tom konnte sich nicht entscheiden, ob sein Hund Cookie oder Pochi heißen sollte.""}","Tom konnte sich nicht entscheiden, ob sein Hund Cookie oder Pochi heißen sollte.",False,1,0,True,True,False,True,,True,,True,"{""reason"":""detector_match"",""detected"":""de"",""confidence"":1.0}",True,[],[],True,,"{""errors"":[]}",True,[],True,1,0,True,True,False,100,100,2485,32,2517,0,0,1088.16,1342,8,1350,0,0,1229.51
45b428c4e32d3477b424,767,haiku-4-5,managed-prompt,tatoeba,da,de,Jeg har plantet et æbletræ i min have.,Ich habe einen Apfelbaum in meinen Garten gepflanzt.,"{""c"":""Ich habe einen Apfelbaum in meinem Garten gepflanzt.""}",Ich habe einen Apfelbaum in meinem Garten gepflanzt.,False,1,0,True,True,False,True,,True,,True,"{""reason"":""detector_match"",""detected"":""de"",""confidence"":1.0}",True,[],[],True,,"{""errors"":[]}",True,[],True,1,0,True,True,False,100,100,2479,28,2507,0,0,1002.33,1328,8,1336,0,0,1260.58
46622804ba5af92e7fac,768,haiku-4-5,managed-prompt,tatoeba,da,de,"Ved du hvad, Tom, du har ret!","Weißt du was, Tom? Du hast recht!","{""c"":""Weißt du was, Tom, du hast recht!""}","Weißt du was, Tom, du hast recht!",False,1,0,True,True,False,True,,True,,True,"{""reason"":""detector_match"",""detected"":""de"",""confidence"":1.0}",True,[],[],True,,"{""errors"":[]}",True,[],True,1,0,True,True,False,100,100,2475,22,2497,0,0,1023.38,1312,8,1320,0,0,1336.55
f06d7f57d82badd4918d,769,haiku-4-5,managed-prompt,tatoeba,da,de,Maria kom sidst.,Maria kam zuletzt.,"{""c"":""Maria kam zuletzt.""}",Maria kam zuletzt.,False,1,0,True,True,False,True,,True,,,"{""reason"":""detector_inconclusive"",""detected"":""sw"",""confidence"":0.7143}",True,[],[],True,,"{""errors"":[]}",True,[],True,1,0,True,True,False,100,100,2469,13,2482,0,0,864.42,1288,8,1296,0,0,1170.27
436c03a14a17411f3b8f,770,haiku-4-5,managed-prompt,tatoeba,da,en,I Amerika er der højrekørsel.,In America traffic keeps to the right.,"{""c"":""In America there is right-hand traffic.""}",In America there is right-hand traffic.,False,1,0,True,True,False,True,,True,,True,"{""reason"":""detector_match"",""detected"":""en"",""confidence"":1.0}",True,[],[],True,,"{""errors"":[]}",True,[],True,1,0,True,True,False,100,100,2473,16,2489,0,0,2434.8,1297,8,1305,0,0,1423.1
93e5831bbf92a9a48de9,771,haiku-4-5,managed-prompt,tatoeba,da,en,Tom tog imod udfordringen.,Tom accepted the challenge.,"{""c"":""Tom accepted the challenge.""}",Tom accepted the challenge.,False,1,0,True,True,False,True,,True,,True,"{""reason"":""detector_match"",""detected"":""en"",""confidence"":1.0}",True,[],[],True,,"{""errors"":[]}",True,[],True,1,0,True,True,False,100,100,2472,12,2484,0,0,1200.23,1289,8,1297,0,0,1291.25
d7b16b84ccdb0818e906,772,haiku-4-5,managed-prompt,tatoeba,da,en,Tom har små hænder.,Tom has tiny hands.,"{""c"":""Tom has small hands.""}",Tom has small hands.,False,1,0,True,True,False,True,,True,,True,"{""reason"":""detector_match"",""detected"":""en"",""confidence"":1.0}",True,[],[],True,,"{""errors"":[]}",True,[],True,1,0,True,True,False,100,100,2471,12,2483,0,0,1156.39,1288,8,1296,0,0,1169.62
8d7f64e570d290816ecc,773,haiku-4-5,managed-prompt,tatoeba,da,en,Hvad tid starter rodeoen?,What time does the rodeo start?,"{""c"":""What time does the rodeo start?""}",What time does the rodeo start?,False,1,0,True,True,False,True,,True,,True,"{""reason"":""detector_match"",""detected"":""en"",""confidence"":1.0}",True,[],[],True,,"{""errors"":[]}",True,[],True,1,0,True,True,False,100,100,2473,15,2488,0,0,1165.01,1298,8,1306,0,0,1126.93
25cfc4c5edabafb32187,774,haiku-4-5,managed-prompt,tatoeba,da,en,Jeg troede at Tom var rig.,I thought that Tom was rich.,"{""c"":""I thought Tom was rich.""}",I thought Tom was rich.,False,1,0,True,True,False,True,,True,,True,"{""reason"":""detector_match"",""detected"":""en"",""confidence"":1.0}",True,[],[],True,,"{""errors"":[]}",True,[],True,1,0,True,True,False,100,100,2474,13,2487,0,0,1113.94,1294,8,1302,0,0,1167.12
f4c47090151bb826fc20,775,haiku-4-5,managed-prompt,tatoeba,da,en,Er jeg i sikkerhed nu?,Am I safe now?,"{""c"":""Am I safe now?""}",Am I safe now?,False,1,0,True,True,False,True,,True,,True,"{""reason"":""detector_match"",""detected"":""en"",""confidence"":1.0}",True,[],[],True,,"{""errors"":[]}",True,[],True,1,0,True,True,False,100,100,2472,12,2484,0,0,1139.08,1291,8,1299,0,0,1190.88
5cac1c6290cfe2b466ac,776,haiku-4-5,managed-prompt,tatoeba,da,en,Kan I ikke gøre det?,Can't you do that?,"{""c"":""Can I not do it?""}",Can I not do it?,False,1,0,True,True,False,True,,True,,True,"{""reason"":""detector_match"",""detected"":""en"",""confidence"":0.8571}",True,[],[],True,,"{""errors"":[{""category"":""accuracy"",""severity"":""major""}]}",False,"[{""category"":""accuracy"",""severity"":""major""}]",True,1,0,True,True,False,85,85,2473,13,2486,0,0,1076.67,1294,17,1311,0,0,1182.92
6ce16e5c7050fa7d3b20,777,haiku-4-5,managed-prompt,tatoeba,da,en,Åbn døren.,Open the door.,"{""c"":""Open the door.""}",Open the door.,False,1,0,True,True,False,True,,True,,,"{""reason"":""detector_mismatch_uncertain"",""detected"":""nl"",""confidence"":1.0}",True,[],[],True,,"{""errors"":[]}",True,[],True,1,0,True,True,False,100,100,2470,11,2481,0,0,981.39,1285,8,1293,0,0,1216.92
d8fc7ca45840dcfc7074,778,haiku-4-5,managed-prompt,tatoeba,da,en,Har du besluttet hvor du vil holde juleaften?,Have you decided where you're going to celebrate Christmas Eve?,"{""c"":""Have you decided where you'll spend Christmas Eve?""}",Have you decided where you'll spend Christmas Eve?,False,1,0,True,True,False,True,,True,,True,"{""reason"":""detector_match"",""detected"":""en"",""confidence"":1.0}",True,[],[],True,,"{""errors"":[]}",True,[],True,1,0,True,True,False,100,100,2479,17,2496,0,0,1155.38,1310,8,1318,0,0,1300.2
4d359ecf42d4baa41af8,779,haiku-4-5,managed-prompt,tatoeba,da,en,Alle har stemt.,Everyone has voted.,"{""c"":""Everyone has voted.""}",Everyone has voted.,False,1,0,True,True,False,True,,True,,True,"{""reason"":""detector_match"",""detected"":""en"",""confidence"":1.0}",True,[],[],True,,"{""errors"":[]}",True,[],True,1,0,True,True,False,100,100,2470,11,2481,0,0,901.75,1285,8,1293,0,0,1303.46
4f617d76e14eb1ef58ea,780,haiku-4-5,managed-prompt,tatoeba,da,es,Han har oversat Homer fra græsk til engelsk.,Él tradujo a Homero del griego al inglés.,"{""c"":""Él ha traducido a Homero del griego al inglés.""}",Él ha traducido a Homero del griego al inglés.,False,1,0,True,True,False,True,,True,,True,"{""reason"":""detector_match"",""detected"":""es"",""confidence"":1.0}",True,[],[],True,,"{""errors"":[]}",True,[],True,1,0,True,True,False,100,100,2475,23,2498,0,0,1154.5,1313,8,1321,0,0,1167.64
d07e72df87e6b064b708,781,haiku-4-5,managed-prompt,tatoeba,da,es,Katten sover på en stol.,El gato duerme en una silla.,"{""c"":""El gato duerme en una silla.""}",El gato duerme en una silla.,False,1,0,True,True,False,True,,True,,True,"{""reason"":""detector_match"",""detected"":""es"",""confidence"":1.0}",True,[],[],True,,"{""errors"":[]}",True,[],True,1,0,True,True,False,100,100,2474,18,2492,0,0,1090.51,1303,8,1311,0,0,1261.23
9fbd728b8feadc5f5264,782,haiku-4-5,managed-prompt,tatoeba,da,es,Du kan spise morgenmaden mellem klokken syv og klokken ni.,Se puede desayunar entre las siete y las nueve.,"{""c"":""Puedes desayunar entre las siete y las nueve en punto.""}",Puedes desayunar entre las siete y las nueve en punto.,False,1,0,True,True,False,True,,True,,True,"{""reason"":""detector_match"",""detected"":""es"",""confidence"":1.0}",True,[],[],True,,"{""errors"":[]}",True,[],True,1,0,True,True,False,100,100,2483,25,2508,0,0,1230.23,1323,8,1331,0,0,1138.75
5db70a59173d5de6d9f3,783,haiku-4-5,managed-prompt,tatoeba,da,es,Vand består af brint og ilt.,El agua está compuesta de hidrógeno y oxígeno.,"{""c"":""El agua está compuesta de hidrógeno y oxígeno.""}",El agua está compuesta de hidrógeno y oxígeno.,False,1,0,True,True,False,True,,True,,True,"{""reason"":""detector_match"",""detected"":""es"",""confidence"":1.0}",True,[],[],True,,"{""errors"":[]}",True,[],True,1,0,True,True,False,100,100,2475,22,2497,0,0,1154.37,1312,8,1320,0,0,1092.97
648740d4ff6a773ca988,784,haiku-4-5,managed-prompt,tatoeba,da,es,Vi mødes her en gang om ugen.,Nos reunimos aquí una vez por semana.,"{""c"":""Nos reunimos aquí una vez a la semana.""}",Nos reunimos aquí una vez a la semana.,False,1,0,True,True,False,True,,True,,,"{""reason"":""detector_mismatch_uncertain"",""detected"":""ca"",""confidence"":1.0}",True,[],[],True,,"{""errors"":[]}",True,[],True,1,0,True,True,False,100,100,2474,20,2494,0,0,1069.46,1306,8,1314,0,0,1175.17
8de01c7afe783eeb4969,785,haiku-4-5,managed-prompt,tatoeba,da,es,Der blæste en kold vind.,Soplaba un viento frío.,"{""c"":""Soplaba un viento frío.""}",Soplaba un viento frío.,False,1,0,True,True,False,True,,True,,True,"{""reason"":""detector_match"",""detected"":""es"",""confidence"":1.0}",True,[],[],True,,"{""errors"":[]}",True,[],True,1,0,True,True,False,100,100,2474,17,2491,0,0,1031.77,1301,8,1309,0,0,1220.12
a703729c1f583d51f308,786,haiku-4-5,managed-prompt,tatoeba,da,es,"Det er dig hun elsker, ikke mig.","Es a ti a quien ella ama, no a mí.","{""c"":""Eres tú a quien ella ama, no a mí.""}","Eres tú a quien ella ama, no a mí.",False,1,0,True,True,False,True,,True,,,"{""reason"":""detector_mismatch_uncertain"",""detected"":""ca"",""confidence"":1.0}",True,[],[],True,,"{""errors"":[]}",True,[],True,1,0,True,True,False,100,100,2475,23,2498,0,0,1209.92,1312,8,1320,0,0,1278.22
3acdf9365b5ee1d55cd4,787,haiku-4-5,managed-prompt,tatoeba,da,es,Du er meget modig.,Eres muy valiente.,"{""c"":""Eres muy valiente.""}",Eres muy valiente.,False,1,0,True,True,False,True,,True,,,"{""reason"":""detector_inconclusive"",""detected"":""es"",""confidence"":0.7143}",True,[],[],True,,"{""errors"":[]}",True,[],True,1,0,True,True,False,100,100,2470,14,2484,0,0,1118.46,1291,8,1299,0,0,1126.18
3c5e86de1aa6256f1a26,788,haiku-4-5,managed-prompt,tatoeba,da,es,Han stod med hænderne i lommen.,Él estaba parado con las manos en los bolsillos.,"{""c"":""Estaba de pie con las manos en los bolsillos.""}",Estaba de pie con las manos en los bolsillos.,False,1,0,True,True,False,True,,True,,True,"{""reason"":""detector_match"",""detected"":""es"",""confidence"":1.0}",True,[],[],True,,"{""errors"":[]}",True,[],True,1,0,True,True,False,100,100,2475,22,2497,0,0,1187.35,1313,8,1321,0,0,1216.28
0073091707b6c420e65f,789,haiku-4-5,managed-prompt,tatoeba,da,es,Tag kniven og skær spidsen af.,Toma el cuchillo y córtale la punta.,"{""c"":""Coge el cuchillo y corta la punta.""}",Coge el cuchillo y corta la punta.,False,1,0,True,True,False,True,,True,,True,"{""reason"":""detector_match"",""detected"":""es"",""confidence"":1.0}",True,[],[],True,,"{""errors"":[]}",True,[],True,1,0,True,True,False,100,100,2475,21,2496,0,0,1247.23,1311,8,1319,0,0,1552.18
cc892488fc28196a1686,790,haiku-4-5,managed-prompt,tatoeba,da,fr,Det er ikke nødvendigt.,Ce n'est pas nécessaire.,"{""c"":""Ce n'est pas nécessaire.""}",Ce n'est pas nécessaire.,False,1,0,True,True,False,True,,True,,True,"{""reason"":""detector_match"",""detected"":""fr"",""confidence"":1.0}",True,[],[],True,,"{""errors"":[]}",True,[],True,1,0,True,True,False,100,100,2472,16,2488,0,0,1013.76,1297,8,1305,0,0,1142.74
f6b18694fa65843a3c58,791,haiku-4-5,managed-prompt,tatoeba,da,fr,Det er for varmt.,Il fait trop chaud.,"{""c"":""C'est trop chaud.""}",C'est trop chaud.,False,1,0,True,True,False,True,,True,,True,"{""reason"":""detector_match"",""detected"":""fr"",""confidence"":1.0}",True,[],[],True,,"{""errors"":[]}",True,[],True,1,0,True,True,False,100,100,2470,15,2485,0,0,948.6,1292,8,1300,0,0,1129.65
f7f813b216429309ecf4,792,haiku-4-5,managed-prompt,tatoeba,da,fr,Der er syv dage i en uge.,Il y a sept jours dans une semaine.,"{""c"":""Il y a sept jours dans une semaine.""}",Il y a sept jours dans une semaine.,False,1,0,True,True,False,True,,True,,True,"{""reason"":""detector_match"",""detected"":""fr"",""confidence"":1.0}",True,[],[],True,,"{""errors"":[]}",True,[],True,1,0,True,True,False,100,100,2475,18,2493,0,0,1081.04,1304,8,1312,0,0,1164.05
a4c7c6c1469648cd55ba,793,haiku-4-5,managed-prompt,tatoeba,da,fr,I dag er himlen blå og skyfri.,"Aujourd'hui, le ciel est bleu et sans nuages.","{""c"":""Aujourd'hui, le ciel est bleu et dégagé.""}","Aujourd'hui, le ciel est bleu et dégagé.",False,1,0,True,True,False,True,,True,,True,"{""reason"":""detector_match"",""detected"":""fr"",""confidence"":1.0}",True,[],[],True,,"{""errors"":[]}",True,[],True,1,0,True,True,False,100,100,2476,24,2500,0,0,1134.61,1316,8,1324,0,0,1209.76
5f9a25cd95fda06b8dae,794,haiku-4-5,managed-prompt,tatoeba,da,fr,Hvorfor stiller du spørgsmål som du allerede kender svaret på?,Pourquoi poses-tu cette question alors que tu connais déjà la réponse ?,"{""c"":""Pourquoi poses-tu des questions alors que tu connais déjà la réponse?""}",Pourquoi poses-tu des questions alors que tu connais déjà la réponse?,False,1,0,True,True,False,True,,True,,True,"{""reason"":""detector_match"",""detected"":""fr"",""confidence"":1.0}",True,[],[],True,,"{""errors"":[]}",True,[],True,1,0,True,True,False,100,100,2485,29,2514,0,0,1121.26,1339,8,1347,0,0,1053.06
5702b177f2ed4790fdb3,795,haiku-4-5,managed-prompt,tatoeba,da,fr,"Den Europæiske Union oprettes med det formål at gøre en ende på de mange blodige nabokrige, der kulminerede med den anden verdenskrig.",L'Union européenne a été créée dans le but de mettre fin aux guerres qui ont régulièrement ensanglanté le continent pour aboutir à la Seconde guerre mondiale.,"{""c"":""L'Union européenne est créée dans le but de mettre fin aux nombreuses guerres sanglantes entre voisins, qui ont culminé avec la Seconde Guerre mondiale.""}","L'Union européenne est créée dans le but de mettre fin aux nombreuses guerres sanglantes entre voisins, qui ont culminé avec la Seconde Guerre mondiale.",False,1,0,True,True,False,True,,True,,True,"{""reason"":""detector_match"",""detected"":""fr"",""confidence"":1.0}",True,[],[],True,,"{""errors"":[]}",True,[],True,1,0,True,True,False,100,100,2503,48,2551,0,0,1258.24,1393,8,1401,0,0,1795.54
2dea9190748bc35ff5b6,796,haiku-4-5,managed-prompt,tatoeba,da,fr,Hun har en hund og seks katte.,Elle a un chien et six chats.,"{""c"":""Elle a un chien et six chats.""}",Elle a un chien et six chats.,False,1,0,True,True,False,True,,True,,True,"{""reason"":""detector_match"",""detected"":""fr"",""confidence"":1.0}",True,[],[],True,,"{""errors"":[]}",True,[],True,1,0,True,True,False,100,100,2475,17,2492,0,0,1041.87,1302,8,1310,0,0,1177.76
e23084722c7699dee792,797,haiku-4-5,managed-prompt,tatoeba,da,fr,Selvfølgelig husker jeg dig.,Bien sûr que je me souviens de toi.,"{""c"":""Bien sûr, je me souviens de toi.""}","Bien sûr, je me souviens de toi.",False,1,0,True,True,False,True,,True,,True,"{""reason"":""detector_match"",""detected"":""fr"",""confidence"":1.0}",True,[],[],True,,"{""errors"":[]}",True,[],True,1,0,True,True,False,100,100,2475,22,2497,0,0,1047.18,1312,8,1320,0,0,2660.84
6d5f72da41eb4faa7a87,798,haiku-4-5,managed-prompt,tatoeba,da,fr,Der er en klar forskel mellem de to.,Il y a une nette différence entre ces deux-là.,"{""c"":""Il y a une nette différence entre les deux.""}",Il y a une nette différence entre les deux.,False,1,0,True,True,False,True,,True,,True,"{""reason"":""detector_match"",""detected"":""fr"",""confidence"":1.0}",True,[],[],True,,"{""errors"":[]}",True,[],True,1,0,True,True,False,100,100,2475,19,2494,0,0,1075.97,1308,8,1316,0,0,1251.4
99d94cb74de9a64594b0,799,haiku-4-5,managed-prompt,tatoeba,da,fr,Katten leger med en levende mus.,Le chat joue avec une souris vivante.,"{""c"":""Le chat joue avec une souris vivante.""}",Le chat joue avec une souris vivante.,False,1,0,True,True,False,True,,True,,True,"{""reason"":""detector_match"",""detected"":""fr"",""confidence"":1.0}",True,[],[],True,,"{""errors"":[]}",True,[],True,1,0,True,True,False,100,100,2475,18,2493,0,0,986.05,1304,8,1312,0,0,1167.45
186727213001390e7dc7,800,haiku-4-5,managed-prompt,tatoeba,da,it,Ja.,Sì.,"{""c"":""Sì.""}",Sì.,False,1,0,True,True,False,True,,True,,,"{""reason"":""too_short_for_language_detection"",""detected"":null,""confidence"":null}",True,[],[],True,,"{""errors"":[]}",True,[],True,1,0,True,True,False,100,100,2467,11,2478,0,0,967.12,1282,8,1290,0,0,1215.53
f8ba782e14c0cc65d09a,801,haiku-4-5,managed-prompt,tatoeba,da,it,Han er bøsse.,È gay.,"{""c"":""È gay.""}",È gay.,False,1,0,True,True,False,True,,True,,,"{""reason"":""too_short_for_language_detection"",""detected"":null,""confidence"":null}",True,[],[],True,,"{""errors"":[]}",True,[],True,1,0,True,True,False,100,100,2470,10,2480,0,0,1069.79,1283,8,1291,0,0,1126.72
0099ac8d4abfc0071166,802,haiku-4-5,managed-prompt,tatoeba,da,it,"De snakker ikke om det, men du kan se det.","Essi non ne parlano, ma si può vedere.","{""c"":""Non ne parlano, ma puoi vederlo.""}","Non ne parlano, ma puoi vederlo.",False,1,0,True,True,False,True,,True,,True,"{""reason"":""detector_match"",""detected"":""it"",""confidence"":1.0}",True,[],[],True,,"{""errors"":[]}",True,[],True,1,0,True,True,False,100,100,2478,19,2497,0,0,1118.94,1310,8,1318,0,0,1207.11
d86ac7b236cf0c116064,803,haiku-4-5,managed-prompt,tatoeba,da,it,Jeg er et menneske.,Sono una persona.,"{""c"":""Sono un essere umano.""}",Sono un essere umano.,False,1,0,True,True,False,True,,True,,,"{""reason"":""detector_inconclusive"",""detected"":""pt"",""confidence"":0.7143}",True,[],[],True,,"{""errors"":[]}",True,[],True,1,0,True,True,False,100,100,2471,14,2485,0,0,1124.58,1290,8,1298,0,0,1281.7
4884db2a5b5325f2ff1c,804,haiku-4-5,managed-prompt,tatoeba,da,it,Han studerer fransk og webdesign.,Studia francese e web design.,"{""c"":""Lui studia francese e web design.""}",Lui studia francese e web design.,False,1,0,True,True,False,True,,True,,True,"{""reason"":""detector_match"",""detected"":""it"",""confidence"":1.0}",True,[],[],True,,"{""errors"":[]}",True,[],True,1,0,True,True,False,100,100,2473,17,2490,0,0,1154.32,1299,8,1307,0,0,1300.2
112f160045a70c12ee14,805,haiku-4-5,managed-prompt,tatoeba,da,it,"Det er min skyld, ikke din.","È colpa mia, non vostra.","{""c"":""È colpa mia, non tua.""}","È colpa mia, non tua.",False,1,0,True,True,False,True,,True,,True,"{""reason"":""detector_match"",""detected"":""it"",""confidence"":1.0}",True,[],[],True,,"{""errors"":[]}",True,[],True,1,0,True,True,False,100,100,2473,17,2490,0,0,1000.03,1300,8,1308,0,0,1172.36
d585f039fc7c0846d68b,806,haiku-4-5,managed-prompt,tatoeba,da,it,Dette er et varsel som vi må tage alvorligt.,Questo è un avvertimento che dobbiamo prendere sul serio.,"{""c"":""Questo è un avviso che dobbiamo prendere sul serio.""}",Questo è un avviso che dobbiamo prendere sul serio.,False,1,0,True,True,False,True,,True,,True,"{""reason"":""detector_match"",""detected"":""it"",""confidence"":1.0}",True,[],[],True,,"{""errors"":[]}",True,[],True,1,0,True,True,False,100,100,2478,25,2503,0,0,1190.74,1321,8,1329,0,0,1254.88
79f17a58016291935200,807,haiku-4-5,managed-prompt,tatoeba,da,it,Vaccinen er særdeles effektiv.,Il vaccino è estremamente efficace.,"{""c"":""Il vaccino è particolarmente efficace.""}",Il vaccino è particolarmente efficace.,False,1,0,True,True,False,True,,True,,True,"{""reason"":""detector_match"",""detected"":""it"",""confidence"":1.0}",True,[],[],True,,"{""errors"":[]}",True,[],True,1,0,True,True,False,100,100,2475,17,2492,0,0,1063.32,1302,8,1310,0,0,1289.59
e5e5958af7d6e3f15760,808,haiku-4-5,managed-prompt,tatoeba,da,it,Auckland er en by i New Zealand.,Auckland è una città della Nuova Zelanda.,"{""c"":""Auckland è una città in Nuova Zelanda.""}",Auckland è una città in Nuova Zelanda.,False,1,0,True,True,False,True,,True,,True,"{""reason"":""detector_match"",""detected"":""it"",""confidence"":1.0}",True,[],[],True,,"{""errors"":[]}",True,[],True,1,0,True,True,False,100,100,2472,19,2491,0,0,1019.35,1303,8,1311,0,0,1135.83
ab3bb75e0cd5c413b7b9,809,haiku-4-5,managed-prompt,tatoeba,da,it,Hun er for gammel til ham.,Lei è troppo vecchia per lui.,"{""c"":""Lei è troppo vecchia per lui.""}",Lei è troppo vecchia per lui.,False,1,0,True,True,False,True,,True,,True,"{""reason"":""detector_match"",""detected"":""it"",""confidence"":1.0}",True,[],[],True,,"{""errors"":[]}",True,[],True,1,0,True,True,False,100,100,2472,16,2488,0,0,1251.54,1297,8,1305,0,0,1255.77
23f52811a13d39ee18b2,810,haiku-4-5,managed-prompt,tatoeba,da,jp,Må jeg bruge denne ordbog?,この辞書を使っても良いですか。,"{""c"":""この辞書を使ってもいいですか?""}",この辞書を使ってもいいですか?,False,1,0,True,True,False,True,,True,,True,"{""reason"":""target_script_present"",""detected"":""ja"",""confidence"":1.0}",True,[],[],True,,"{""errors"":[]}",True,[],True,1,0,True,True,False,100,100,2474,21,2495,0,0,1167.69,1311,8,1319,0,0,1114.85
0434962595a24c6213f8,811,haiku-4-5,managed-prompt,tatoeba,da,jp,Jeg kan ikke svare på så mange spørgsmål på én gang.,一度にそんなにたくさんの質問には答えられない。,"{""c"":""一度にそんなにたくさんの質問には答えられません。""}",一度にそんなにたくさんの質問には答えられません。,False,1,0,True,True,False,True,,True,,True,"{""reason"":""target_script_present"",""detected"":""ja"",""confidence"":1.0}",True,[],[],True,,"{""errors"":[]}",True,[],True,1,0,True,True,False,100,100,2482,27,2509,0,0,1243.14,1331,8,1339,0,0,1220.49
c08fcd62570a0b2d6006,812,haiku-4-5,managed-prompt,tatoeba,da,jp,Dette er et billede af min mor.,これが私の母の写真です。,"{""c"":""これは私の母の写真です。""}",これは私の母の写真です。,False,1,0,True,True,False,True,,True,,True,"{""reason"":""target_script_present"",""detected"":""ja"",""confidence"":1.0}",True,[],[],True,,"{""errors"":[]}",True,[],True,1,0,True,True,False,100,100,2473,17,2490,0,0,1007.36,1302,8,1310,0,0,1608.45
0d1975a6e08d3d124c45,813,haiku-4-5,managed-prompt,tatoeba,da,jp,Det er ikke os alle der kan tale engelsk.,我々全員が英語を話せるわけではない。,"{""c"":""英語を話せない人もいます。""}",英語を話せない人もいます。,False,1,0,True,True,False,True,,True,,True,"{""reason"":""target_script_present"",""detected"":""ja"",""confidence"":1.0}",True,[],[],True,,"{""errors"":[{""category"":""accuracy"",""severity"":""major""}]}",False,"[{""category"":""accuracy"",""severity"":""major""}]",True,1,0,True,True,False,85,85,2474,18,2492,0,0,1092.8,1310,17,1327,0,0,1220.14
01121de9b1172ba4f92b,814,haiku-4-5,managed-prompt,tatoeba,da,jp,Luk dine øjne.,目を閉じて。,"{""c"":""目を閉じてください。""}",目を閉じてください。,False,1,0,True,True,False,True,,True,,True,"{""reason"":""target_script_present"",""detected"":""ja"",""confidence"":1.0}",True,[],[],True,,"{""errors"":[{""category"":""tone"",""severity"":""minor""}]}",True,"[{""category"":""tone"",""severity"":""minor""}]",True,1,0,True,True,False,97,97,2473,15,2488,0,0,1064.21,1297,17,1314,0,0,1219.34
651d71b07f7a2b0cb97d,815,haiku-4-5,managed-prompt,tatoeba,da,jp,Jeg købte en masse bøger.,本をたくさん買った。,"{""c"":""私はたくさんの本を買いました。""}",私はたくさんの本を買いました。,False,1,0,True,True,False,True,,True,,True,"{""reason"":""target_script_present"",""detected"":""ja"",""confidence"":1.0}",True,[],[],True,,"{""errors"":[]}",True,[],True,1,0,True,True,False,100,100,2474,20,2494,0,0,1059.88,1305,8,1313,0,0,1213.47
ce1eabc28a53a8a5f0d0,816,haiku-4-5,managed-prompt,tatoeba,da,jp,En dag mødte jeg ham.,ある日、私は彼に会った。,"{""c"":""ある日、私は彼に会いました。""}",ある日、私は彼に会いました。,False,1,0,True,True,False,True,,True,,True,"{""reason"":""target_script_present"",""detected"":""ja"",""confidence"":1.0}",True,[],[],True,,"{""errors"":[]}",True,[],True,1,0,True,True,False,100,100,2471,20,2491,0,0,1140.72,1305,8,1313,0,0,1227.33
4f88a127d1a64a8fe955,817,haiku-4-5,managed-prompt,tatoeba,da,jp,I går var det torsdag.,昨日は木曜日だった。,"{""c"":""昨日は木曜日でした。""}",昨日は木曜日でした。,False,1,0,True,True,False,True,,True,,True,"{""reason"":""target_script_present"",""detected"":""ja"",""confidence"":1.0}",True,[],[],True,,"{""errors"":[]}",True,[],True,1,0,True,True,False,100,100,2472,18,2490,0,0,1078.93,1303,8,1311,0,0,1221.29
56e1f2aa161b2d1372a8,818,haiku-4-5,managed-prompt,tatoeba,da,jp,Fugle lægger æg.,鳥は卵を産む。,"{""c"":""鳥が卵を産む。""}",鳥が卵を産む。,False,1,0,True,True,False,True,,True,,True,"{""reason"":""target_script_present"",""detected"":""ja"",""confidence"":1.0}",True,[],[],True,,"{""errors"":[{""category"":""fluency"",""severity"":""minor""}]}",True,"[{""category"":""fluency"",""severity"":""minor""}]",True,1,0,True,True,False,97,97,2473,17,2490,0,0,1113.67,1302,18,1320,0,0,1332.94
6b0acffee2cc4ad25a89,819,haiku-4-5,managed-prompt,tatoeba,da,jp,Han leder efter et job.,彼は職を探している。,"{""c"":""彼は仕事を探しています。""}",彼は仕事を探しています。,False,1,0,True,True,False,True,,True,,True,"{""reason"":""target_script_present"",""detected"":""ja"",""confidence"":1.0}",True,[],[],True,,"{""errors"":[]}",True,[],True,1,0,True,True,False,100,100,2471,18,2489,0,0,1130.89,1299,8,1307,0,0,1217.24
a914de610beae2c77b29,820,haiku-4-5,managed-prompt,tatoeba,da,nl,Stop!,Stop!,"{""c"":""Stop!""}",Stop!,False,1,0,True,True,False,True,,True,,,"{""reason"":""too_short_for_language_detection"",""detected"":null,""confidence"":null}",True,[],[],True,,"{""errors"":[]}",True,[],True,1,0,True,True,False,100,100,2466,9,2475,0,0,1091.59,1277,8,1285,0,0,2667.54
71ca04326ebe2e31ce4f,821,haiku-4-5,managed-prompt,tatoeba,da,nl,"Han lader altid vinduet være åbent, når han sover.",Hij laat altijd het venster open als hij slaapt.,"{""c"":""Hij laat het raam altijd open wanneer hij slaapt.""}",Hij laat het raam altijd open wanneer hij slaapt.,False,1,0,True,True,False,True,,True,,True,"{""reason"":""detector_match"",""detected"":""nl"",""confidence"":1.0}",True,[],[],True,,"{""errors"":[]}",True,[],True,1,0,True,True,False,100,100,2482,23,2505,0,0,1157.8,1320,8,1328,0,0,1196.37
b1d26c7dc97273870cef,822,haiku-4-5,managed-prompt,tatoeba,da,nl,De respekterer ham.,Ze respecteren hem.,"{""c"":""Ze respecteren hem.""}",Ze respecteren hem.,False,1,0,True,True,False,True,,True,,True,"{""reason"":""detector_match"",""detected"":""nl"",""confidence"":1.0}",True,[],[],True,,"{""errors"":[]}",True,[],True,1,0,True,True,False,100,100,2470,12,2482,0,0,1044.4,1287,8,1295,0,0,1056.82
7cfcd04a3a849f967a24,823,haiku-4-5,managed-prompt,tatoeba,da,nl,Tom tager ikke sit arbejde ret alvorligt.,Tom neemt zijn baan niet erg serieus.,"{""c"":""Tom neemt zijn werk niet erg serieus.""}",Tom neemt zijn werk niet erg serieus.,False,1,0,True,True,False,True,,True,,True,"{""reason"":""detector_match"",""detected"":""nl"",""confidence"":1.0}",True,[],[],True,,"{""errors"":[]}",True,[],True,1,0,True,True,False,100,100,2476,19,2495,0,0,1190.18,1308,8,1316,0,0,1231.16
9481f7775922e2f00bf3,824,haiku-4-5,managed-prompt,tatoeba,da,nl,Hun ryger 20 cigaretter om dagen.,Ze rookt twintig sigaretten per dag.,"{""c"":""Ze rookt 20 sigaretten per dag.""}",Ze rookt 20 sigaretten per dag.,False,1,0,True,True,False,True,,True,,,"{""reason"":""detector_inconclusive"",""detected"":""sv"",""confidence"":0.5714}",True,[],[],True,,"{""errors"":[{""category"":""preservation"",""severity"":""minor""}]}",True,"[{""category"":""preservation"",""severity"":""minor""}]",True,1,0,True,True,False,97,97,2476,19,2495,0,0,1120.26,1307,17,1324,0,0,1214.19
66939d960d7cd2be205a,825,haiku-4-5,managed-prompt,tatoeba,da,nl,Hvor er nærmeste bank?,Waar is de dichtstbijzijnde bank?,"{""c"":""Waar is de dichtstbijzijnde bank?""}",Waar is de dichtstbijzijnde bank?,False,1,0,True,True,False,True,,True,,True,"{""reason"":""detector_match"",""detected"":""nl"",""confidence"":1.0}",True,[],[],True,,"{""errors"":[]}",True,[],True,1,0,True,True,False,100,100,2472,20,2492,0,0,1006.35,1307,8,1315,0,0,1436.18
9dc7ff6f9698387d7fb9,826,haiku-4-5,managed-prompt,tatoeba,da,nl,Jeg kan godt lide at skrive digte.,Ik schrijf graag gedichten.,"{""c"":""Ik hou ervan om gedichten te schrijven.""}",Ik hou ervan om gedichten te schrijven.,False,1,0,True,True,False,True,,True,,True,"{""reason"":""detector_match"",""detected"":""nl"",""confidence"":1.0}",True,[],[],True,,"{""errors"":[]}",True,[],True,1,0,True,True,False,100,100,2477,21,2498,0,0,1190.55,1308,8,1316,0,0,1262.84
143c98599f0d52b32b3e,827,haiku-4-5,managed-prompt,tatoeba,da,nl,Jeg har hovedpine.,Ik heb hoofdpijn.,"{""c"":""Ik heb hoofdpijn.""}",Ik heb hoofdpijn.,False,1,0,True,True,False,True,,True,,True,"{""reason"":""detector_match"",""detected"":""nl"",""confidence"":1.0}",True,[],[],True,,"{""errors"":[]}",True,[],True,1,0,True,True,False,100,100,2471,16,2487,0,0,1056.29,1296,8,1304,0,0,1196.39
e524190fed15acad1362,828,haiku-4-5,managed-prompt,tatoeba,da,nl,Hvordan har din kone det?,Hoe gaat het met je vrouw?,"{""c"":""Hoe gaat het met je vrouw?""}",Hoe gaat het met je vrouw?,False,1,0,True,True,False,True,,True,,True,"{""reason"":""detector_match"",""detected"":""nl"",""confidence"":1.0}",True,[],[],True,,"{""errors"":[]}",True,[],True,1,0,True,True,False,100,100,2473,18,2491,0,0,1171.5,1304,8,1312,0,0,1050.22
dfd60d7e99a330418543,829,haiku-4-5,managed-prompt,tatoeba,da,nl,Han lovede mig at komme tidligt.,Hij beloofde me om vroeg te komen.,"{""c"":""Hij beloofde me vroeg te komen.""}",Hij beloofde me vroeg te komen.,False,1,0,True,True,False,True,,True,,True,"{""reason"":""detector_match"",""detected"":""nl"",""confidence"":1.0}",True,[],[],True,,"{""errors"":[]}",True,[],True,1,0,True,True,False,100,100,2475,18,2493,0,0,1180.09,1305,8,1313,0,0,1132.68
3c9a7e5cee93a3b4b990,830,haiku-4-5,managed-prompt,tatoeba,da,nb,Han stiller hele tiden dumme spørgsmål.,Han spør stadig dumme spørsmål.,"{""c"":""Han stiller hele tiden dumme spørsmål.""}",Han stiller hele tiden dumme spørsmål.,False,1,0,True,True,False,True,,True,,,"{""reason"":""detector_mismatch_uncertain"",""detected"":""da"",""confidence"":1.0}",True,[],[],True,,"{""errors"":[]}",True,[],True,1,0,True,True,False,100,100,2477,19,2496,0,0,1139.44,1308,8,1316,0,0,1264.99
7fdf5356c53cbb373acc,831,haiku-4-5,managed-prompt,tatoeba,da,nb,Hun begyndte at synge.,Hun begynte å synge.,"{""c"":""Hun begynte å synge.""}",Hun begynte å synge.,False,1,0,True,True,False,True,,True,,True,"{""reason"":""detector_match"",""detected"":""no"",""confidence"":1.0}",True,[],[],True,,"{""errors"":[]}",True,[],True,1,0,True,True,False,100,100,2472,15,2487,0,0,1061.48,1295,8,1303,0,0,2636.54
8b7348ed7afd19acde60,832,haiku-4-5,managed-prompt,tatoeba,da,nb,Dette er et varsel som vi må tage alvorligt.,Dette er et varsel som vi må ta på alvor.,"{""c"":""Dette er en advarsel som vi må ta alvorlig.""}",Dette er en advarsel som vi må ta alvorlig.,False,1,0,True,True,False,True,,True,,True,"{""reason"":""detector_match"",""detected"":""no"",""confidence"":1.0}",True,[],[],True,,"{""errors"":[]}",True,[],True,1,0,True,True,False,100,100,2478,21,2499,0,0,1391.77,1312,8,1320,0,0,1055.8
bd08814a42fc44e61a34,833,haiku-4-5,managed-prompt,tatoeba,da,nb,Hans barnlige latter er charmerende.,Hans barnslige latter er sjarmerende.,"{""c"":""Hans barnlige latter er charmerende.""}",Hans barnlige latter er charmerende.,False,1,0,True,True,False,True,,True,,,"{""reason"":""detector_mismatch_uncertain"",""detected"":""da"",""confidence"":1.0}",False,"[{""code"":""source_copied""}]",[],True,,"{""errors"":[{""category"":""accuracy"",""severity"":""critical""},{""category"":""fluency"",""severity"":""critical""}]}",False,"[{""category"":""accuracy"",""severity"":""critical""},{""category"":""fluency"",""severity"":""critical""}]",True,1,0,True,True,False,20,20,2473,16,2489,0,0,898.55,1299,27,1326,0,0,1401.09
02a327c255af83d02e94,834,haiku-4-5,managed-prompt,tatoeba,da,nb,Denne by er kold og ensom uden dig.,Denne byen er kald og ensom uten deg.,"{""c"":""Denne byen er kald og ensom uten deg.""}",Denne byen er kald og ensom uten deg.,False,1,0,True,True,False,True,,True,,True,"{""reason"":""detector_match"",""detected"":""no"",""confidence"":1.0}",True,[],[],True,,"{""errors"":[]}",True,[],True,1,0,True,True,False,100,100,2476,20,2496,0,0,1052.62,1309,8,1317,0,0,1277.84
14d84e0de3d6d52fbddd,835,haiku-4-5,managed-prompt,tatoeba,da,nb,Jeg stod sent op i dag til morgen.,Jeg sto opp sent i dag morges.,"{""c"":""Jeg sto opp sent i dag tidlig om morgenen.""}",Jeg sto opp sent i dag tidlig om morgenen.,False,1,0,True,True,False,True,,True,,True,"{""reason"":""detector_match"",""detected"":""no"",""confidence"":1.0}",True,[],[],True,,"{""errors"":[{""category"":""fluency"",""severity"":""minor""}]}",True,"[{""category"":""fluency"",""severity"":""minor""}]",True,1,0,True,True,False,97,97,2476,22,2498,0,0,1144.79,1310,18,1328,0,0,1234.98
0394db6117aa31c393a9,836,haiku-4-5,managed-prompt,tatoeba,da,nb,Jeg har altid ønsket at møde dig.,Jeg har alltid ville møte deg.,"{""c"":""Jeg har alltid ønsket å møte deg.""}",Jeg har alltid ønsket å møte deg.,False,1,0,True,True,False,True,,True,,True,"{""reason"":""detector_match"",""detected"":""no"",""confidence"":1.0}",True,[],[],True,,"{""errors"":[]}",True,[],True,1,0,True,True,False,100,100,2477,20,2497,0,0,1045.92,1307,8,1315,0,0,1091.73
f7eb03e62c829504ce5e,837,haiku-4-5,managed-prompt,tatoeba,da,nb,Du hjalp mig ikke.,Du hjalp meg ikke.,"{""c"":""Du hjalp meg ikke.""}",Du hjalp meg ikke.,False,1,0,True,True,False,True,,True,,,"{""reason"":""detector_inconclusive"",""detected"":""no"",""confidence"":0.5714}",True,[],[],True,,"{""errors"":[]}",True,[],True,1,0,True,True,False,100,100,2472,14,2486,0,0,1023.25,1293,8,1301,0,0,1436.91
29b8102460e09efcbd50,838,haiku-4-5,managed-prompt,tatoeba,da,nb,Ankommer de klokken seks eller klokken syv?,Kommer du klokken seks eller klokken syv?,"{""c"":""Ankommer de klokken seks eller klokken syv?""}",Ankommer de klokken seks eller klokken syv?,False,1,0,True,True,False,True,,True,,True,"{""reason"":""detector_match"",""detected"":""no"",""confidence"":1.0}",False,"[{""code"":""source_copied""}]",[],True,,"{""errors"":[]}",True,[],True,1,0,True,True,False,100,100,2480,23,2503,0,0,1007.25,1320,8,1328,0,0,1146.01
14c10ca363f12bbb50a5,839,haiku-4-5,managed-prompt,tatoeba,da,nb,"Tag den du bedst kan lide, lige meget hvilken det er.","Ta den du liker best, samme hvilken det er.","{""c"":""Merk dagen du liker best, uansett hvilken det er.""}","Merk dagen du liker best, uansett hvilken det er.",False,1,0,True,True,False,True,,True,,True,"{""reason"":""detector_match"",""detected"":""no"",""confidence"":1.0}",True,[],[],True,,"{""errors"":[]}",True,[],True,1,0,True,True,False,100,100,2480,24,2504,0,0,1321.25,1317,8,1325,0,0,1249.72
5bc107f2e672e146cd24,840,haiku-4-5,managed-prompt,tatoeba,de,da,Der Zweite Weltkrieg begann 1939.,Anden Verdenskrig begyndte i 1939.,"{""c"":""Anden Verdenskrig begyndte i 1939.""}",Anden Verdenskrig begyndte i 1939.,False,1,0,True,True,False,True,,True,,True,"{""reason"":""detector_match"",""detected"":""da"",""confidence"":1.0}",True,[],[],True,,"{""errors"":[]}",True,[],True,1,0,True,True,False,100,100,2478,21,2499,0,0,1330.98,1313,8,1321,0,0,2585.14
9f823aff9b5218ed6b16,841,haiku-4-5,managed-prompt,tatoeba,de,da,Auf dem Meer herrschte gestern starker Seegang.,På havet herskede der i går en voldsom søgang.,"{""c"":""Der var stærk sø i går på havet.""}",Der var stærk sø i går på havet.,False,1,0,True,True,False,True,,True,,,"{""reason"":""detector_inconclusive"",""detected"":""da"",""confidence"":0.5346}",True,[],[],True,,"{""errors"":[{""category"":""terminology"",""severity"":""minor""}]}",True,"[{""category"":""terminology"",""severity"":""minor""}]",True,1,0,True,True,False,97,97,2481,20,2501,0,0,1292.64,1317,17,1334,0,0,1288.58
a99948a416a960c898b1,842,haiku-4-5,managed-prompt,tatoeba,de,da,"Es ist kein Geheimnis, dass Tom Mary nicht mag.",Det er ingen hemmelighed at Tom ikke kan lide Maria.,"{""c"":""Det er ingen hemmelighed, at Tom ikke kan lide Mary.""}","Det er ingen hemmelighed, at Tom ikke kan lide Mary.",False,1,0,True,True,False,True,,True,,True,"{""reason"":""detector_match"",""detected"":""da"",""confidence"":1.0}",True,[],[],True,,"{""errors"":[]}",True,[],True,1,0,True,True,False,100,100,2480,22,2502,0,0,1296.01,1316,8,1324,0,0,1248.73
4481c01d82eb187c8694,843,haiku-4-5,managed-prompt,tatoeba,de,da,Er hat bei der Bundeswehr seinen LKW-Führerschein gemacht.,Han fik kørekort til lastbil mens han var inde som soldat.,"{""c"":""Han tog sit lastbil-kørekort i Bundeswehr.""}",Han tog sit lastbil-kørekort i Bundeswehr.,False,1,0,True,True,False,True,,True,,,"{""reason"":""detector_inconclusive"",""detected"":""da"",""confidence"":0.6067}",True,[],[],True,,"{""errors"":[]}",True,[],True,1,0,True,True,False,100,100,2484,23,2507,0,0,1215.07,1325,8,1333,0,0,1238.94
c976a3fc8b11a3b29d8a,844,haiku-4-5,managed-prompt,tatoeba,de,da,Französisch ist nicht meine Muttersprache.,Fransk er ikke mit modersmål.,"{""c"":""Fransk er ikke mit modersmål.""}",Fransk er ikke mit modersmål.,False,1,0,True,True,False,True,,True,,True,"{""reason"":""detector_match"",""detected"":""da"",""confidence"":1.0}",True,[],[],True,,"{""errors"":[]}",True,[],True,1,0,True,True,False,100,100,2477,16,2493,0,0,1220.59,1302,8,1310,0,0,1120.55
8e223ca139f9a3ed5455,845,haiku-4-5,managed-prompt,tatoeba,de,da,Wir haben einen Geheimgang entdeckt.,Vi har opdaget en hemmelig gang.,"{""c"":""Vi har opdaget en hemmeligt passage.""}",Vi har opdaget en hemmeligt passage.,False,1,0,True,True,False,True,,True,,True,"{""reason"":""detector_match"",""detected"":""da"",""confidence"":1.0}",True,[],[],True,,"{""errors"":[{""category"":""fluency"",""severity"":""major""},{""category"":""terminology"",""severity"":""minor""}]}",False,"[{""category"":""fluency"",""severity"":""major""},{""category"":""terminology"",""severity"":""minor""}]",True,1,0,True,True,False,82,82,2478,17,2495,0,0,1225.47,1305,27,1332,0,0,1344.23
0c2940f0dc33b56a8d2c,846,haiku-4-5,managed-prompt,tatoeba,de,da,"Tom konnte sich nicht entscheiden, ob er seinen Hund Cookie oder Pochi nennen sollte.",Tom kunne ikke beslutte sig for om hans hund skulle hedde Cookie eller Pochi.,"{""c"":""Tom kunne ikke bestemme sig for, om han skulle kalde sin hund Cookie eller Pochi.""}","Tom kunne ikke bestemme sig for, om han skulle kalde sin hund Cookie eller Pochi.",False,1,0,True,True,False,True,,True,,,"{""reason"":""detector_mismatch_uncertain"",""detected"":""no"",""confidence"":1.0}",True,[],[],True,,"{""errors"":[]}",True,[],True,1,0,True,True,False,100,100,2489,30,2519,0,0,1896.87,1340,8,1348,0,0,1194.57
677995c4f158d3821da0,847,haiku-4-5,managed-prompt,tatoeba,de,da,Ich habe einen Apfelbaum in meinen Garten gepflanzt.,Jeg har plantet et æbletræ i min have.,"{""c"":""Jeg har plantet et æbletræ i min have.""}",Jeg har plantet et æbletræ i min have.,False,1,0,True,True,False,True,,True,,True,"{""reason"":""detector_match"",""detected"":""da"",""confidence"":1.0}",True,[],[],True,,"{""errors"":[]}",True,[],True,1,0,True,True,False,100,100,2485,22,2507,0,0,1179.88,1322,8,1330,0,0,1383.71
21782847ee9ed2231836,848,haiku-4-5,managed-prompt,tatoeba,de,da,"Weißt du was, Tom? Du hast recht!","Ved du hvad, Tom, du har ret!","{""c"":""Du ved hvad, Tom? Du har ret!""}","Du ved hvad, Tom? Du har ret!",False,1,0,True,True,False,True,,True,,,"{""reason"":""detector_inconclusive"",""detected"":""no"",""confidence"":0.6604}",True,[],[],True,,"{""errors"":[]}",True,[],True,1,0,True,True,False,100,100,2479,18,2497,0,0,1121.08,1308,8,1316,0,0,1250.29
e6eca2defed4244a20fb,849,haiku-4-5,managed-prompt,tatoeba,de,da,Maria kam zuletzt.,Maria kom sidst.,"{""c"":""Maria kom sidst.""}",Maria kom sidst.,False,1,0,True,True,False,True,,True,,,"{""reason"":""detector_mismatch_uncertain"",""detected"":""sv"",""confidence"":1.0}",True,[],[],True,,"{""errors"":[]}",True,[],True,1,0,True,True,False,100,100,2470,12,2482,0,0,987.77,1287,8,1295,0,0,4026.55
60bb4236484af9897a88,850,haiku-4-5,managed-prompt,tatoeba,de,en,"Ich verstehe nicht, warum er sie nicht einfach fragt, ob sie mit ihm ausgeht.",I don't see why he doesn't just ask her out.,"{""c"":""I don't understand why he doesn't just ask her if she wants to go out with him.""}",I don't understand why he doesn't just ask her if she wants to go out with him.,False,1,0,True,True,False,True,,True,,True,"{""reason"":""detector_match"",""detected"":""en"",""confidence"":1.0}",True,[],[],True,,"{""errors"":[]}",True,[],True,1,0,True,True,False,100,100,2489,27,2516,0,0,2418.71,1329,8,1337,0,0,1151.65
b935a3cce66dacef017c,851,haiku-4-5,managed-prompt,tatoeba,de,en,Wir haben dort niemanden gesehen.,We didn't see anybody there.,"{""c"":""We didn't see anyone there.""}",We didn't see anyone there.,False,1,0,True,True,False,True,,True,,True,"{""reason"":""detector_match"",""detected"":""en"",""confidence"":1.0}",True,[],[],True,,"{""errors"":[]}",True,[],True,1,0,True,True,False,100,100,2474,14,2488,0,0,1087.03,1295,8,1303,0,0,1058.42
cd37d72bc8ad09f553a2,852,haiku-4-5,managed-prompt,tatoeba,de,en,Die Lebensqualität in München ist sehr hoch.,The quality of life in Munich is very high.,"{""c"":""The quality of life in Munich is very high.""}",The quality of life in Munich is very high.,False,1,0,True,True,False,True,,True,,True,"{""reason"":""detector_match"",""detected"":""en"",""confidence"":1.0}",True,[],[],True,,"{""errors"":[]}",True,[],True,1,0,True,True,False,100,100,2477,17,2494,0,0,1027.53,1304,8,1312,0,0,1263.84
e2d45ba623e341931004,853,haiku-4-5,managed-prompt,tatoeba,de,en,Wir mussten unsere Schulden abschreiben.,We had to write off the debt.,"{""c"":""We had to write off our debts.""}",We had to write off our debts.,False,1,0,True,True,False,True,,True,,True,"{""reason"":""detector_match"",""detected"":""en"",""confidence"":1.0}",True,[],[],True,,"{""errors"":[]}",True,[],True,1,0,True,True,False,100,100,2479,16,2495,0,0,1103.72,1303,8,1311,0,0,1705.65
a0aba4a0df0de6afcc4c,854,haiku-4-5,managed-prompt,tatoeba,de,en,Tom ist letztlich doch nicht nach Boston gefahren.,Tom didn't go to Boston after all.,"{""c"":""Tom ultimately didn't go to Boston after all.""}",Tom ultimately didn't go to Boston after all.,False,1,0,True,True,False,True,,True,,True,"{""reason"":""detector_match"",""detected"":""en"",""confidence"":0.8571}",True,[],[],True,,"{""errors"":[]}",True,[],True,1,0,True,True,False,100,100,2478,17,2495,0,0,1077.51,1304,8,1312,0,0,1237.92
d7eefd0d3f11222efedd,855,haiku-4-5,managed-prompt,tatoeba,de,en,Ich arbeite als Busfahrerin.,I work as a bus driver.,"{""c"":""I work as a bus driver.""}",I work as a bus driver.,False,1,0,True,True,False,True,,True,,True,"{""reason"":""detector_match"",""detected"":""en"",""confidence"":0.8571}",True,[],[],True,,"{""errors"":[]}",True,[],True,1,0,True,True,False,100,100,2475,14,2489,0,0,1050.24,1296,8,1304,0,0,1238.63
2ba1edcf12e9a653f8fe,856,haiku-4-5,managed-prompt,tatoeba,de,en,In dieser Straße kannst du deinen Wagen nicht parken.,You can't park your car in this road.,"{""c"":""You can't park your car on this street.""}",You can't park your car on this street.,False,1,0,True,True,False,True,,True,,True,"{""reason"":""detector_match"",""detected"":""en"",""confidence"":1.0}",True,[],[],True,,"{""errors"":[]}",True,[],True,1,0,True,True,False,100,100,2481,17,2498,0,0,1101.11,1308,8,1316,0,0,1302.36
77f6107ba87566582bf1,857,haiku-4-5,managed-prompt,tatoeba,de,en,"Ich glaube Naomi nicht. Ich glaube, sie lügt.",I don't believe Naomi. I think she's lying.,"{""c"":""I don't believe Naomi. I think she's lying.""}",I don't believe Naomi. I think she's lying.,False,1,0,True,True,False,True,,True,,True,"{""reason"":""detector_match"",""detected"":""en"",""confidence"":1.0}",True,[],[],True,,"{""errors"":[]}",True,[],True,1,0,True,True,False,100,100,2485,21,2506,0,0,1081.63,1320,8,1328,0,0,1234.69
e70b99b46c552b46a7b7,858,haiku-4-5,managed-prompt,tatoeba,de,en,Dienstliche Angelegenheiten sind niemals dringend.,Official business is never urgent.,"{""c"":""Official matters are never urgent.""}",Official matters are never urgent.,False,1,0,True,True,False,True,,True,,True,"{""reason"":""detector_match"",""detected"":""en"",""confidence"":1.0}",True,[],[],True,,"{""errors"":[]}",True,[],True,1,0,True,True,False,100,100,2481,13,2494,0,0,1082.76,1300,8,1308,0,0,1135.5
829a429fd44d4093a895,859,haiku-4-5,managed-prompt,tatoeba,de,en,Halt die Klappe und küss mich.,Shut up and kiss me.,"{""c"":""Shut up and kiss me.""}",Shut up and kiss me.,False,1,0,True,True,False,True,,True,,True,"{""reason"":""detector_match"",""detected"":""en"",""confidence"":1.0}",True,[],[],True,,"{""errors"":[]}",True,[],True,1,0,True,True,False,100,100,2477,14,2491,0,0,1024.2,1298,8,1306,0,0,1567.34
a91e2e6ef6638374587a,860,haiku-4-5,managed-prompt,tatoeba,de,es,"Wie kann ich einem Freund helfen, mit dem Rauchen aufzuhören?",¿Cómo puedo ayudar a un amigo a dejar de fumar?,"{""c"":""¿Cómo puedo ayudar a un amigo a dejar de fumar?""}",¿Cómo puedo ayudar a un amigo a dejar de fumar?,False,1,0,True,True,False,True,,True,,True,"{""reason"":""detector_match"",""detected"":""es"",""confidence"":1.0}",True,[],[],True,,"{""errors"":[]}",True,[],True,1,0,True,True,False,100,100,2486,29,2515,0,0,1105.72,1339,8,1347,0,0,1128.96
2dbecd2f0578903a64e9,861,haiku-4-5,managed-prompt,tatoeba,de,es,Wie viele Bücher liest du pro Monat?,¿Cuántos libros lees al mes?,"{""c"":""¿Cuántos libros lees por mes?""}",¿Cuántos libros lees por mes?,False,1,0,True,True,False,True,,True,,True,"{""reason"":""detector_match"",""detected"":""es"",""confidence"":1.0}",True,[],[],True,,"{""errors"":[]}",True,[],True,1,0,True,True,False,100,100,2479,20,2499,0,0,1050.13,1314,8,1322,0,0,1157.69
a5ec18d4efd352885ced,862,haiku-4-5,managed-prompt,tatoeba,de,es,Wir sind nicht jung.,No somos jóvenes.,"{""c"":""No somos jóvenes.""}",No somos jóvenes.,False,1,0,True,True,False,True,,True,,True,"{""reason"":""detector_match"",""detected"":""es"",""confidence"":1.0}",True,[],[],True,,"{""errors"":[]}",True,[],True,1,0,True,True,False,100,100,2471,15,2486,0,0,1091.08,1294,8,1302,0,0,1215.54
3ff88d0f675e2dbb4ad3,863,haiku-4-5,managed-prompt,tatoeba,de,es,Damals waren wir reich.,Entonces éramos ricos.,"{""c"":""Entonces éramos ricos.""}",Entonces éramos ricos.,False,1,0,True,True,False,True,,True,,,"{""reason"":""detector_mismatch_uncertain"",""detected"":""pt"",""confidence"":1.0}",True,[],[],True,,"{""errors"":[]}",True,[],True,1,0,True,True,False,100,100,2472,14,2486,0,0,1039.6,1293,8,1301,0,0,1237.75
8fd8ba60b97b5f1438fb,864,haiku-4-5,managed-prompt,tatoeba,de,es,"Der Mann, den ich besuchte, war Herr Doi.",El hombre que visité era el señor Doi.,"{""c"":""El hombre que visité fue el Señor Doi.""}",El hombre que visité fue el Señor Doi.,False,1,0,True,True,False,True,,True,,True,"{""reason"":""detector_match"",""detected"":""es"",""confidence"":1.0}",True,[],[],True,,"{""errors"":[{""category"":""fluency"",""severity"":""minor""}]}",True,"[{""category"":""fluency"",""severity"":""minor""}]",True,1,0,True,True,False,97,97,2480,21,2501,0,0,1151.22,1314,18,1332,0,0,1289.62
dedce3af8c203ce22d94,865,haiku-4-5,managed-prompt,tatoeba,de,es,Hast du den Hund heute Morgen gefüttert?,¿Alimentaste al perro esta mañana?,"{""c"":""¿Alimentaste al perro esta mañana?""}",¿Alimentaste al perro esta mañana?,False,1,0,True,True,False,True,,True,,True,"{""reason"":""detector_match"",""detected"":""es"",""confidence"":1.0}",True,[],[],True,,"{""errors"":[]}",True,[],True,1,0,True,True,False,100,100,2481,20,2501,0,0,1034.47,1316,8,1324,0,0,1256.46
10638cf80b0b433f47da,866,haiku-4-5,managed-prompt,tatoeba,de,es,Mein Hobby ist Gitarre spielen.,Mi pasatiempo es tocar la guitarra.,"{""c"":""Mi pasatiempo es tocar la guitarra.""}",Mi pasatiempo es tocar la guitarra.,False,1,0,True,True,False,True,,True,,True,"{""reason"":""detector_match"",""detected"":""es"",""confidence"":0.8571}",True,[],[],True,,"{""errors"":[]}",True,[],True,1,0,True,True,False,100,100,2476,18,2494,0,0,1146.25,1305,8,1313,0,0,1803.2
8e882df20293056b3b30,867,haiku-4-5,managed-prompt,tatoeba,de,es,Ändere bitte die Flagge.,"Por favor, cambia la bandera.","{""c"":""Por favor, cambia la bandera.""}","Por favor, cambia la bandera.",False,1,0,True,True,False,True,,True,,True,"{""reason"":""detector_match"",""detected"":""es"",""confidence"":1.0}",True,[],[],True,,"{""errors"":[]}",True,[],True,1,0,True,True,False,100,100,2475,16,2491,0,0,1029.18,1300,8,1308,0,0,1142.56
7100275da4689022b486,868,haiku-4-5,managed-prompt,tatoeba,de,es,Ich kenne hier niemanden.,Aquí no conozco a nadie.,"{""c"":""No conozco a nadie aquí.""}",No conozco a nadie aquí.,False,1,0,True,True,False,True,,True,,True,"{""reason"":""detector_match"",""detected"":""es"",""confidence"":0.9971}",True,[],[],True,,"{""errors"":[]}",True,[],True,1,0,True,True,False,100,100,2472,17,2489,0,0,1043.55,1300,8,1308,0,0,1329.88
1a659a54c481f4f4962d,869,haiku-4-5,managed-prompt,tatoeba,de,es,Sie wurde rot vor Scham.,Ella se ruborizó de vergüenza.,"{""c"":""Se puso roja de vergüenza.""}",Se puso roja de vergüenza.,False,1,0,True,True,False,True,,True,,,"{""reason"":""detector_mismatch_uncertain"",""detected"":""sl"",""confidence"":1.0}",True,[],[],True,,"{""errors"":[]}",True,[],True,1,0,True,True,False,100,100,2472,17,2489,0,0,1080.72,1300,8,1308,0,0,1283.48
9f81e8e94ccfc6b36448,870,haiku-4-5,managed-prompt,tatoeba,de,fr,Tom hat mir nicht zugehört.,Tom ne m'a pas écouté.,"{""c"":""Tom ne m'a pas écouté.""}",Tom ne m'a pas écouté.,False,1,0,True,True,False,True,,True,,True,"{""reason"":""detector_match"",""detected"":""fr"",""confidence"":1.0}",True,[],[],True,,"{""errors"":[]}",True,[],True,1,0,True,True,False,100,100,2472,17,2489,0,0,917.69,1299,8,1307,0,0,1284.04
a3f605cd858687c47502,871,haiku-4-5,managed-prompt,tatoeba,de,fr,Ihr könnt genauso gut Ski fahren wie euer Bruder.,Vous pouvez skier aussi bien que votre frère.,"{""c"":""Vous skiez aussi bien que votre frère.""}",Vous skiez aussi bien que votre frère.,False,1,0,True,True,False,True,,True,,True,"{""reason"":""detector_match"",""detected"":""fr"",""confidence"":1.0}",True,[],[],True,,"{""errors"":[]}",True,[],True,1,0,True,True,False,100,100,2483,19,2502,0,0,1204.97,1317,8,1325,0,0,1193.3
4fafda977081dd08732d,872,haiku-4-5,managed-prompt,tatoeba,de,fr,Wie wird ein weiches Ei anständig gegessen?,Comment mange-t-on un œuf à la coque convenablement ?,"{""c"":""Comment manger correctement un œuf à la coque ?""}",Comment manger correctement un œuf à la coque ?,False,1,0,True,True,False,True,,True,,True,"{""reason"":""detector_match"",""detected"":""fr"",""confidence"":1.0}",True,[],[],True,,"{""errors"":[]}",True,[],True,1,0,True,True,False,100,100,2479,20,2499,0,0,1123.88,1319,8,1327,0,0,1144.48
bea5486cdf2a1d499804,873,haiku-4-5,managed-prompt,tatoeba,de,fr,Wann kommt ihr?,Quand viendrez-vous ?,"{""c"":""Quand vous arrivez?""}",Quand vous arrivez?,False,1,0,True,True,False,True,,True,,True,"{""reason"":""detector_match"",""detected"":""fr"",""confidence"":0.8571}",True,[],[],True,,"{""errors"":[{""category"":""fluency"",""severity"":""major""}]}",False,"[{""category"":""fluency"",""severity"":""major""}]",True,1,0,True,True,False,85,85,2471,15,2486,0,0,1099.26,1298,18,1316,0,0,1385.13
5214ab29c02a3ab378ca,874,haiku-4-5,managed-prompt,tatoeba,de,fr,Haben Sie schon mal etwas von dieser Person gehört?,Avez-vous déjà entendu parler de cette personne ?,"{""c"":""Avez-vous déjà entendu parler de cette personne ?""}",Avez-vous déjà entendu parler de cette personne ?,False,1,0,True,True,False,True,,True,,True,"{""reason"":""detector_match"",""detected"":""fr"",""confidence"":1.0}",True,[],[],True,,"{""errors"":[]}",True,[],True,1,0,True,True,False,100,100,2479,25,2504,0,0,1121.96,1325,8,1333,0,0,1204.91
59d5e67e0d39cb92abab,875,haiku-4-5,managed-prompt,tatoeba,de,fr,Die Innenstadt ist laut.,Le centre-ville est bruyant.,"{""c"":""Le centre-ville est bruyant.""}",Le centre-ville est bruyant.,False,1,0,True,True,False,True,,True,,True,"{""reason"":""detector_match"",""detected"":""fr"",""confidence"":1.0}",True,[],[],True,,"{""errors"":[]}",True,[],True,1,0,True,True,False,100,100,2473,16,2489,0,0,1156.93,1298,8,1306,0,0,1235.7
fcc588668933e0d6497f,876,haiku-4-5,managed-prompt,tatoeba,de,fr,Ihr gebt selten Zucker in euren Kaffee.,Vous mettez rarement du sucre dans votre café.,"{""c"":""Vous mettez rarement du sucre dans votre café.""}",Vous mettez rarement du sucre dans votre café.,False,1,0,True,True,False,True,,True,,True,"{""reason"":""detector_match"",""detected"":""fr"",""confidence"":1.0}",True,[],[],True,,"{""errors"":[]}",True,[],True,1,0,True,True,False,100,100,2481,22,2503,0,0,1046.13,1318,8,1326,0,0,1210.56
c14cdd53daa4a0c870b8,877,haiku-4-5,managed-prompt,tatoeba,de,fr,Sie wissen es noch nicht.,Elles l'ignorent encore.,"{""c"":""Vous ne le savez pas encore.""}",Vous ne le savez pas encore.,False,1,0,True,True,False,True,,True,,True,"{""reason"":""detector_match"",""detected"":""fr"",""confidence"":1.0}",True,[],[],True,,"{""errors"":[]}",True,[],True,1,0,True,True,False,100,100,2471,16,2487,0,0,1085.9,1296,8,1304,0,0,1202.48
45bade454ce5e17fa1fb,878,haiku-4-5,managed-prompt,tatoeba,de,fr,Bitte rauchen Sie nicht drinnen.,Veuillez ne pas fumer à l'intérieur.,"{""c"":""Veuillez ne pas fumer à l'intérieur.""}",Veuillez ne pas fumer à l'intérieur.,False,1,0,True,True,False,True,,True,,True,"{""reason"":""detector_match"",""detected"":""fr"",""confidence"":1.0}",True,[],[],True,,"{""errors"":[]}",True,[],True,1,0,True,True,False,100,100,2476,22,2498,0,0,1108.25,1313,8,1321,0,0,1133.39
0d75bbb9cf6b02af4af0,879,haiku-4-5,managed-prompt,tatoeba,de,fr,Ich will ihn nicht verärgern.,Je ne veux pas l'énerver.,"{""c"":""Je ne veux pas le mettre en colère.""}",Je ne veux pas le mettre en colère.,False,1,0,True,True,False,True,,True,,True,"{""reason"":""detector_match"",""detected"":""fr"",""confidence"":1.0}",True,[],[],True,,"{""errors"":[]}",True,[],True,1,0,True,True,False,100,100,2475,19,2494,0,0,1031.65,1304,8,1312,0,0,1462.29
b53e15b49dadb0dd18ba,880,haiku-4-5,managed-prompt,tatoeba,de,it,Du bist eine Verdächtige.,Sei una sospettata.,"{""c"":""Sei una sospetta.""}",Sei una sospetta.,False,1,0,True,True,False,True,,True,,True,"{""reason"":""detector_match"",""detected"":""it"",""confidence"":1.0}",True,[],[],True,,"{""errors"":[{""category"":""accuracy"",""severity"":""minor""}]}",True,"[{""category"":""accuracy"",""severity"":""minor""}]",True,1,0,True,True,False,97,97,2473,14,2487,0,0,1087.76,1295,17,1312,0,0,1260.67
b0cfdd7eb8a78a14eae0,881,haiku-4-5,managed-prompt,tatoeba,de,it,"Ich weiß, dass Sie Lehrer sind.",So che sei un maestro.,"{""c"":""So che sei un insegnante.""}",So che sei un insegnante.,False,1,0,True,True,False,True,,True,,True,"{""reason"":""detector_match"",""detected"":""it"",""confidence"":1.0}",True,[],[],True,,"{""errors"":[{""category"":""terminology"",""severity"":""minor""}]}",True,"[{""category"":""terminology"",""severity"":""minor""}]",True,1,0,True,True,False,97,97,2477,15,2492,0,0,1038.33,1299,17,1316,0,0,1216.95
90ec45fa2788df47d539,882,haiku-4-5,managed-prompt,tatoeba,de,it,Ich stehe um sieben Uhr auf.,Mi alzo alle 7:00.,"{""c"":""Mi alzo alle sette.""}",Mi alzo alle sette.,False,1,0,True,True,False,True,,True,,True,"{""reason"":""detector_match"",""detected"":""it"",""confidence"":1.0}",True,[],[],True,,"{""errors"":[]}",True,[],True,1,0,True,True,False,100,100,2476,14,2490,0,0,1370.29,1299,8,1307,0,0,1250.81
d7b1d83f90ceba1e5b57,883,haiku-4-5,managed-prompt,tatoeba,de,it,"Wisst ihr, Tom ist intelligenter als ihr.","Tom è più intelligente di voi, sapete.","{""c"":""Sapete, Tom è più intelligente di voi.""}","Sapete, Tom è più intelligente di voi.",False,1,0,True,True,False,True,,True,,True,"{""reason"":""detector_match"",""detected"":""it"",""confidence"":1.0}",True,[],[],True,,"{""errors"":[]}",True,[],True,1,0,True,True,False,100,100,2476,20,2496,0,0,987.41,1308,8,1316,0,0,1223.85
2cd483e5234ea064ac85,884,haiku-4-5,managed-prompt,tatoeba,de,it,Ich brauche Ihre Hilfe nicht.,Non ho bisogno del suo aiuto.,"{""c"":""Non ho bisogno del vostro aiuto.""}",Non ho bisogno del vostro aiuto.,False,1,0,True,True,False,True,,True,,True,"{""reason"":""detector_match"",""detected"":""it"",""confidence"":1.0}",True,[],[],True,,"{""errors"":[]}",True,[],True,1,0,True,True,False,100,100,2476,19,2495,0,0,1162.48,1305,8,1313,0,0,1091.83
34185487c5ee29570c96,885,haiku-4-5,managed-prompt,tatoeba,de,it,Die Scheinheiligkeit ist der Tod der Demokratie.,L'ipocrisia è la morte della democrazia.,"{""c"":""L'ipocrisia è la morte della democrazia.""}",L'ipocrisia è la morte della democrazia.,False,1,0,True,True,False,True,,True,,True,"{""reason"":""detector_match"",""detected"":""it"",""confidence"":1.0}",True,[],[],True,,"{""errors"":[]}",True,[],True,1,0,True,True,False,100,100,2478,21,2499,0,0,1661.2,1313,8,1321,0,0,1206.65
7031895d910485502876,886,haiku-4-5,managed-prompt,tatoeba,de,it,Nicht an meine alte Adresse schreiben! Ich bin umgezogen.,"Non scrivermi al vecchio indirizzo, mi sono trasferito.","{""c"":""Non scrivere al mio vecchio indirizzo! Mi sono trasferito.""}",Non scrivere al mio vecchio indirizzo! Mi sono trasferito.,False,1,0,True,True,False,True,,True,,True,"{""reason"":""detector_match"",""detected"":""it"",""confidence"":1.0}",True,[],[],True,,"{""errors"":[]}",True,[],True,1,0,True,True,False,100,100,2485,26,2511,0,0,1642.29,1328,8,1336,0,0,1216.26
2ba5c0a1d7eb05ccd8e1,887,haiku-4-5,managed-prompt,tatoeba,de,it,"Lass uns abwarten und schauen, wie sich die Dinge entwickeln.",Cerchiamo di aspettare e vedere come si sviluppano le cose.,"{""c"":""Aspettiamo e vediamo come si sviluppano le cose.""}",Aspettiamo e vediamo come si sviluppano le cose.,False,1,0,True,True,False,True,,True,,True,"{""reason"":""detector_match"",""detected"":""it"",""confidence"":1.0}",True,[],[],True,,"{""errors"":[]}",True,[],True,1,0,True,True,False,100,100,2484,25,2509,0,0,1293.29,1328,8,1336,0,0,1228.47
8af777e463ee1cd31461,888,haiku-4-5,managed-prompt,tatoeba,de,it,Wer hat das gesagt? Das ist völlig falsch!,Chi l'ha detto? È assolutamente falso!,"{""c"":""Chi ha detto questo? È completamente sbagliato!""}",Chi ha detto questo? È completamente sbagliato!,False,1,0,True,True,False,True,,True,,True,"{""reason"":""detector_match"",""detected"":""it"",""confidence"":1.0}",True,[],[],True,,"{""errors"":[]}",True,[],True,1,0,True,True,False,100,100,2479,21,2500,0,0,1176.2,1314,8,1322,0,0,1393.59
5fb9549475ffe5fe4cc4,889,haiku-4-5,managed-prompt,tatoeba,de,it,"Tom hatte Angst davor, einen Fehler zu machen.",Tom temeva di commettere un errore.,"{""c"":""Tom aveva paura di fare un errore.""}",Tom aveva paura di fare un errore.,False,1,0,True,True,False,True,,True,,True,"{""reason"":""detector_match"",""detected"":""it"",""confidence"":1.0}",True,[],[],True,,"{""errors"":[]}",True,[],True,1,0,True,True,False,100,100,2480,17,2497,0,0,1048.38,1308,8,1316,0,0,1246.52
7b70d3478554109fff13,890,haiku-4-5,managed-prompt,tatoeba,de,jp,Du hättest mich anrufen sollen!,電話してくれればよかったのに。,"{""c"":""電話をくれればよかったのに!""}",電話をくれればよかったのに!,False,1,0,True,True,False,True,,True,,True,"{""reason"":""target_script_present"",""detected"":""ja"",""confidence"":1.0}",True,[],[],True,,"{""errors"":[]}",True,[],True,1,0,True,True,False,100,100,2476,19,2495,0,0,1036.16,1308,8,1316,0,0,1431.84
de9194cd89dcfbcf1c95,891,haiku-4-5,managed-prompt,tatoeba,de,jp,Gab es eigentlich Pandas im Zoo von Ueno?,上野動物園にパンダっていたっけ？,"{""c"":""上野動物園にはパンダがいたんですか?""}",上野動物園にはパンダがいたんですか?,False,1,0,True,True,False,True,,True,,True,"{""reason"":""target_script_present"",""detected"":""ja"",""confidence"":1.0}",True,[],[],True,,"{""errors"":[]}",True,[],True,1,0,True,True,False,100,100,2480,24,2504,0,0,1129.79,1323,8,1331,0,0,1241.41
a15add03cb67494d04c2,892,haiku-4-5,managed-prompt,tatoeba,de,jp,"Wenn ich am Bahnhof ankomme, rufe ich dich sofort an.",駅に着いたらすぐ電話するよ。,"{""c"":""駅に到着したら、すぐに君に電話するよ。""}",駅に到着したら、すぐに君に電話するよ。,False,1,0,True,True,False,True,,True,,True,"{""reason"":""target_script_present"",""detected"":""ja"",""confidence"":1.0}",True,[],[],True,,"{""errors"":[]}",True,[],True,1,0,True,True,False,100,100,2486,27,2513,0,0,1149.64,1332,8,1340,0,0,1101.25
57ce8fa28162e9b5f129,893,haiku-4-5,managed-prompt,tatoeba,de,jp,Sie schickt zweimal im Monat einen Brief an ihre Brieffreundin in London.,彼女は月に２回ロンドンのペンフレンドに手紙を出します。,"{""c"":""彼女は月に2回、ロンドンの文通相手に手紙を送っています。""}",彼女は月に2回、ロンドンの文通相手に手紙を送っています。,False,1,0,True,True,False,True,,True,,True,"{""reason"":""target_script_present"",""detected"":""ja"",""confidence"":1.0}",True,[],"[{""code"":""number_not_exact"",""expected"":{},""actual"":{""2"":1}}]",True,,"{""errors"":[]}",True,[],True,1,0,True,True,False,97,97,2486,35,2521,0,0,1235.02,1351,8,1359,0,0,1124.41
17e14065b6930c4e037e,894,haiku-4-5,managed-prompt,tatoeba,de,jp,Ich lese.,私は読みます。,"{""c"":""私は読んでいます。""}",私は読んでいます。,False,1,0,True,True,False,True,,True,,True,"{""reason"":""target_script_present"",""detected"":""ja"",""confidence"":1.0}",True,[],[],True,,"{""errors"":[]}",True,[],True,1,0,True,True,False,100,100,2469,15,2484,0,0,993.18,1292,8,1300,0,0,1152.03
d949ac05fcb7d5cfc6cf,895,haiku-4-5,managed-prompt,tatoeba,de,jp,Tom ist Politiker.,トムは政治家です。,"{""c"":""トムは政治家です。""}",トムは政治家です。,False,1,0,True,True,False,True,,True,,True,"{""reason"":""target_script_present"",""detected"":""ja"",""confidence"":1.0}",True,[],[],True,,"{""errors"":[]}",True,[],True,1,0,True,True,False,100,100,2469,15,2484,0,0,1076.02,1294,8,1302,0,0,2503.04
316840d2a0ad7ebbafce,896,haiku-4-5,managed-prompt,tatoeba,de,jp,"Tom wusste zwar, dass man sich aufgrund seiner Körpergröße über ihn lustig machen würde, aber er beschloss dennoch, sich um einen Platz in der Basketballmannschaft zu bemühen.",トムは自分の身長についてからかわれることを知ってたけど、バスケットチームにトライアウトすることに決めた。,"{""c"":""トムは自分の身長のために笑われることを知っていたが、それでもバスケットボールチームに参加しようと決めた。""}",トムは自分の身長のために笑われることを知っていたが、それでもバスケットボールチームに参加しようと決めた。,False,1,0,True,True,False,True,,True,,True,"{""reason"":""target_script_present"",""detected"":""ja"",""confidence"":1.0}",True,[],[],True,,"{""errors"":[]}",True,[],True,1,0,True,True,False,100,100,2519,49,2568,0,0,1422.98,1412,8,1420,0,0,1125.27
98f3af50e11a3c3de9d7,897,haiku-4-5,managed-prompt,tatoeba,de,jp,Ist ein Brief von ihm gekommen?,彼から便りはあった？,"{""c"":""彼からの手紙が来ましたか?""}",彼からの手紙が来ましたか?,False,1,0,True,True,False,True,,True,,True,"{""reason"":""target_script_present"",""detected"":""ja"",""confidence"":1.0}",True,[],[],True,,"{""errors"":[]}",True,[],True,1,0,True,True,False,100,100,2473,21,2494,0,0,1173.87,1306,8,1314,0,0,1251.5
88819f229e89bacf2ecb,898,haiku-4-5,managed-prompt,tatoeba,de,jp,"Ich wünschte, ich wäre größer.",もっと背が高ければいいのになあ。,"{""c"":""もっと大きかったらいいのに。""}",もっと大きかったらいいのに。,False,1,0,True,True,False,True,,True,,True,"{""reason"":""target_script_present"",""detected"":""ja"",""confidence"":1.0}",True,[],[],True,,"{""errors"":[]}",True,[],True,1,0,True,True,False,100,100,2478,20,2498,0,0,1173.04,1315,8,1323,0,0,1235.85
af56470407fc2af26789,899,haiku-4-5,managed-prompt,tatoeba,de,jp,"Es soll gesünder sein, Obst vor den Mahlzeiten anstatt danach zu essen.",果物は食後よりも食前に食べた方が体にいいらしいよ。,"{""c"":""食事の後ではなく、食事の前に果物を食べる方が健康に良いと言われています。""}",食事の後ではなく、食事の前に果物を食べる方が健康に良いと言われています。,False,1,0,True,True,False,True,,True,,True,"{""reason"":""target_script_present"",""detected"":""ja"",""confidence"":1.0}",True,[],[],True,,"{""errors"":[]}",True,[],True,1,0,True,True,False,100,100,2491,39,2530,0,0,1415.13,1358,8,1366,0,0,3258.06
ff196c09108a6e7ba773,900,haiku-4-5,managed-prompt,tatoeba,de,nl,Tom öffnete eine Thunfischdose.,Tom opende een blik tonijn.,"{""c"":""Tom opende een blikje tonijn.""}",Tom opende een blikje tonijn.,False,1,0,True,True,False,True,,True,,True,"{""reason"":""detector_match"",""detected"":""nl"",""confidence"":0.8571}",True,[],[],True,,"{""errors"":[]}",True,[],True,1,0,True,True,False,100,100,2478,17,2495,0,0,1209.18,1304,8,1312,0,0,1082.85
1ab4506ac1a29065978c,901,haiku-4-5,managed-prompt,tatoeba,de,nl,David ist sehr attraktiv.,David is erg aantrekkelijk.,"{""c"":""David is erg aantrekkelijk.""}",David is erg aantrekkelijk.,False,1,0,True,True,False,True,,True,,True,"{""reason"":""detector_match"",""detected"":""nl"",""confidence"":1.0}",True,[],[],True,,"{""errors"":[]}",True,[],True,1,0,True,True,False,100,100,2471,17,2488,0,0,2181.19,1298,8,1306,0,0,1264.31
98330d9100388b5c58ae,902,haiku-4-5,managed-prompt,tatoeba,de,nl,Das passiert schon mal.,Dat gebeurt wel eens.,"{""c"":""Dat gebeurt wel eens.""}",Dat gebeurt wel eens.,False,1,0,True,True,False,True,,True,,True,"{""reason"":""detector_match"",""detected"":""nl"",""confidence"":0.8571}",True,[],[],True,,"{""errors"":[]}",True,[],True,1,0,True,True,False,100,100,2471,15,2486,0,0,1251.15,1294,8,1302,0,0,1352.12
4f8962340a46524fdf89,903,haiku-4-5,managed-prompt,tatoeba,de,nl,Eine Lungenentzündung verursacht Atembeschwerden.,Een longontsteking veroorzaakt ademhalingsproblemen.,"{""c"":""Longontsteking veroorzaakt ademhalingsproblemen.""}",Longontsteking veroorzaakt ademhalingsproblemen.,False,1,0,True,True,False,True,,True,,True,"{""reason"":""detector_match"",""detected"":""nl"",""confidence"":1.0}",True,[],[],True,,"{""errors"":[]}",True,[],True,1,0,True,True,False,100,100,2481,23,2504,0,0,1249.34,1320,8,1328,0,0,1178.88
d26cfa9c2c54ff212211,904,haiku-4-5,managed-prompt,tatoeba,de,nl,Ich war jung und unschuldig.,Ik was jong en onschuldig.,"{""c"":""Ik was jong en onschuldig.""}",Ik was jong en onschuldig.,False,1,0,True,True,False,True,,True,,True,"{""reason"":""detector_match"",""detected"":""nl"",""confidence"":0.8571}",True,[],[],True,,"{""errors"":[]}",True,[],True,1,0,True,True,False,100,100,2474,18,2492,0,0,1121.6,1303,8,1311,0,0,1407.55
743a84c99b0ceaee79c6,905,haiku-4-5,managed-prompt,tatoeba,de,nl,Ich wasche mir fast täglich die Haare.,Ik was mijn haar bijna elke dag.,"{""c"":""Ik was mijn haar bijna dagelijks.""}",Ik was mijn haar bijna dagelijks.,False,1,0,True,True,False,True,,True,,True,"{""reason"":""detector_match"",""detected"":""nl"",""confidence"":1.0}",True,[],[],True,,"{""errors"":[]}",True,[],True,1,0,True,True,False,100,100,2477,20,2497,0,0,1284.4,1310,8,1318,0,0,1843.21
2715ed838b5b75280210,906,haiku-4-5,managed-prompt,tatoeba,de,nl,Der König neigte zu Schwermut und Langerweile.,De koning had last van zwaarmoedigheid en verveling.,"{""c"":""De koning was geneigd tot zwaarmoedigheid en verveling.""}",De koning was geneigd tot zwaarmoedigheid en verveling.,False,1,0,True,True,False,True,,True,,,"{""reason"":""detector_inconclusive"",""detected"":""af"",""confidence"":0.5714}",True,[],[],True,,"{""errors"":[]}",True,[],True,1,0,True,True,False,100,100,2481,23,2504,0,0,1227.89,1318,8,1326,0,0,1304.47
b6e66eb0ce9cfc58d3b3,907,haiku-4-5,managed-prompt,tatoeba,de,nl,Die Finnen trinken viel Kaffee.,De Finnen drinken veel koffie.,"{""c"":""De Finnen drinken veel koffie.""}",De Finnen drinken veel koffie.,False,1,0,True,True,False,True,,True,,True,"{""reason"":""detector_match"",""detected"":""nl"",""confidence"":1.0}",True,[],[],True,,"{""errors"":[]}",True,[],True,1,0,True,True,False,100,100,2477,19,2496,0,0,1113.42,1308,8,1316,0,0,1257.3
32fa54ad56bbf0d93b9f,908,haiku-4-5,managed-prompt,tatoeba,de,nl,Es hat nur geringen Wert.,Het heeft weinig waarde.,"{""c"":""Het heeft weinig waarde.""}",Het heeft weinig waarde.,False,1,0,True,True,False,True,,True,,True,"{""reason"":""detector_match"",""detected"":""nl"",""confidence"":1.0}",True,[],[],True,,"{""errors"":[]}",True,[],True,1,0,True,True,False,100,100,2473,14,2487,0,0,1235.58,1294,8,1302,0,0,1503.68
c0e29fcd51a8a93dd3a4,909,haiku-4-5,managed-prompt,tatoeba,de,nl,Rumänien ist ein Balkanstaat. Seine Hauptstadt ist Bukarest.,Roemenië is een Balkanland. Zijn hoofdstad is Boekarest.,"{""c"":""Roemenië is een Balkaanse staat. Zijn hoofdstad is Boekarest.""}",Roemenië is een Balkaanse staat. Zijn hoofdstad is Boekarest.,False,1,0,True,True,False,True,,True,,True,"{""reason"":""detector_match"",""detected"":""nl"",""confidence"":1.0}",True,[],[],True,,"{""errors"":[]}",True,[],True,1,0,True,True,False,100,100,2485,28,2513,0,0,1245.25,1334,8,1342,0,0,1140.46
a0631f403e1a38cd5d16,910,haiku-4-5,managed-prompt,tatoeba,de,nb,Ich fühlte mich schlecht.,Jeg følte meg dårlig.,"{""c"":""Jeg følte meg dårlig.""}",Jeg følte meg dårlig.,False,1,0,True,True,False,True,,True,,True,"{""reason"":""detector_match"",""detected"":""no"",""confidence"":1.0}",True,[],[],True,,"{""errors"":[]}",True,[],True,1,0,True,True,False,100,100,2474,16,2490,0,0,1215.15,1299,8,1307,0,0,1257.6
3f41a6999d8bc799947e,911,haiku-4-5,managed-prompt,tatoeba,de,nb,Das glaube ich nicht.,Det tror jeg ikke.,"{""c"":""Det tror jeg ikke.""}",Det tror jeg ikke.,False,1,0,True,True,False,True,,True,,True,"{""reason"":""detector_match"",""detected"":""no"",""confidence"":1.0}",True,[],[],True,,"{""errors"":[]}",True,[],True,1,0,True,True,False,100,100,2471,13,2484,0,0,1096.87,1290,8,1298,0,0,1185.05
50f5bdde9d6a0508d1a2,912,haiku-4-5,managed-prompt,tatoeba,de,nb,Warum erzählst du uns das?,Hvorfor forteller du oss dette?,"{""c"":""Hvorfor forteller du oss det?""}",Hvorfor forteller du oss det?,False,1,0,True,True,False,True,,True,,,"{""reason"":""detector_inconclusive"",""detected"":""da"",""confidence"":0.7633}",True,[],[],True,,"{""errors"":[]}",True,[],True,1,0,True,True,False,100,100,2475,17,2492,0,0,1038.7,1304,8,1312,0,0,1212.83
e00d62122581a1b2136b,913,haiku-4-5,managed-prompt,tatoeba,de,nb,Tom ist noch nicht zurückgekommen.,Tom har ikke kommet tilbake ennå.,"{""c"":""Tom er ennå ikke kommet tilbake.""}",Tom er ennå ikke kommet tilbake.,False,1,0,True,True,False,True,,True,,True,"{""reason"":""detector_match"",""detected"":""no"",""confidence"":1.0}",True,[],[],True,,"{""errors"":[]}",True,[],True,1,0,True,True,False,100,100,2474,19,2493,0,0,1109.65,1305,8,1313,0,0,1226.01
1dbf24150f3c79e0b16b,914,haiku-4-5,managed-prompt,tatoeba,de,nb,"Äpfel sind gewöhnlich grün, gelb oder rot.","Epler er vanligvis grønne, gule eller røde.","{""c"":""Epler er vanligvis grønne, gule eller røde.""}","Epler er vanligvis grønne, gule eller røde.",False,1,0,True,True,False,True,,True,,True,"{""reason"":""detector_match"",""detected"":""no"",""confidence"":0.9864}",True,[],[],True,,"{""errors"":[]}",True,[],True,1,0,True,True,False,100,100,2481,24,2505,0,0,1245.49,1322,8,1330,0,0,1474.44
89767d41d259a7dc51e4,915,haiku-4-5,managed-prompt,tatoeba,de,nb,Kannst du ein gutes Buch empfehlen?,Kan du anbefale en god bok?,"{""c"":""Kan du anbefale en god bok?""}",Kan du anbefale en god bok?,False,1,0,True,True,False,True,,True,,,"{""reason"":""detector_inconclusive"",""detected"":""af"",""confidence"":0.7143}",True,[],[],True,,"{""errors"":[]}",True,[],True,1,0,True,True,False,100,100,2479,19,2498,0,0,1223.08,1312,8,1320,0,0,1203.15
62dc44253b337018bdb6,916,haiku-4-5,managed-prompt,tatoeba,de,nb,Sie taten alles für ihn.,De gjorde alt for ham.,"{""c"":""De gjorde alt for ham.""}",De gjorde alt for ham.,False,1,0,True,True,False,True,,True,,True,"{""reason"":""detector_match"",""detected"":""no"",""confidence"":1.0}",True,[],[],True,,"{""errors"":[]}",True,[],True,1,0,True,True,False,100,100,2473,13,2486,0,0,1030.05,1292,8,1300,0,0,1209.06
98a3f83af44e7172742d,917,haiku-4-5,managed-prompt,tatoeba,de,nb,Algerien ist einer unserer Partner im Mittelmeerraum.,Algerie er en av våre partnere i Middelhavsregionen.,"{""c"":""Algerie er en av våre partnere i Middelhavsregionen.""}",Algerie er en av våre partnere i Middelhavsregionen.,False,1,0,True,True,False,True,,True,,True,"{""reason"":""detector_match"",""detected"":""no"",""confidence"":1.0}",True,[],[],True,,"{""errors"":[]}",True,[],True,1,0,True,True,False,100,100,2481,26,2507,0,0,1167.0,1326,8,1334,0,0,1526.17
468e776143366b963a2e,918,haiku-4-5,managed-prompt,tatoeba,de,nb,Er ist viel geschickter als ich.,Han er mye flinkere enn meg.,"{""c"":""Han er mye dyktigere enn meg.""}",Han er mye dyktigere enn meg.,False,1,0,True,True,False,True,,True,,True,"{""reason"":""detector_match"",""detected"":""no"",""confidence"":1.0}",True,[],[],True,,"{""errors"":[]}",True,[],True,1,0,True,True,False,100,100,2474,19,2493,0,0,1227.65,1304,8,1312,0,0,1190.22
4b1c674ccaafd6511b71,919,haiku-4-5,managed-prompt,tatoeba,de,nb,Hast du was gesagt?,Sa du noko?,"{""c"":""Sa du noe?""}",Sa du noe?,False,1,0,True,True,False,True,,True,,,"{""reason"":""too_short_for_language_detection"",""detected"":null,""confidence"":null}",True,[],[],True,,"{""errors"":[]}",True,[],True,1,0,True,True,False,100,100,2472,13,2485,0,0,1104.32,1291,8,1299,0,0,1228.02
72d5d1fcbcee3271f244,920,haiku-4-5,managed-prompt,tatoeba,en,da,In America traffic keeps to the right.,I Amerika er der højrekørsel.,"{""c"":""I Amerika holder trafikken til højre.""}",I Amerika holder trafikken til højre.,False,1,0,True,True,False,True,,True,,True,"{""reason"":""detector_match"",""detected"":""da"",""confidence"":1.0}",True,[],[],True,,"{""errors"":[]}",True,[],True,1,0,True,True,False,100,100,2472,17,2489,0,0,1251.48,1298,8,1306,0,0,1165.81
e79786e5600a3123b7f6,921,haiku-4-5,managed-prompt,tatoeba,en,da,Tom accepted the challenge.,Tom tog imod udfordringen.,"{""c"":""Tom accepterede udfordringen.""}",Tom accepterede udfordringen.,False,1,0,True,True,False,True,,True,,True,"{""reason"":""detector_match"",""detected"":""da"",""confidence"":1.0}",True,[],[],True,,"{""errors"":[]}",True,[],True,1,0,True,True,False,100,100,2469,14,2483,0,0,2637.99,1291,8,1299,0,0,1394.06
99c4edd0d2f71c3c3060,922,haiku-4-5,managed-prompt,tatoeba,en,da,Tom has tiny hands.,Tom har små hænder.,"{""c"":""Tom har små hænder.""}",Tom har små hænder.,False,1,0,True,True,False,True,,True,,True,"{""reason"":""detector_match"",""detected"":""da"",""confidence"":1.0}",True,[],[],True,,"{""errors"":[]}",True,[],True,1,0,True,True,False,100,100,2469,14,2483,0,0,1058.06,1290,8,1298,0,0,1325.43
63961cbde72265d404c9,923,haiku-4-5,managed-prompt,tatoeba,en,da,What time does the rodeo start?,Hvad tid starter rodeoen?,"{""c"":""Hvornår starter rodeoet?""}",Hvornår starter rodeoet?,False,1,0,True,True,False,True,,True,,True,"{""reason"":""detector_match"",""detected"":""da"",""confidence"":1.0}",True,[],[],True,,"{""errors"":[{""category"":""fluency"",""severity"":""minor""}]}",True,"[{""category"":""fluency"",""severity"":""minor""}]",True,1,0,True,True,False,97,97,2472,16,2488,0,0,1057.62,1299,18,1317,0,0,1289.71
1e8114bf56c4122f9688,924,haiku-4-5,managed-prompt,tatoeba,en,da,I thought that Tom was rich.,Jeg troede at Tom var rig.,"{""c"":""Jeg troede, at Tom var rig.""}","Jeg troede, at Tom var rig.",False,1,0,True,True,False,True,,True,,,"{""reason"":""detector_inconclusive"",""detected"":""af"",""confidence"":0.5714}",True,[],[],True,,"{""errors"":[]}",True,[],True,1,0,True,True,False,100,100,2471,18,2489,0,0,1026.92,1299,8,1307,0,0,1248.35
904ceef8591766a0b0f0,925,haiku-4-5,managed-prompt,tatoeba,en,da,Am I safe now?,Er jeg i sikkerhed nu?,"{""c"":""Er jeg sikker nu?""}",Er jeg sikker nu?,False,1,0,True,True,False,True,,True,,,"{""reason"":""detector_mismatch_uncertain"",""detected"":""no"",""confidence"":1.0}",True,[],[],True,,"{""errors"":[]}",True,[],True,1,0,True,True,False,100,100,2469,13,2482,0,0,1123.65,1292,8,1300,0,0,1145.73
976a7eae514f614004b7,926,haiku-4-5,managed-prompt,tatoeba,en,da,Can't you do that?,Kan I ikke gøre det?,"{""c"":""Kan du ikke gøre det?""}",Kan du ikke gøre det?,False,1,0,True,True,False,True,,True,,True,"{""reason"":""detector_match"",""detected"":""da"",""confidence"":1.0}",True,[],[],True,,"{""errors"":[]}",True,[],True,1,0,True,True,False,100,100,2470,16,2486,0,0,1081.52,1297,8,1305,0,0,1485.69
fa5c078fc6a229ee3388,927,haiku-4-5,managed-prompt,tatoeba,en,da,Open the door.,Åbn døren.,"{""c"":""Åbn døren.""}",Åbn døren.,False,1,0,True,True,False,True,,True,,,"{""reason"":""detector_mismatch_uncertain"",""detected"":""no"",""confidence"":1.0}",True,[],[],True,,"{""errors"":[]}",True,[],True,1,0,True,True,False,100,100,2468,13,2481,0,0,1149.31,1287,8,1295,0,0,1166.95
946b985726c5568cd66f,928,haiku-4-5,managed-prompt,tatoeba,en,da,Have you decided where you're going to celebrate Christmas Eve?,Har du besluttet hvor du vil holde juleaften?,"{""c"":""Har du besluttet dig for, hvor du skal fejre juleaften?""}","Har du besluttet dig for, hvor du skal fejre juleaften?",False,1,0,True,True,False,True,,True,,True,"{""reason"":""detector_match"",""detected"":""da"",""confidence"":1.0}",True,[],[],True,,"{""errors"":[]}",True,[],True,1,0,True,True,False,100,100,2476,25,2501,0,0,1248.81,1318,8,1326,0,0,1259.0
8e305deec07f513cdd52,929,haiku-4-5,managed-prompt,tatoeba,en,da,Everyone has voted.,Alle har stemt.,"{""c"":""Alle har stemt.""}",Alle har stemt.,False,1,0,True,True,False,True,,True,,True,"{""reason"":""detector_match"",""detected"":""da"",""confidence"":1.0}",True,[],[],True,,"{""errors"":[]}",True,[],True,1,0,True,True,False,100,100,2468,13,2481,0,0,1094.59,1287,8,1295,0,0,1175.48
fc636a3d4d881f97280f,930,haiku-4-5,managed-prompt,tatoeba,en,de,I don't see why he doesn't just ask her out.,"Ich verstehe nicht, warum er sie nicht einfach fragt, ob sie mit ihm ausgeht.","{""c"":""Ich verstehe nicht, warum er sie einfach nicht einlädt.""}","Ich verstehe nicht, warum er sie einfach nicht einlädt.",False,1,0,True,True,False,True,,True,,True,"{""reason"":""detector_match"",""detected"":""de"",""confidence"":1.0}",True,[],[],True,,"{""errors"":[{""category"":""accuracy"",""severity"":""major""}]}",False,"[{""category"":""accuracy"",""severity"":""major""}]",True,1,0,True,True,False,85,85,2477,25,2502,0,0,1117.61,1327,17,1344,0,0,2814.23
c86cb441513a01477655,931,haiku-4-5,managed-prompt,tatoeba,en,de,We didn't see anybody there.,Wir haben dort niemanden gesehen.,"{""c"":""Wir haben dort niemanden gesehen.""}",Wir haben dort niemanden gesehen.,False,1,0,True,True,False,True,,True,,True,"{""reason"":""detector_match"",""detected"":""de"",""confidence"":1.0}",True,[],[],True,,"{""errors"":[]}",True,[],True,1,0,True,True,False,100,100,2471,17,2488,0,0,1108.4,1298,8,1306,0,0,1249.13
f33435c71bee80570942,932,haiku-4-5,managed-prompt,tatoeba,en,de,The quality of life in Munich is very high.,Die Lebensqualität in München ist sehr hoch.,"{""c"":""Die Lebensqualität in München ist sehr hoch.""}",Die Lebensqualität in München ist sehr hoch.,False,1,0,True,True,False,True,,True,,True,"{""reason"":""detector_match"",""detected"":""de"",""confidence"":1.0}",True,[],[],True,,"{""errors"":[]}",True,[],True,1,0,True,True,False,100,100,2474,20,2494,0,0,1018.36,1307,8,1315,0,0,1251.45
91703cd55ea4fb29ed0f,933,haiku-4-5,managed-prompt,tatoeba,en,de,We had to write off the debt.,Wir mussten unsere Schulden abschreiben.,"{""c"":""Wir mussten die Schulden abschreiben.""}",Wir mussten die Schulden abschreiben.,False,1,0,True,True,False,True,,True,,True,"{""reason"":""detector_match"",""detected"":""de"",""confidence"":1.0}",True,[],[],True,,"{""errors"":[]}",True,[],True,1,0,True,True,False,100,100,2472,21,2493,0,0,1117.22,1308,8,1316,0,0,1229.65
b875ce00d680491cb94d,934,haiku-4-5,managed-prompt,tatoeba,en,de,Tom didn't go to Boston after all.,Tom ist letztlich doch nicht nach Boston gefahren.,"{""c"":""Tom ist dann doch nicht nach Boston gefahren.""}",Tom ist dann doch nicht nach Boston gefahren.,False,1,0,True,True,False,True,,True,,True,"{""reason"":""detector_match"",""detected"":""de"",""confidence"":1.0}",True,[],[],True,,"{""errors"":[]}",True,[],True,1,0,True,True,False,100,100,2473,19,2492,0,0,994.79,1306,8,1314,0,0,1246.22
3657aba3a90ae98150b8,935,haiku-4-5,managed-prompt,tatoeba,en,de,I work as a bus driver.,Ich arbeite als Busfahrerin.,"{""c"":""Ich arbeite als Busfahrer.""}",Ich arbeite als Busfahrer.,False,1,0,True,True,False,True,,True,,True,"{""reason"":""detector_match"",""detected"":""de"",""confidence"":1.0}",True,[],[],True,,"{""errors"":[]}",True,[],True,1,0,True,True,False,100,100,2471,17,2488,0,0,1018.99,1299,8,1307,0,0,2588.07
4ef01f75f5cf341e3d8e,936,haiku-4-5,managed-prompt,tatoeba,en,de,You can't park your car in this road.,In dieser Straße kannst du deinen Wagen nicht parken.,"{""c"":""Du kannst dein Auto auf dieser Straße nicht parken.""}",Du kannst dein Auto auf dieser Straße nicht parken.,False,1,0,True,True,False,True,,True,,True,"{""reason"":""detector_match"",""detected"":""de"",""confidence"":1.0}",True,[],[],True,,"{""errors"":[]}",True,[],True,1,0,True,True,False,100,100,2474,22,2496,0,0,1118.9,1313,8,1321,0,0,1219.14
1c703f6cfab4b72e0d7b,937,haiku-4-5,managed-prompt,tatoeba,en,de,I don't believe Naomi. I think she's lying.,"Ich glaube Naomi nicht. Ich glaube, sie lügt.","{""c"":""Ich glaube Naomi nicht. Ich denke, sie lügt.""}","Ich glaube Naomi nicht. Ich denke, sie lügt.",False,1,0,True,True,False,True,,True,,True,"{""reason"":""detector_match"",""detected"":""de"",""confidence"":1.0}",True,[],[],True,,"{""errors"":[]}",True,[],True,1,0,True,True,False,100,100,2478,27,2505,0,0,1132.54,1326,8,1334,0,0,1370.78
faa9c73e015c564614fa,938,haiku-4-5,managed-prompt,tatoeba,en,de,Official business is never urgent.,Dienstliche Angelegenheiten sind niemals dringend.,"{""c"":""Offizielle Angelegenheiten sind niemals dringend.""}",Offizielle Angelegenheiten sind niemals dringend.,False,1,0,True,True,False,True,,True,,True,"{""reason"":""detector_match"",""detected"":""de"",""confidence"":1.0}",True,[],[],True,,"{""errors"":[{""category"":""terminology"",""severity"":""minor""}]}",True,"[{""category"":""terminology"",""severity"":""minor""}]",True,1,0,True,True,False,97,97,2470,24,2494,0,0,1257.43,1311,17,1328,0,0,1563.7
d755d752ee51bd5803b4,939,haiku-4-5,managed-prompt,tatoeba,en,de,Shut up and kiss me.,Halt die Klappe und küss mich.,"{""c"":""Halt den Mund und küss mich.""}",Halt den Mund und küss mich.,False,1,0,True,True,False,True,,True,,True,"{""reason"":""detector_match"",""detected"":""de"",""confidence"":1.0}",True,[],[],True,,"{""errors"":[]}",True,[],True,1,0,True,True,False,100,100,2471,19,2490,0,0,1152.99,1303,8,1311,0,0,1111.44
85db1eb114ebad0ee006,940,haiku-4-5,managed-prompt,tatoeba,en,es,I want to be as happy as Tom.,Quiero ser tan feliz como Tom.,"{""c"":""Quiero ser tan feliz como Tom.""}",Quiero ser tan feliz como Tom.,False,1,0,True,True,False,True,,True,,,"{""reason"":""detector_inconclusive"",""detected"":""pt"",""confidence"":0.8571}",True,[],[],True,,"{""errors"":[]}",True,[],True,1,0,True,True,False,100,100,2473,17,2490,0,0,898.66,1300,8,1308,0,0,1459.11
6de15c409e5eb824fbcc,941,haiku-4-5,managed-prompt,tatoeba,en,es,The new year will begin.,Va a comenzar el año nuevo.,"{""c"":""El año nuevo está por comenzar.""}",El año nuevo está por comenzar.,False,1,0,True,True,False,True,,True,,True,"{""reason"":""detector_match"",""detected"":""es"",""confidence"":1.0}",True,[],[],True,,"{""errors"":[]}",True,[],True,1,0,True,True,False,100,100,2470,15,2485,0,0,1148.36,1293,8,1301,0,0,1408.35
bc5221d32ec5471ba70b,942,haiku-4-5,managed-prompt,tatoeba,en,es,How are you doing that with your hand?,¿Cómo estás haciendo eso con tu mano?,"{""c"":""¿Cómo estás haciendo eso con tu mano?""}",¿Cómo estás haciendo eso con tu mano?,False,1,0,True,True,False,True,,True,,True,"{""reason"":""detector_match"",""detected"":""es"",""confidence"":1.0}",True,[],[],True,,"{""errors"":[]}",True,[],True,1,0,True,True,False,100,100,2473,24,2497,0,0,1004.83,1316,8,1324,0,0,1301.34
d305b21c52e467a3d600,943,haiku-4-5,managed-prompt,tatoeba,en,es,I'm not surprised to hear that.,No me sorprende oír eso.,"{""c"":""No me sorprende escuchar eso.""}",No me sorprende escuchar eso.,False,1,0,True,True,False,True,,True,,True,"{""reason"":""detector_match"",""detected"":""es"",""confidence"":1.0}",True,[],[],True,,"{""errors"":[]}",True,[],True,1,0,True,True,False,100,100,2472,18,2490,0,0,1030.07,1300,8,1308,0,0,1217.44
e3d6b21cab6bb9fcccb3,944,haiku-4-5,managed-prompt,tatoeba,en,es,Tom put the frying pan on the stove.,Tom puso la sartén sobre la estufa.,"{""c"":""Tom puso la sartén en la estufa.""}",Tom puso la sartén en la estufa.,False,1,0,True,True,False,True,,True,,True,"{""reason"":""detector_match"",""detected"":""es"",""confidence"":0.8571}",True,[],[],True,,"{""errors"":[]}",True,[],True,1,0,True,True,False,100,100,2475,20,2495,0,0,1038.3,1308,8,1316,0,0,1300.71
fda1f9306e1d038cb561,945,haiku-4-5,managed-prompt,tatoeba,en,es,They are looking up the meaning of the word in the dictionary.,Buscan el significado de la palabra en el diccionario.,"{""c"":""Están buscando el significado de la palabra en el diccionario.""}",Están buscando el significado de la palabra en el diccionario.,False,1,0,True,True,False,True,,True,,True,"{""reason"":""detector_match"",""detected"":""es"",""confidence"":1.0}",True,[],[],True,,"{""errors"":[]}",True,[],True,1,0,True,True,False,100,100,2477,24,2501,0,0,1127.58,1316,8,1324,0,0,1223.73
b0029ef626a022614261,946,haiku-4-5,managed-prompt,tatoeba,en,es,Are you never content?,¿Nunca estarás contento?,"{""c"":""¿Nunca estás satisfecho?""}",¿Nunca estás satisfecho?,False,1,0,True,True,False,True,,True,,True,"{""reason"":""detector_match"",""detected"":""es"",""confidence"":1.0}",True,[],[],True,,"{""errors"":[]}",True,[],True,1,0,True,True,False,100,100,2469,17,2486,0,0,1374.04,1299,8,1307,0,0,1264.1
2e7fd931c403a40eac08,947,haiku-4-5,managed-prompt,tatoeba,en,es,Do you want some vodka?,¿Quieres vodka?,"{""c"":""¿Quieres un poco de vodka?""}",¿Quieres un poco de vodka?,False,1,0,True,True,False,True,,True,,True,"{""reason"":""detector_match"",""detected"":""es"",""confidence"":1.0}",True,[],[],True,,"{""errors"":[]}",True,[],True,1,0,True,True,False,100,100,2471,19,2490,0,0,1163.01,1301,8,1309,0,0,1296.84
7d4e98b470f0b83b4da7,948,haiku-4-5,managed-prompt,tatoeba,en,es,'A' comes before 'B' in the alphabet.,"En el alfabeto, la ""A"" viene antes que la ""B"".","{""c"":""'A' viene antes que 'B' en el alfabeto.""}",'A' viene antes que 'B' en el alfabeto.,False,1,0,True,True,False,True,,True,,True,"{""reason"":""detector_match"",""detected"":""es"",""confidence"":1.0}",True,[],[],True,,"{""errors"":[]}",True,[],True,1,0,True,True,False,100,100,2478,22,2500,0,0,1055.06,1314,8,1322,0,0,1201.32
6f069adab559973dc472,949,haiku-4-5,managed-prompt,tatoeba,en,es,You have one hour to get this done.,Dispones de una hora para terminar esto.,"{""c"":""Tienes una hora para hacerlo.""}",Tienes una hora para hacerlo.,False,1,0,True,True,False,True,,True,,True,"{""reason"":""detector_match"",""detected"":""es"",""confidence"":1.0}",True,[],[],True,,"{""errors"":[]}",True,[],True,1,0,True,True,False,100,100,2473,17,2490,0,0,1060.24,1301,8,1309,0,0,1193.92
15843006fd578794fc54,950,haiku-4-5,managed-prompt,tatoeba,en,fr,I just heard that Tom and Mary are moving to Boston.,Je viens d'apprendre que Tom et Mary déménagent à Boston.,"{""c"":""Je viens d'apprendre que Tom et Mary déménagent à Boston.""}",Je viens d'apprendre que Tom et Mary déménagent à Boston.,False,1,0,True,True,False,True,,True,,True,"{""reason"":""detector_match"",""detected"":""fr"",""confidence"":1.0}",True,[],[],True,,"{""errors"":[]}",True,[],True,1,0,True,True,False,100,100,2476,26,2502,0,0,1105.49,1321,8,1329,0,0,1500.14
243f1b897a01324010d4,951,haiku-4-5,managed-prompt,tatoeba,en,fr,He told the truth.,Il disait la vérité.,"{""c"":""Il a dit la vérité.""}",Il a dit la vérité.,False,1,0,True,True,False,True,,True,,True,"{""reason"":""detector_match"",""detected"":""fr"",""confidence"":1.0}",True,[],[],True,,"{""errors"":[]}",True,[],True,1,0,True,True,False,100,100,2469,15,2484,0,0,942.55,1292,8,1300,0,0,1337.13
08f4538dbe22e6cd8578,952,haiku-4-5,managed-prompt,tatoeba,en,fr,"Horrible helicopter accident in a Belgian cemetery, the rescuers have already salvaged more than 500 corpses.","Terrible accident d'hélicoptère dans un cimetière belge, les sauveteurs ont déjà dégagé plus de 500 corps.","{""c"":""Horrible accident d'hélicoptère dans un cimetière belge, les sauveteurs ont déjà récupéré plus de 500 cadavres.""}","Horrible accident d'hélicoptère dans un cimetière belge, les sauveteurs ont déjà récupéré plus de 500 cadavres.",False,1,0,True,True,False,True,,True,,True,"{""reason"":""detector_match"",""detected"":""fr"",""confidence"":1.0}",True,[],[],True,,"{""errors"":[]}",True,[],True,1,0,True,True,False,100,100,2489,47,2536,0,0,1283.94,1374,8,1382,0,0,1216.21
ee4c15b0dde868ad704f,953,haiku-4-5,managed-prompt,tatoeba,en,fr,She served us a good meal.,Elle nous a servi un bon repas.,"{""c"":""Elle nous a servi un bon repas.""}",Elle nous a servi un bon repas.,False,1,0,True,True,False,True,,True,,,"{""reason"":""detector_inconclusive"",""detected"":""fr"",""confidence"":0.7143}",True,[],[],True,,"{""errors"":[]}",True,[],True,1,0,True,True,False,100,100,2471,17,2488,0,0,1140.35,1298,8,1306,0,0,1257.43
96c9adf599172b444397,954,haiku-4-5,managed-prompt,tatoeba,en,fr,How did you lose your arm?,Comment as-tu perdu ton bras ?,"{""c"":""Comment as-tu perdu ton bras ?""}",Comment as-tu perdu ton bras ?,False,1,0,True,True,False,True,,True,,,"{""reason"":""detector_inconclusive"",""detected"":""fr"",""confidence"":0.5714}",True,[],[],True,,"{""errors"":[]}",True,[],True,1,0,True,True,False,100,100,2471,17,2488,0,0,1058.72,1301,8,1309,0,0,1237.17
247c344bd2531b17f626,955,haiku-4-5,managed-prompt,tatoeba,en,fr,Get to bed.,Allez au lit !,"{""c"":""Va te coucher.""}",Va te coucher.,False,1,0,True,True,False,True,,True,,,"{""reason"":""detector_mismatch_uncertain"",""detected"":""en"",""confidence"":1.0}",True,[],[],True,,"{""errors"":[]}",True,[],True,1,0,True,True,False,100,100,2468,12,2480,0,0,1023.29,1287,8,1295,0,0,1214.12
2324a7c946c6311f5f45,956,haiku-4-5,managed-prompt,tatoeba,en,fr,Your house is for sale.,Ta maison est en vente.,"{""c"":""Ta maison est à vendre.""}",Ta maison est à vendre.,False,1,0,True,True,False,True,,True,,True,"{""reason"":""detector_match"",""detected"":""fr"",""confidence"":1.0}",True,[],[],True,,"{""errors"":[]}",True,[],True,1,0,True,True,False,100,100,2470,15,2485,0,0,1077.05,1293,8,1301,0,0,1524.36
e0680ae388dcb009a49f,957,haiku-4-5,managed-prompt,tatoeba,en,fr,Where are you heading?,Où te diriges-tu ?,"{""c"":""Où allez-vous?""}",Où allez-vous?,False,1,0,True,True,False,True,,True,,,"{""reason"":""detector_inconclusive"",""detected"":""hu"",""confidence"":0.7143}",True,[],[],True,,"{""errors"":[]}",True,[],True,1,0,True,True,False,100,100,2469,14,2483,0,0,923.93,1294,8,1302,0,0,1180.73
175cdcc117f86f70664a,958,haiku-4-5,managed-prompt,tatoeba,en,fr,You won't believe what just happened!,Vous ne croirez pas ce qui vient d'arriver !,"{""c"":""Tu ne vas pas croire ce qui vient de se passer !""}",Tu ne vas pas croire ce qui vient de se passer !,False,1,0,True,True,False,True,,True,,True,"{""reason"":""detector_match"",""detected"":""fr"",""confidence"":1.0}",True,[],[],True,,"{""errors"":[]}",True,[],True,1,0,True,True,False,100,100,2472,22,2494,0,0,1131.95,1312,8,1320,0,0,1202.9
da5eff2f4abe57cfb585,959,haiku-4-5,managed-prompt,tatoeba,en,fr,There is a flower on the table.,Il y a une fleur sur la table.,"{""c"":""Il y a une fleur sur la table.""}",Il y a une fleur sur la table.,False,1,0,True,True,False,True,,True,,True,"{""reason"":""detector_match"",""detected"":""fr"",""confidence"":1.0}",True,[],[],True,,"{""errors"":[]}",True,[],True,1,0,True,True,False,100,100,2472,17,2489,0,0,1096.67,1299,8,1307,0,0,1193.07
6052c30f433bd8723d79,960,haiku-4-5,managed-prompt,tatoeba,en,it,Tom's girlfriend saw him with another girl.,La fidanzata di Tom l'ha visto con un'altra ragazza.,"{""c"":""La ragazza di Tom lo ha visto con un'altra ragazza.""}",La ragazza di Tom lo ha visto con un'altra ragazza.,False,1,0,True,True,False,True,,True,,True,"{""reason"":""detector_match"",""detected"":""it"",""confidence"":1.0}",True,[],[],True,,"{""errors"":[{""category"":""fluency"",""severity"":""minor""}]}",True,"[{""category"":""fluency"",""severity"":""minor""}]",True,1,0,True,True,False,97,97,2473,23,2496,0,0,1013.98,1314,18,1332,0,0,1261.25
fcdf2b3886d71cbda4c7,961,haiku-4-5,managed-prompt,tatoeba,en,it,"You can talk to me, you know?","Puoi parlarmi, sai?","{""c"":""Puoi parlarmi, sai? ""}","Puoi parlarmi, sai? ",False,1,0,True,True,False,True,,True,,,"{""reason"":""detector_inconclusive"",""detected"":""id"",""confidence"":0.5714}",True,[],[],True,,"{""errors"":[]}",True,[],True,1,0,True,True,False,100,100,2473,18,2491,0,0,1119.66,1302,8,1310,0,0,1196.99
4de59b4bc0c8eadcb460,962,haiku-4-5,managed-prompt,tatoeba,en,it,Tom asked Mary where John was.,Tom chiese a Mary dove fosse John.,"{""c"":""Tom ha chiesto a Mary dov'era John.""}",Tom ha chiesto a Mary dov'era John.,False,1,0,True,True,False,True,,True,,,"{""reason"":""detector_inconclusive"",""detected"":""en"",""confidence"":0.8571}",True,[],[],True,,"{""errors"":[]}",True,[],True,1,0,True,True,False,100,100,2471,19,2490,0,0,2086.13,1300,8,1308,0,0,1213.74
dfce0864e294e5cbc174,963,haiku-4-5,managed-prompt,tatoeba,en,it,Are you really a foreigner?,È veramente una straniera?,"{""c"":""Sei davvero uno straniero?""}",Sei davvero uno straniero?,False,1,0,True,True,False,True,,True,,True,"{""reason"":""detector_match"",""detected"":""it"",""confidence"":1.0}",True,[],[],True,,"{""errors"":[]}",True,[],True,1,0,True,True,False,100,100,2471,16,2487,0,0,1131.64,1296,8,1304,0,0,1151.26
96a1df42c0166700720e,964,haiku-4-5,managed-prompt,tatoeba,en,it,Don't open the doors.,Non aprire le porte.,"{""c"":""Non aprire le porte.""}",Non aprire le porte.,False,1,0,True,True,False,True,,True,,,"{""reason"":""detector_mismatch_uncertain"",""detected"":""fr"",""confidence"":1.0}",True,[],[],True,,"{""errors"":[]}",True,[],True,1,0,True,True,False,100,100,2470,14,2484,0,0,1091.12,1291,8,1299,0,0,1253.31
df48707ca30063a7c607,965,haiku-4-5,managed-prompt,tatoeba,en,it,Lock all the doors.,Chiuda a chiave tutte le porte.,"{""c"":""Chiudi tutte le porte.""}",Chiudi tutte le porte.,False,1,0,True,True,False,True,,True,,True,"{""reason"":""detector_match"",""detected"":""it"",""confidence"":1.0}",True,[],[],True,,"{""errors"":[{""category"":""accuracy"",""severity"":""major""}]}",False,"[{""category"":""accuracy"",""severity"":""major""}]",True,1,0,True,True,False,85,85,2469,16,2485,0,0,1000.03,1297,17,1314,0,0,1264.02
eb0c6d6beb09819b0d29,966,haiku-4-5,managed-prompt,tatoeba,en,it,The location has changed.,Il luogo è cambiato.,"{""c"":""La posizione è cambiata.""}",La posizione è cambiata.,False,1,0,True,True,False,True,,True,,True,"{""reason"":""detector_match"",""detected"":""it"",""confidence"":1.0}",True,[],[],True,,"{""errors"":[]}",True,[],True,1,0,True,True,False,100,100,2469,15,2484,0,0,1136.01,1292,8,1300,0,0,1540.27
9ce2de18dc7b9ac88222,967,haiku-4-5,managed-prompt,tatoeba,en,it,Is this legal?,È legale?,"{""c"":""È legale?""}",È legale?,False,1,0,True,True,False,True,,True,,,"{""reason"":""too_short_for_language_detection"",""detected"":null,""confidence"":null}",True,[],[],True,,"{""errors"":[]}",True,[],True,1,0,True,True,False,100,100,2468,11,2479,0,0,1101.96,1285,8,1293,0,0,1260.34
c1d33665de7fbd056811,968,haiku-4-5,managed-prompt,tatoeba,en,it,Can I speak to a lawyer?,Posso parlare con un avvocato?,"{""c"":""Posso parlare con un avvocato?""}",Posso parlare con un avvocato?,False,1,0,True,True,False,True,,True,,True,"{""reason"":""detector_match"",""detected"":""it"",""confidence"":1.0}",True,[],[],True,,"{""errors"":[]}",True,[],True,1,0,True,True,False,100,100,2471,19,2490,0,0,1001.4,1304,8,1312,0,0,1233.23
8b8b1252b16a1c9ea708,969,haiku-4-5,managed-prompt,tatoeba,en,it,"An excellent man: he has no enemies, and none of his friends like him.",Un uomo eccellente: non ha nemici e non piace a nessun amico.,"{""c"":""Un uomo eccellente: non ha nemici, e nessuno dei suoi amici lo ama.""}","Un uomo eccellente: non ha nemici, e nessuno dei suoi amici lo ama.",False,1,0,True,True,False,True,,True,,True,"{""reason"":""detector_match"",""detected"":""it"",""confidence"":1.0}",True,[],[],True,,"{""errors"":[]}",True,[],True,1,0,True,True,False,100,100,2481,31,2512,0,0,1111.68,1334,8,1342,0,0,1249.67
69e1179e926859bd89b9,970,haiku-4-5,managed-prompt,tatoeba,en,jp,I study French and English.,フランス語と英語を勉強しています。,"{""c"":""私はフランス語と英語を勉強しています。""}",私はフランス語と英語を勉強しています。,False,1,0,True,True,False,True,,True,,True,"{""reason"":""target_script_present"",""detected"":""ja"",""confidence"":1.0}",True,[],[],True,,"{""errors"":[]}",True,[],True,1,0,True,True,False,100,100,2470,23,2493,0,0,1111.06,1309,8,1317,0,0,1263.2
1d91da31bbeeaeec8ccb,971,haiku-4-5,managed-prompt,tatoeba,en,jp,I think it necessary that you should do so.,私は君がそうすることは必要だと思う。,"{""c"":""そうすべきだと思います。""}",そうすべきだと思います。,False,1,0,True,True,False,True,,True,,True,"{""reason"":""target_script_present"",""detected"":""ja"",""confidence"":1.0}",True,[],[],True,,"{""errors"":[{""category"":""accuracy"",""severity"":""major""}]}",False,"[{""category"":""accuracy"",""severity"":""major""}]",True,1,0,True,True,False,85,85,2474,17,2491,0,0,984.75,1309,17,1326,0,0,1252.28
f1ff96753db06d7fd96c,972,haiku-4-5,managed-prompt,tatoeba,en,jp,His story turned out to be false.,彼の話はうそであることがわかった。,"{""c"":""彼の話は結局嘘だった。""}",彼の話は結局嘘だった。,False,1,0,True,True,False,True,,True,,True,"{""reason"":""target_script_present"",""detected"":""ja"",""confidence"":1.0}",True,[],[],True,,"{""errors"":[]}",True,[],True,1,0,True,True,False,100,100,2472,20,2492,0,0,1135.09,1308,8,1316,0,0,1212.33
96f0f36ecf147433194c,973,haiku-4-5,managed-prompt,tatoeba,en,jp,It's time to go to bed.,寝る時間ですよ。,"{""c"":""寝る時間です。""}",寝る時間です。,False,1,0,True,True,False,True,,True,,True,"{""reason"":""target_script_present"",""detected"":""ja"",""confidence"":1.0}",True,[],[],True,,"{""errors"":[]}",True,[],True,1,0,True,True,False,100,100,2472,14,2486,0,0,1044.17,1298,8,1306,0,0,1278.69
b5aada33a3ab63557aa6,974,haiku-4-5,managed-prompt,tatoeba,en,jp,Our team was in high spirits because of the victory.,その勝利で私たちのチームは意気が上がった。,"{""c"":""私たちのチームは勝利のため気分が高揚していました。""}",私たちのチームは勝利のため気分が高揚していました。,False,1,0,True,True,False,True,,True,,True,"{""reason"":""target_script_present"",""detected"":""ja"",""confidence"":1.0}",True,[],[],True,,"{""errors"":[]}",True,[],True,1,0,True,True,False,100,100,2475,28,2503,0,0,1083.59,1324,8,1332,0,0,1114.44
22c7ec18676edfdabe64,975,haiku-4-5,managed-prompt,tatoeba,en,jp,She is reluctant to marry him.,彼女は彼と結婚するのを嫌がっている。,"{""c"":""彼女は彼と結婚することに乗り気ではない。""}",彼女は彼と結婚することに乗り気ではない。,False,1,0,True,True,False,True,,True,,True,"{""reason"":""target_script_present"",""detected"":""ja"",""confidence"":1.0}",True,[],[],True,,"{""errors"":[]}",True,[],True,1,0,True,True,False,100,100,2472,27,2499,0,0,2174.65,1321,8,1329,0,0,1179.19
40116da6298805439fd8,976,haiku-4-5,managed-prompt,tatoeba,en,jp,She seems to have known the secret.,彼女はその秘密を知っていたようだ。,"{""c"":""彼女はその秘密を知っていたようだ。""}",彼女はその秘密を知っていたようだ。,False,1,0,True,True,False,True,,True,,True,"{""reason"":""target_script_present"",""detected"":""ja"",""confidence"":1.0}",True,[],[],True,,"{""errors"":[]}",True,[],True,1,0,True,True,False,100,100,2472,24,2496,0,0,1097.45,1315,8,1323,0,0,1233.91
403a39512e5d8bf44dbc,977,haiku-4-5,managed-prompt,tatoeba,en,jp,Don't come back again.,もう二度と戻って来るな。,"{""c"":""もう二度と戻ってくるな。""}",もう二度と戻ってくるな。,False,1,0,True,True,False,True,,True,,True,"{""reason"":""target_script_present"",""detected"":""ja"",""confidence"":1.0}",True,[],[],True,,"{""errors"":[]}",True,[],True,1,0,True,True,False,100,100,2470,20,2490,0,0,1189.22,1304,8,1312,0,0,1118.81
9c1efc034532e7ed162e,978,haiku-4-5,managed-prompt,tatoeba,en,jp,I can hardly see anything.,ほとんど何も見えないんだ。,"{""c"":""ほとんど何も見えません。""}",ほとんど何も見えません。,False,1,0,True,True,False,True,,True,,True,"{""reason"":""target_script_present"",""detected"":""ja"",""confidence"":1.0}",True,[],[],True,,"{""errors"":[{""category"":""tone"",""severity"":""minor""}]}",True,"[{""category"":""tone"",""severity"":""minor""}]",True,1,0,True,True,False,97,97,2470,18,2488,0,0,1043.43,1304,17,1321,0,0,1874.13
fafafcbc73e980d5b94a,979,haiku-4-5,managed-prompt,tatoeba,en,jp,Due to unavoidable circumstances this summer I can't stay in my holiday cottage.,よんどころない事情で、今年の夏は別荘で過ごせないんだ。,"{""c"":""やむを得ない事情で、この夏は別荘に泊まることができません。""}",やむを得ない事情で、この夏は別荘に泊まることができません。,False,1,0,True,True,False,True,,True,,True,"{""reason"":""target_script_present"",""detected"":""ja"",""confidence"":1.0}",True,[],[],True,,"{""errors"":[]}",True,[],True,1,0,True,True,False,100,100,2481,32,2513,0,0,1259.68,1343,8,1351,0,0,1171.64
9f16e2ea81326cd3fd36,980,haiku-4-5,managed-prompt,tatoeba,en,nl,Tom is dying.,Tom sterft.,"{""c"":""Tom gaat dood.""}",Tom gaat dood.,False,1,0,True,True,False,True,,True,,,"{""reason"":""detector_inconclusive"",""detected"":""nl"",""confidence"":0.7143}",True,[],[],True,,"{""errors"":[]}",True,[],True,1,0,True,True,False,100,100,2468,13,2481,0,0,931.53,1285,8,1293,0,0,1202.1
8070705f038db79fe40e,981,haiku-4-5,managed-prompt,tatoeba,en,nl,Mary bites her nails.,Maria bijt op haar nagels.,"{""c"":""Mary bijt op haar nagels.""}",Mary bijt op haar nagels.,False,1,0,True,True,False,True,,True,,True,"{""reason"":""detector_match"",""detected"":""nl"",""confidence"":1.0}",True,[],[],True,,"{""errors"":[]}",True,[],True,1,0,True,True,False,100,100,2471,15,2486,0,0,997.46,1294,8,1302,0,0,1226.64
858d399b6e4d8de325f7,982,haiku-4-5,managed-prompt,tatoeba,en,nl,He's allergic to cats.,Hij is allergisch voor katten.,"{""c"":""Hij is allergisch voor katten.""}",Hij is allergisch voor katten.,False,1,0,True,True,False,True,,True,,True,"{""reason"":""detector_match"",""detected"":""nl"",""confidence"":1.0}",True,[],[],True,,"{""errors"":[]}",True,[],True,1,0,True,True,False,100,100,2471,15,2486,0,0,1082.56,1294,8,1302,0,0,1166.71
2e59f0916fa506521868,983,haiku-4-5,managed-prompt,tatoeba,en,nl,He can't run very fast.,Hij kan niet erg snel rennen.,"{""c"":""Hij kan niet erg snel rennen.""}",Hij kan niet erg snel rennen.,False,1,0,True,True,False,True,,True,,True,"{""reason"":""detector_match"",""detected"":""nl"",""confidence"":1.0}",True,[],[],True,,"{""errors"":[]}",True,[],True,1,0,True,True,False,100,100,2471,17,2488,0,0,1071.66,1298,8,1306,0,0,1378.13
e8f5839e17fe68eae7c9,984,haiku-4-5,managed-prompt,tatoeba,en,nl,Stop Tom.,Stop Tom.,"{""c"":""Stop Tom.""}",Stop Tom.,False,1,0,True,True,False,True,,True,,,"{""reason"":""too_short_for_language_detection"",""detected"":null,""confidence"":null}",True,[],[],True,,"{""errors"":[]}",True,[],True,1,0,True,True,False,100,100,2467,10,2477,0,0,1015.23,1280,8,1288,0,0,1260.59
a9d858469e3258b9b93f,985,haiku-4-5,managed-prompt,tatoeba,en,nl,How much is 300 euros in Canadian dollars?,Hoeveel is 300 euro in Canadese dollars?,"{""c"":""Hoeveel is 300 euro in Canadese dollars?""}",Hoeveel is 300 euro in Canadese dollars?,False,1,0,True,True,False,True,,True,,True,"{""reason"":""detector_match"",""detected"":""nl"",""confidence"":1.0}",True,[],[],True,,"{""errors"":[]}",True,[],True,1,0,True,True,False,100,100,2475,22,2497,0,0,1102.64,1314,8,1322,0,0,1229.76
aae155b31b4e1ea57425,986,haiku-4-5,managed-prompt,tatoeba,en,nl,Tom can't stand being interrupted.,Tom kan het niet uitstaan onderbroken te worden.,"{""c"":""Tom kan niet tegen onderbrekingen.""}",Tom kan niet tegen onderbrekingen.,False,1,0,True,True,False,True,,True,,,"{""reason"":""detector_inconclusive"",""detected"":""nl"",""confidence"":0.5714}",True,[],[],True,,"{""errors"":[]}",True,[],True,1,0,True,True,False,100,100,2471,16,2487,0,0,1040.18,1300,8,1308,0,0,1175.19
abe517c05e436988e0b5,987,haiku-4-5,managed-prompt,tatoeba,en,nl,I don't want to continue pressing the issue.,Ik wil niet blijven aandringen.,"{""c"":""Ik wil het onderwerp niet verder ter sprake brengen.""}",Ik wil het onderwerp niet verder ter sprake brengen.,False,1,0,True,True,False,True,,True,,,"{""reason"":""detector_inconclusive"",""detected"":""af"",""confidence"":0.8571}",True,[],[],True,,"{""errors"":[]}",True,[],True,1,0,True,True,False,100,100,2474,24,2498,0,0,1286.64,1310,8,1318,0,0,1237.88
4071d2ae3e112013e48e,988,haiku-4-5,managed-prompt,tatoeba,en,nl,"According to the Bible, God created the world in six days.",Volgens de bijbel schiep God de wereld in zes dagen.,"{""c"":""Volgens de Bijbel schiep God de wereld in zes dagen.""}",Volgens de Bijbel schiep God de wereld in zes dagen.,False,1,0,True,True,False,True,,True,,True,"{""reason"":""detector_match"",""detected"":""nl"",""confidence"":1.0}",True,[],[],True,,"{""errors"":[]}",True,[],True,1,0,True,True,False,100,100,2477,26,2503,0,0,1229.77,1321,8,1329,0,0,1221.72
c43d5698fda7ed3157dd,989,haiku-4-5,managed-prompt,tatoeba,en,nl,I'll arrive on Christmas Day.,Ik zal op kerstdag aankomen.,"{""c"":""Ik kom op Kerstmis aan.""}",Ik kom op Kerstmis aan.,False,1,0,True,True,False,True,,True,,,"{""reason"":""detector_mismatch_uncertain"",""detected"":""af"",""confidence"":1.0}",True,[],[],True,,"{""errors"":[]}",True,[],True,1,0,True,True,False,100,100,2471,19,2490,0,0,1161.09,1303,8,1311,0,0,1198.2
b9afe430d97ce8aa9dc7,990,haiku-4-5,managed-prompt,tatoeba,en,nb,I think that she is from Germany.,Jeg tror at hun er fra Tyskland.,"{""c"":""Jeg tror at hun er fra Tyskland.""}",Jeg tror at hun er fra Tyskland.,False,1,0,True,True,False,True,,True,,,"{""reason"":""detector_mismatch_uncertain"",""detected"":""da"",""confidence"":1.0}",True,[],[],True,,"{""errors"":[]}",True,[],True,1,0,True,True,False,100,100,2472,17,2489,0,0,1151.9,1299,8,1307,0,0,1044.04
711e5bd89e0414093f08,991,haiku-4-5,managed-prompt,tatoeba,en,nb,He's putting himself in debt.,Han setter seg i gjeld.,"{""c"":""Han putter seg selv i gjeld.""}",Han putter seg selv i gjeld.,False,1,0,True,True,False,True,,True,,True,"{""reason"":""detector_match"",""detected"":""no"",""confidence"":1.0}",True,[],[],True,,"{""errors"":[{""category"":""fluency"",""severity"":""minor""}]}",True,"[{""category"":""fluency"",""severity"":""minor""}]",True,1,0,True,True,False,97,97,2471,16,2487,0,0,1136.41,1294,18,1312,0,0,1267.23
100e6b27a0f8c6ae90b3,992,haiku-4-5,managed-prompt,tatoeba,en,nb,Tom works as a used car salesman.,Tom har jobb som bruktbilforhandlar.,"{""c"":""Tom jobber som bruktbilselger.""}",Tom jobber som bruktbilselger.,False,1,0,True,True,False,True,,True,,True,"{""reason"":""detector_match"",""detected"":""no"",""confidence"":1.0}",True,[],[],True,,"{""errors"":[]}",True,[],True,1,0,True,True,False,100,100,2473,18,2491,0,0,1063.82,1304,8,1312,0,0,1246.3
c481e28867a957366539,993,haiku-4-5,managed-prompt,tatoeba,en,nb,I like your article.,Jeg liker din artikkel.,"{""c"":""Jeg liker artikkelen din.""}",Jeg liker artikkelen din.,False,1,0,True,True,False,True,,True,,,"{""reason"":""detector_inconclusive"",""detected"":""no"",""confidence"":0.7143}",True,[],[],True,,"{""errors"":[]}",True,[],True,1,0,True,True,False,100,100,2469,16,2485,0,0,1203.35,1293,8,1301,0,0,1133.53
fb4eb72a5e8e81f3b069,994,haiku-4-5,managed-prompt,tatoeba,en,nb,We accept all major credit cards.,Vi tar alle større kredittkort.,"{""c"":""Vi aksepterer alle større kredittkort.""}",Vi aksepterer alle større kredittkort.,False,1,0,True,True,False,True,,True,,True,"{""reason"":""detector_match"",""detected"":""no"",""confidence"":1.0}",True,[],[],True,,"{""errors"":[{""category"":""terminology"",""severity"":""minor""}]}",True,"[{""category"":""terminology"",""severity"":""minor""}]",True,1,0,True,True,False,97,97,2471,18,2489,0,0,1114.36,1298,17,1315,0,0,2814.97
51d845072c679525bcb6,995,haiku-4-5,managed-prompt,tatoeba,en,nb,Write me a message.,Skriv meg en melding.,"{""c"":""Skriv en melding for meg.""}",Skriv en melding for meg.,False,1,0,True,True,False,True,,True,,,"{""reason"":""detector_inconclusive"",""detected"":""da"",""confidence"":0.8572}",True,[],[],True,,"{""errors"":[]}",True,[],True,1,0,True,True,False,100,100,2469,17,2486,0,0,1185.36,1295,8,1303,0,0,1134.79
ed1718f210e826d19562,996,haiku-4-5,managed-prompt,tatoeba,en,nb,Tom's living room was tastefully furnished.,Toms stue var smakefullt innredet.,"{""c"":""Toms stue var smakfullt møblert.""}",Toms stue var smakfullt møblert.,False,1,0,True,True,False,True,,True,,True,"{""reason"":""detector_match"",""detected"":""no"",""confidence"":1.0}",True,[],[],True,,"{""errors"":[]}",True,[],True,1,0,True,True,False,100,100,2473,21,2494,0,0,1291.18,1308,8,1316,0,0,1424.24
6abd767ab1c81b0e47e1,997,haiku-4-5,managed-prompt,tatoeba,en,nb,We have more important things that need to be dealt with.,Vi har viktigere ting som må gjøres.,"{""c"":""Vi har viktigere ting som må håndteres.""}",Vi har viktigere ting som må håndteres.,False,1,0,True,True,False,True,,True,,,"{""reason"":""detector_mismatch_uncertain"",""detected"":""da"",""confidence"":1.0}",True,[],[],True,,"{""errors"":[]}",True,[],True,1,0,True,True,False,100,100,2476,21,2497,0,0,1261.68,1310,8,1318,0,0,1099.18
1c7d69dddb3a6d1a5ea9,998,haiku-4-5,managed-prompt,tatoeba,en,nb,Now eat your supper.,Spis middagen din nå.,"{""c"":""Nå spis middagen din.""}",Nå spis middagen din.,False,1,0,True,True,False,True,,True,,,"{""reason"":""detector_inconclusive"",""detected"":""da"",""confidence"":0.8571}",True,[],[],True,,"{""errors"":[{""category"":""fluency"",""severity"":""minor""}]}",True,"[{""category"":""fluency"",""severity"":""minor""}]",True,1,0,True,True,False,97,97,2470,16,2486,0,0,1172.83,1295,18,1313,0,0,1309.09
c00003bd002d9987a6eb,999,haiku-4-5,managed-prompt,tatoeba,en,nb,Tom works out in a gym near his house.,Tom trener på et treningssenter nært huset hans.,"{""c"":""Tom trener på et treningsstudio nær huset sitt.""}",Tom trener på et treningsstudio nær huset sitt.,False,1,0,True,True,False,True,,True,,True,"{""reason"":""detector_match"",""detected"":""no"",""confidence"":1.0}",True,[],[],True,,"{""errors"":[]}",True,[],True,1,0,True,True,False,100,100,2474,22,2496,0,0,1281.94,1311,8,1319,0,0,2214.29
cbdc756a3fd690b1b8ae,1000,haiku-4-5,managed-prompt,tatoeba,es,da,Él tradujo a Homero del griego al inglés.,Han har oversat Homer fra græsk til engelsk.,"{""c"":""Han oversatte Homer fra græsk til engelsk.""}",Han oversatte Homer fra græsk til engelsk.,False,1,0,True,True,False,True,,True,,True,"{""reason"":""detector_match"",""detected"":""da"",""confidence"":1.0}",True,[],[],True,,"{""errors"":[]}",True,[],True,1,0,True,True,False,100,100,2479,17,2496,0,0,1108.21,1307,8,1315,0,0,1202.67
2f7c46066e2ee19a6d4e,1001,haiku-4-5,managed-prompt,tatoeba,es,da,El gato duerme en una silla.,Katten sover på en stol.,"{""c"":""Katten sover i en stol.""}",Katten sover i en stol.,False,1,0,True,True,False,True,,True,,,"{""reason"":""detector_mismatch_uncertain"",""detected"":""no"",""confidence"":1.0}",True,[],[],True,,"{""errors"":[{""category"":""accuracy"",""severity"":""minor""}]}",True,"[{""category"":""accuracy"",""severity"":""minor""}]",True,1,0,True,True,False,97,97,2475,17,2492,0,0,1152.16,1302,17,1319,0,0,1268.11
b2eb0b4592d8bcd53799,1002,haiku-4-5,managed-prompt,tatoeba,es,da,Se puede desayunar entre las siete y las nueve.,Du kan spise morgenmaden mellem klokken syv og klokken ni.,"{""c"":""Du kan spise morgenmad mellem klokken syv og ni.""}",Du kan spise morgenmad mellem klokken syv og ni.,False,1,0,True,True,False,True,,True,,,"{""reason"":""detector_mismatch_uncertain"",""detected"":""no"",""confidence"":0.9988}",True,[],[],True,,"{""errors"":[]}",True,[],True,1,0,True,True,False,100,100,2479,23,2502,0,0,1237.58,1321,8,1329,0,0,1485.12
97843540f7615a7de9f5,1003,haiku-4-5,managed-prompt,tatoeba,es,da,El agua está compuesta de hidrógeno y oxígeno.,Vand består af brint og ilt.,"{""c"":""Vand er sammensat af brint og ilt.""}",Vand er sammensat af brint og ilt.,False,1,0,True,True,False,True,,True,,True,"{""reason"":""detector_match"",""detected"":""da"",""confidence"":1.0}",True,[],[],True,,"{""errors"":[]}",True,[],True,1,0,True,True,False,100,100,2479,21,2500,0,0,1248.94,1311,8,1319,0,0,1150.75
f1ba23004ddf08cb6cb8,1004,haiku-4-5,managed-prompt,tatoeba,es,da,Nos reunimos aquí una vez por semana.,Vi mødes her en gang om ugen.,"{""c"":""Vi mødes her en gang om ugen.""}",Vi mødes her en gang om ugen.,False,1,0,True,True,False,True,,True,,True,"{""reason"":""detector_match"",""detected"":""da"",""confidence"":1.0}",True,[],[],True,,"{""errors"":[]}",True,[],True,1,0,True,True,False,100,100,2476,17,2493,0,0,1165.6,1303,8,1311,0,0,1190.62
7ff9fa862c7d7eb789c5,1005,haiku-4-5,managed-prompt,tatoeba,es,da,Soplaba un viento frío.,Der blæste en kold vind.,"{""c"":""Der blæste en kold vind.""}",Der blæste en kold vind.,False,1,0,True,True,False,True,,True,,True,"{""reason"":""detector_match"",""detected"":""da"",""confidence"":1.0}",True,[],[],True,,"{""errors"":[]}",True,[],True,1,0,True,True,False,100,100,2474,17,2491,0,0,1236.22,1301,8,1309,0,0,1314.26
43681663c26404f36e45,1006,haiku-4-5,managed-prompt,tatoeba,es,da,"Es a ti a quien ella ama, no a mí.","Det er dig hun elsker, ikke mig.","{""c"":""Det er dig, hun elsker, ikke mig.""}","Det er dig, hun elsker, ikke mig.",False,1,0,True,True,False,True,,True,,,"{""reason"":""detector_inconclusive"",""detected"":""no"",""confidence"":0.9253}",True,[],[],True,,"{""errors"":[]}",True,[],True,1,0,True,True,False,100,100,2478,19,2497,0,0,1134.82,1308,8,1316,0,0,1196.44
0d1a12dacd7808ee7986,1007,haiku-4-5,managed-prompt,tatoeba,es,da,Eres muy valiente.,Du er meget modig.,"{""c"":""Du er meget modig.""}",Du er meget modig.,False,1,0,True,True,False,True,,True,,True,"{""reason"":""detector_match"",""detected"":""da"",""confidence"":1.0}",True,[],[],True,,"{""errors"":[]}",True,[],True,1,0,True,True,False,100,100,2471,13,2484,0,0,1059.89,1290,8,1298,0,0,1218.82
6fc126191ae0ae3e92b9,1008,haiku-4-5,managed-prompt,tatoeba,es,da,Él estaba parado con las manos en los bolsillos.,Han stod med hænderne i lommen.,"{""c"":""Han stod med hænderne i lommerne.""}",Han stod med hænderne i lommerne.,False,1,0,True,True,False,True,,True,,True,"{""reason"":""detector_match"",""detected"":""da"",""confidence"":1.0}",True,[],[],True,,"{""errors"":[]}",True,[],True,1,0,True,True,False,100,100,2480,19,2499,0,0,1242.04,1310,8,1318,0,0,1132.78
e37887bc00efc4b5ace7,1009,haiku-4-5,managed-prompt,tatoeba,es,da,Toma el cuchillo y córtale la punta.,Tag kniven og skær spidsen af.,"{""c"":""Tag kniven og skær spidsen af.""}",Tag kniven og skær spidsen af.,False,1,0,True,True,False,True,,True,,True,"{""reason"":""detector_match"",""detected"":""da"",""confidence"":1.0}",True,[],[],True,,"{""errors"":[]}",True,[],True,1,0,True,True,False,100,100,2479,18,2497,0,0,1294.18,1308,8,1316,0,0,1292.21
c4c62c88f657ef3bf6db,1010,haiku-4-5,managed-prompt,tatoeba,es,de,¿Cómo puedo ayudar a un amigo a dejar de fumar?,"Wie kann ich einem Freund helfen, mit dem Rauchen aufzuhören?","{""c"":""Wie kann ich einem Freund helfen, mit dem Rauchen aufzuhören?""}","Wie kann ich einem Freund helfen, mit dem Rauchen aufzuhören?",False,1,0,True,True,False,True,,True,,True,"{""reason"":""detector_match"",""detected"":""de"",""confidence"":1.0}",True,[],[],True,,"{""errors"":[]}",True,[],True,1,0,True,True,False,100,100,2487,29,2516,0,0,1167.9,1339,8,1347,0,0,1113.41
a7643dff7eff2dcd3160,1011,haiku-4-5,managed-prompt,tatoeba,es,de,¿Cuántos libros lees al mes?,Wie viele Bücher liest du pro Monat?,"{""c"":""Wie viele Bücher liest du pro Monat?""}",Wie viele Bücher liest du pro Monat?,False,1,0,True,True,False,True,,True,,,"{""reason"":""detector_inconclusive"",""detected"":""de"",""confidence"":0.7143}",True,[],[],True,,"{""errors"":[]}",True,[],True,1,0,True,True,False,100,100,2478,22,2500,0,0,1121.79,1316,8,1324,0,0,1213.77
68a7e82e0317c42e2de8,1012,haiku-4-5,managed-prompt,tatoeba,es,de,No somos jóvenes.,Wir sind nicht jung.,"{""c"":""Wir sind nicht jung.""}",Wir sind nicht jung.,False,1,0,True,True,False,True,,True,,True,"{""reason"":""detector_match"",""detected"":""de"",""confidence"":1.0}",True,[],[],True,,"{""errors"":[]}",True,[],True,1,0,True,True,False,100,100,2472,14,2486,0,0,921.97,1293,8,1301,0,0,1246.45
db97cb3223eb5cdacbda,1013,haiku-4-5,managed-prompt,tatoeba,es,de,Entonces éramos ricos.,Damals waren wir reich.,"{""c"":""Also waren wir reich.""}",Also waren wir reich.,False,1,0,True,True,False,True,,True,,True,"{""reason"":""detector_match"",""detected"":""de"",""confidence"":0.8571}",True,[],[],True,,"{""errors"":[{""category"":""accuracy"",""severity"":""major""}]}",False,"[{""category"":""accuracy"",""severity"":""major""}]",True,1,0,True,True,False,85,85,2471,13,2484,0,0,1010.81,1292,17,1309,0,0,1250.8
277d65fcef29403dcc58,1014,haiku-4-5,managed-prompt,tatoeba,es,de,El hombre que visité era el señor Doi.,"Der Mann, den ich besuchte, war Herr Doi.","{""c"":""Der Mann, den ich besuchte, war Herr Doi.""}","Der Mann, den ich besuchte, war Herr Doi.",False,1,0,True,True,False,True,,True,,True,"{""reason"":""detector_match"",""detected"":""de"",""confidence"":1.0}",True,[],[],True,,"{""errors"":[]}",True,[],True,1,0,True,True,False,100,100,2477,23,2500,0,0,1074.59,1316,8,1324,0,0,1220.53
81848e66039518001535,1015,haiku-4-5,managed-prompt,tatoeba,es,de,¿Alimentaste al perro esta mañana?,Hast du den Hund heute Morgen gefüttert?,"{""c"":""Hast du den Hund heute Morgen gefüttert?""}",Hast du den Hund heute Morgen gefüttert?,False,1,0,True,True,False,True,,True,,True,"{""reason"":""detector_match"",""detected"":""de"",""confidence"":1.0}",True,[],[],True,,"{""errors"":[]}",True,[],True,1,0,True,True,False,100,100,2478,24,2502,0,0,1180.8,1320,8,1328,0,0,1197.91
5f887147833fd0c91e10,1016,haiku-4-5,managed-prompt,tatoeba,es,de,Mi pasatiempo es tocar la guitarra.,Mein Hobby ist Gitarre spielen.,"{""c"":""Mein Hobby ist Gitarre spielen.""}",Mein Hobby ist Gitarre spielen.,False,1,0,True,True,False,True,,True,,True,"{""reason"":""detector_match"",""detected"":""de"",""confidence"":1.0}",True,[],[],True,,"{""errors"":[]}",True,[],True,1,0,True,True,False,100,100,2475,19,2494,0,0,952.31,1306,8,1314,0,0,1304.13
3fb00469a7ff120f5a34,1017,haiku-4-5,managed-prompt,tatoeba,es,de,"Por favor, cambia la bandera.",Ändere bitte die Flagge.,"{""c"":""Bitte ändere die Flagge.""}",Bitte ändere die Flagge.,False,1,0,True,True,False,True,,True,,True,"{""reason"":""detector_match"",""detected"":""de"",""confidence"":1.0}",True,[],[],True,,"{""errors"":[]}",True,[],True,1,0,True,True,False,100,100,2473,18,2491,0,0,1048.39,1302,8,1310,0,0,1206.81
4d373f63c494d5b4225f,1018,haiku-4-5,managed-prompt,tatoeba,es,de,Aquí no conozco a nadie.,Ich kenne hier niemanden.,"{""c"":""Ich kenne hier niemanden.""}",Ich kenne hier niemanden.,False,1,0,True,True,False,True,,True,,True,"{""reason"":""detector_match"",""detected"":""de"",""confidence"":0.8571}",True,[],[],True,,"{""errors"":[]}",True,[],True,1,0,True,True,False,100,100,2475,15,2490,0,0,1261.53,1298,8,1306,0,0,1414.35
78ff399822afad83ae9f,1019,haiku-4-5,managed-prompt,tatoeba,es,de,Ella se ruborizó de vergüenza.,Sie wurde rot vor Scham.,"{""c"":""Sie wurde vor Scham rot im Gesicht.""}",Sie wurde vor Scham rot im Gesicht.,False,1,0,True,True,False,True,,True,,True,"{""reason"":""detector_match"",""detected"":""de"",""confidence"":1.0}",True,[],[],True,,"{""errors"":[]}",True,[],True,1,0,True,True,False,100,100,2475,19,2494,0,0,1162.99,1302,8,1310,0,0,1200.62
f0a8c030c430c110df9d,1020,haiku-4-5,managed-prompt,tatoeba,es,en,Quiero ser tan feliz como Tom.,I want to be as happy as Tom.,"{""c"":""I want to be as happy as Tom.""}",I want to be as happy as Tom.,False,1,0,True,True,False,True,,True,,True,"{""reason"":""detector_match"",""detected"":""en"",""confidence"":1.0}",True,[],[],True,,"{""errors"":[]}",True,[],True,1,0,True,True,False,100,100,2474,16,2490,0,0,1095.84,1299,8,1307,0,0,1213.29
f62487d1878972eea2c5,1021,haiku-4-5,managed-prompt,tatoeba,es,en,Va a comenzar el año nuevo.,The new year will begin.,"{""c"":""New Year is about to begin.""}",New Year is about to begin.,False,1,0,True,True,False,True,,True,,True,"{""reason"":""detector_match"",""detected"":""en"",""confidence"":1.0}",True,[],[],True,,"{""errors"":[]}",True,[],True,1,0,True,True,False,100,100,2472,14,2486,0,0,1118.84,1292,8,1300,0,0,1197.61
9ced2e7cbce2b55235e3,1022,haiku-4-5,managed-prompt,tatoeba,es,en,¿Cómo estás haciendo eso con tu mano?,How are you doing that with your hand?,"{""c"":""How are you doing that with your hand?""}",How are you doing that with your hand?,False,1,0,True,True,False,True,,True,,True,"{""reason"":""detector_match"",""detected"":""en"",""confidence"":1.0}",True,[],[],True,,"{""errors"":[]}",True,[],True,1,0,True,True,False,100,100,2482,16,2498,0,0,1057.51,1308,8,1316,0,0,1172.95
9ecb906d6ac1ed900bcc,1023,haiku-4-5,managed-prompt,tatoeba,es,en,No me sorprende oír eso.,I'm not surprised to hear that.,"{""c"":""It doesn't surprise me to hear that.""}",It doesn't surprise me to hear that.,False,1,0,True,True,False,True,,True,,True,"{""reason"":""detector_match"",""detected"":""en"",""confidence"":1.0}",True,[],[],True,,"{""errors"":[]}",True,[],True,1,0,True,True,False,100,100,2474,16,2490,0,0,1045.71,1298,8,1306,0,0,1209.87
c36d181c641c710f9a3f,1024,haiku-4-5,managed-prompt,tatoeba,es,en,Tom puso la sartén sobre la estufa.,Tom put the frying pan on the stove.,"{""c"":""Tom put the pan on the stove.""}",Tom put the pan on the stove.,False,1,0,True,True,False,True,,True,,True,"{""reason"":""detector_match"",""detected"":""en"",""confidence"":1.0}",True,[],[],True,,"{""errors"":[]}",True,[],True,1,0,True,True,False,100,100,2477,16,2493,0,0,937.58,1304,8,1312,0,0,1249.67
119b04eec42137ea326c,1025,haiku-4-5,managed-prompt,tatoeba,es,en,Buscan el significado de la palabra en el diccionario.,They are looking up the meaning of the word in the dictionary.,"{""c"":""Look up the meaning of the word in the dictionary.""}",Look up the meaning of the word in the dictionary.,False,1,0,True,True,False,True,,True,,True,"{""reason"":""detector_match"",""detected"":""en"",""confidence"":1.0}",True,[],[],True,,"{""errors"":[]}",True,[],True,1,0,True,True,False,100,100,2479,18,2497,0,0,1074.6,1310,8,1318,0,0,1211.58
39ebd9f9390cb3ba7463,1026,haiku-4-5,managed-prompt,tatoeba,es,en,¿Nunca estarás contento?,Are you never content?,"{""c"":""Will you never be happy?""}",Will you never be happy?,False,1,0,True,True,False,True,,True,,True,"{""reason"":""detector_match"",""detected"":""en"",""confidence"":1.0}",True,[],[],True,,"{""errors"":[]}",True,[],True,1,0,True,True,False,100,100,2476,13,2489,0,0,939.49,1295,8,1303,0,0,1184.01
9b911237b3930ad8ea2e,1027,haiku-4-5,managed-prompt,tatoeba,es,en,¿Quieres vodka?,Do you want some vodka?,"{""c"":""Do you want vodka?""}",Do you want vodka?,False,1,0,True,True,False,True,,True,,,"{""reason"":""detector_mismatch_uncertain"",""detected"":""sw"",""confidence"":1.0}",True,[],[],True,,"{""errors"":[]}",True,[],True,1,0,True,True,False,100,100,2474,13,2487,0,0,1060.54,1295,8,1303,0,0,1229.23
7587c89bd0c23df9fa05,1028,haiku-4-5,managed-prompt,tatoeba,es,en,"En el alfabeto, la ""A"" viene antes que la ""B"".",'A' comes before 'B' in the alphabet.,"{""c"":""In the alphabet, the \""A\"" comes before the \""B\"".""}","In the alphabet, the ""A"" comes before the ""B"".",False,1,0,True,True,False,True,,True,,True,"{""reason"":""detector_match"",""detected"":""en"",""confidence"":1.0}",True,[],[],True,,"{""errors"":[]}",True,[],True,1,0,True,True,False,100,100,2480,22,2502,0,0,1034.09,1315,8,1323,0,0,1092.43
aa67ab2af2c2fc4daba9,1029,haiku-4-5,managed-prompt,tatoeba,es,en,Dispones de una hora para terminar esto.,You have one hour to get this done.,"{""c"":""You have one hour to finish this.""}",You have one hour to finish this.,False,1,0,True,True,False,True,,True,,True,"{""reason"":""detector_match"",""detected"":""en"",""confidence"":1.0}",True,[],[],True,,"{""errors"":[]}",True,[],True,1,0,True,True,False,100,100,2475,15,2490,0,0,1055.16,1299,8,1307,0,0,1095.73
9b92d236bfdc31ed47d0,1030,haiku-4-5,managed-prompt,tatoeba,es,fr,Prometiste no volver a hacerlo.,Tu avais promis de ne pas recommencer.,"{""c"":""Tu as promis de ne pas recommencer.""}",Tu as promis de ne pas recommencer.,False,1,0,True,True,False,True,,True,,True,"{""reason"":""detector_match"",""detected"":""fr"",""confidence"":0.8571}",True,[],[],True,,"{""errors"":[{""category"":""accuracy"",""severity"":""minor""}]}",True,"[{""category"":""accuracy"",""severity"":""minor""}]",True,1,0,True,True,False,97,97,2475,17,2492,0,0,1078.21,1303,17,1320,0,0,1321.36
8002dc4d43f05195d2bf,1031,haiku-4-5,managed-prompt,tatoeba,es,fr,¿Cómo se escribe vuestro apellido?,Comment votre nom de famille s'écrit-il ?,"{""c"":""Comment s'écrit votre nom de famille?""}",Comment s'écrit votre nom de famille?,False,1,0,True,True,False,True,,True,,True,"{""reason"":""detector_match"",""detected"":""fr"",""confidence"":1.0}",True,[],[],True,,"{""errors"":[]}",True,[],True,1,0,True,True,False,100,100,2480,18,2498,0,0,1074.63,1313,8,1321,0,0,1180.36
ed0fb553a14da9551b58,1032,haiku-4-5,managed-prompt,tatoeba,es,fr,Él tiene un hermano y dos hermanas.,Il a un frère et deux sœurs.,"{""c"":""Il a un frère et deux sœurs.""}",Il a un frère et deux sœurs.,False,1,0,True,True,False,True,,True,,True,"{""reason"":""detector_match"",""detected"":""fr"",""confidence"":1.0}",True,[],[],True,,"{""errors"":[]}",True,[],True,1,0,True,True,False,100,100,2475,18,2493,0,0,985.31,1304,8,1312,0,0,2210.74
407ded6b89a0f6165fb7,1033,haiku-4-5,managed-prompt,tatoeba,es,fr,Necesitamos una forma de trabajar completamente diferente.,Il nous faut une méthode de travail complètement différente.,"{""c"":""Nous avons besoin d'une façon de travailler complètement différente.""}",Nous avons besoin d'une façon de travailler complètement différente.,False,1,0,True,True,False,True,,True,,True,"{""reason"":""detector_match"",""detected"":""fr"",""confidence"":1.0}",True,[],[],True,,"{""errors"":[]}",True,[],True,1,0,True,True,False,100,100,2478,28,2506,0,0,992.1,1323,8,1331,0,0,1226.81
ba5d451e1da5c1f70601,1034,haiku-4-5,managed-prompt,tatoeba,es,fr,"Esperé durante una hora, pero él no apareció.","J'ai attendu pendant une heure, mais il n'est pas apparu.","{""c"":""J'ai attendu pendant une heure, mais il n'est pas apparu.""}","J'ai attendu pendant une heure, mais il n'est pas apparu.",False,1,0,True,True,False,True,,True,,True,"{""reason"":""detector_match"",""detected"":""fr"",""confidence"":1.0}",True,[],[],True,,"{""errors"":[]}",True,[],True,1,0,True,True,False,100,100,2477,26,2503,0,0,1113.09,1322,8,1330,0,0,1273.69
b656bae13ae6c4145105,1035,haiku-4-5,managed-prompt,tatoeba,es,fr,¿Qué clase de deportes practicas?,Quelle sorte de sports pratiques-tu ?,"{""c"":""Quel type de sports pratiques-tu?""}",Quel type de sports pratiques-tu?,False,1,0,True,True,False,True,,True,,True,"{""reason"":""detector_match"",""detected"":""fr"",""confidence"":1.0}",True,[],[],True,,"{""errors"":[]}",True,[],True,1,0,True,True,False,100,100,2477,18,2495,0,0,1113.83,1309,8,1317,0,0,1247.03
f1bc2900e4c1cba4ba3c,1036,haiku-4-5,managed-prompt,tatoeba,es,fr,Nunca le doy de comer carne cruda a mi perro.,Je ne donne jamais de viande crue à manger à mon chien.,"{""c"":""Je ne donne jamais de viande crue à mon chien.""}",Je ne donne jamais de viande crue à mon chien.,False,1,0,True,True,False,True,,True,,True,"{""reason"":""detector_match"",""detected"":""fr"",""confidence"":1.0}",True,[],[],True,,"{""errors"":[]}",True,[],True,1,0,True,True,False,100,100,2482,23,2505,0,0,1146.6,1324,8,1332,0,0,1259.41
e54a610bd2ff44ee7c85,1037,haiku-4-5,managed-prompt,tatoeba,es,fr,¡No me contradigas! Sé lo que es mejor para tí.,Ne me contredis pas ! Je sais ce qui est le mieux pour toi.,"{""c"":""Ne me contredis pas! Je sais ce qui est mieux pour toi.""}",Ne me contredis pas! Je sais ce qui est mieux pour toi.,False,1,0,True,True,False,True,,True,,True,"{""reason"":""detector_match"",""detected"":""fr"",""confidence"":1.0}",True,[],[],True,,"{""errors"":[{""category"":""fluency"",""severity"":""minor""}]}",True,"[{""category"":""fluency"",""severity"":""minor""}]",True,1,0,True,True,False,97,97,2484,26,2510,0,0,1283.03,1329,18,1347,0,0,1263.97
cc8ec74cd87488d331f6,1038,haiku-4-5,managed-prompt,tatoeba,es,fr,Quítese la chaqueta si tiene calor.,Enlevez votre veste si vous avez chaud.,"{""c"":""Enlevez votre veste si vous avez chaud.""}",Enlevez votre veste si vous avez chaud.,False,1,0,True,True,False,True,,True,,,"{""reason"":""detector_inconclusive"",""detected"":""sk"",""confidence"":0.5714}",True,[],[],True,,"{""errors"":[]}",True,[],True,1,0,True,True,False,100,100,2477,22,2499,0,0,1192.43,1314,8,1322,0,0,1166.53
b437f7edc9e92bebc014,1039,haiku-4-5,managed-prompt,tatoeba,es,fr,Tom se preocupa demasiado.,Tom s'inquiète de trop.,"{""c"":""Tom s'inquiète trop.""}",Tom s'inquiète trop.,False,1,0,True,True,False,True,,True,,True,"{""reason"":""detector_match"",""detected"":""fr"",""confidence"":1.0}",True,[],[],True,,"{""errors"":[]}",True,[],True,1,0,True,True,False,100,100,2474,16,2490,0,0,1065.28,1300,8,1308,0,0,1303.97
701c9bb13a3b5915021b,1040,haiku-4-5,managed-prompt,tatoeba,es,it,Vení conmigo a la oficina así te explico.,Vieni da me in ufficio così ti spiego.,"{""c"":""Vieni con me in ufficio così ti spiego.""}",Vieni con me in ufficio così ti spiego.,False,1,0,True,True,False,True,,True,,True,"{""reason"":""detector_match"",""detected"":""it"",""confidence"":1.0}",True,[],[],True,,"{""errors"":[]}",True,[],True,1,0,True,True,False,100,100,2479,21,2500,0,0,1113.34,1314,8,1322,0,0,1151.07
b6568a466c345e7b1a13,1041,haiku-4-5,managed-prompt,tatoeba,es,it,Mi hermana toca el piano cada día.,Mia sorella suona il piano ogni giorno.,"{""c"":""Mia sorella suona il pianoforte ogni giorno.""}",Mia sorella suona il pianoforte ogni giorno.,False,1,0,True,True,False,True,,True,,True,"{""reason"":""detector_match"",""detected"":""it"",""confidence"":1.0}",True,[],[],True,,"{""errors"":[]}",True,[],True,1,0,True,True,False,100,100,2474,23,2497,0,0,1207.24,1310,8,1318,0,0,1108.79
9593ea1ed0fa9d72d9de,1042,haiku-4-5,managed-prompt,tatoeba,es,it,Creo que deberíamos ir allí.,Credo che dovremmo andarci.,"{""c"":""Credo che dovremmo andare lì.""}",Credo che dovremmo andare lì.,False,1,0,True,True,False,True,,True,,,"{""reason"":""detector_inconclusive"",""detected"":""it"",""confidence"":0.7143}",True,[],[],True,,"{""errors"":[]}",True,[],True,1,0,True,True,False,100,100,2476,19,2495,0,0,1084.34,1306,8,1314,0,0,1235.6
dee53bcbb2164fbc5eee,1043,haiku-4-5,managed-prompt,tatoeba,es,it,Los peces son animales de sangre fría.,I pesci sono animali a sangue freddo.,"{""c"":""I pesci sono animali a sangue freddo.""}",I pesci sono animali a sangue freddo.,False,1,0,True,True,False,True,,True,,True,"{""reason"":""detector_match"",""detected"":""it"",""confidence"":1.0}",True,[],[],True,,"{""errors"":[]}",True,[],True,1,0,True,True,False,100,100,2476,19,2495,0,0,1134.39,1307,8,1315,0,0,1254.57
27f67bdad75d674cb4e2,1044,haiku-4-5,managed-prompt,tatoeba,es,it,¿Cuál es tu trago favorito para un día frío?,Qual è la tua bevanda preferita in un giorno freddo?,"{""c"":""Qual è il tuo drink preferito per una giornata fredda?""}",Qual è il tuo drink preferito per una giornata fredda?,False,1,0,True,True,False,True,,True,,True,"{""reason"":""detector_match"",""detected"":""it"",""confidence"":1.0}",True,[],[],True,,"{""errors"":[]}",True,[],True,1,0,True,True,False,100,100,2482,24,2506,0,0,1182.89,1324,8,1332,0,0,1164.63
c19b1ee6746c0d72fc12,1045,haiku-4-5,managed-prompt,tatoeba,es,it,El gato parece muy feliz.,Il gatto sembra estremamente felice.,"{""c"":""Il gatto sembra molto felice.""}",Il gatto sembra molto felice.,False,1,0,True,True,False,True,,True,,True,"{""reason"":""detector_match"",""detected"":""it"",""confidence"":1.0}",True,[],[],True,,"{""errors"":[]}",True,[],True,1,0,True,True,False,100,100,2473,16,2489,0,0,1136.98,1300,8,1308,0,0,1301.82
74946e1827f69a1da62e,1046,haiku-4-5,managed-prompt,tatoeba,es,it,"Cuando estaba por salir de casa, recibí una llamada de ella.","Quando stavo per uscire di casa, ho ricevuto una chiamata da lei.","{""c"":""Quando stavo per uscire di casa, ho ricevuto una sua chiamata.""}","Quando stavo per uscire di casa, ho ricevuto una sua chiamata.",False,1,0,True,True,False,True,,True,,True,"{""reason"":""detector_match"",""detected"":""it"",""confidence"":1.0}",True,[],[],True,,"{""errors"":[]}",True,[],True,1,0,True,True,False,100,100,2483,27,2510,0,0,1197.42,1331,8,1339,0,0,1133.67
3158503c4f3b40ea7a12,1047,haiku-4-5,managed-prompt,tatoeba,es,it,No sabemos si él vendrá o no.,Non sappiamo se verrà o no.,"{""c"":""Non sappiamo se lui verrà o no.""}",Non sappiamo se lui verrà o no.,False,1,0,True,True,False,True,,True,,True,"{""reason"":""detector_match"",""detected"":""it"",""confidence"":1.0}",True,[],[],True,,"{""errors"":[]}",True,[],True,1,0,True,True,False,100,100,2475,19,2494,0,0,1268.73,1305,8,1313,0,0,1338.9
a0bcf188917b3e2e4a1b,1048,haiku-4-5,managed-prompt,tatoeba,es,it,No soy racista.,Io non sono razzista.,"{""c"":""Non sono razzista.""}",Non sono razzista.,False,1,0,True,True,False,True,,True,,True,"{""reason"":""detector_match"",""detected"":""it"",""confidence"":1.0}",True,[],[],True,,"{""errors"":[]}",True,[],True,1,0,True,True,False,100,100,2470,13,2483,0,0,1130.45,1291,8,1299,0,0,1202.54
36f9dfbb291d1435688d,1049,haiku-4-5,managed-prompt,tatoeba,es,it,Tendrás que aprender mucho.,Dovrai imparare molto.,"{""c"":""Dovrai imparare molto.""}",Dovrai imparare molto.,False,1,0,True,True,False,True,,True,,True,"{""reason"":""detector_match"",""detected"":""it"",""confidence"":1.0}",True,[],[],True,,"{""errors"":[]}",True,[],True,1,0,True,True,False,100,100,2474,15,2489,0,0,1260.55,1297,8,1305,0,0,1106.5
207544904f9dfde4fe5b,1050,haiku-4-5,managed-prompt,tatoeba,es,jp,Voy a exponer dos piezas en la galería de ella.,彼女のギャラリーに２点ほど出展するのよ。,"{""c"":""彼女のギャラリーで2つの作品を展示するつもりです。""}",彼女のギャラリーで2つの作品を展示するつもりです。,False,1,0,True,True,False,True,,True,,True,"{""reason"":""target_script_present"",""detected"":""ja"",""confidence"":1.0}",True,[],"[{""code"":""number_not_exact"",""expected"":{},""actual"":{""2"":1}}]",True,,"{""errors"":[]}",True,[],True,1,0,True,True,False,97,97,2481,31,2512,0,0,2414.21,1336,8,1344,0,0,1750.0
4c63f648c91776885345,1051,haiku-4-5,managed-prompt,tatoeba,es,jp,No os excuséis.,謝らないで。,"{""c"":""言い訳しないでください。""}",言い訳しないでください。,False,1,0,True,True,False,True,,True,,True,"{""reason"":""target_script_present"",""detected"":""ja"",""confidence"":1.0}",True,[],[],True,,"{""errors"":[{""category"":""accuracy"",""severity"":""major""}]}",False,"[{""category"":""accuracy"",""severity"":""major""}]",True,1,0,True,True,False,85,85,2471,16,2487,0,0,1422.51,1295,17,1312,0,0,1944.11
1205b9badd9a673b8dfe,1052,haiku-4-5,managed-prompt,tatoeba,es,jp,Mi hermana mayor no me deja en paz.,姉ちゃんが僕のこと放っとかないんだよ。,"{""c"":""姉さんが私を放っておいてくれません。""}",姉さんが私を放っておいてくれません。,False,1,0,True,True,False,True,,True,,True,"{""reason"":""target_script_present"",""detected"":""ja"",""confidence"":1.0}",True,[],[],True,,"{""errors"":[]}",True,[],True,1,0,True,True,False,100,100,2475,23,2498,0,0,1344.1,1323,8,1331,0,0,1877.45
a3ff4c9c0c3f3536bc78,1053,haiku-4-5,managed-prompt,tatoeba,es,jp,Justo acaba de empezar a nevar ahora.,ちょうど今雪が降り始めた。,"{""c"":""ちょうど今雪が降り始めました。""}",ちょうど今雪が降り始めました。,False,1,0,True,True,False,True,,True,,True,"{""reason"":""target_script_present"",""detected"":""ja"",""confidence"":1.0}",True,[],[],True,,"{""errors"":[{""category"":""tone"",""severity"":""minor""}]}",True,"[{""category"":""tone"",""severity"":""minor""}]",True,1,0,True,True,False,97,97,2479,22,2501,0,0,1212.11,1318,17,1335,0,0,1936.0
fd9920a82075a6eb205c,1054,haiku-4-5,managed-prompt,tatoeba,es,jp,Hay suficiente base para creer que él es sincero.,彼が正直だと信じる根拠は十分ある。,"{""c"":""彼が誠実であると信じるのに十分な根拠がある。""}",彼が誠実であると信じるのに十分な根拠がある。,False,1,0,True,True,False,True,,True,,True,"{""reason"":""target_script_present"",""detected"":""ja"",""confidence"":1.0}",True,[],[],True,,"{""errors"":[]}",True,[],True,1,0,True,True,False,100,100,2479,29,2508,0,0,1529.19,1329,8,1337,0,0,1787.6
6ceb0d40b25dc3fc4944,1055,haiku-4-5,managed-prompt,tatoeba,es,jp,Es absolutamente imposible.,そんなことは絶対に不可能です。,"{""c"":""絶対に不可能です。""}",絶対に不可能です。,False,1,0,True,True,False,True,,True,,True,"{""reason"":""target_script_present"",""detected"":""ja"",""confidence"":1.0}",True,[],[],True,,"{""errors"":[]}",True,[],True,1,0,True,True,False,100,100,2470,16,2486,0,0,1231.14,1302,8,1310,0,0,1894.28
3e6e83c7d08682a1771a,1056,haiku-4-5,managed-prompt,tatoeba,es,jp,Él no va a estar en casa a la hora de almuerzo.,彼は昼食時に家にいないでしょう。,"{""c"":""彼は昼食の時間に家にいません。""}",彼は昼食の時間に家にいません。,False,1,0,True,True,False,True,,True,,True,"{""reason"":""target_script_present"",""detected"":""ja"",""confidence"":1.0}",True,[],[],True,,"{""errors"":[{""category"":""accuracy"",""severity"":""minor""}]}",True,"[{""category"":""accuracy"",""severity"":""minor""}]",True,1,0,True,True,False,97,97,2480,22,2502,0,0,1354.19,1321,17,1338,0,0,1875.9
ef63a8aafbed47a9178e,1057,haiku-4-5,managed-prompt,tatoeba,es,jp,Hacía mucho frío ayer por la mañana.,昨日の朝はとても寒かった。,"{""c"":""昨日の朝はとても寒かった。""}",昨日の朝はとても寒かった。,False,1,0,True,True,False,True,,True,,True,"{""reason"":""target_script_present"",""detected"":""ja"",""confidence"":1.0}",True,[],[],True,,"{""errors"":[]}",True,[],True,1,0,True,True,False,100,100,2479,21,2500,0,0,1065.95,1316,8,1324,0,0,1873.34
2343d1ba95718854c0b7,1058,haiku-4-5,managed-prompt,tatoeba,es,jp,La lectura es útil para incrementar el vocabulario.,読書は語彙を増やすのに役に立つ。,"{""c"":""読書は語彙を増やすのに役立ちます。""}",読書は語彙を増やすのに役立ちます。,False,1,0,True,True,False,True,,True,,True,"{""reason"":""target_script_present"",""detected"":""ja"",""confidence"":1.0}",True,[],[],True,,"{""errors"":[]}",True,[],True,1,0,True,True,False,100,100,2477,25,2502,0,0,1752.56,1322,8,1330,0,0,1259.99
ede2788f0fd6e209d525,1059,haiku-4-5,managed-prompt,tatoeba,es,jp,Este es mi escritorio.,これは私の机です。,"{""c"":""これは私のデスクです。""}",これは私のデスクです。,False,1,0,True,True,False,True,,True,,True,"{""reason"":""target_script_present"",""detected"":""ja"",""confidence"":1.0}",True,[],[],True,,"{""errors"":[{""category"":""terminology"",""severity"":""minor""}]}",True,"[{""category"":""terminology"",""severity"":""minor""}]",True,1,0,True,True,False,97,97,2470,16,2486,0,0,1063.95,1295,17,1312,0,0,1293.76
fce24259307a92a916c2,1060,haiku-4-5,managed-prompt,tatoeba,es,nl,El problema más grande es cuándo comenzar.,Wanneer te beginnen is het grootste probleem.,"{""c"":""Het grootste probleem is wanneer je moet beginnen.""}",Het grootste probleem is wanneer je moet beginnen.,False,1,0,True,True,False,True,,True,,True,"{""reason"":""detector_match"",""detected"":""nl"",""confidence"":1.0}",True,[],[],True,,"{""errors"":[]}",True,[],True,1,0,True,True,False,100,100,2475,19,2494,0,0,1690.87,1306,8,1314,0,0,1179.22
0fbcca44b9bed6c42a2c,1061,haiku-4-5,managed-prompt,tatoeba,es,nl,Yo crecí en Boston.,Ik groeide op in Boston.,"{""c"":""Ik ben opgegroeid in Boston.""}",Ik ben opgegroeid in Boston.,False,1,0,True,True,False,True,,True,,,"{""reason"":""detector_mismatch_uncertain"",""detected"":""af"",""confidence"":1.0}",True,[],[],True,,"{""errors"":[]}",True,[],True,1,0,True,True,False,100,100,2472,18,2490,0,0,1063.54,1300,8,1308,0,0,1227.4
124c9e478b2c72c4f3b2,1062,haiku-4-5,managed-prompt,tatoeba,es,nl,Tengo una familia numerosa.,Ik heb een grote familie.,"{""c"":""Ik heb een groot gezin.""}",Ik heb een groot gezin.,False,1,0,True,True,False,True,,True,,True,"{""reason"":""detector_match"",""detected"":""nl"",""confidence"":1.0}",True,[],[],True,,"{""errors"":[]}",True,[],True,1,0,True,True,False,100,100,2472,17,2489,0,0,970.04,1298,8,1306,0,0,1249.77
a176103ccd912dd3b879,1063,haiku-4-5,managed-prompt,tatoeba,es,nl,Es capaz de enseñar francés.,Hij kan Frans onderwijzen.,"{""c"":""Het is in staat om Frans te onderwijzen.""}",Het is in staat om Frans te onderwijzen.,False,1,0,True,True,False,True,,True,,True,"{""reason"":""detector_match"",""detected"":""nl"",""confidence"":1.0}",True,[],[],True,,"{""errors"":[]}",True,[],True,1,0,True,True,False,100,100,2475,18,2493,0,0,1083.62,1300,8,1308,0,0,1305.38
901d19e8aa8d50fe51fe,1064,haiku-4-5,managed-prompt,tatoeba,es,nl,¿Por qué no te quitas el abrigo?,Waarom doe je je jas niet uit?,"{""c"":""Waarom trek je je jas niet uit?""}",Waarom trek je je jas niet uit?,False,1,0,True,True,False,True,,True,,,"{""reason"":""detector_inconclusive"",""detected"":""hr"",""confidence"":0.8571}",True,[],[],True,,"{""errors"":[]}",True,[],True,1,0,True,True,False,100,100,2479,18,2497,0,0,1214.72,1309,8,1317,0,0,1308.57
b864e7195b6047dc0325,1065,haiku-4-5,managed-prompt,tatoeba,es,nl,Creen que Jane es sincera.,Ze geloven dat Jane eerlijk is.,"{""c"":""Denk dat Jane eerlijk is.""}",Denk dat Jane eerlijk is.,False,1,0,True,True,False,True,,True,,True,"{""reason"":""detector_match"",""detected"":""nl"",""confidence"":1.0}",True,[],[],True,,"{""errors"":[{""category"":""accuracy"",""severity"":""major""}]}",False,"[{""category"":""accuracy"",""severity"":""major""}]",True,1,0,True,True,False,85,85,2473,16,2489,0,0,1098.24,1298,17,1315,0,0,1246.11
d1c47eea88620bdfcb3c,1066,haiku-4-5,managed-prompt,tatoeba,es,nl,"A mi hermana le gustan los melones, y a mí también.",Mijn zus houdt van meloenen en ik ook.,"{""c"":""Mijn zus houdt van meloen, en ik ook.""}","Mijn zus houdt van meloen, en ik ook.",False,1,0,True,True,False,True,,True,,True,"{""reason"":""detector_match"",""detected"":""nl"",""confidence"":1.0}",True,[],[],True,,"{""errors"":[]}",True,[],True,1,0,True,True,False,100,100,2481,23,2504,0,0,1305.8,1320,8,1328,0,0,1293.51
e3bee097daf728183ab1,1067,haiku-4-5,managed-prompt,tatoeba,es,nl,Se tomó una semana libre.,Hij heeft een week vrij genomen.,"{""c"":""Nam een week vrij.""}",Nam een week vrij.,False,1,0,True,True,False,True,,True,,True,"{""reason"":""detector_match"",""detected"":""nl"",""confidence"":1.0}",True,[],[],True,,"{""errors"":[]}",True,[],True,1,0,True,True,False,100,100,2472,13,2485,0,0,1150.39,1294,8,1302,0,0,1280.69
52859bf4d39a3ee0afff,1068,haiku-4-5,managed-prompt,tatoeba,es,nl,Su único deseo era volver a ver a su hijo por última vez.,Haar enige wens was haar enige zoon een laatste keer terug te zien.,"{""c"":""Zijn enige wens was zijn zoon één laatste keer terug te zien.""}",Zijn enige wens was zijn zoon één laatste keer terug te zien.,False,1,0,True,True,False,True,,True,,True,"{""reason"":""detector_match"",""detected"":""nl"",""confidence"":1.0}",True,[],[],True,,"{""errors"":[{""category"":""accuracy"",""severity"":""major""}]}",False,"[{""category"":""accuracy"",""severity"":""major""}]",True,1,0,True,True,False,85,85,2480,26,2506,0,0,1127.95,1327,17,1344,0,0,1298.89
491db90f6abb2771982b,1069,haiku-4-5,managed-prompt,tatoeba,es,nl,Hay mucho que hacer.,Er blijft nog veel te doen.,"{""c"":""Er is veel te doen.""}",Er is veel te doen.,False,1,0,True,True,False,True,,True,,True,"{""reason"":""detector_match"",""detected"":""nl"",""confidence"":1.0}",True,[],[],True,,"{""errors"":[]}",True,[],True,1,0,True,True,False,100,100,2471,14,2485,0,0,1006.86,1294,8,1302,0,0,1231.29
8e10bb0eff6c98acd9ec,1070,haiku-4-5,managed-prompt,tatoeba,es,nb,¿Tu pieza tiene dos ventanas?,Har rommet ditt to vinduer?,"{""c"":""Har stykket ditt to vinduer?""}",Har stykket ditt to vinduer?,False,1,0,True,True,False,True,,True,,True,"{""reason"":""detector_match"",""detected"":""no"",""confidence"":1.0}",True,[],[],True,,"{""errors"":[{""category"":""accuracy"",""severity"":""minor""}]}",True,"[{""category"":""accuracy"",""severity"":""minor""}]",True,1,0,True,True,False,97,97,2475,18,2493,0,0,1142.77,1304,17,1321,0,0,1240.12
2f1c5b13b5d915cb25ed,1071,haiku-4-5,managed-prompt,tatoeba,es,nb,Interlingua es una herramienta moderna para la comunicación internacional.,Interlingua er et moderne redskap for internasjonal kommunikasjon.,"{""c"":""Interlingua er et moderne verktøy for internasjonal kommunikasjon.""}",Interlingua er et moderne verktøy for internasjonal kommunikasjon.,False,1,0,True,True,False,True,,True,,True,"{""reason"":""detector_match"",""detected"":""no"",""confidence"":1.0}",True,[],[],True,,"{""errors"":[]}",True,[],True,1,0,True,True,False,100,100,2481,28,2509,0,0,1274.85,1328,8,1336,0,0,1245.89
527ec66a6e1b3acb6a65,1072,haiku-4-5,managed-prompt,tatoeba,es,nb,Escribir una carta de amor en inglés no es fácil.,Det er ikke lett å skrive et kjærlighetsbrev på engelsk.,"{""c"":""Det er ikke lett å skrive et kjærlighetsbrev på engelsk.""}",Det er ikke lett å skrive et kjærlighetsbrev på engelsk.,False,1,0,True,True,False,True,,True,,True,"{""reason"":""detector_match"",""detected"":""no"",""confidence"":1.0}",True,[],[],True,,"{""errors"":[]}",True,[],True,1,0,True,True,False,100,100,2480,24,2504,0,0,1278.38,1321,8,1329,0,0,2478.78
091bcd8109f0464dbc5a,1073,haiku-4-5,managed-prompt,tatoeba,es,nb,Yumi es buena jugando tenis.,Yumi er flink til å spille tennis.,"{""c"":""Yumi er god til å spille tennis.""}",Yumi er god til å spille tennis.,False,1,0,True,True,False,True,,True,,True,"{""reason"":""detector_match"",""detected"":""no"",""confidence"":1.0}",True,[],[],True,,"{""errors"":[]}",True,[],True,1,0,True,True,False,100,100,2475,18,2493,0,0,1193.05,1305,8,1313,0,0,1161.59
df989b37868216b1af43,1074,haiku-4-5,managed-prompt,tatoeba,es,nb,He leído que el presidente de Brasil es una mujer. Se llama Dilma.,Jeg leste at presidenten i Brasil er en kvinne. Hun heter Dilma.,"{""c"":""Jeg har lest at presidenten i Brasil er en kvinne. Hun heter Dilma.""}",Jeg har lest at presidenten i Brasil er en kvinne. Hun heter Dilma.,False,1,0,True,True,False,True,,True,,True,"{""reason"":""detector_match"",""detected"":""no"",""confidence"":1.0}",True,[],[],True,,"{""errors"":[]}",True,[],True,1,0,True,True,False,100,100,2484,29,2513,0,0,1117.98,1334,8,1342,0,0,1138.95
97baa0367e5e03afc754,1075,haiku-4-5,managed-prompt,tatoeba,es,nb,Yo hablé con el embajador polaco.,Jeg snakket med den polske ambassadøren.,"{""c"":""Jeg snakket med den polske ambassadøren.""}",Jeg snakket med den polske ambassadøren.,False,1,0,True,True,False,True,,True,,True,"{""reason"":""detector_match"",""detected"":""no"",""confidence"":1.0}",True,[],[],True,,"{""errors"":[]}",True,[],True,1,0,True,True,False,100,100,2477,21,2498,0,0,1108.36,1312,8,1320,0,0,1250.51
8b88c12196ca116aadad,1076,haiku-4-5,managed-prompt,tatoeba,es,nb,Él llegó sano y salvo.,Han kom i god behold.,"{""c"":""Han kom trygt fram.""}",Han kom trygt fram.,False,1,0,True,True,False,True,,True,,,"{""reason"":""detector_mismatch_uncertain"",""detected"":""sv"",""confidence"":1.0}",True,[],[],True,,"{""errors"":[]}",True,[],True,1,0,True,True,False,100,100,2474,13,2487,0,0,1101.53,1294,8,1302,0,0,1249.12
f6f2557c1aac78b25e20,1077,haiku-4-5,managed-prompt,tatoeba,es,nb,Él se comporta como si estuviera loco.,Han oppfører seg som om han var gal.,"{""c"":""Han oppfører seg som om han var gal.""}",Han oppfører seg som om han var gal.,False,1,0,True,True,False,True,,True,,True,"{""reason"":""detector_match"",""detected"":""no"",""confidence"":1.0}",True,[],[],True,,"{""errors"":[]}",True,[],True,1,0,True,True,False,100,100,2477,19,2496,0,0,1176.09,1308,8,1316,0,0,1234.06
2a168bc454da6bf1ef34,1078,haiku-4-5,managed-prompt,tatoeba,es,nb,Tengo tanta hambre como un lobo.,Jeg er sulten som en ulv.,"{""c"":""Jeg er sulten som en ulv.""}",Jeg er sulten som en ulv.,False,1,0,True,True,False,True,,True,,True,"{""reason"":""detector_match"",""detected"":""no"",""confidence"":1.0}",True,[],[],True,,"{""errors"":[]}",True,[],True,1,0,True,True,False,100,100,2476,17,2493,0,0,1132.08,1303,8,1311,0,0,1297.39
598a9f5696f9c360143c,1079,haiku-4-5,managed-prompt,tatoeba,es,nb,Vive en un apartamento de lujo cerca de Central Park.,Han bor i en luksusleilighet i nærheten av Central Park.,"{""c"":""Bor i en luksusapartement nær Central Park.""}",Bor i en luksusapartement nær Central Park.,False,1,0,True,True,False,True,,True,,True,"{""reason"":""detector_match"",""detected"":""no"",""confidence"":1.0}",True,[],[],True,,"{""errors"":[{""category"":""fluency"",""severity"":""minor""},{""category"":""terminology"",""severity"":""minor""}]}",True,"[{""category"":""fluency"",""severity"":""minor""},{""category"":""terminology"",""severity"":""minor""}]",True,1,0,True,True,False,94,94,2479,23,2502,0,0,1266.36,1320,27,1347,0,0,1381.83
982c3a52c5e54f13673d,1080,haiku-4-5,managed-prompt,tatoeba,fr,da,Ce n'est pas nécessaire.,Det er ikke nødvendigt.,"{""c"":""Det er ikke nødvendigt.""}",Det er ikke nødvendigt.,False,1,0,True,True,False,True,,True,,True,"{""reason"":""detector_match"",""detected"":""da"",""confidence"":1.0}",True,[],[],True,,"{""errors"":[]}",True,[],True,1,0,True,True,False,100,100,2473,15,2488,0,0,1091.39,1296,8,1304,0,0,1335.09
3e8f6daaa0ceb024be71,1081,haiku-4-5,managed-prompt,tatoeba,fr,da,Il fait trop chaud.,Det er for varmt.,"{""c"":""Det er for varmt.""}",Det er for varmt.,False,1,0,True,True,False,True,,True,,True,"{""reason"":""detector_match"",""detected"":""da"",""confidence"":0.8476}",True,[],[],True,,"{""errors"":[]}",True,[],True,1,0,True,True,False,100,100,2471,13,2484,0,0,1114.0,1290,8,1298,0,0,1134.14
599aee4b3c1a21de3c24,1082,haiku-4-5,managed-prompt,tatoeba,fr,da,Il y a sept jours dans une semaine.,Der er syv dage i en uge.,"{""c"":""Der er syv dage i en uge.""}",Der er syv dage i en uge.,False,1,0,True,True,False,True,,True,,True,"{""reason"":""detector_match"",""detected"":""da"",""confidence"":1.0}",True,[],[],True,,"{""errors"":[]}",True,[],True,1,0,True,True,False,100,100,2475,18,2493,0,0,1329.47,1304,8,1312,0,0,1293.68
0e1bb7bc970dd1a11c5a,1083,haiku-4-5,managed-prompt,tatoeba,fr,da,"Aujourd'hui, le ciel est bleu et sans nuages.",I dag er himlen blå og skyfri.,"{""c"":""I dag er himlen blå og skyfri.""}",I dag er himlen blå og skyfri.,False,1,0,True,True,False,True,,True,,True,"{""reason"":""detector_match"",""detected"":""da"",""confidence"":0.9945}",True,[],[],True,,"{""errors"":[]}",True,[],True,1,0,True,True,False,100,100,2480,19,2499,0,0,1469.63,1311,8,1319,0,0,1291.4
40701d9de8d2c1d3dd78,1084,haiku-4-5,managed-prompt,tatoeba,fr,da,Pourquoi poses-tu cette question alors que tu connais déjà la réponse ?,Hvorfor stiller du spørgsmål som du allerede kender svaret på?,"{""c"":""Hvorfor stiller du dette spørgsmål, når du allerede kender svaret?""}","Hvorfor stiller du dette spørgsmål, når du allerede kender svaret?",False,1,0,True,True,False,True,,True,,True,"{""reason"":""detector_match"",""detected"":""da"",""confidence"":1.0}",True,[],[],True,,"{""errors"":[]}",True,[],True,1,0,True,True,False,100,100,2486,29,2515,0,0,1377.46,1338,8,1346,0,0,1154.72
1b6170e6794429e59be9,1085,haiku-4-5,managed-prompt,tatoeba,fr,da,L'Union européenne a été créée dans le but de mettre fin aux guerres qui ont régulièrement ensanglanté le continent pour aboutir à la Seconde guerre mondiale.,"Den Europæiske Union oprettes med det formål at gøre en ende på de mange blodige nabokrige, der kulminerede med den anden verdenskrig.","{""c"":""Den Europæiske Union blev oprettet med det formål at afslutte de krige, der regelmæssigt har blødt kontinentet, og som førte til anden verdenskrig.""}","Den Europæiske Union blev oprettet med det formål at afslutte de krige, der regelmæssigt har blødt kontinentet, og som førte til anden verdenskrig.",False,1,0,True,True,False,True,,True,,True,"{""reason"":""detector_match"",""detected"":""da"",""confidence"":1.0}",True,[],[],True,,"{""errors"":[{""category"":""accuracy"",""severity"":""major""},{""category"":""fluency"",""severity"":""minor""}]}",False,"[{""category"":""accuracy"",""severity"":""major""},{""category"":""fluency"",""severity"":""minor""}]",True,1,0,True,True,False,82,82,2506,54,2560,0,0,1781.71,1399,27,1426,0,0,1294.66
6cc5362ced43b9a2bfa1,1086,haiku-4-5,managed-prompt,tatoeba,fr,da,Elle a un chien et six chats.,Hun har en hund og seks katte.,"{""c"":""Hun har en hund og seks katte.""}",Hun har en hund og seks katte.,False,1,0,True,True,False,True,,True,,,"{""reason"":""detector_mismatch_uncertain"",""detected"":""no"",""confidence"":1.0}",True,[],[],True,,"{""errors"":[]}",True,[],True,1,0,True,True,False,100,100,2474,18,2492,0,0,1793.7,1303,8,1311,0,0,1126.22
2fdc8feab17fdf956427,1087,haiku-4-5,managed-prompt,tatoeba,fr,da,Bien sûr que je me souviens de toi.,Selvfølgelig husker jeg dig.,"{""c"":""Selvfølgelig husker jeg dig.""}",Selvfølgelig husker jeg dig.,False,1,0,True,True,False,True,,True,,,"{""reason"":""detector_inconclusive"",""detected"":""da"",""confidence"":0.5717}",True,[],[],True,,"{""errors"":[]}",True,[],True,1,0,True,True,False,100,100,2479,18,2497,0,0,1126.95,1308,8,1316,0,0,1206.54
d4cc1b2de305b6146a2f,1088,haiku-4-5,managed-prompt,tatoeba,fr,da,Il y a une nette différence entre ces deux-là.,Der er en klar forskel mellem de to.,"{""c"":""Der er en klar forskel mellem disse to.""}",Der er en klar forskel mellem disse to.,False,1,0,True,True,False,True,,True,,True,"{""reason"":""detector_match"",""detected"":""da"",""confidence"":0.8546}",True,[],[],True,,"{""errors"":[]}",True,[],True,1,0,True,True,False,100,100,2478,18,2496,0,0,1318.61,1307,8,1315,0,0,1185.82
310d99dbd6aaf0a0b475,1089,haiku-4-5,managed-prompt,tatoeba,fr,da,Le chat joue avec une souris vivante.,Katten leger med en levende mus.,"{""c"":""Katten leger med en levende mus.""}",Katten leger med en levende mus.,False,1,0,True,True,False,True,,True,,True,"{""reason"":""detector_match"",""detected"":""da"",""confidence"":1.0}",True,[],[],True,,"{""errors"":[]}",True,[],True,1,0,True,True,False,100,100,2475,18,2493,0,0,1279.79,1304,8,1312,0,0,1410.71
0bf985c007035893a745,1090,haiku-4-5,managed-prompt,tatoeba,fr,de,Tom ne m'a pas écouté.,Tom hat mir nicht zugehört.,"{""c"":""Tom hat mir nicht zugehört.""}",Tom hat mir nicht zugehört.,False,1,0,True,True,False,True,,True,,True,"{""reason"":""detector_match"",""detected"":""de"",""confidence"":1.0}",True,[],[],True,,"{""errors"":[]}",True,[],True,1,0,True,True,False,100,100,2474,15,2489,0,0,1074.77,1297,8,1305,0,0,1213.4
debd54306c515a7b7f2f,1091,haiku-4-5,managed-prompt,tatoeba,fr,de,Vous pouvez skier aussi bien que votre frère.,Ihr könnt genauso gut Ski fahren wie euer Bruder.,"{""c"":""Du kannst genauso gut Ski fahren wie dein Bruder.""}",Du kannst genauso gut Ski fahren wie dein Bruder.,False,1,0,True,True,False,True,,True,,True,"{""reason"":""detector_match"",""detected"":""de"",""confidence"":1.0}",True,[],[],True,,"{""errors"":[]}",True,[],True,1,0,True,True,False,100,100,2479,25,2504,0,0,1188.93,1323,8,1331,0,0,1195.28
2f62814fddf5eb0c73a9,1092,haiku-4-5,managed-prompt,tatoeba,fr,de,Comment mange-t-on un œuf à la coque convenablement ?,Wie wird ein weiches Ei anständig gegessen?,"{""c"":""Wie isst man ein weiches Ei richtig?""}",Wie isst man ein weiches Ei richtig?,False,1,0,True,True,False,True,,True,,True,"{""reason"":""detector_match"",""detected"":""de"",""confidence"":1.0}",True,[],[],True,,"{""errors"":[]}",True,[],True,1,0,True,True,False,100,100,2481,21,2502,0,0,1144.06,1319,8,1327,0,0,1075.3
b045fdd47c9d71dc605a,1093,haiku-4-5,managed-prompt,tatoeba,fr,de,Quand viendrez-vous ?,Wann kommt ihr?,"{""c"":""Wann werden Sie kommen?""}",Wann werden Sie kommen?,False,1,0,True,True,False,True,,True,,True,"{""reason"":""detector_match"",""detected"":""de"",""confidence"":1.0}",True,[],[],True,,"{""errors"":[]}",True,[],True,1,0,True,True,False,100,100,2473,15,2488,0,0,1086.28,1297,8,1305,0,0,1259.16
b9098a5ffd5ca52ca42b,1094,haiku-4-5,managed-prompt,tatoeba,fr,de,Avez-vous déjà entendu parler de cette personne ?,Haben Sie schon mal etwas von dieser Person gehört?,"{""c"":""Haben Sie schon von dieser Person gehört?""}",Haben Sie schon von dieser Person gehört?,False,1,0,True,True,False,True,,True,,True,"{""reason"":""detector_match"",""detected"":""de"",""confidence"":1.0}",True,[],[],True,,"{""errors"":[]}",True,[],True,1,0,True,True,False,100,100,2482,18,2500,0,0,987.47,1317,8,1325,0,0,1258.73
fd4eb560ad29541c7485,1095,haiku-4-5,managed-prompt,tatoeba,fr,de,Le centre-ville est bruyant.,Die Innenstadt ist laut.,"{""c"":""Die Innenstadt ist laut.""}",Die Innenstadt ist laut.,False,1,0,True,True,False,True,,True,,True,"{""reason"":""detector_match"",""detected"":""de"",""confidence"":1.0}",True,[],[],True,,"{""errors"":[]}",True,[],True,1,0,True,True,False,100,100,2473,16,2489,0,0,1049.36,1298,8,1306,0,0,1294.21
ad891ccee5e12af922c3,1096,haiku-4-5,managed-prompt,tatoeba,fr,de,Vous mettez rarement du sucre dans votre café.,Ihr gebt selten Zucker in euren Kaffee.,"{""c"":""Sie geben selten Zucker in Ihren Kaffee.""}",Sie geben selten Zucker in Ihren Kaffee.,False,1,0,True,True,False,True,,True,,True,"{""reason"":""detector_match"",""detected"":""de"",""confidence"":1.0}",True,[],[],True,,"{""errors"":[]}",True,[],True,1,0,True,True,False,100,100,2479,24,2503,0,0,1019.97,1320,8,1328,0,0,1316.55
21d4b0c8c31fd197f79d,1097,haiku-4-5,managed-prompt,tatoeba,fr,de,Elles l'ignorent encore.,Sie wissen es noch nicht.,"{""c"":""Sie wissen es noch nicht.""}",Sie wissen es noch nicht.,False,1,0,True,True,False,True,,True,,True,"{""reason"":""detector_match"",""detected"":""de"",""confidence"":1.0}",True,[],[],True,,"{""errors"":[]}",True,[],True,1,0,True,True,False,100,100,2473,14,2487,0,0,1010.77,1294,8,1302,0,0,1203.94
9c4803dbf171219bd146,1098,haiku-4-5,managed-prompt,tatoeba,fr,de,Veuillez ne pas fumer à l'intérieur.,Bitte rauchen Sie nicht drinnen.,"{""c"":""Bitte rauchen Sie nicht im Inneren.""}",Bitte rauchen Sie nicht im Inneren.,False,1,0,True,True,False,True,,True,,True,"{""reason"":""detector_match"",""detected"":""de"",""confidence"":1.0}",True,[],[],True,,"{""errors"":[]}",True,[],True,1,0,True,True,False,100,100,2479,20,2499,0,0,1216.62,1311,8,1319,0,0,2436.95
1e54a42d00527ad4be9a,1099,haiku-4-5,managed-prompt,tatoeba,fr,de,Je ne veux pas l'énerver.,Ich will ihn nicht verärgern.,"{""c"":""Ich will ihn nicht ärgern.""}",Ich will ihn nicht ärgern.,False,1,0,True,True,False,True,,True,,True,"{""reason"":""detector_match"",""detected"":""de"",""confidence"":1.0}",True,[],[],True,,"{""errors"":[]}",True,[],True,1,0,True,True,False,100,100,2474,17,2491,0,0,1026.98,1302,8,1310,0,0,1211.63
41a68123b289401a1044,1100,haiku-4-5,managed-prompt,tatoeba,fr,en,Je viens d'apprendre que Tom et Mary déménagent à Boston.,I just heard that Tom and Mary are moving to Boston.,"{""c"":""I just found out that Tom and Mary are moving to Boston.""}",I just found out that Tom and Mary are moving to Boston.,False,1,0,True,True,False,True,,True,,True,"{""reason"":""detector_match"",""detected"":""en"",""confidence"":1.0}",True,[],[],True,,"{""errors"":[]}",True,[],True,1,0,True,True,False,100,100,2483,20,2503,0,0,1093.41,1315,8,1323,0,0,2795.97
bd532b3583e4ed7d21d4,1101,haiku-4-5,managed-prompt,tatoeba,fr,en,Il disait la vérité.,He told the truth.,"{""c"":""He was telling the truth.""}",He was telling the truth.,False,1,0,True,True,False,True,,True,,True,"{""reason"":""detector_match"",""detected"":""en"",""confidence"":1.0}",True,[],[],True,,"{""errors"":[]}",True,[],True,1,0,True,True,False,100,100,2472,13,2485,0,0,945.55,1290,8,1298,0,0,1787.98
499ac2b5313957f1af11,1102,haiku-4-5,managed-prompt,tatoeba,fr,en,"Terrible accident d'hélicoptère dans un cimetière belge, les sauveteurs ont déjà dégagé plus de 500 corps.","Horrible helicopter accident in a Belgian cemetery, the rescuers have already salvaged more than 500 corpses.","{""c"":""Terrible helicopter crash in a Belgian cemetery, rescue workers have already recovered over 500 bodies.""}","Terrible helicopter crash in a Belgian cemetery, rescue workers have already recovered over 500 bodies.",False,1,0,True,True,False,True,,True,,True,"{""reason"":""detector_match"",""detected"":""en"",""confidence"":1.0}",True,[],[],True,,"{""errors"":[]}",True,[],True,1,0,True,True,False,100,100,2502,27,2529,0,0,1163.53,1354,8,1362,0,0,1228.14
588a3bb44d6feaca5bd5,1103,haiku-4-5,managed-prompt,tatoeba,fr,en,Elle nous a servi un bon repas.,She served us a good meal.,"{""c"":""She served us a good meal.""}",She served us a good meal.,False,1,0,True,True,False,True,,True,,True,"{""reason"":""detector_match"",""detected"":""en"",""confidence"":1.0}",True,[],[],True,,"{""errors"":[]}",True,[],True,1,0,True,True,False,100,100,2474,14,2488,0,0,1078.44,1295,8,1303,0,0,1216.72
649992ea3d189e33536d,1104,haiku-4-5,managed-prompt,tatoeba,fr,en,Comment as-tu perdu ton bras ?,How did you lose your arm?,"{""c"":""How did you lose your arm?""}",How did you lose your arm?,False,1,0,True,True,False,True,,True,,,"{""reason"":""detector_inconclusive"",""detected"":""en"",""confidence"":0.5714}",True,[],[],True,,"{""errors"":[]}",True,[],True,1,0,True,True,False,100,100,2474,14,2488,0,0,1012.41,1297,8,1305,0,0,2593.89
5b38897248f268821354,1105,haiku-4-5,managed-prompt,tatoeba,fr,en,Allez au lit !,Get to bed.,"{""c"":""Go to bed!""}",Go to bed!,False,1,0,True,True,False,True,,True,,,"{""reason"":""too_short_for_language_detection"",""detected"":null,""confidence"":null}",True,[],[],True,,"{""errors"":[]}",True,[],True,1,0,True,True,False,100,100,2470,11,2481,0,0,893.24,1286,8,1294,0,0,1145.8
099bd125bcda9a86bfdc,1106,haiku-4-5,managed-prompt,tatoeba,fr,en,Ta maison est en vente.,Your house is for sale.,"{""c"":""Your house is for sale.""}",Your house is for sale.,False,1,0,True,True,False,True,,True,,True,"{""reason"":""detector_match"",""detected"":""en"",""confidence"":1.0}",True,[],[],True,,"{""errors"":[]}",True,[],True,1,0,True,True,False,100,100,2472,13,2485,0,0,1010.7,1291,8,1299,0,0,1211.25
33ca70d46ef7b3b789eb,1107,haiku-4-5,managed-prompt,tatoeba,fr,en,Où te diriges-tu ?,Where are you heading?,"{""c"":""Where are you headed?""}",Where are you headed?,False,1,0,True,True,False,True,,True,,True,"{""reason"":""detector_match"",""detected"":""en"",""confidence"":1.0}",True,[],[],True,,"{""errors"":[]}",True,[],True,1,0,True,True,False,100,100,2472,12,2484,0,0,1080.99,1291,8,1299,0,0,1194.99
fa628c64cac6fc3b9f5e,1108,haiku-4-5,managed-prompt,tatoeba,fr,en,Vous ne croirez pas ce qui vient d'arriver !,You won't believe what just happened!,"{""c"":""You won't believe what just happened!""}",You won't believe what just happened!,False,1,0,True,True,False,True,,True,,,"{""reason"":""detector_inconclusive"",""detected"":""en"",""confidence"":0.5714}",True,[],[],True,,"{""errors"":[]}",True,[],True,1,0,True,True,False,100,100,2480,15,2495,0,0,1061.04,1304,8,1312,0,0,1278.45
b1a01efd60c6b385b468,1109,haiku-4-5,managed-prompt,tatoeba,fr,en,Il y a une fleur sur la table.,There is a flower on the table.,"{""c"":""There is a flower on the table.""}",There is a flower on the table.,False,1,0,True,True,False,True,,True,,True,"{""reason"":""detector_match"",""detected"":""en"",""confidence"":1.0}",True,[],[],True,,"{""errors"":[]}",True,[],True,1,0,True,True,False,100,100,2474,15,2489,0,0,1042.35,1297,8,1305,0,0,1250.9
6e0364812ea57c84838f,1110,haiku-4-5,managed-prompt,tatoeba,fr,es,Tu avais promis de ne pas recommencer.,Prometiste no volver a hacerlo.,"{""c"":""Prometiste que no volverías a hacerlo.""}",Prometiste que no volverías a hacerlo.,False,1,0,True,True,False,True,,True,,,"{""reason"":""detector_inconclusive"",""detected"":""pt"",""confidence"":0.8571}",True,[],[],True,,"{""errors"":[]}",True,[],True,1,0,True,True,False,100,100,2475,20,2495,0,0,1124.3,1306,8,1314,0,0,1162.33
775e98132d7a528e837c,1111,haiku-4-5,managed-prompt,tatoeba,fr,es,Comment votre nom de famille s'écrit-il ?,¿Cómo se escribe vuestro apellido?,"{""c"":""¿Cómo se escribe su apellido?""}",¿Cómo se escribe su apellido?,False,1,0,True,True,False,True,,True,,True,"{""reason"":""detector_match"",""detected"":""es"",""confidence"":1.0}",True,[],[],True,,"{""errors"":[]}",True,[],True,1,0,True,True,False,100,100,2477,20,2497,0,0,1139.59,1314,8,1322,0,0,1173.31
4edccfdeacfbd73077b2,1112,haiku-4-5,managed-prompt,tatoeba,fr,es,Il a un frère et deux sœurs.,Él tiene un hermano y dos hermanas.,"{""c"":""Tiene un hermano y dos hermanas.""}",Tiene un hermano y dos hermanas.,False,1,0,True,True,False,True,,True,,True,"{""reason"":""detector_match"",""detected"":""es"",""confidence"":1.0}",True,[],[],True,,"{""errors"":[]}",True,[],True,1,0,True,True,False,100,100,2475,17,2492,0,0,989.56,1303,8,1311,0,0,1290.74
320165aab06ebd537804,1113,haiku-4-5,managed-prompt,tatoeba,fr,es,Il nous faut une méthode de travail complètement différente.,Necesitamos una forma de trabajar completamente diferente.,"{""c"":""Necesitamos un método de trabajo completamente diferente.""}",Necesitamos un método de trabajo completamente diferente.,False,1,0,True,True,False,True,,True,,True,"{""reason"":""detector_match"",""detected"":""es"",""confidence"":1.0}",True,[],[],True,,"{""errors"":[]}",True,[],True,1,0,True,True,False,100,100,2481,20,2501,0,0,993.98,1315,8,1323,0,0,1293.07
3be1c0c42a7dcc6e83cc,1114,haiku-4-5,managed-prompt,tatoeba,fr,es,"J'ai attendu pendant une heure, mais il n'est pas apparu.","Esperé durante una hora, pero él no apareció.","{""c"":""Esperé durante una hora, pero no apareció.""}","Esperé durante una hora, pero no apareció.",False,1,0,True,True,False,True,,True,,True,"{""reason"":""detector_match"",""detected"":""es"",""confidence"":1.0}",True,[],[],True,,"{""errors"":[]}",True,[],True,1,0,True,True,False,100,100,2483,19,2502,0,0,1209.6,1315,8,1323,0,0,1139.22
993569da350da7ce5f71,1115,haiku-4-5,managed-prompt,tatoeba,fr,es,Quelle sorte de sports pratiques-tu ?,¿Qué clase de deportes practicas?,"{""c"":""¿Qué tipo de deportes practicas?""}",¿Qué tipo de deportes practicas?,False,1,0,True,True,False,True,,True,,True,"{""reason"":""detector_match"",""detected"":""es"",""confidence"":0.8571}",True,[],[],True,,"{""errors"":[]}",True,[],True,1,0,True,True,False,100,100,2476,19,2495,0,0,1025.61,1309,8,1317,0,0,1193.56
2f8dcf2da2a4f18744dd,1116,haiku-4-5,managed-prompt,tatoeba,fr,es,Je ne donne jamais de viande crue à manger à mon chien.,Nunca le doy de comer carne cruda a mi perro.,"{""c"":""Nunca le doy carne cruda de comer a mi perro.""}",Nunca le doy carne cruda de comer a mi perro.,False,1,0,True,True,False,True,,True,,True,"{""reason"":""detector_match"",""detected"":""es"",""confidence"":1.0}",True,[],[],True,,"{""errors"":[]}",True,[],True,1,0,True,True,False,100,100,2483,25,2508,0,0,1783.42,1326,8,1334,0,0,1189.63
ca75e690c9a591e87f33,1117,haiku-4-5,managed-prompt,tatoeba,fr,es,Ne me contredis pas ! Je sais ce qui est le mieux pour toi.,¡No me contradigas! Sé lo que es mejor para tí.,"{""c"":""¡No me contradgas! Sé lo que es mejor para ti.""}",¡No me contradgas! Sé lo que es mejor para ti.,False,1,0,True,True,False,True,,True,,True,"{""reason"":""detector_match"",""detected"":""es"",""confidence"":1.0}",True,[],[],True,,"{""errors"":[{""category"":""fluency"",""severity"":""minor""}]}",True,"[{""category"":""fluency"",""severity"":""minor""}]",True,1,0,True,True,False,97,97,2484,24,2508,0,0,1026.25,1327,18,1345,0,0,1422.48
44384403f4192ef416bb,1118,haiku-4-5,managed-prompt,tatoeba,fr,es,Enlevez votre veste si vous avez chaud.,Quítese la chaqueta si tiene calor.,"{""c"":""Quítate la chaqueta si tienes calor.""}",Quítate la chaqueta si tienes calor.,False,1,0,True,True,False,True,,True,,True,"{""reason"":""detector_match"",""detected"":""es"",""confidence"":0.842}",True,[],[],True,,"{""errors"":[{""category"":""tone"",""severity"":""minor""}]}",True,"[{""category"":""tone"",""severity"":""minor""}]",True,1,0,True,True,False,97,97,2479,21,2500,0,0,1129.96,1313,17,1330,0,0,2547.41
666eaed004ab5754babf,1119,haiku-4-5,managed-prompt,tatoeba,fr,es,Tom s'inquiète de trop.,Tom se preocupa demasiado.,"{""c"":""Tom se preocupa demasiado.""}",Tom se preocupa demasiado.,False,1,0,True,True,False,True,,True,,,"{""reason"":""detector_mismatch_uncertain"",""detected"":""pt"",""confidence"":1.0}",True,[],[],True,,"{""errors"":[]}",True,[],True,1,0,True,True,False,100,100,2474,17,2491,0,0,1067.5,1301,8,1309,0,0,1177.23
21b81a25e4120db6745a,1120,haiku-4-5,managed-prompt,tatoeba,fr,it,Fumer peut tuer.,Fumare può uccidere.,"{""c"":""Fumare può uccidere.""}",Fumare può uccidere.,False,1,0,True,True,False,True,,True,,,"{""reason"":""detector_inconclusive"",""detected"":""es"",""confidence"":0.7143}",True,[],[],True,,"{""errors"":[]}",True,[],True,1,0,True,True,False,100,100,2471,16,2487,0,0,1032.85,1296,8,1304,0,0,1307.48
2734c659befe01a0eeba,1121,haiku-4-5,managed-prompt,tatoeba,fr,it,Linda va t'énucléer !,Linda sta per cavarti gli occhi!,"{""c"":""Linda ti strapperà gli occhi!""}",Linda ti strapperà gli occhi!,False,1,0,True,True,False,True,,True,,True,"{""reason"":""detector_match"",""detected"":""it"",""confidence"":1.0}",True,[],[],True,,"{""errors"":[]}",True,[],True,1,0,True,True,False,100,100,2473,17,2490,0,0,1214.7,1301,8,1309,0,0,1233.66
04a7f47edd962d63db5c,1122,haiku-4-5,managed-prompt,tatoeba,fr,it,C'est mon premier amour.,Lui è il mio primo amore.,"{""c"":""È il mio primo amore.""}",È il mio primo amore.,False,1,0,True,True,False,True,,True,,True,"{""reason"":""detector_match"",""detected"":""it"",""confidence"":1.0}",True,[],[],True,,"{""errors"":[]}",True,[],True,1,0,True,True,False,100,100,2472,15,2487,0,0,1035.65,1297,8,1305,0,0,1225.04
63d438f56c05c5982979,1123,haiku-4-5,managed-prompt,tatoeba,fr,it,Je vais à New York la semaine prochaine.,Io vado a New York la settimana prossima.,"{""c"":""Vado a New York la prossima settimana.""}",Vado a New York la prossima settimana.,False,1,0,True,True,False,True,,True,,True,"{""reason"":""detector_match"",""detected"":""it"",""confidence"":0.8571}",True,[],[],True,,"{""errors"":[]}",True,[],True,1,0,True,True,False,100,100,2477,21,2498,0,0,1085.77,1313,8,1321,0,0,1304.92
25cb00306e1a88bd4f2d,1124,haiku-4-5,managed-prompt,tatoeba,fr,it,Vous aviez les dents cariées.,Voi avevate i denti cariati.,"{""c"":""Avevi i denti cariati.""}",Avevi i denti cariati.,False,1,0,True,True,False,True,,True,,True,"{""reason"":""detector_match"",""detected"":""it"",""confidence"":1.0}",True,[],[],True,,"{""errors"":[]}",True,[],True,1,0,True,True,False,100,100,2475,17,2492,0,0,1103.36,1305,8,1313,0,0,1159.74
79b05e6b5535b74bdb1f,1125,haiku-4-5,managed-prompt,tatoeba,fr,it,Tu es passée par la fenêtre.,Tu sei passata dalla finestra.,"{""c"":""Sei passata dalla finestra.""}",Sei passata dalla finestra.,False,1,0,True,True,False,True,,True,,True,"{""reason"":""detector_match"",""detected"":""it"",""confidence"":1.0}",True,[],[],True,,"{""errors"":[]}",True,[],True,1,0,True,True,False,100,100,2474,15,2489,0,0,1083.05,1297,8,1305,0,0,1196.53
4413677c2a3d6b532477,1126,haiku-4-5,managed-prompt,tatoeba,fr,it,Connaît-elle le vrai nom de Tom ?,Lei conosce il vero nome di Tom?,"{""c"":""Conosce il vero nome di Tom?""}",Conosce il vero nome di Tom?,False,1,0,True,True,False,True,,True,,True,"{""reason"":""detector_match"",""detected"":""it"",""confidence"":1.0}",True,[],[],True,,"{""errors"":[]}",True,[],True,1,0,True,True,False,100,100,2477,18,2495,0,0,1039.54,1308,8,1316,0,0,1242.36
9607a4288aaf41101f69,1127,haiku-4-5,managed-prompt,tatoeba,fr,it,Je n'ai pas encore de contrat.,Non ho ancora un contratto.,"{""c"":""Non ho ancora un contratto.""}",Non ho ancora un contratto.,False,1,0,True,True,False,True,,True,,True,"{""reason"":""detector_match"",""detected"":""it"",""confidence"":1.0}",True,[],[],True,,"{""errors"":[]}",True,[],True,1,0,True,True,False,100,100,2474,14,2488,0,0,962.12,1295,8,1303,0,0,1155.05
268a644b7b63fc301cf9,1128,haiku-4-5,managed-prompt,tatoeba,fr,it,La chatte n'a pas l'air heureuse de nous voir.,La gatta non sembra felice di vederci.,"{""c"":""La gatta non sembra felice di vederci.""}",La gatta non sembra felice di vederci.,False,1,0,True,True,False,True,,True,,True,"{""reason"":""detector_match"",""detected"":""it"",""confidence"":1.0}",True,[],[],True,,"{""errors"":[]}",True,[],True,1,0,True,True,False,100,100,2481,20,2501,0,0,1150.23,1314,8,1322,0,0,1243.31
adf0526c9507817ee446,1129,haiku-4-5,managed-prompt,tatoeba,fr,it,Il a affamé les chiens.,Lui ha affamato i cani.,"{""c"":""Ha affamato i cani.""}",Ha affamato i cani.,False,1,0,True,True,False,True,,True,,True,"{""reason"":""detector_match"",""detected"":""it"",""confidence"":1.0}",True,[],[],True,,"{""errors"":[]}",True,[],True,1,0,True,True,False,100,100,2473,15,2488,0,0,1000.3,1298,8,1306,0,0,1171.29
189473446deca1e5bf35,1130,haiku-4-5,managed-prompt,tatoeba,fr,jp,Noël est un jour férié à part.,クリスマスは特別な休日だ。,"{""c"":""クリスマスは特別な祝日です。""}",クリスマスは特別な祝日です。,False,1,0,True,True,False,True,,True,,True,"{""reason"":""target_script_present"",""detected"":""ja"",""confidence"":1.0}",True,[],[],True,,"{""errors"":[{""category"":""tone"",""severity"":""minor""}]}",True,"[{""category"":""tone"",""severity"":""minor""}]",True,1,0,True,True,False,97,97,2475,21,2496,0,0,986.13,1312,17,1329,0,0,1287.2
0be440844b3d2dd71ad0,1131,haiku-4-5,managed-prompt,tatoeba,fr,jp,Je me rappelle l'événement aussi clairement que s'il avait eu lieu hier.,この事件の事はまるで昨日の事のようにはっきり覚えています。,"{""c"":""あたかも昨日起こったかのように、そのイベントをはっきりと覚えています。""}",あたかも昨日起こったかのように、そのイベントをはっきりと覚えています。,False,1,0,True,True,False,True,,True,,True,"{""reason"":""target_script_present"",""detected"":""ja"",""confidence"":1.0}",True,[],[],True,,"{""errors"":[]}",True,[],True,1,0,True,True,False,100,100,2485,37,2522,0,0,1263.77,1350,8,1358,0,0,1239.99
e5ff88189a5380d50b02,1132,haiku-4-5,managed-prompt,tatoeba,fr,jp,Sa clinique a perdu de nombreux patients depuis le scandale.,彼の診療所は、そのスキャンダル以来多くの患者を失った。,"{""c"":""スキャンダル以来、その診療所は多くの患者を失った。""}",スキャンダル以来、その診療所は多くの患者を失った。,False,1,0,True,True,False,True,,True,,True,"{""reason"":""target_script_present"",""detected"":""ja"",""confidence"":1.0}",True,[],[],True,,"{""errors"":[]}",True,[],True,1,0,True,True,False,100,100,2479,30,2509,0,0,1210.86,1338,8,1346,0,0,1273.52
6c62618ebdc1ee5d7e8a,1133,haiku-4-5,managed-prompt,tatoeba,fr,jp,En 1943 le Japon était en guerre.,１９４３年に日本は戦争をしていた。,"{""c"":""1943年、日本は戦争中でした。""}",1943年、日本は戦争中でした。,False,1,0,True,True,False,True,,True,,True,"{""reason"":""target_script_present"",""detected"":""ja"",""confidence"":1.0}",True,[],[],True,,"{""errors"":[]}",True,[],True,1,0,True,True,False,100,100,2477,21,2498,0,0,1060.43,1317,8,1325,0,0,1389.0
5597cb43e249f01a1f02,1134,haiku-4-5,managed-prompt,tatoeba,fr,jp,Par dessus tout je veux être en bonne santé.,何ものにもまして私は健康になりたい。,"{""c"":""何よりも、私は健康でいたいです。""}",何よりも、私は健康でいたいです。,False,1,0,True,True,False,True,,True,,True,"{""reason"":""target_script_present"",""detected"":""ja"",""confidence"":1.0}",True,[],[],True,,"{""errors"":[]}",True,[],True,1,0,True,True,False,100,100,2478,22,2500,0,0,1079.64,1318,8,1326,0,0,1271.12
a6ad6bbf6d8cb2a2cb17,1135,haiku-4-5,managed-prompt,tatoeba,fr,jp,"Généralement, je vais à pied à l'école.",私はたいてい歩いて学校へ行く。,"{""c"":""通常、私は歩いて学校に行きます。""}",通常、私は歩いて学校に行きます。,False,1,0,True,True,False,True,,True,,True,"{""reason"":""target_script_present"",""detected"":""ja"",""confidence"":1.0}",True,[],[],True,,"{""errors"":[]}",True,[],True,1,0,True,True,False,100,100,2479,23,2502,0,0,1092.85,1321,8,1329,0,0,1140.7
2294ada3a19d04ff3fec,1136,haiku-4-5,managed-prompt,tatoeba,fr,jp,Mon loisir est de jouer de la guitare.,私の趣味はギターを弾くことです。,"{""c"":""私の趣味はギターを弾くことです。""}",私の趣味はギターを弾くことです。,False,1,0,True,True,False,True,,True,,True,"{""reason"":""target_script_present"",""detected"":""ja"",""confidence"":1.0}",True,[],[],True,,"{""errors"":[]}",True,[],True,1,0,True,True,False,100,100,2477,22,2499,0,0,1142.27,1316,8,1324,0,0,1244.04
d368c61e84d9e7e6784f,1137,haiku-4-5,managed-prompt,tatoeba,fr,jp,Un récent sondage montre que le nombre de fumeurs diminue.,最近のある調査によると喫煙者の数は減少しつつある。,"{""c"":""最近の調査によると、喫煙者の数が減少しています。""}",最近の調査によると、喫煙者の数が減少しています。,False,1,0,True,True,False,True,,True,,True,"{""reason"":""target_script_present"",""detected"":""ja"",""confidence"":1.0}",True,[],[],True,,"{""errors"":[]}",True,[],True,1,0,True,True,False,100,100,2481,28,2509,0,0,1042.69,1334,8,1342,0,0,1371.26
639aa25f2add7a48411a,1138,haiku-4-5,managed-prompt,tatoeba,fr,jp,Il est finalement devenu le président d'IBM.,彼はついにＩＢＭの社長になった。,"{""c"":""彼は最終的にIBMの会長になった。""}",彼は最終的にIBMの会長になった。,False,1,0,True,True,False,True,,True,,True,"{""reason"":""target_script_present"",""detected"":""ja"",""confidence"":1.0}",True,[],[],True,,"{""errors"":[{""category"":""accuracy"",""severity"":""major""}]}",False,"[{""category"":""accuracy"",""severity"":""major""}]",True,1,0,True,True,False,85,85,2476,23,2499,0,0,1150.92,1321,17,1338,0,0,1308.68
91df6e5b0a1d38cafe36,1139,haiku-4-5,managed-prompt,tatoeba,fr,jp,Je suis stressé.,ストレスがたまってきたよ。,"{""c"":""私はストレスを感じています。""}",私はストレスを感じています。,False,1,0,True,True,False,True,,True,,True,"{""reason"":""target_script_present"",""detected"":""ja"",""confidence"":1.0}",True,[],[],True,,"{""errors"":[]}",True,[],True,1,0,True,True,False,100,100,2471,17,2488,0,0,964.78,1303,8,1311,0,0,1302.19
56286b14bc1fd76bfa9e,1140,haiku-4-5,managed-prompt,tatoeba,fr,nl,J'ai entendu un bruit étrange.,Ik heb een raar geluid gehoord.,"{""c"":""Ik hoorde een vreemd geluid.""}",Ik hoorde een vreemd geluid.,False,1,0,True,True,False,True,,True,,True,"{""reason"":""detector_match"",""detected"":""nl"",""confidence"":1.0}",True,[],[],True,,"{""errors"":[]}",True,[],True,1,0,True,True,False,100,100,2476,19,2495,0,0,1163.34,1309,8,1317,0,0,2980.29
ae1e4fa9e6d735cea888,1141,haiku-4-5,managed-prompt,tatoeba,fr,nl,La vie c'est ce qui se passe pendant que tu es occupée à faire d'autres plans.,Leven is wat je gebeurt terwijl je andere plannen maakt.,"{""c"":""Het leven is wat er gebeurt terwijl je druk bezig bent andere plannen te maken.""}",Het leven is wat er gebeurt terwijl je druk bezig bent andere plannen te maken.,False,1,0,True,True,False,True,,True,,True,"{""reason"":""detector_match"",""detected"":""nl"",""confidence"":1.0}",True,[],[],True,,"{""errors"":[]}",True,[],True,1,0,True,True,False,100,100,2487,29,2516,0,0,1222.91,1333,8,1341,0,0,1142.42
b9e10e9da5eb4d1ba9c4,1142,haiku-4-5,managed-prompt,tatoeba,fr,nl,J'espère te voir vite.,Ik hoop je snel te zien.,"{""c"":""Ik hoop je snel te zien.""}",Ik hoop je snel te zien.,False,1,0,True,True,False,True,,True,,True,"{""reason"":""detector_match"",""detected"":""nl"",""confidence"":1.0}",True,[],[],True,,"{""errors"":[]}",True,[],True,1,0,True,True,False,100,100,2473,19,2492,0,0,1154.02,1304,8,1312,0,0,1235.15
9e2eb2c5416390d9ca34,1143,haiku-4-5,managed-prompt,tatoeba,fr,nl,Le Japon est un pays insulaire.,Japan is een land van eilanden.,"{""c"":""Japan is een eilandenland.""}",Japan is een eilandenland.,False,1,0,True,True,False,True,,True,,True,"{""reason"":""detector_match"",""detected"":""nl"",""confidence"":1.0}",True,[],[],True,,"{""errors"":[]}",True,[],True,1,0,True,True,False,100,100,2474,15,2489,0,0,1135.61,1297,8,1305,0,0,1169.41
0ce2c0a4aea4ae0166c5,1144,haiku-4-5,managed-prompt,tatoeba,fr,nl,La Chine est beaucoup plus grande que le Japon.,China is veel groter dan Japan.,"{""c"":""China is veel groter dan Japan.""}",China is veel groter dan Japan.,False,1,0,True,True,False,True,,True,,True,"{""reason"":""detector_match"",""detected"":""nl"",""confidence"":1.0}",True,[],[],True,,"{""errors"":[]}",True,[],True,1,0,True,True,False,100,100,2480,15,2495,0,0,1124.09,1303,8,1311,0,0,1205.9
15aae12d85ca629b1eb3,1145,haiku-4-5,managed-prompt,tatoeba,fr,nl,Signe ici !,Teken hier!,"{""c"":""Teken hier!""}",Teken hier!,False,1,0,True,True,False,True,,True,,True,"{""reason"":""detector_match"",""detected"":""nl"",""confidence"":0.8571}",True,[],[],True,,"{""errors"":[]}",True,[],True,1,0,True,True,False,100,100,2470,12,2482,0,0,1167.22,1288,8,1296,0,0,1296.24
625f0a86ca89584cffcc,1146,haiku-4-5,managed-prompt,tatoeba,fr,nl,Je ne devrais pas manger de nourriture contenant du sucre.,Ik zou geen voedsel moeten eten dat suiker bevat.,"{""c"":""Ik zou geen voedsel met suiker moeten eten.""}",Ik zou geen voedsel met suiker moeten eten.,False,1,0,True,True,False,True,,True,,True,"{""reason"":""detector_match"",""detected"":""nl"",""confidence"":1.0}",True,[],[],True,,"{""errors"":[]}",True,[],True,1,0,True,True,False,100,100,2482,23,2505,0,0,1256.6,1323,8,1331,0,0,1266.52
574b8e9fcec737c23878,1147,haiku-4-5,managed-prompt,tatoeba,fr,nl,Nous nous tenions devant la porte et attendions.,We stonden voor de deur en wachtten.,"{""c"":""We stonden voor de deur en wachtten.""}",We stonden voor de deur en wachtten.,False,1,0,True,True,False,True,,True,,True,"{""reason"":""detector_match"",""detected"":""nl"",""confidence"":1.0}",True,[],[],True,,"{""errors"":[]}",True,[],True,1,0,True,True,False,100,100,2478,19,2497,0,0,1072.44,1309,8,1317,0,0,3120.14
140cac4bb077f9fdfa05,1148,haiku-4-5,managed-prompt,tatoeba,fr,nl,Joan s'est cassé son bras gauche dans l'accident.,Joan brak haar linkerarm in het ongeluk.,"{""c"":""Joan brak zijn linkerarm in het ongeluk.""}",Joan brak zijn linkerarm in het ongeluk.,False,1,0,True,True,False,True,,True,,True,"{""reason"":""detector_match"",""detected"":""nl"",""confidence"":1.0}",True,[],[],True,,"{""errors"":[{""category"":""accuracy"",""severity"":""major""}]}",False,"[{""category"":""accuracy"",""severity"":""major""}]",True,1,0,True,True,False,85,85,2480,20,2500,0,0,1245.69,1313,17,1330,0,0,1229.56
50397f3a917c30fffdb7,1149,haiku-4-5,managed-prompt,tatoeba,fr,nl,J'ai été étonné d'entendre ce qui s'était passé.,Ik was verwonderd wanneer ik hoorde wat er gebeurd was.,"{""c"":""Ik was verbaasd toen ik hoorde wat er was gebeurd.""}",Ik was verbaasd toen ik hoorde wat er was gebeurd.,False,1,0,True,True,False,True,,True,,,"{""reason"":""detector_mismatch_uncertain"",""detected"":""af"",""confidence"":1.0}",True,[],[],True,,"{""errors"":[]}",True,[],True,1,0,True,True,False,100,100,2483,25,2508,0,0,1237.48,1327,8,1335,0,0,1352.22
e3455934e86050dac782,1150,haiku-4-5,managed-prompt,tatoeba,fr,nb,L'orbite de Sirius est elliptique.,Banen rundt Sirius er elliptisk.,"{""c"":""Sirius' bane er elliptisk.""}",Sirius' bane er elliptisk.,False,1,0,True,True,False,True,,True,,,"{""reason"":""detector_mismatch_uncertain"",""detected"":""da"",""confidence"":1.0}",True,[],[],True,,"{""errors"":[{""category"":""accuracy"",""severity"":""major""}]}",False,"[{""category"":""accuracy"",""severity"":""major""}]",True,1,0,True,True,False,85,85,2477,18,2495,0,0,1213.96,1308,17,1325,0,0,2308.74
84b0f07cfd6bc732d6c1,1151,haiku-4-5,managed-prompt,tatoeba,fr,nb,Le garçon et l'homme boivent de l'eau.,Guten og mannen drikk vatn.,"{""c"":""Gutten og mannen drikker vann.""}",Gutten og mannen drikker vann.,False,1,0,True,True,False,True,,True,,True,"{""reason"":""detector_match"",""detected"":""no"",""confidence"":1.0}",True,[],[],True,,"{""errors"":[]}",True,[],True,1,0,True,True,False,100,100,2480,19,2499,0,0,1138.12,1311,8,1319,0,0,1109.89
7c0de5eb553546cab1f3,1152,haiku-4-5,managed-prompt,tatoeba,fr,nb,C'est mon cheval.,Dette er hesten min.,"{""c"":""Det er hesten min.""}",Det er hesten min.,False,1,0,True,True,False,True,,True,,,"{""reason"":""detector_inconclusive"",""detected"":""de"",""confidence"":0.4286}",True,[],[],True,,"{""errors"":[]}",True,[],True,1,0,True,True,False,100,100,2471,13,2484,0,0,1131.65,1290,8,1298,0,0,1223.57
7fe5b58bcec5a65b586f,1153,haiku-4-5,managed-prompt,tatoeba,fr,nb,Il a deux fois plus de livres que moi.,Han har dobbelt so mange bøker som meg.,"{""c"":""Han har dobbelt så mange bøker som meg.""}",Han har dobbelt så mange bøker som meg.,False,1,0,True,True,False,True,,True,,True,"{""reason"":""detector_match"",""detected"":""no"",""confidence"":0.9828}",True,[],[],True,,"{""errors"":[]}",True,[],True,1,0,True,True,False,100,100,2476,20,2496,0,0,1357.95,1309,8,1317,0,0,1245.22
cd69b01334ac7f01e3a0,1154,haiku-4-5,managed-prompt,tatoeba,fr,nb,"Il va bientôt pleuvoir, regarde ces nuages noirs.","Det kommer til å regne snart, bare se på de mørke skyene.","{""c"":""Det kommer snart til å regne, se på disse sorte skyene.""}","Det kommer snart til å regne, se på disse sorte skyene.",False,1,0,True,True,False,True,,True,,True,"{""reason"":""detector_match"",""detected"":""no"",""confidence"":1.0}",True,[],[],True,,"{""errors"":[]}",True,[],True,1,0,True,True,False,100,100,2482,23,2505,0,0,1380.86,1323,8,1331,0,0,1188.12
37d6425497c64a2af791,1155,haiku-4-5,managed-prompt,tatoeba,fr,nb,Je m'appelle Jack.,Jeg heter Jack.,"{""c"":""Jeg heter Jack.""}",Jeg heter Jack.,False,1,0,True,True,False,True,,True,,,"{""reason"":""detector_inconclusive"",""detected"":""nl"",""confidence"":0.7143}",True,[],[],True,,"{""errors"":[]}",True,[],True,1,0,True,True,False,100,100,2471,13,2484,0,0,1125.89,1290,8,1298,0,0,1212.46
e42acc55e7e481ff0eeb,1156,haiku-4-5,managed-prompt,tatoeba,fr,nb,Nous avons vu le match de football à la télévision.,Vi såg fotballkampen på TV.,"{""c"":""Vi så fotballkampen på TV.""}",Vi så fotballkampen på TV.,False,1,0,True,True,False,True,,True,,True,"{""reason"":""detector_match"",""detected"":""no"",""confidence"":1.0}",True,[],[],True,,"{""errors"":[]}",True,[],True,1,0,True,True,False,100,100,2480,17,2497,0,0,1174.98,1308,8,1316,0,0,1233.06
a2c02155853c9b14895f,1157,haiku-4-5,managed-prompt,tatoeba,fr,nb,Mettez le jeu en pause.,Sett spillet på pause.,"{""c"":""Sett spillet på pause.""}",Sett spillet på pause.,False,1,0,True,True,False,True,,True,,True,"{""reason"":""detector_match"",""detected"":""no"",""confidence"":1.0}",True,[],[],True,,"{""errors"":[]}",True,[],True,1,0,True,True,False,100,100,2474,15,2489,0,0,1285.82,1297,8,1305,0,0,1284.16
bdf31dc7c053c915035e,1158,haiku-4-5,managed-prompt,tatoeba,fr,nb,Elle est juste derrière toi.,Ho er rett bak deg.,"{""c"":""Hun er rett bak deg.""}",Hun er rett bak deg.,False,1,0,True,True,False,True,,True,,True,"{""reason"":""detector_match"",""detected"":""no"",""confidence"":1.0}",True,[],[],True,,"{""errors"":[]}",True,[],True,1,0,True,True,False,100,100,2474,15,2489,0,0,1110.7,1297,8,1305,0,0,1122.92
930b6a127ac9abb1ae17,1159,haiku-4-5,managed-prompt,tatoeba,fr,nb,Il y a peu d’étudiants qui comprennent le latin.,Få studenter kan forstå latin.,"{""c"":""Det er få studenter som forstår latin.""}",Det er få studenter som forstår latin.,False,1,0,True,True,False,True,,True,,,"{""reason"":""detector_mismatch_uncertain"",""detected"":""da"",""confidence"":0.9997}",True,[],[],True,,"{""errors"":[]}",True,[],True,1,0,True,True,False,100,100,2481,18,2499,0,0,1250.92,1309,8,1317,0,0,1167.44
5d23fb82e5cfcfdb625b,1160,haiku-4-5,managed-prompt,tatoeba,it,da,Sì.,Ja.,"{""c"":""Ja.""}",Ja.,False,1,0,True,True,False,True,,True,,,"{""reason"":""too_short_for_language_detection"",""detected"":null,""confidence"":null}",True,[],[],True,,"{""errors"":[]}",True,[],True,1,0,True,True,False,100,100,2468,10,2478,0,0,1097.57,1281,8,1289,0,0,1069.37
a5c33228e7de30a205ac,1161,haiku-4-5,managed-prompt,tatoeba,it,da,È gay.,Han er bøsse.,"{""c"":""Han er gay.""}",Han er gay.,False,1,0,True,True,False,True,,True,,,"{""reason"":""detector_inconclusive"",""detected"":""so"",""confidence"":0.4616}",True,[],[],True,,"{""errors"":[{""category"":""terminology"",""severity"":""minor""}]}",True,"[{""category"":""terminology"",""severity"":""minor""}]",True,1,0,True,True,False,97,97,2467,11,2478,0,0,1143.37,1284,17,1301,0,0,1256.4
7bf64f5c8437177c2ea3,1162,haiku-4-5,managed-prompt,tatoeba,it,da,"Essi non ne parlano, ma si può vedere.","De snakker ikke om det, men du kan se det.","{""c"":""De taler ikke om det, men man kan se det.""}","De taler ikke om det, men man kan se det.",False,1,0,True,True,False,True,,True,,True,"{""reason"":""detector_match"",""detected"":""da"",""confidence"":0.8248}",True,[],[],True,,"{""errors"":[]}",True,[],True,1,0,True,True,False,100,100,2477,20,2497,0,0,1225.72,1311,8,1319,0,0,1218.79
5aa2ec79a9422086f60c,1163,haiku-4-5,managed-prompt,tatoeba,it,da,Sono una persona.,Jeg er et menneske.,"{""c"":""Jeg er en person.""}",Jeg er en person.,False,1,0,True,True,False,True,,True,,,"{""reason"":""detector_mismatch_uncertain"",""detected"":""no"",""confidence"":1.0}",True,[],[],True,,"{""errors"":[]}",True,[],True,1,0,True,True,False,100,100,2469,13,2482,0,0,1038.46,1289,8,1297,0,0,1186.22
5e291b74b49fc7e1f887,1164,haiku-4-5,managed-prompt,tatoeba,it,da,Studia francese e web design.,Han studerer fransk og webdesign.,"{""c"":""Studerer fransk og webdesign.""}",Studerer fransk og webdesign.,False,1,0,True,True,False,True,,True,,True,"{""reason"":""detector_match"",""detected"":""da"",""confidence"":1.0}",True,[],[],True,,"{""errors"":[]}",True,[],True,1,0,True,True,False,100,100,2473,16,2489,0,0,1291.02,1298,8,1306,0,0,1083.25
0dda9ceaf49c61bb5aff,1165,haiku-4-5,managed-prompt,tatoeba,it,da,"È colpa mia, non vostra.","Det er min skyld, ikke din.","{""c"":""Det er min skyld, ikke jeres.""}","Det er min skyld, ikke jeres.",False,1,0,True,True,False,True,,True,,,"{""reason"":""detector_mismatch_uncertain"",""detected"":""no"",""confidence"":1.0}",True,[],[],True,,"{""errors"":[]}",True,[],True,1,0,True,True,False,100,100,2474,17,2491,0,0,1255.72,1300,8,1308,0,0,1174.34
2d450f39f18bd884fc19,1166,haiku-4-5,managed-prompt,tatoeba,it,da,Questo è un avvertimento che dobbiamo prendere sul serio.,Dette er et varsel som vi må tage alvorligt.,"{""c"":""Dette er en advarsel, vi skal tage alvorligt.""}","Dette er en advarsel, vi skal tage alvorligt.",False,1,0,True,True,False,True,,True,,True,"{""reason"":""detector_match"",""detected"":""da"",""confidence"":1.0}",True,[],[],True,,"{""errors"":[]}",True,[],True,1,0,True,True,False,100,100,2482,22,2504,0,0,1211.26,1318,8,1326,0,0,1308.81
40fb2187d193e4146003,1167,haiku-4-5,managed-prompt,tatoeba,it,da,Il vaccino è estremamente efficace.,Vaccinen er særdeles effektiv.,"{""c"":""Vaccinen er ekstremt effektiv.""}",Vaccinen er ekstremt effektiv.,False,1,0,True,True,False,True,,True,,True,"{""reason"":""detector_match"",""detected"":""da"",""confidence"":1.0}",True,[],[],True,,"{""errors"":[]}",True,[],True,1,0,True,True,False,100,100,2474,18,2492,0,0,1891.68,1303,8,1311,0,0,1223.53
37e8251f804b03adab8a,1168,haiku-4-5,managed-prompt,tatoeba,it,da,Auckland è una città della Nuova Zelanda.,Auckland er en by i New Zealand.,"{""c"":""Auckland er en by i New Zealand.""}",Auckland er en by i New Zealand.,False,1,0,True,True,False,True,,True,,,"{""reason"":""detector_inconclusive"",""detected"":""en"",""confidence"":0.7143}",True,[],[],True,,"{""errors"":[]}",True,[],True,1,0,True,True,False,100,100,2476,15,2491,0,0,1904.85,1299,8,1307,0,0,1254.63
5d5b650dbf0f66625eb3,1169,haiku-4-5,managed-prompt,tatoeba,it,da,Lei è troppo vecchia per lui.,Hun er for gammel til ham.,"{""c"":""Hun er for gammel til ham.""}",Hun er for gammel til ham.,False,1,0,True,True,False,True,,True,,True,"{""reason"":""detector_match"",""detected"":""da"",""confidence"":1.0}",True,[],[],True,,"{""errors"":[]}",True,[],True,1,0,True,True,False,100,100,2473,15,2488,0,0,1465.16,1296,8,1304,0,0,1201.57
1be64fccfea9e082603f,1170,haiku-4-5,managed-prompt,tatoeba,it,de,Sei una sospettata.,Du bist eine Verdächtige.,"{""c"":""Du bist eine Verdächtige.""}",Du bist eine Verdächtige.,False,1,0,True,True,False,True,,True,,True,"{""reason"":""detector_match"",""detected"":""de"",""confidence"":1.0}",True,[],[],True,,"{""errors"":[]}",True,[],True,1,0,True,True,False,100,100,2472,16,2488,0,0,1349.14,1297,8,1305,0,0,1110.44
e010b6420c2c4703f58b,1171,haiku-4-5,managed-prompt,tatoeba,it,de,So che sei un maestro.,"Ich weiß, dass Sie Lehrer sind.","{""c"":""Ich weiß, dass du ein Meister bist.""}","Ich weiß, dass du ein Meister bist.",False,1,0,True,True,False,True,,True,,True,"{""reason"":""detector_match"",""detected"":""de"",""confidence"":1.0}",True,[],[],True,,"{""errors"":[{""category"":""accuracy"",""severity"":""major""}]}",False,"[{""category"":""accuracy"",""severity"":""major""}]",True,1,0,True,True,False,85,85,2471,22,2493,0,0,1323.65,1306,17,1323,0,0,1215.8
ea76c5d51d8f18cf9006,1172,haiku-4-5,managed-prompt,tatoeba,it,de,Mi alzo alle 7:00.,Ich stehe um sieben Uhr auf.,"{""c"":""Ich stehe um 7:00 Uhr auf.""}",Ich stehe um 7:00 Uhr auf.,False,1,0,True,True,False,True,,True,,True,"{""reason"":""detector_match"",""detected"":""de"",""confidence"":1.0}",True,[],[],True,,"{""errors"":[]}",True,[],True,1,0,True,True,False,100,100,2473,22,2495,0,0,1099.77,1307,8,1315,0,0,1219.87
9a6262de65527534c5db,1173,haiku-4-5,managed-prompt,tatoeba,it,de,"Tom è più intelligente di voi, sapete.","Wisst ihr, Tom ist intelligenter als ihr.","{""c"":""Tom ist intelligenter als ihr, wisst ihr.""}","Tom ist intelligenter als ihr, wisst ihr.",False,1,0,True,True,False,True,,True,,True,"{""reason"":""detector_match"",""detected"":""de"",""confidence"":1.0}",True,[],[],True,,"{""errors"":[]}",True,[],True,1,0,True,True,False,100,100,2476,18,2494,0,0,1097.66,1306,8,1314,0,0,1125.65
592f45b90c16ca0d437f,1174,haiku-4-5,managed-prompt,tatoeba,it,de,Non ho bisogno del suo aiuto.,Ich brauche Ihre Hilfe nicht.,"{""c"":""Ich brauche deine Hilfe nicht.""}",Ich brauche deine Hilfe nicht.,False,1,0,True,True,False,True,,True,,True,"{""reason"":""detector_match"",""detected"":""de"",""confidence"":1.0}",True,[],[],True,,"{""errors"":[{""category"":""accuracy"",""severity"":""major""}]}",False,"[{""category"":""accuracy"",""severity"":""major""}]",True,1,0,True,True,False,85,85,2474,19,2493,0,0,1116.39,1305,17,1322,0,0,1282.46
f4175f232f1f8cfbfb69,1175,haiku-4-5,managed-prompt,tatoeba,it,de,L'ipocrisia è la morte della democrazia.,Die Scheinheiligkeit ist der Tod der Demokratie.,"{""c"":""Heuchelei ist der Tod der Demokratie.""}",Heuchelei ist der Tod der Demokratie.,False,1,0,True,True,False,True,,True,,True,"{""reason"":""detector_match"",""detected"":""de"",""confidence"":1.0}",True,[],[],True,,"{""errors"":[]}",True,[],True,1,0,True,True,False,100,100,2478,20,2498,0,0,1895.05,1312,8,1320,0,0,1044.41
e4a9815b88a828b64b33,1176,haiku-4-5,managed-prompt,tatoeba,it,de,"Non scrivermi al vecchio indirizzo, mi sono trasferito.",Nicht an meine alte Adresse schreiben! Ich bin umgezogen.,"{""c"":""Schreib mir nicht unter der alten Adresse, ich bin umgezogen.""}","Schreib mir nicht unter der alten Adresse, ich bin umgezogen.",False,1,0,True,True,False,True,,True,,True,"{""reason"":""detector_match"",""detected"":""de"",""confidence"":1.0}",True,[],[],True,,"{""errors"":[]}",True,[],True,1,0,True,True,False,100,100,2481,28,2509,0,0,1197.15,1330,8,1338,0,0,1277.2
32677195b3aba94f98ce,1177,haiku-4-5,managed-prompt,tatoeba,it,de,Cerchiamo di aspettare e vedere come si sviluppano le cose.,"Lass uns abwarten und schauen, wie sich die Dinge entwickeln.","{""c"":""Lassen Sie uns abwarten und sehen, wie sich die Dinge entwickeln.""}","Lassen Sie uns abwarten und sehen, wie sich die Dinge entwickeln.",False,1,0,True,True,False,True,,True,,True,"{""reason"":""detector_match"",""detected"":""de"",""confidence"":1.0}",True,[],[],True,,"{""errors"":[{""category"":""tone"",""severity"":""minor""}]}",True,"[{""category"":""tone"",""severity"":""minor""}]",True,1,0,True,True,False,97,97,2483,28,2511,0,0,1013.31,1331,17,1348,0,0,1359.47
288dd433aa8806e6218d,1178,haiku-4-5,managed-prompt,tatoeba,it,de,Chi l'ha detto? È assolutamente falso!,Wer hat das gesagt? Das ist völlig falsch!,"{""c"":""Wer hat das gesagt? Das ist absolut falsch!""}",Wer hat das gesagt? Das ist absolut falsch!,False,1,0,True,True,False,True,,True,,True,"{""reason"":""detector_match"",""detected"":""de"",""confidence"":1.0}",True,[],[],True,,"{""errors"":[]}",True,[],True,1,0,True,True,False,100,100,2478,22,2500,0,0,1120.58,1315,8,1323,0,0,1259.79
c059d31436577b66ba82,1179,haiku-4-5,managed-prompt,tatoeba,it,de,Tom temeva di commettere un errore.,"Tom hatte Angst davor, einen Fehler zu machen.","{""c"":""Tom fürchtete, einen Fehler zu begehen.""}","Tom fürchtete, einen Fehler zu begehen.",False,1,0,True,True,False,True,,True,,True,"{""reason"":""detector_match"",""detected"":""de"",""confidence"":1.0}",True,[],[],True,,"{""errors"":[]}",True,[],True,1,0,True,True,False,100,100,2475,21,2496,0,0,2255.02,1312,8,1320,0,0,1208.39
2576175e11910ee71690,1180,haiku-4-5,managed-prompt,tatoeba,it,en,La fidanzata di Tom l'ha visto con un'altra ragazza.,Tom's girlfriend saw him with another girl.,"{""c"":""Tom's girlfriend saw him with another girl.""}",Tom's girlfriend saw him with another girl.,False,1,0,True,True,False,True,,True,,True,"{""reason"":""detector_match"",""detected"":""en"",""confidence"":1.0}",True,[],[],True,,"{""errors"":[]}",True,[],True,1,0,True,True,False,100,100,2482,16,2498,0,0,1189.25,1307,8,1315,0,0,1169.99
8e583581d84a839867b3,1181,haiku-4-5,managed-prompt,tatoeba,it,en,"Puoi parlarmi, sai?","You can talk to me, you know?","{""c"":""You can talk to me, you know?""}","You can talk to me, you know?",False,1,0,True,True,False,True,,True,,True,"{""reason"":""detector_match"",""detected"":""en"",""confidence"":1.0}",True,[],[],True,,"{""errors"":[]}",True,[],True,1,0,True,True,False,100,100,2474,16,2490,0,0,1121.42,1301,8,1309,0,0,1229.61
d180c87544c40a77cfdf,1182,haiku-4-5,managed-prompt,tatoeba,it,en,Tom chiese a Mary dove fosse John.,Tom asked Mary where John was.,"{""c"":""Tom asked Mary where John was.""}",Tom asked Mary where John was.,False,1,0,True,True,False,True,,True,,True,"{""reason"":""detector_match"",""detected"":""en"",""confidence"":1.0}",True,[],[],True,,"{""errors"":[]}",True,[],True,1,0,True,True,False,100,100,2474,14,2488,0,0,1125.87,1295,8,1303,0,0,1461.15
a6b2a8070274fb0f0d5a,1183,haiku-4-5,managed-prompt,tatoeba,it,en,È veramente una straniera?,Are you really a foreigner?,"{""c"":""Is she really a foreigner?""}",Is she really a foreigner?,False,1,0,True,True,False,True,,True,,True,"{""reason"":""detector_match"",""detected"":""en"",""confidence"":1.0}",True,[],[],True,,"{""errors"":[{""category"":""accuracy"",""severity"":""major""}]}",False,"[{""category"":""accuracy"",""severity"":""major""}]",True,1,0,True,True,False,85,85,2471,14,2485,0,0,1176.27,1294,17,1311,0,0,1197.97
24f18b8b26fa7d80919d,1184,haiku-4-5,managed-prompt,tatoeba,it,en,Non aprire le porte.,Don't open the doors.,"{""c"":""Don't open the doors.""}",Don't open the doors.,False,1,0,True,True,False,True,,True,,,"{""reason"":""detector_inconclusive"",""detected"":""nl"",""confidence"":0.5714}",True,[],[],True,,"{""errors"":[]}",True,[],True,1,0,True,True,False,100,100,2471,13,2484,0,0,1133.22,1290,8,1298,0,0,1217.15
64c7589133a897bd4159,1185,haiku-4-5,managed-prompt,tatoeba,it,en,Chiuda a chiave tutte le porte.,Lock all the doors.,"{""c"":""Lock all the doors.""}",Lock all the doors.,False,1,0,True,True,False,True,,True,,True,"{""reason"":""detector_match"",""detected"":""en"",""confidence"":0.8571}",True,[],[],True,,"{""errors"":[]}",True,[],True,1,0,True,True,False,100,100,2476,12,2488,0,0,1210.92,1293,8,1301,0,0,1194.49
254e5982e59a5b94d545,1186,haiku-4-5,managed-prompt,tatoeba,it,en,Il luogo è cambiato.,The location has changed.,"{""c"":""The location has changed.""}",The location has changed.,False,1,0,True,True,False,True,,True,,True,"{""reason"":""detector_match"",""detected"":""en"",""confidence"":1.0}",True,[],[],True,,"{""errors"":[]}",True,[],True,1,0,True,True,False,100,100,2472,12,2484,0,0,1088.48,1289,8,1297,0,0,1219.85
2a445df48e83e1e09081,1187,haiku-4-5,managed-prompt,tatoeba,it,en,È legale?,Is this legal?,"{""c"":""Is it legal?""}",Is it legal?,False,1,0,True,True,False,True,,True,,,"{""reason"":""detector_inconclusive"",""detected"":""tl"",""confidence"":0.8571}",True,[],[],True,,"{""errors"":[]}",True,[],True,1,0,True,True,False,100,100,2468,11,2479,0,0,1147.9,1285,8,1293,0,0,1023.77
1d0511aca7e60115294e,1188,haiku-4-5,managed-prompt,tatoeba,it,en,Posso parlare con un avvocato?,Can I speak to a lawyer?,"{""c"":""Can I speak with a lawyer?""}",Can I speak with a lawyer?,False,1,0,True,True,False,True,,True,,True,"{""reason"":""detector_match"",""detected"":""en"",""confidence"":1.0}",True,[],[],True,,"{""errors"":[]}",True,[],True,1,0,True,True,False,100,100,2476,14,2490,0,0,1086.95,1299,8,1307,0,0,1269.33
803ef1b3a9a46689ed99,1189,haiku-4-5,managed-prompt,tatoeba,it,en,Un uomo eccellente: non ha nemici e non piace a nessun amico.,"An excellent man: he has no enemies, and none of his friends like him.","{""c"":""An excellent man: he has no enemies and is liked by no friend.""}",An excellent man: he has no enemies and is liked by no friend.,False,1,0,True,True,False,True,,True,,True,"{""reason"":""detector_match"",""detected"":""en"",""confidence"":1.0}",True,[],[],True,,"{""errors"":[]}",True,[],True,1,0,True,True,False,100,100,2486,22,2508,0,0,1201.0,1325,8,1333,0,0,1159.08
f565bef67c546c22f22f,1190,haiku-4-5,managed-prompt,tatoeba,it,es,Vieni da me in ufficio così ti spiego.,Vení conmigo a la oficina así te explico.,"{""c"":""Ven a mi oficina así te explico.""}",Ven a mi oficina así te explico.,False,1,0,True,True,False,True,,True,,True,"{""reason"":""detector_match"",""detected"":""es"",""confidence"":1.0}",True,[],[],True,,"{""errors"":[]}",True,[],True,1,0,True,True,False,100,100,2478,19,2497,0,0,1076.17,1312,8,1320,0,0,1177.98
cb75b6f7b50fde1b884a,1191,haiku-4-5,managed-prompt,tatoeba,it,es,Mia sorella suona il piano ogni giorno.,Mi hermana toca el piano cada día.,"{""c"":""Mi hermana toca el piano cada día.""}",Mi hermana toca el piano cada día.,False,1,0,True,True,False,True,,True,,True,"{""reason"":""detector_match"",""detected"":""es"",""confidence"":1.0}",True,[],[],True,,"{""errors"":[]}",True,[],True,1,0,True,True,False,100,100,2477,17,2494,0,0,1041.51,1304,8,1312,0,0,1155.79
73a1f212db5caafb84c9,1192,haiku-4-5,managed-prompt,tatoeba,it,es,Credo che dovremmo andarci.,Creo que deberíamos ir allí.,"{""c"":""Creo que deberíamos ir.""}",Creo que deberíamos ir.,False,1,0,True,True,False,True,,True,,True,"{""reason"":""detector_match"",""detected"":""es"",""confidence"":1.0}",True,[],[],True,,"{""errors"":[]}",True,[],True,1,0,True,True,False,100,100,2475,17,2492,0,0,1060.63,1304,8,1312,0,0,1187.88
24d5b40f132b4c958180,1193,haiku-4-5,managed-prompt,tatoeba,it,es,I pesci sono animali a sangue freddo.,Los peces son animales de sangre fría.,"{""c"":""Los peces son animales de sangre fría.""}",Los peces son animales de sangre fría.,False,1,0,True,True,False,True,,True,,True,"{""reason"":""detector_match"",""detected"":""es"",""confidence"":1.0}",True,[],[],True,,"{""errors"":[]}",True,[],True,1,0,True,True,False,100,100,2476,19,2495,0,0,1190.11,1307,8,1315,0,0,1274.89
1977c7387acfc8c76d29,1194,haiku-4-5,managed-prompt,tatoeba,it,es,Qual è la tua bevanda preferita in un giorno freddo?,¿Cuál es tu trago favorito para un día frío?,"{""c"":""¿Cuál es tu bebida preferida en un día frío?""}",¿Cuál es tu bebida preferida en un día frío?,False,1,0,True,True,False,True,,True,,True,"{""reason"":""detector_match"",""detected"":""es"",""confidence"":1.0}",True,[],[],True,,"{""errors"":[]}",True,[],True,1,0,True,True,False,100,100,2481,24,2505,0,0,1101.58,1324,8,1332,0,0,1165.4
f0cadd97728e553aa512,1195,haiku-4-5,managed-prompt,tatoeba,it,es,Il gatto sembra estremamente felice.,El gato parece muy feliz.,"{""c"":""El gato parece extremadamente feliz.""}",El gato parece extremadamente feliz.,False,1,0,True,True,False,True,,True,,True,"{""reason"":""detector_match"",""detected"":""es"",""confidence"":1.0}",True,[],[],True,,"{""errors"":[]}",True,[],True,1,0,True,True,False,100,100,2475,17,2492,0,0,1029.88,1301,8,1309,0,0,1667.84
38baf336f5254f5d2f11,1196,haiku-4-5,managed-prompt,tatoeba,it,es,"Quando stavo per uscire di casa, ho ricevuto una chiamata da lei.","Cuando estaba por salir de casa, recibí una llamada de ella.","{""c"":""Cuando estaba a punto de salir de casa, recibí una llamada de ella.""}","Cuando estaba a punto de salir de casa, recibí una llamada de ella.",False,1,0,True,True,False,True,,True,,True,"{""reason"":""detector_match"",""detected"":""es"",""confidence"":1.0}",True,[],[],True,,"{""errors"":[]}",True,[],True,1,0,True,True,False,100,100,2485,28,2513,0,0,1091.9,1332,8,1340,0,0,1185.79
134862dacc3938550776,1197,haiku-4-5,managed-prompt,tatoeba,it,es,Non sappiamo se verrà o no.,No sabemos si él vendrá o no.,"{""c"":""No sabemos si vendrá o no.""}",No sabemos si vendrá o no.,False,1,0,True,True,False,True,,True,,,"{""reason"":""detector_inconclusive"",""detected"":""pt"",""confidence"":0.8571}",True,[],[],True,,"{""errors"":[]}",True,[],True,1,0,True,True,False,100,100,2475,17,2492,0,0,943.07,1303,8,1311,0,0,1117.17
cccaa5c4c47d4a236763,1198,haiku-4-5,managed-prompt,tatoeba,it,es,Io non sono razzista.,No soy racista.,"{""c"":""No soy racista.""}",No soy racista.,False,1,0,True,True,False,True,,True,,True,"{""reason"":""detector_match"",""detected"":""es"",""confidence"":1.0}",True,[],[],True,,"{""errors"":[]}",True,[],True,1,0,True,True,False,100,100,2472,13,2485,0,0,1096.07,1291,8,1299,0,0,1439.92
4efce98a5b4cbcd61dd8,1199,haiku-4-5,managed-prompt,tatoeba,it,es,Dovrai imparare molto.,Tendrás que aprender mucho.,"{""c"":""Tendrás que aprender mucho.""}",Tendrás que aprender mucho.,False,1,0,True,True,False,True,,True,,True,"{""reason"":""detector_match"",""detected"":""es"",""confidence"":1.0}",True,[],[],True,,"{""errors"":[]}",True,[],True,1,0,True,True,False,100,100,2472,17,2489,0,0,1069.97,1299,8,1307,0,0,1324.82
dd006631017970d10af1,1200,haiku-4-5,managed-prompt,tatoeba,it,fr,Fumare può uccidere.,Fumer peut tuer.,"{""c"":""Fumer peut tuer.""}",Fumer peut tuer.,False,1,0,True,True,False,True,,True,,True,"{""reason"":""detector_match"",""detected"":""fr"",""confidence"":0.8571}",True,[],[],True,,"{""errors"":[]}",True,[],True,1,0,True,True,False,100,100,2473,14,2487,0,0,1136.38,1294,8,1302,0,0,2158.19
7178fa2f143fa9a1561f,1201,haiku-4-5,managed-prompt,tatoeba,it,fr,Linda sta per cavarti gli occhi!,Linda va t'énucléer !,"{""c"":""Linda va t'arracher les yeux!""}",Linda va t'arracher les yeux!,False,1,0,True,True,False,True,,True,,True,"{""reason"":""detector_match"",""detected"":""fr"",""confidence"":0.8571}",True,[],[],True,,"{""errors"":[]}",True,[],True,1,0,True,True,False,100,100,2474,17,2491,0,0,1218.28,1301,8,1309,0,0,1068.81
ee9b7ec93124192db920,1202,haiku-4-5,managed-prompt,tatoeba,it,fr,Lui è il mio primo amore.,C'est mon premier amour.,"{""c"":""Il est mon premier amour.""}",Il est mon premier amour.,False,1,0,True,True,False,True,,True,,True,"{""reason"":""detector_match"",""detected"":""fr"",""confidence"":1.0}",True,[],[],True,,"{""errors"":[]}",True,[],True,1,0,True,True,False,100,100,2474,14,2488,0,0,960.67,1296,8,1304,0,0,1237.31
75a56a878918edab20c6,1203,haiku-4-5,managed-prompt,tatoeba,it,fr,Io vado a New York la settimana prossima.,Je vais à New York la semaine prochaine.,"{""c"":""Je vais à New York la semaine prochaine.""}",Je vais à New York la semaine prochaine.,False,1,0,True,True,False,True,,True,,True,"{""reason"":""detector_match"",""detected"":""fr"",""confidence"":1.0}",True,[],[],True,,"{""errors"":[]}",True,[],True,1,0,True,True,False,100,100,2479,20,2499,0,0,1025.57,1312,8,1320,0,0,1235.48
9909612ac7010bbaf587,1204,haiku-4-5,managed-prompt,tatoeba,it,fr,Voi avevate i denti cariati.,Vous aviez les dents cariées.,"{""c"":""Vous aviez les dents cariées.""}",Vous aviez les dents cariées.,False,1,0,True,True,False,True,,True,,True,"{""reason"":""detector_match"",""detected"":""fr"",""confidence"":1.0}",True,[],[],True,,"{""errors"":[]}",True,[],True,1,0,True,True,False,100,100,2477,18,2495,0,0,1130.53,1306,8,1314,0,0,1252.65
a76d15ec4b8e4f8ac159,1205,haiku-4-5,managed-prompt,tatoeba,it,fr,Tu sei passata dalla finestra.,Tu es passée par la fenêtre.,"{""c"":""Tu es passée par la fenêtre.""}",Tu es passée par la fenêtre.,False,1,0,True,True,False,True,,True,,True,"{""reason"":""detector_match"",""detected"":""fr"",""confidence"":1.0}",True,[],[],True,,"{""errors"":[]}",True,[],True,1,0,True,True,False,100,100,2472,17,2489,0,0,1033.36,1299,8,1307,0,0,1213.93
e48a50a36adf420bd789,1206,haiku-4-5,managed-prompt,tatoeba,it,fr,Lei conosce il vero nome di Tom?,Connaît-elle le vrai nom de Tom ?,"{""c"":""Lei connaît le vrai nom de Tom ?""}",Lei connaît le vrai nom de Tom ?,False,1,0,True,True,False,True,,True,,True,"{""reason"":""detector_match"",""detected"":""fr"",""confidence"":1.0}",True,[],[],True,,"{""errors"":[{""category"":""fluency"",""severity"":""major""},{""category"":""preservation"",""severity"":""major""}]}",False,"[{""category"":""fluency"",""severity"":""major""},{""category"":""preservation"",""severity"":""major""}]",True,1,0,True,True,False,70,70,2475,18,2493,0,0,1128.16,1309,27,1336,0,0,1318.08
d8901c05c76e6c9773e9,1207,haiku-4-5,managed-prompt,tatoeba,it,fr,Non ho ancora un contratto.,Je n'ai pas encore de contrat.,"{""c"":""Je n'ai pas encore de contrat.""}",Je n'ai pas encore de contrat.,False,1,0,True,True,False,True,,True,,True,"{""reason"":""detector_match"",""detected"":""fr"",""confidence"":1.0}",True,[],[],True,,"{""errors"":[]}",True,[],True,1,0,True,True,False,100,100,2471,17,2488,0,0,970.36,1298,8,1306,0,0,1266.4
351f4d4d992e4302e5c4,1208,haiku-4-5,managed-prompt,tatoeba,it,fr,La gatta non sembra felice di vederci.,La chatte n'a pas l'air heureuse de nous voir.,"{""c"":""La chatte ne semble pas heureuse de nous voir.""}",La chatte ne semble pas heureuse de nous voir.,False,1,0,True,True,False,True,,True,,True,"{""reason"":""detector_match"",""detected"":""fr"",""confidence"":1.0}",True,[],[],True,,"{""errors"":[]}",True,[],True,1,0,True,True,False,100,100,2477,21,2498,0,0,1102.8,1315,8,1323,0,0,1451.3
4671aecedb20182fd9a3,1209,haiku-4-5,managed-prompt,tatoeba,it,fr,Lui ha affamato i cani.,Il a affamé les chiens.,"{""c"":""Il a affamé les chiens.""}",Il a affamé les chiens.,False,1,0,True,True,False,True,,True,,True,"{""reason"":""detector_match"",""detected"":""fr"",""confidence"":1.0}",True,[],[],True,,"{""errors"":[]}",True,[],True,1,0,True,True,False,100,100,2474,16,2490,0,0,1057.37,1299,8,1307,0,0,1481.08
967a65378933a579be73,1210,haiku-4-5,managed-prompt,tatoeba,it,jp,Per il mio orologio sono le 4.,私の時計では４時です。,"{""c"":""私の時計では4時です。""}",私の時計では4時です。,False,1,0,True,True,False,True,,True,,True,"{""reason"":""target_script_present"",""detected"":""ja"",""confidence"":1.0}",True,[],[],True,,"{""errors"":[]}",True,[],True,1,0,True,True,False,100,100,2476,16,2492,0,0,1048.17,1303,8,1311,0,0,1231.02
d4e76b88494963ea6e75,1211,haiku-4-5,managed-prompt,tatoeba,it,jp,I dentisti utilizzano i raggi X per esaminare i vostri denti.,歯科医は歯を調べるためにレントゲンを利用する。,"{""c"":""歯医者はあなたの歯を調べるためにX線を使用します。""}",歯医者はあなたの歯を調べるためにX線を使用します。,False,1,0,True,True,False,True,,True,,True,"{""reason"":""target_script_present"",""detected"":""ja"",""confidence"":1.0}",True,[],[],True,,"{""errors"":[]}",True,[],True,1,0,True,True,False,100,100,2484,31,2515,0,0,1259.19,1340,8,1348,0,0,1173.33
75fa8d2c0dcdca8f4a03,1212,haiku-4-5,managed-prompt,tatoeba,it,jp,Per quale motivo suo padre è andato in Giappone?,何のために彼女のお父さんは日本へ行ったの。,"{""c"":""お父さんはなぜ日本に行ったのですか?""}",お父さんはなぜ日本に行ったのですか?,False,1,0,True,True,False,True,,True,,True,"{""reason"":""target_script_present"",""detected"":""ja"",""confidence"":1.0}",True,[],[],True,,"{""errors"":[]}",True,[],True,1,0,True,True,False,100,100,2479,26,2505,0,0,2389.41,1329,8,1337,0,0,1186.21
4b74480177d033cfd133,1213,haiku-4-5,managed-prompt,tatoeba,it,jp,Davanti a me c'è una macchina gialla.,私の前に黄色い車がある。,"{""c"":""私の前には黄色い車があります。""}",私の前には黄色い車があります。,False,1,0,True,True,False,True,,True,,True,"{""reason"":""target_script_present"",""detected"":""ja"",""confidence"":1.0}",True,[],[],True,,"{""errors"":[]}",True,[],True,1,0,True,True,False,100,100,2479,19,2498,0,0,1021.78,1312,8,1320,0,0,1244.76
b427746e01c91c07ab6e,1214,haiku-4-5,managed-prompt,tatoeba,it,jp,"Appena abbiamo un'opportunità, andiamo a parlargli.",機会のあり次第彼にお話ししよう。,"{""c"":""機会があったら、すぐに彼に話しかけに行きましょう。""}",機会があったら、すぐに彼に話しかけに行きましょう。,False,1,0,True,True,False,True,,True,,True,"{""reason"":""target_script_present"",""detected"":""ja"",""confidence"":1.0}",True,[],[],True,,"{""errors"":[]}",True,[],True,1,0,True,True,False,100,100,2483,31,2514,0,0,1149.81,1333,8,1341,0,0,1266.92
79f15dfcb0c929d17d95,1215,haiku-4-5,managed-prompt,tatoeba,it,jp,"Grazie al suo elevato reddito, ogni anno si può permettere un viaggio a Parigi.",彼女は収入がたくさんあるので毎年パリに行くことが出来る。,"{""c"":""彼の高い収入のおかげで、毎年パリへの旅行を楽しむことができます。""}",彼の高い収入のおかげで、毎年パリへの旅行を楽しむことができます。,False,1,0,True,True,False,True,,True,,True,"{""reason"":""target_script_present"",""detected"":""ja"",""confidence"":1.0}",True,[],[],True,,"{""errors"":[{""category"":""accuracy"",""severity"":""major""}]}",False,"[{""category"":""accuracy"",""severity"":""major""}]",True,1,0,True,True,False,85,85,2489,39,2528,0,0,1067.65,1358,17,1375,0,0,1253.21
18c2f76c399cdd7e5c9a,1216,haiku-4-5,managed-prompt,tatoeba,it,jp,Erano molto emozionate.,彼らは非常に興奮していた。,"{""c"":""彼らはとても興奮していました。""}",彼らはとても興奮していました。,False,1,0,True,True,False,True,,True,,True,"{""reason"":""target_script_present"",""detected"":""ja"",""confidence"":1.0}",True,[],[],True,,"{""errors"":[]}",True,[],True,1,0,True,True,False,100,100,2471,19,2490,0,0,21431.0,1305,8,1313,0,0,1195.13
396d797cad223fcebd6a,1217,haiku-4-5,managed-prompt,tatoeba,it,jp,È troppo caro.,それは高過ぎる。,"{""c"":""高すぎます。""}",高すぎます。,False,1,0,True,True,False,True,,True,,True,"{""reason"":""target_script_present"",""detected"":""ja"",""confidence"":1.0}",True,[],[],True,,"{""errors"":[]}",True,[],True,1,0,True,True,False,100,100,2470,13,2483,0,0,1111.98,1294,8,1302,0,0,1273.78
ea2102f1cca943a62f50,1218,haiku-4-5,managed-prompt,tatoeba,it,jp,Non ho argomenti in comune con Tom percui non so proprio di cosa parlare con lui.,トムとは共通の話題がないから何話せばいいか分かんないんだよね。,"{""c"":""トムと共通の話題がないので、彼と何を話せばいいのか全くわかりません。""}",トムと共通の話題がないので、彼と何を話せばいいのか全くわかりません。,False,1,0,True,True,False,True,,True,,True,"{""reason"":""target_script_present"",""detected"":""ja"",""confidence"":1.0}",True,[],[],True,,"{""errors"":[{""category"":""tone"",""severity"":""minor""}]}",True,"[{""category"":""tone"",""severity"":""minor""}]",True,1,0,True,True,False,97,97,2485,38,2523,0,0,1428.15,1353,17,1370,0,0,1306.59
1e72ac95ec349c4ec40f,1219,haiku-4-5,managed-prompt,tatoeba,it,jp,Lui è il mio primo amore.,彼は私の初恋の人です。,"{""c"":""彼は私の最初の恋です。""}",彼は私の最初の恋です。,False,1,0,True,True,False,True,,True,,True,"{""reason"":""target_script_present"",""detected"":""ja"",""confidence"":1.0}",True,[],[],True,,"{""errors"":[]}",True,[],True,1,0,True,True,False,100,100,2474,19,2493,0,0,1074.83,1307,8,1315,0,0,1027.66
571de04bb8ce92601521,1220,haiku-4-5,managed-prompt,tatoeba,it,nl,Io sono fiera dei miei figli.,Ik ben trots op mijn kinderen.,"{""c"":""Ik ben trots op mijn kinderen.""}",Ik ben trots op mijn kinderen.,False,1,0,True,True,False,True,,True,,True,"{""reason"":""detector_match"",""detected"":""nl"",""confidence"":1.0}",True,[],[],True,,"{""errors"":[]}",True,[],True,1,0,True,True,False,100,100,2475,19,2494,0,0,969.26,1306,8,1314,0,0,1166.78
804b57618d95bb49012c,1221,haiku-4-5,managed-prompt,tatoeba,it,nl,A che serve questo?,Waartoe dient dit?,"{""c"":""Waar is dit voor?""}",Waar is dit voor?,False,1,0,True,True,False,True,,True,,,"{""reason"":""detector_mismatch_uncertain"",""detected"":""af"",""confidence"":1.0}",True,[],[],True,,"{""errors"":[]}",True,[],True,1,0,True,True,False,100,100,2469,13,2482,0,0,999.89,1292,8,1300,0,0,1909.96
f76f85fca2d8a4bd4a23,1222,haiku-4-5,managed-prompt,tatoeba,it,nl,Questo è un fiore?,Dit is een bloem?,"{""c"":""Is dit een bloem?""}",Is dit een bloem?,False,1,0,True,True,False,True,,True,,True,"{""reason"":""detector_match"",""detected"":""nl"",""confidence"":0.8592}",True,[],[],True,,"{""errors"":[]}",True,[],True,1,0,True,True,False,100,100,2471,13,2484,0,0,2368.56,1292,8,1300,0,0,1148.45
8aac3c57d3ff13d90bd4,1223,haiku-4-5,managed-prompt,tatoeba,it,nl,Lui legge molto.,Hij leest veel.,"{""c"":""Hij leest veel.""}",Hij leest veel.,False,1,0,True,True,False,True,,True,,True,"{""reason"":""detector_match"",""detected"":""nl"",""confidence"":1.0}",True,[],[],True,,"{""errors"":[]}",True,[],True,1,0,True,True,False,100,100,2470,12,2482,0,0,1080.37,1287,8,1295,0,0,1223.2
d71afcc023df0944831d,1224,haiku-4-5,managed-prompt,tatoeba,it,nl,Tom disse il perché?,Heeft Tom gezegd waarom?,"{""c"":""Tom zei waarom?""}",Tom zei waarom?,False,1,0,True,True,False,True,,True,,True,"{""reason"":""detector_match"",""detected"":""nl"",""confidence"":1.0}",True,[],[],True,,"{""errors"":[{""category"":""fluency"",""severity"":""minor""}]}",True,"[{""category"":""fluency"",""severity"":""minor""}]",True,1,0,True,True,False,97,97,2470,13,2483,0,0,2215.52,1293,18,1311,0,0,1299.68
f0990988c37e2a9b9a53,1225,haiku-4-5,managed-prompt,tatoeba,it,nl,Noi siamo felici.,We zijn gelukkig.,"{""c"":""Wij zijn gelukkig.""}",Wij zijn gelukkig.,False,1,0,True,True,False,True,,True,,True,"{""reason"":""detector_match"",""detected"":""nl"",""confidence"":1.0}",True,[],[],True,,"{""errors"":[]}",True,[],True,1,0,True,True,False,100,100,2472,16,2488,0,0,1190.56,1295,8,1303,0,0,1179.42
1e13b1dd1bf0a2d19899,1226,haiku-4-5,managed-prompt,tatoeba,it,nl,"Il Nepal si chiama ""Nepal"" in nepalese.",Nepal wordt ''Nepal'' genoemd in het Nepalees.,"{""c"":""Nepal heet \""Nepal\"" in het Nepalees.""}","Nepal heet ""Nepal"" in het Nepalees.",False,1,0,True,True,False,True,,True,,True,"{""reason"":""detector_match"",""detected"":""nl"",""confidence"":1.0}",True,[],[],True,,"{""errors"":[]}",True,[],True,1,0,True,True,False,100,100,2477,20,2497,0,0,1072.8,1310,8,1318,0,0,1183.28
fe11243f3cadcb930a3b,1227,haiku-4-5,managed-prompt,tatoeba,it,nl,Io sono cieco.,Ik ben blind.,"{""c"":""Ik ben blind.""}",Ik ben blind.,False,1,0,True,True,False,True,,True,,,"{""reason"":""detector_mismatch_uncertain"",""detected"":""da"",""confidence"":1.0}",True,[],[],True,,"{""errors"":[]}",True,[],True,1,0,True,True,False,100,100,2470,13,2483,0,0,1032.02,1289,8,1297,0,0,1206.29
b31220d24d309c5eabbd,1228,haiku-4-5,managed-prompt,tatoeba,it,nl,Quali sono i lati positivi?,Welke zijn de positieve kanten?,"{""c"":""Wat zijn de positieve aspecten?""}",Wat zijn de positieve aspecten?,False,1,0,True,True,False,True,,True,,True,"{""reason"":""detector_match"",""detected"":""nl"",""confidence"":1.0}",True,[],[],True,,"{""errors"":[]}",True,[],True,1,0,True,True,False,100,100,2473,16,2489,0,0,1445.87,1301,8,1309,0,0,1150.71
9f816c6ea87c2ab04520,1229,haiku-4-5,managed-prompt,tatoeba,it,nl,Io sono il fratello maggiore di Tom.,Ik ben Toms oudste broer.,"{""c"":""Ik ben de oudere broer van Tom.""}",Ik ben de oudere broer van Tom.,False,1,0,True,True,False,True,,True,,True,"{""reason"":""detector_match"",""detected"":""nl"",""confidence"":1.0}",True,[],[],True,,"{""errors"":[]}",True,[],True,1,0,True,True,False,100,100,2475,19,2494,0,0,1242.68,1306,8,1314,0,0,1143.84
dacc2c508f2e0e2cc101,1230,haiku-4-5,managed-prompt,tatoeba,it,nb,Il mondo non ha bisogno di me.,Verden trenger meg ikke.,"{""c"":""Verden har ikke behov for meg.""}",Verden har ikke behov for meg.,False,1,0,True,True,False,True,,True,,,"{""reason"":""detector_inconclusive"",""detected"":""da"",""confidence"":0.8571}",True,[],[],True,,"{""errors"":[]}",True,[],True,1,0,True,True,False,100,100,2474,16,2490,0,0,1155.09,1297,8,1305,0,0,1196.75
1d081b5646b79e522778,1231,haiku-4-5,managed-prompt,tatoeba,it,nb,Quattro occhi vedono più di due.,Fire øyne ser mer enn to.,"{""c"":""Fire øyne ser mer enn to.""}",Fire øyne ser mer enn to.,False,1,0,True,True,False,True,,True,,True,"{""reason"":""detector_match"",""detected"":""no"",""confidence"":1.0}",True,[],[],True,,"{""errors"":[]}",True,[],True,1,0,True,True,False,100,100,2475,16,2491,0,0,1160.71,1300,8,1308,0,0,1168.72
6f5045f65ce1b43fb7e3,1232,haiku-4-5,managed-prompt,tatoeba,it,nb,Puoi venire alla festa?,Kan du komme på festen?,"{""c"":""Kan du komme til festen?""}",Kan du komme til festen?,False,1,0,True,True,False,True,,True,,True,"{""reason"":""detector_match"",""detected"":""no"",""confidence"":0.8571}",True,[],[],True,,"{""errors"":[]}",True,[],True,1,0,True,True,False,100,100,2472,16,2488,0,0,1037.55,1299,8,1307,0,0,1191.44
0d6464cbded5dfd80031,1233,haiku-4-5,managed-prompt,tatoeba,it,nb,Mi piacciono le onde del Mar Nero.,Jeg liker bølgene i Svartehavet.,"{""c"":""Jeg liker bølgene i Svartehavet.""}",Jeg liker bølgene i Svartehavet.,False,1,0,True,True,False,True,,True,,True,"{""reason"":""detector_match"",""detected"":""no"",""confidence"":1.0}",True,[],[],True,,"{""errors"":[]}",True,[],True,1,0,True,True,False,100,100,2475,22,2497,0,0,1434.31,1312,8,1320,0,0,1241.04
2b60c6be8203e7916075,1234,haiku-4-5,managed-prompt,tatoeba,it,nb,Non so come abbia fatto questo. Questo era un miracolo.,Jeg begriper ikke hvordan hun gjorde det. Det var et mirakel.,"{""c"":""Jeg vet ikke hvordan jeg klarte dette. Dette var et mirakel.""}",Jeg vet ikke hvordan jeg klarte dette. Dette var et mirakel.,False,1,0,True,True,False,True,,True,,True,"{""reason"":""detector_match"",""detected"":""no"",""confidence"":1.0}",True,[],[],True,,"{""errors"":[{""category"":""accuracy"",""severity"":""major""}]}",False,"[{""category"":""accuracy"",""severity"":""major""}]",True,1,0,True,True,False,85,85,2479,26,2505,0,0,1440.16,1323,17,1340,0,0,1266.78
b36f71573aab871a2a02,1235,haiku-4-5,managed-prompt,tatoeba,it,nb,Questo è un paradosso. Ma gli scienziati hanno certamente una spiegazione.,Dette er et paradoks. Men forskerne har sikkert en forklaring.,"{""c"":""Dette er et paradoks. Men vitenskapsmennene har helt sikkert en forklaring.""}",Dette er et paradoks. Men vitenskapsmennene har helt sikkert en forklaring.,False,1,0,True,True,False,True,,True,,True,"{""reason"":""detector_match"",""detected"":""no"",""confidence"":1.0}",True,[],[],True,,"{""errors"":[]}",True,[],True,1,0,True,True,False,100,100,2486,30,2516,0,0,1336.48,1334,8,1342,0,0,1144.96
f8f4a106c11d1b448760,1236,haiku-4-5,managed-prompt,tatoeba,it,nb,Il sentiero della foresta è stato completamente coperto di neve.,Skogsstien var helt dekket med snø.,"{""c"":""Skogsstien var helt dekket av snø.""}",Skogsstien var helt dekket av snø.,False,1,0,True,True,False,True,,True,,True,"{""reason"":""detector_match"",""detected"":""no"",""confidence"":1.0}",True,[],[],True,,"{""errors"":[]}",True,[],True,1,0,True,True,False,100,100,2479,20,2499,0,0,1236.8,1312,8,1320,0,0,1195.95
07a9303c7e651f085a45,1237,haiku-4-5,managed-prompt,tatoeba,it,nb,Mia nonna aveva opinioni molto ragionevoli.,Min bestemor hadde veldig fornuftige synspunkter.,"{""c"":""Bestemoren min hadde veldig fornuftige meninger.""}",Bestemoren min hadde veldig fornuftige meninger.,False,1,0,True,True,False,True,,True,,,"{""reason"":""detector_mismatch_uncertain"",""detected"":""da"",""confidence"":0.998}",True,[],[],True,,"{""errors"":[]}",True,[],True,1,0,True,True,False,100,100,2478,22,2500,0,0,1281.58,1316,8,1324,0,0,1160.35
d213e9760488f84fb246,1238,haiku-4-5,managed-prompt,tatoeba,it,nb,"Quasi non posso dire nulla, posso solo dire che il tempo qui è bello e che un residente del nord, colpito dal gelo, sta facendo bene alla luce del sole e all'aria calda.","Jeg kan nesten ikke si noe. Jeg kan bare si at været her er vakkert og at folk fra nord, rammet av frost, gjør det bra her, fordi solen skinner flott og luften er varm.","{""c"":""Jeg kan nesten ikke si noe, jeg kan bare si at været her er fint og at en nordboer, rammet av frost, har det bra i sollyset og den varme luften.""}","Jeg kan nesten ikke si noe, jeg kan bare si at været her er fint og at en nordboer, rammet av frost, har det bra i sollyset og den varme luften.",False,1,0,True,True,False,True,,True,,True,"{""reason"":""detector_match"",""detected"":""no"",""confidence"":1.0}",True,[],[],True,,"{""errors"":[]}",True,[],True,1,0,True,True,False,100,100,2516,53,2569,0,0,1725.06,1424,8,1432,0,0,1147.44
cd43d9fb8d15c0ff070e,1239,haiku-4-5,managed-prompt,tatoeba,it,nb,Tom esitò a lungo prima di rispondere.,Tom nølte lenge før han svarte.,"{""c"":""Tom nølte lenge før han svarte.""}",Tom nølte lenge før han svarte.,False,1,0,True,True,False,True,,True,,True,"{""reason"":""detector_match"",""detected"":""no"",""confidence"":1.0}",True,[],[],True,,"{""errors"":[]}",True,[],True,1,0,True,True,False,100,100,2475,18,2493,0,0,1167.35,1304,8,1312,0,0,1185.42
e2dbf697609b9a23344e,1240,haiku-4-5,managed-prompt,tatoeba,jp,da,この辞書を使っても良いですか。,Må jeg bruge denne ordbog?,"{""c"":""Må jeg bruge denne ordbog?""}",Må jeg bruge denne ordbog?,False,1,0,True,True,False,True,,True,,True,"{""reason"":""detector_match"",""detected"":""da"",""confidence"":1.0}",True,[],[],True,,"{""errors"":[]}",True,[],True,1,0,True,True,False,100,100,2478,17,2495,0,0,1038.12,1306,8,1314,0,0,1072.56
eb5d80d783b418798846,1241,haiku-4-5,managed-prompt,tatoeba,jp,da,一度にそんなにたくさんの質問には答えられない。,Jeg kan ikke svare på så mange spørgsmål på én gang.,"{""c"":""Jeg kan ikke svare på så mange spørgsmål på én gang.""}",Jeg kan ikke svare på så mange spørgsmål på én gang.,False,1,0,True,True,False,True,,True,,,"{""reason"":""detector_mismatch_uncertain"",""detected"":""no"",""confidence"":1.0}",True,[],[],True,,"{""errors"":[]}",True,[],True,1,0,True,True,False,100,100,2486,25,2511,0,0,1194.58,1328,8,1336,0,0,1576.45
05096d169696075b0e3d,1242,haiku-4-5,managed-prompt,tatoeba,jp,da,これが私の母の写真です。,Dette er et billede af min mor.,"{""c"":""Dette er et foto af min mor.""}",Dette er et foto af min mor.,False,1,0,True,True,False,True,,True,,True,"{""reason"":""detector_match"",""detected"":""da"",""confidence"":1.0}",True,[],[],True,,"{""errors"":[]}",True,[],True,1,0,True,True,False,100,100,2475,15,2490,0,0,1046.02,1299,8,1307,0,0,1150.57
504b55aaf0efd44e1a96,1243,haiku-4-5,managed-prompt,tatoeba,jp,da,我々全員が英語を話せるわけではない。,Det er ikke os alle der kan tale engelsk.,"{""c"":""Vi taler ikke alle engelsk.""}",Vi taler ikke alle engelsk.,False,1,0,True,True,False,True,,True,,,"{""reason"":""detector_mismatch_uncertain"",""detected"":""no"",""confidence"":1.0}",True,[],[],True,,"{""errors"":[]}",True,[],True,1,0,True,True,False,100,100,2482,14,2496,0,0,1208.68,1305,8,1313,0,0,1326.69
2cc4e4d6fa342102d7f2,1244,haiku-4-5,managed-prompt,tatoeba,jp,da,目を閉じて。,Luk dine øjne.,"{""c"":""Luk øjnene.""}",Luk øjnene.,False,1,0,True,True,False,True,,True,,,"{""reason"":""detector_mismatch_uncertain"",""detected"":""no"",""confidence"":1.0}",True,[],[],True,,"{""errors"":[]}",True,[],True,1,0,True,True,False,100,100,2473,15,2488,0,0,1193.97,1296,8,1304,0,0,1888.03
2c8fab1b41b5dfd084d9,1245,haiku-4-5,managed-prompt,tatoeba,jp,da,本をたくさん買った。,Jeg købte en masse bøger.,"{""c"":""Jeg købte mange bøger.""}",Jeg købte mange bøger.,False,1,0,True,True,False,True,,True,,True,"{""reason"":""detector_match"",""detected"":""da"",""confidence"":1.0}",True,[],[],True,,"{""errors"":[]}",True,[],True,1,0,True,True,False,100,100,2475,17,2492,0,0,1049.48,1300,8,1308,0,0,1168.56
a55597b78adae2d6b7db,1246,haiku-4-5,managed-prompt,tatoeba,jp,da,ある日、私は彼に会った。,En dag mødte jeg ham.,"{""c"":""En dag mødte jeg ham.""}",En dag mødte jeg ham.,False,1,0,True,True,False,True,,True,,,"{""reason"":""detector_inconclusive"",""detected"":""no"",""confidence"":0.9323}",True,[],[],True,,"{""errors"":[]}",True,[],True,1,0,True,True,False,100,100,2477,14,2491,0,0,1181.89,1298,8,1306,0,0,1147.35
7f1ac50eedef36f90a9d,1247,haiku-4-5,managed-prompt,tatoeba,jp,da,昨日は木曜日だった。,I går var det torsdag.,"{""c"":""I går var det torsdag.""}",I går var det torsdag.,False,1,0,True,True,False,True,,True,,,"{""reason"":""detector_mismatch_uncertain"",""detected"":""no"",""confidence"":0.9689}",True,[],[],True,,"{""errors"":[]}",True,[],True,1,0,True,True,False,100,100,2477,15,2492,0,0,1089.96,1299,8,1307,0,0,1281.63
779f8bbf03db54cf973a,1248,haiku-4-5,managed-prompt,tatoeba,jp,da,鳥は卵を産む。,Fugle lægger æg.,"{""c"":""Fugle lægger æg.""}",Fugle lægger æg.,False,1,0,True,True,False,True,,True,,True,"{""reason"":""detector_match"",""detected"":""da"",""confidence"":1.0}",True,[],[],True,,"{""errors"":[]}",True,[],True,1,0,True,True,False,100,100,2476,16,2492,0,0,1191.58,1300,8,1308,0,0,1212.75
b25dfeffc3b2916c5d1e,1249,haiku-4-5,managed-prompt,tatoeba,jp,da,彼は職を探している。,Han leder efter et job.,"{""c"":""Han søger efter arbejde.""}",Han søger efter arbejde.,False,1,0,True,True,False,True,,True,,True,"{""reason"":""detector_match"",""detected"":""da"",""confidence"":1.0}",True,[],[],True,,"{""errors"":[]}",True,[],True,1,0,True,True,False,100,100,2474,14,2488,0,0,1103.9,1294,8,1302,0,0,1222.23
50f274419894add768b0,1250,haiku-4-5,managed-prompt,tatoeba,jp,de,電話してくれればよかったのに。,Du hättest mich anrufen sollen!,"{""c"":""Du hättest mich anrufen sollen.""}",Du hättest mich anrufen sollen.,False,1,0,True,True,False,True,,True,,True,"{""reason"":""detector_match"",""detected"":""de"",""confidence"":1.0}",True,[],[],True,,"{""errors"":[]}",True,[],True,1,0,True,True,False,100,100,2478,19,2497,0,0,1099.65,1308,8,1316,0,0,1245.46
8bc937faf8912d87bdf1,1251,haiku-4-5,managed-prompt,tatoeba,jp,de,上野動物園にパンダっていたっけ？,Gab es eigentlich Pandas im Zoo von Ueno?,"{""c"":""Gab es im Ueno-Zoo Pandas?""}",Gab es im Ueno-Zoo Pandas?,False,1,0,True,True,False,True,,True,,,"{""reason"":""detector_mismatch_uncertain"",""detected"":""pt"",""confidence"":1.0}",True,[],[],True,,"{""errors"":[]}",True,[],True,1,0,True,True,False,100,100,2482,20,2502,0,0,1168.65,1318,8,1326,0,0,1226.07
ef85d3f6780cc8ee2646,1252,haiku-4-5,managed-prompt,tatoeba,jp,de,駅に着いたらすぐ電話するよ。,"Wenn ich am Bahnhof ankomme, rufe ich dich sofort an.","{""c"":""Ich rufe dich an, sobald ich am Bahnhof ankomme.""}","Ich rufe dich an, sobald ich am Bahnhof ankomme.",False,1,0,True,True,False,True,,True,,,"{""reason"":""detector_inconclusive"",""detected"":""de"",""confidence"":0.7143}",True,[],[],True,,"{""errors"":[]}",True,[],True,1,0,True,True,False,100,100,2483,28,2511,0,0,1101.02,1332,8,1340,0,0,1745.98
78bf969e57d32872ab3a,1253,haiku-4-5,managed-prompt,tatoeba,jp,de,彼女は月に２回ロンドンのペンフレンドに手紙を出します。,Sie schickt zweimal im Monat einen Brief an ihre Brieffreundin in London.,"{""c"":""Sie schreibt ihrem Brieffreund in London zweimal im Monat Briefe.""}",Sie schreibt ihrem Brieffreund in London zweimal im Monat Briefe.,False,1,0,True,True,False,True,,True,,True,"{""reason"":""detector_match"",""detected"":""de"",""confidence"":1.0}",True,[],"[{""code"":""number_not_exact"",""expected"":{""２"":1},""actual"":{}}]",True,,"{""errors"":[{""category"":""accuracy"",""severity"":""major""}]}",False,"[{""category"":""accuracy"",""severity"":""major""}]",True,1,0,True,True,False,82,82,2494,29,2523,0,0,1199.9,1344,17,1361,0,0,1305.98
5d58069c444d80f5736c,1254,haiku-4-5,managed-prompt,tatoeba,jp,de,私は読みます。,Ich lese.,"{""c"":""Ich lese.""}",Ich lese.,False,1,0,True,True,False,True,,True,,,"{""reason"":""too_short_for_language_detection"",""detected"":null,""confidence"":null}",True,[],[],True,,"{""errors"":[]}",True,[],True,1,0,True,True,False,100,100,2472,12,2484,0,0,979.95,1288,8,1296,0,0,3030.98
af07a208c5dee88a6666,1255,haiku-4-5,managed-prompt,tatoeba,jp,de,トムは政治家です。,Tom ist Politiker.,"{""c"":""Tom ist ein Politiker.""}",Tom ist ein Politiker.,False,1,0,True,True,False,True,,True,,True,"{""reason"":""detector_match"",""detected"":""de"",""confidence"":1.0}",True,[],[],True,,"{""errors"":[]}",True,[],True,1,0,True,True,False,100,100,2473,13,2486,0,0,988.1,1291,8,1299,0,0,1210.38
5939e30e9d4bc380c4c0,1256,haiku-4-5,managed-prompt,tatoeba,jp,de,トムは自分の身長についてからかわれることを知ってたけど、バスケットチームにトライアウトすることに決めた。,"Tom wusste zwar, dass man sich aufgrund seiner Körpergröße über ihn lustig machen würde, aber er beschloss dennoch, sich um einen Platz in der Basketballmannschaft zu bemühen.","{""c"":""Tom wusste, dass er wegen seiner Körpergröße gehänselt würde, aber er beschloss, sich trotzdem beim Basketballteam zu bewerben.""}","Tom wusste, dass er wegen seiner Körpergröße gehänselt würde, aber er beschloss, sich trotzdem beim Basketballteam zu bewerben.",False,1,0,True,True,False,True,,True,,True,"{""reason"":""detector_match"",""detected"":""de"",""confidence"":1.0}",True,[],[],True,,"{""errors"":[]}",True,[],True,1,0,True,True,False,100,100,2507,51,2558,0,0,1331.35,1413,8,1421,0,0,1116.33
670edd455548fa81d31e,1257,haiku-4-5,managed-prompt,tatoeba,jp,de,彼から便りはあった？,Ist ein Brief von ihm gekommen?,"{""c"":""Hast du von ihm gehört?""}",Hast du von ihm gehört?,False,1,0,True,True,False,True,,True,,True,"{""reason"":""detector_match"",""detected"":""de"",""confidence"":1.0}",True,[],[],True,,"{""errors"":[]}",True,[],True,1,0,True,True,False,100,100,2475,16,2491,0,0,1080.15,1300,8,1308,0,0,1058.05
b1d1186692dd1cbd8a4a,1258,haiku-4-5,managed-prompt,tatoeba,jp,de,もっと背が高ければいいのになあ。,"Ich wünschte, ich wäre größer.","{""c"":""Wenn ich nur größer wäre.""}",Wenn ich nur größer wäre.,False,1,0,True,True,False,True,,True,,True,"{""reason"":""detector_match"",""detected"":""de"",""confidence"":1.0}",True,[],[],True,,"{""errors"":[]}",True,[],True,1,0,True,True,False,100,100,2480,17,2497,0,0,1044.09,1311,8,1319,0,0,1451.21
88f06dbbbaafc4cfaf7d,1259,haiku-4-5,managed-prompt,tatoeba,jp,de,果物は食後よりも食前に食べた方が体にいいらしいよ。,"Es soll gesünder sein, Obst vor den Mahlzeiten anstatt danach zu essen.","{""c"":""Anscheinend ist es besser für den Körper, Obst vor den Mahlzeiten zu essen als danach.""}","Anscheinend ist es besser für den Körper, Obst vor den Mahlzeiten zu essen als danach.",False,1,0,True,True,False,True,,True,,True,"{""reason"":""detector_match"",""detected"":""de"",""confidence"":1.0}",True,[],[],True,,"{""errors"":[]}",True,[],True,1,0,True,True,False,100,100,2492,39,2531,0,0,1281.47,1357,8,1365,0,0,1205.53
49a13a5d7f5f81928847,1260,haiku-4-5,managed-prompt,tatoeba,jp,en,フランス語と英語を勉強しています。,I study French and English.,"{""c"":""I am studying French and English.""}",I am studying French and English.,False,1,0,True,True,False,True,,True,,True,"{""reason"":""detector_match"",""detected"":""en"",""confidence"":1.0}",True,[],[],True,,"{""errors"":[]}",True,[],True,1,0,True,True,False,100,100,2479,14,2493,0,0,1144.74,1299,8,1307,0,0,1498.65
46d4b6f85c31cdec9782,1261,haiku-4-5,managed-prompt,tatoeba,jp,en,私は君がそうすることは必要だと思う。,I think it necessary that you should do so.,"{""c"":""I think you need to do that.""}",I think you need to do that.,False,1,0,True,True,False,True,,True,,True,"{""reason"":""detector_match"",""detected"":""en"",""confidence"":1.0}",True,[],[],True,,"{""errors"":[]}",True,[],True,1,0,True,True,False,100,100,2482,15,2497,0,0,1196.13,1306,8,1314,0,0,1217.42
d3bc241c5834c5d6e65d,1262,haiku-4-5,managed-prompt,tatoeba,jp,en,彼の話はうそであることがわかった。,His story turned out to be false.,"{""c"":""I found out his story was a lie.""}",I found out his story was a lie.,False,1,0,True,True,False,True,,True,,True,"{""reason"":""detector_match"",""detected"":""en"",""confidence"":1.0}",True,[],[],True,,"{""errors"":[]}",True,[],True,1,0,True,True,False,100,100,2480,16,2496,0,0,1126.09,1303,8,1311,0,0,1037.63
12eb116f153f1da7cd8c,1263,haiku-4-5,managed-prompt,tatoeba,jp,en,寝る時間ですよ。,It's time to go to bed.,"{""c"":""It's time to sleep.""}",It's time to sleep.,False,1,0,True,True,False,True,,True,,True,"{""reason"":""detector_match"",""detected"":""en"",""confidence"":1.0}",True,[],[],True,,"{""errors"":[]}",True,[],True,1,0,True,True,False,100,100,2476,13,2489,0,0,966.46,1296,8,1304,0,0,1222.63
7aaafb791a27501c668a,1264,haiku-4-5,managed-prompt,tatoeba,jp,en,その勝利で私たちのチームは意気が上がった。,Our team was in high spirits because of the victory.,"{""c"":""Our team's morale went up with that victory.""}",Our team's morale went up with that victory.,False,1,0,True,True,False,True,,True,,True,"{""reason"":""detector_match"",""detected"":""en"",""confidence"":1.0}",True,[],[],True,,"{""errors"":[]}",True,[],True,1,0,True,True,False,100,100,2484,18,2502,0,0,1055.49,1313,8,1321,0,0,1217.57
695b63b1023c0bfa80ea,1265,haiku-4-5,managed-prompt,tatoeba,jp,en,彼女は彼と結婚するのを嫌がっている。,She is reluctant to marry him.,"{""c"":""She doesn't want to marry him.""}",She doesn't want to marry him.,False,1,0,True,True,False,True,,True,,True,"{""reason"":""detector_match"",""detected"":""en"",""confidence"":1.0}",True,[],[],True,,"{""errors"":[]}",True,[],True,1,0,True,True,False,100,100,2486,15,2501,0,0,1081.0,1308,8,1316,0,0,1132.5
2b28bdf67e6a3ebe36ff,1266,haiku-4-5,managed-prompt,tatoeba,jp,en,彼女はその秘密を知っていたようだ。,She seems to have known the secret.,"{""c"":""It seems his girlfriend knew the secret.""}",It seems his girlfriend knew the secret.,False,1,0,True,True,False,True,,True,,True,"{""reason"":""detector_match"",""detected"":""en"",""confidence"":1.0}",True,[],[],True,,"{""errors"":[{""category"":""accuracy"",""severity"":""major""}]}",False,"[{""category"":""accuracy"",""severity"":""major""}]",True,1,0,True,True,False,85,85,2483,15,2498,0,0,1089.85,1305,17,1322,0,0,1289.49
fa3ffb8d643853b451f4,1267,haiku-4-5,managed-prompt,tatoeba,jp,en,もう二度と戻って来るな。,Don't come back again.,"{""c"":""Never come back here again.""}",Never come back here again.,False,1,0,True,True,False,True,,True,,True,"{""reason"":""detector_match"",""detected"":""en"",""confidence"":1.0}",True,[],[],True,,"{""errors"":[]}",True,[],True,1,0,True,True,False,100,100,2477,13,2490,0,0,898.94,1296,8,1304,0,0,1262.24
979c27607b1b1cc37b85,1268,haiku-4-5,managed-prompt,tatoeba,jp,en,ほとんど何も見えないんだ。,I can hardly see anything.,"{""c"":""I can barely see anything.""}",I can barely see anything.,False,1,0,True,True,False,True,,True,,True,"{""reason"":""detector_match"",""detected"":""en"",""confidence"":1.0}",True,[],[],True,,"{""errors"":[]}",True,[],True,1,0,True,True,False,100,100,2479,13,2492,0,0,948.28,1298,8,1306,0,0,1265.36
83b5c0fd0d5f40d7199d,1269,haiku-4-5,managed-prompt,tatoeba,jp,en,よんどころない事情で、今年の夏は別荘で過ごせないんだ。,Due to unavoidable circumstances this summer I can't stay in my holiday cottage.,"{""c"":""Due to unavoidable circumstances, I won't be able to spend this summer at my vacation home.""}","Due to unavoidable circumstances, I won't be able to spend this summer at my vacation home.",False,1,0,True,True,False,True,,True,,True,"{""reason"":""detector_match"",""detected"":""en"",""confidence"":1.0}",True,[],[],True,,"{""errors"":[]}",True,[],True,1,0,True,True,False,100,100,2493,28,2521,0,0,1071.76,1338,8,1346,0,0,1125.91
b3b315cba584830e028c,1270,haiku-4-5,managed-prompt,tatoeba,jp,es,彼女のギャラリーに２点ほど出展するのよ。,Voy a exponer dos piezas en la galería de ella.,"{""c"":""Voy a exhibir un par de obras en la galería de mi novia.""}",Voy a exhibir un par de obras en la galería de mi novia.,False,1,0,True,True,False,True,,True,,True,"{""reason"":""detector_match"",""detected"":""es"",""confidence"":1.0}",True,[],"[{""code"":""number_not_exact"",""expected"":{""２"":1},""actual"":{}}]",True,,"{""errors"":[]}",True,[],True,1,0,True,True,False,97,97,2488,26,2514,0,0,1164.86,1330,8,1338,0,0,1192.22
851a75c45cdc1ac6271a,1271,haiku-4-5,managed-prompt,tatoeba,jp,es,謝らないで。,No os excuséis.,"{""c"":""No te disculpes.""}",No te disculpes.,False,1,0,True,True,False,True,,True,,True,"{""reason"":""detector_match"",""detected"":""es"",""confidence"":1.0}",True,[],[],True,,"{""errors"":[]}",True,[],True,1,0,True,True,False,100,100,2472,13,2485,0,0,944.74,1291,8,1299,0,0,1222.54
d660b7bf544dfeca431c,1272,haiku-4-5,managed-prompt,tatoeba,jp,es,姉ちゃんが僕のこと放っとかないんだよ。,Mi hermana mayor no me deja en paz.,"{""c"":""Mi hermana no me deja en paz.""}",Mi hermana no me deja en paz.,False,1,0,True,True,False,True,,True,,,"{""reason"":""detector_inconclusive"",""detected"":""es"",""confidence"":0.7143}",True,[],[],True,,"{""errors"":[{""category"":""accuracy"",""severity"":""minor""}]}",True,"[{""category"":""accuracy"",""severity"":""minor""}]",True,1,0,True,True,False,97,97,2489,17,2506,0,0,1032.61,1316,17,1333,0,0,1292.4
f33cb090a8c973d34801,1273,haiku-4-5,managed-prompt,tatoeba,jp,es,ちょうど今雪が降り始めた。,Justo acaba de empezar a nevar ahora.,"{""c"":""Acaba de empezar a nevar.""}",Acaba de empezar a nevar.,False,1,0,True,True,False,True,,True,,True,"{""reason"":""detector_match"",""detected"":""es"",""confidence"":1.0}",True,[],[],True,,"{""errors"":[]}",True,[],True,1,0,True,True,False,100,100,2480,18,2498,0,0,1122.73,1313,8,1321,0,0,1210.39
60849d717b4e18452c5b,1274,haiku-4-5,managed-prompt,tatoeba,jp,es,彼が正直だと信じる根拠は十分ある。,Hay suficiente base para creer que él es sincero.,"{""c"":""Hay suficientes razones para creer que él es honesto.""}",Hay suficientes razones para creer que él es honesto.,False,1,0,True,True,False,True,,True,,True,"{""reason"":""detector_match"",""detected"":""es"",""confidence"":1.0}",True,[],[],True,,"{""errors"":[]}",True,[],True,1,0,True,True,False,100,100,2485,23,2508,0,0,1048.27,1322,8,1330,0,0,1410.05
9e9b6351072ec50e7093,1275,haiku-4-5,managed-prompt,tatoeba,jp,es,そんなことは絶対に不可能です。,Es absolutamente imposible.,"{""c"":""Eso es absolutamente imposible.""}",Eso es absolutamente imposible.,False,1,0,True,True,False,True,,True,,True,"{""reason"":""detector_match"",""detected"":""es"",""confidence"":1.0}",True,[],[],True,,"{""errors"":[]}",True,[],True,1,0,True,True,False,100,100,2479,16,2495,0,0,933.6,1301,8,1309,0,0,1152.88
dd9db5cb41dcf3b3929a,1276,haiku-4-5,managed-prompt,tatoeba,jp,es,彼は昼食時に家にいないでしょう。,Él no va a estar en casa a la hora de almuerzo.,"{""c"":""Él no estará en casa durante la hora del almuerzo.""}",Él no estará en casa durante la hora del almuerzo.,False,1,0,True,True,False,True,,True,,True,"{""reason"":""detector_match"",""detected"":""es"",""confidence"":1.0}",True,[],[],True,,"{""errors"":[]}",True,[],True,1,0,True,True,False,100,100,2483,22,2505,0,0,974.37,1320,8,1328,0,0,1353.28
ec57fe6157391b392070,1277,haiku-4-5,managed-prompt,tatoeba,jp,es,昨日の朝はとても寒かった。,Hacía mucho frío ayer por la mañana.,"{""c"":""La mañana de ayer fue muy fría.""}",La mañana de ayer fue muy fría.,False,1,0,True,True,False,True,,True,,True,"{""reason"":""detector_match"",""detected"":""es"",""confidence"":1.0}",True,[],[],True,,"{""errors"":[]}",True,[],True,1,0,True,True,False,100,100,2480,19,2499,0,0,1013.3,1313,8,1321,0,0,1221.32
60fbd0a28d0440ea7f9d,1278,haiku-4-5,managed-prompt,tatoeba,jp,es,読書は語彙を増やすのに役に立つ。,La lectura es útil para incrementar el vocabulario.,"{""c"":""La lectura ayuda a aumentar el vocabulario.""}",La lectura ayuda a aumentar el vocabulario.,False,1,0,True,True,False,True,,True,,True,"{""reason"":""detector_match"",""detected"":""es"",""confidence"":1.0}",True,[],[],True,,"{""errors"":[]}",True,[],True,1,0,True,True,False,100,100,2484,19,2503,0,0,975.12,1315,8,1323,0,0,1214.46
746fade9c435d7ec8fbf,1279,haiku-4-5,managed-prompt,tatoeba,jp,es,これは私の机です。,Este es mi escritorio.,"{""c"":""Este es mi escritorio.""}",Este es mi escritorio.,False,1,0,True,True,False,True,,True,,True,"{""reason"":""detector_match"",""detected"":""es"",""confidence"":1.0}",True,[],[],True,,"{""errors"":[]}",True,[],True,1,0,True,True,False,100,100,2472,13,2485,0,0,930.29,1291,8,1299,0,0,1227.98
d657dc21d96b11af6498,1280,haiku-4-5,managed-prompt,tatoeba,jp,fr,クリスマスは特別な休日だ。,Noël est un jour férié à part.,"{""c"":""Noël est une fête spéciale.""}",Noël est une fête spéciale.,False,1,0,True,True,False,True,,True,,True,"{""reason"":""detector_match"",""detected"":""fr"",""confidence"":1.0}",True,[],[],True,,"{""errors"":[]}",True,[],True,1,0,True,True,False,100,100,2479,18,2497,0,0,1663.28,1308,8,1316,0,0,1341.32
2616684a90f382b51051,1281,haiku-4-5,managed-prompt,tatoeba,jp,fr,この事件の事はまるで昨日の事のようにはっきり覚えています。,Je me rappelle l'événement aussi clairement que s'il avait eu lieu hier.,"{""c"":""Je me souviens clairement de cet incident comme si c'était hier.""}",Je me souviens clairement de cet incident comme si c'était hier.,False,1,0,True,True,False,True,,True,,True,"{""reason"":""detector_match"",""detected"":""fr"",""confidence"":1.0}",True,[],[],True,,"{""errors"":[]}",True,[],True,1,0,True,True,False,100,100,2491,25,2516,0,0,1088.59,1337,8,1345,0,0,1151.04
ad9893e9dd92bc0f51e4,1282,haiku-4-5,managed-prompt,tatoeba,jp,fr,彼の診療所は、そのスキャンダル以来多くの患者を失った。,Sa clinique a perdu de nombreux patients depuis le scandale.,"{""c"":""Sa clinique a perdu beaucoup de patients depuis ce scandale.""}",Sa clinique a perdu beaucoup de patients depuis ce scandale.,False,1,0,True,True,False,True,,True,,True,"{""reason"":""detector_match"",""detected"":""fr"",""confidence"":1.0}",True,[],[],True,,"{""errors"":[]}",True,[],True,1,0,True,True,False,100,100,2493,23,2516,0,0,1151.53,1330,8,1338,0,0,1134.61
514a139e0832815cf667,1283,haiku-4-5,managed-prompt,tatoeba,jp,fr,１９４３年に日本は戦争をしていた。,En 1943 le Japon était en guerre.,"{""c"":""En 1943, le Japon était en guerre.""}","En 1943, le Japon était en guerre.",False,1,0,True,True,False,True,,True,,True,"{""reason"":""detector_match"",""detected"":""fr"",""confidence"":1.0}",True,[],"[{""code"":""number_not_exact"",""expected"":{""１９４３"":1},""actual"":{""1943"":1}}]",True,,"{""errors"":[]}",True,[],True,1,0,True,True,False,97,97,2482,20,2502,0,0,1037.2,1315,8,1323,0,0,1164.79
7485d4810506c8aa51ed,1284,haiku-4-5,managed-prompt,tatoeba,jp,fr,何ものにもまして私は健康になりたい。,Par dessus tout je veux être en bonne santé.,"{""c"":""Plus que tout, je veux être en bonne santé.""}","Plus que tout, je veux être en bonne santé.",False,1,0,True,True,False,True,,True,,True,"{""reason"":""detector_match"",""detected"":""fr"",""confidence"":1.0}",True,[],[],True,,"{""errors"":[]}",True,[],True,1,0,True,True,False,100,100,2482,21,2503,0,0,1123.35,1316,8,1324,0,0,1454.56
b5c3b49780485718f05f,1285,haiku-4-5,managed-prompt,tatoeba,jp,fr,私はたいてい歩いて学校へ行く。,"Généralement, je vais à pied à l'école.","{""c"":""Je vais généralement à l'école à pied.""}",Je vais généralement à l'école à pied.,False,1,0,True,True,False,True,,True,,True,"{""reason"":""detector_match"",""detected"":""fr"",""confidence"":1.0}",True,[],[],True,,"{""errors"":[]}",True,[],True,1,0,True,True,False,100,100,2483,20,2503,0,0,1021.83,1317,8,1325,0,0,1216.99
8f43906240daaaf65304,1286,haiku-4-5,managed-prompt,tatoeba,jp,fr,私の趣味はギターを弾くことです。,Mon loisir est de jouer de la guitare.,"{""c"":""Mon hobby est de jouer de la guitare.""}",Mon hobby est de jouer de la guitare.,False,1,0,True,True,False,True,,True,,True,"{""reason"":""detector_match"",""detected"":""fr"",""confidence"":1.0}",True,[],[],True,,"{""errors"":[]}",True,[],True,1,0,True,True,False,100,100,2481,18,2499,0,0,987.05,1311,8,1319,0,0,1257.76
ba6fc51afa7dbc199d02,1287,haiku-4-5,managed-prompt,tatoeba,jp,fr,最近のある調査によると喫煙者の数は減少しつつある。,Un récent sondage montre que le nombre de fumeurs diminue.,"{""c"":""Selon une enquête récente, le nombre de fumeurs tend à diminuer.""}","Selon une enquête récente, le nombre de fumeurs tend à diminuer.",False,1,0,True,True,False,True,,True,,True,"{""reason"":""detector_match"",""detected"":""fr"",""confidence"":1.0}",True,[],[],True,,"{""errors"":[]}",True,[],True,1,0,True,True,False,100,100,2489,25,2514,0,0,1101.91,1330,8,1338,0,0,1180.39
783bdb2428c79a77024d,1288,haiku-4-5,managed-prompt,tatoeba,jp,fr,彼はついにＩＢＭの社長になった。,Il est finalement devenu le président d'IBM.,"{""c"":""Il est finalement devenu président d'IBM.""}",Il est finalement devenu président d'IBM.,False,1,0,True,True,False,True,,True,,True,"{""reason"":""detector_match"",""detected"":""fr"",""confidence"":1.0}",True,[],[],True,,"{""errors"":[]}",True,[],True,1,0,True,True,False,100,100,2486,18,2504,0,0,1121.87,1315,8,1323,0,0,1224.48
3772da055a128f79ff1b,1289,haiku-4-5,managed-prompt,tatoeba,jp,fr,ストレスがたまってきたよ。,Je suis stressé.,"{""c"":""Je suis stressé en ce moment.""}",Je suis stressé en ce moment.,False,1,0,True,True,False,True,,True,,True,"{""reason"":""detector_match"",""detected"":""fr"",""confidence"":1.0}",True,[],[],True,,"{""errors"":[{""category"":""accuracy"",""severity"":""minor""}]}",True,"[{""category"":""accuracy"",""severity"":""minor""}]",True,1,0,True,True,False,97,97,2478,17,2495,0,0,1002.53,1302,17,1319,0,0,1388.39
7996a8925b69e2821272,1290,haiku-4-5,managed-prompt,tatoeba,jp,it,私の時計では４時です。,Per il mio orologio sono le 4.,"{""c"":""Sul mio orologio sono le 4.""}",Sul mio orologio sono le 4.,False,1,0,True,True,False,True,,True,,True,"{""reason"":""detector_match"",""detected"":""it"",""confidence"":1.0}",True,[],"[{""code"":""number_not_exact"",""expected"":{""４"":1},""actual"":{""4"":1}}]",True,,"{""errors"":[]}",True,[],True,1,0,True,True,False,97,97,2475,18,2493,0,0,1233.6,1304,8,1312,0,0,1160.86
9a383a038134564f44bd,1291,haiku-4-5,managed-prompt,tatoeba,jp,it,歯科医は歯を調べるためにレントゲンを利用する。,I dentisti utilizzano i raggi X per esaminare i vostri denti.,"{""c"":""Il dentista utilizza i raggi X per esaminare i denti.""}",Il dentista utilizza i raggi X per esaminare i denti.,False,1,0,True,True,False,True,,True,,True,"{""reason"":""detector_match"",""detected"":""it"",""confidence"":1.0}",True,[],[],True,,"{""errors"":[]}",True,[],True,1,0,True,True,False,100,100,2489,24,2513,0,0,1231.51,1332,8,1340,0,0,1232.55
d422493f5b7b24633689,1292,haiku-4-5,managed-prompt,tatoeba,jp,it,何のために彼女のお父さんは日本へ行ったの。,Per quale motivo suo padre è andato in Giappone?,"{""c"":""Perché il padre della sua ragazza è andato in Giappone.""}",Perché il padre della sua ragazza è andato in Giappone.,False,1,0,True,True,False,True,,True,,True,"{""reason"":""detector_match"",""detected"":""it"",""confidence"":1.0}",True,[],[],True,,"{""errors"":[{""category"":""accuracy"",""severity"":""major""}]}",False,"[{""category"":""accuracy"",""severity"":""major""}]",True,1,0,True,True,False,85,85,2487,25,2512,0,0,1070.73,1326,17,1343,0,0,1266.16
1d6524c60caa2c2ad375,1293,haiku-4-5,managed-prompt,tatoeba,jp,it,私の前に黄色い車がある。,Davanti a me c'è una macchina gialla.,"{""c"":""C'è un'auto gialla davanti a me.""}",C'è un'auto gialla davanti a me.,False,1,0,True,True,False,True,,True,,True,"{""reason"":""detector_match"",""detected"":""it"",""confidence"":1.0}",True,[],[],True,,"{""errors"":[]}",True,[],True,1,0,True,True,False,100,100,2478,20,2498,0,0,1292.09,1312,8,1320,0,0,1175.65
23c107eacaa767fb5a4b,1294,haiku-4-5,managed-prompt,tatoeba,jp,it,機会のあり次第彼にお話ししよう。,"Appena abbiamo un'opportunità, andiamo a parlargli.","{""c"":""Gliel'o dirò alla prima occasione.""}",Gliel'o dirò alla prima occasione.,False,1,0,True,True,False,True,,True,,True,"{""reason"":""detector_match"",""detected"":""it"",""confidence"":1.0}",True,[],[],True,,"{""errors"":[]}",True,[],True,1,0,True,True,False,100,100,2483,19,2502,0,0,1206.58,1320,8,1328,0,0,1580.05
e9a0f3ffee03906baa29,1295,haiku-4-5,managed-prompt,tatoeba,jp,it,彼女は収入がたくさんあるので毎年パリに行くことが出来る。,"Grazie al suo elevato reddito, ogni anno si può permettere un viaggio a Parigi.","{""c"":""La sua ragazza ha un reddito molto alto quindi può andare a Parigi ogni anno.""}",La sua ragazza ha un reddito molto alto quindi può andare a Parigi ogni anno.,False,1,0,True,True,False,True,,True,,True,"{""reason"":""detector_match"",""detected"":""it"",""confidence"":1.0}",True,[],[],True,,"{""errors"":[{""category"":""accuracy"",""severity"":""major""}]}",False,"[{""category"":""accuracy"",""severity"":""major""}]",True,1,0,True,True,False,85,85,2494,29,2523,0,0,1123.32,1347,17,1364,0,0,1350.95
28f70d6492a093ead609,1296,haiku-4-5,managed-prompt,tatoeba,jp,it,彼らは非常に興奮していた。,Erano molto emozionate.,"{""c"":""Erano molto eccitati.""}",Erano molto eccitati.,False,1,0,True,True,False,True,,True,,True,"{""reason"":""detector_match"",""detected"":""it"",""confidence"":1.0}",True,[],[],True,,"{""errors"":[]}",True,[],True,1,0,True,True,False,100,100,2479,14,2493,0,0,1078.75,1299,8,1307,0,0,1514.52
cd0f0bb4c7d7612ec392,1297,haiku-4-5,managed-prompt,tatoeba,jp,it,それは高過ぎる。,È troppo caro.,"{""c"":""È troppo caro.""}",È troppo caro.,False,1,0,True,True,False,True,,True,,True,"{""reason"":""detector_match"",""detected"":""it"",""confidence"":1.0}",True,[],[],True,,"{""errors"":[]}",True,[],True,1,0,True,True,False,100,100,2474,13,2487,0,0,1001.24,1293,8,1301,0,0,1520.1
be5264c5b77b933e93e9,1298,haiku-4-5,managed-prompt,tatoeba,jp,it,トムとは共通の話題がないから何話せばいいか分かんないんだよね。,Non ho argomenti in comune con Tom percui non so proprio di cosa parlare con lui.,"{""c"":""Non ho argomenti in comune con Tom, quindi non so di cosa parlare.""}","Non ho argomenti in comune con Tom, quindi non so di cosa parlare.",False,1,0,True,True,False,True,,True,,True,"{""reason"":""detector_match"",""detected"":""it"",""confidence"":1.0}",True,[],[],True,,"{""errors"":[]}",True,[],True,1,0,True,True,False,100,100,2493,25,2518,0,0,1172.07,1339,8,1347,0,0,1150.55
f9b16c659cb2b71f73fb,1299,haiku-4-5,managed-prompt,tatoeba,jp,it,彼は私の初恋の人です。,Lui è il mio primo amore.,"{""c"":""Lui è il mio primo amore.""}",Lui è il mio primo amore.,False,1,0,True,True,False,True,,True,,True,"{""reason"":""detector_match"",""detected"":""it"",""confidence"":1.0}",True,[],[],True,,"{""errors"":[]}",True,[],True,1,0,True,True,False,100,100,2478,17,2495,0,0,1185.61,1304,8,1312,0,0,1377.12
c3fc913a1eea00b16bbf,1300,haiku-4-5,managed-prompt,tatoeba,jp,nl,その絵を見なさい。,Bekijk de afbeelding.,"{""c"":""Kijk naar die tekening.""}",Kijk naar die tekening.,False,1,0,True,True,False,True,,True,,,"{""reason"":""detector_inconclusive"",""detected"":""af"",""confidence"":0.5714}",True,[],[],True,,"{""errors"":[]}",True,[],True,1,0,True,True,False,100,100,2474,15,2489,0,0,1155.45,1298,8,1306,0,0,1134.07
a25b90e8cd1266c72c13,1301,haiku-4-5,managed-prompt,tatoeba,jp,nl,このホテルは去年建てられた。,Dit hotel is vorig jaar gebouwd.,"{""c"":""Dit hotel is vorig jaar gebouwd.""}",Dit hotel is vorig jaar gebouwd.,False,1,0,True,True,False,True,,True,,,"{""reason"":""detector_mismatch_uncertain"",""detected"":""af"",""confidence"":1.0}",True,[],[],True,,"{""errors"":[]}",True,[],True,1,0,True,True,False,100,100,2477,16,2493,0,0,1031.9,1302,8,1310,0,0,1290.38
e18c2d86aa240837c50e,1302,haiku-4-5,managed-prompt,tatoeba,jp,nl,私はジョンです。,Ik ben John.,"{""c"":""Ik ben John.""}",Ik ben John.,False,1,0,True,True,False,True,,True,,,"{""reason"":""detector_mismatch_uncertain"",""detected"":""de"",""confidence"":1.0}",True,[],[],True,,"{""errors"":[]}",True,[],True,1,0,True,True,False,100,100,2473,13,2486,0,0,1010.22,1291,8,1299,0,0,1193.55
71316168a935bfe15154,1303,haiku-4-5,managed-prompt,tatoeba,jp,nl,あなたが彼女の結婚式について何も知らないとは不思議だ。,Het is raar dat jij niks van haar huwelijksceremonie afweet.,"{""c"":""Het is vreemd dat je niets weet over de bruiloft van je vriendin.""}",Het is vreemd dat je niets weet over de bruiloft van je vriendin.,False,1,0,True,True,False,True,,True,,True,"{""reason"":""detector_match"",""detected"":""nl"",""confidence"":1.0}",True,[],[],True,,"{""errors"":[{""category"":""accuracy"",""severity"":""major""}]}",False,"[{""category"":""accuracy"",""severity"":""major""}]",True,1,0,True,True,False,85,85,2491,29,2520,0,0,1284.93,1342,17,1359,0,0,1474.31
bc64b5f1286126f0593c,1304,haiku-4-5,managed-prompt,tatoeba,jp,nl,この地図がとても役に立つことが分かるでしょう。,U zult merken dat deze kaart erg handig is.,"{""c"":""Je zult merken dat deze kaart erg nuttig is.""}",Je zult merken dat deze kaart erg nuttig is.,False,1,0,True,True,False,True,,True,,True,"{""reason"":""detector_match"",""detected"":""nl"",""confidence"":1.0}",True,[],[],True,,"{""errors"":[{""category"":""tone"",""severity"":""minor""}]}",True,"[{""category"":""tone"",""severity"":""minor""}]",True,1,0,True,True,False,97,97,2485,22,2507,0,0,1184.22,1322,17,1339,0,0,1129.23
7afcda17c9dad5b371a7,1305,haiku-4-5,managed-prompt,tatoeba,jp,nl,ベティはダンスの先生である。,Betty is danslerares.,"{""c"":""Betty is een danserares.""}",Betty is een danserares.,False,1,0,True,True,False,True,,True,,True,"{""reason"":""detector_match"",""detected"":""nl"",""confidence"":1.0}",True,[],[],True,,"{""errors"":[{""category"":""accuracy"",""severity"":""major""}]}",False,"[{""category"":""accuracy"",""severity"":""major""}]",True,1,0,True,True,False,85,85,2477,14,2491,0,0,1052.22,1298,17,1315,0,0,1283.84
7bca9326cb49a354d398,1306,haiku-4-5,managed-prompt,tatoeba,jp,nl,別の実例を教えてください。,Geef me een ander voorbeeld alsjeblieft.,"{""c"":""Kunt u mij een ander voorbeeld geven?""}",Kunt u mij een ander voorbeeld geven?,False,1,0,True,True,False,True,,True,,True,"{""reason"":""detector_match"",""detected"":""nl"",""confidence"":1.0}",True,[],[],True,,"{""errors"":[]}",True,[],True,1,0,True,True,False,100,100,2476,21,2497,0,0,1097.38,1312,8,1320,0,0,1262.97
0d4e4b4978c8f03788f5,1307,haiku-4-5,managed-prompt,tatoeba,jp,nl,私たちの知る限りでは、地球は海を持っている唯一の惑星である。,"Zover wij weten, is de aarde de enige planeet met oceanen.","{""c"":""Voor zover wij weten, is de aarde de enige planeet met oceanen.""}","Voor zover wij weten, is de aarde de enige planeet met oceanen.",False,1,0,True,True,False,True,,True,,True,"{""reason"":""detector_match"",""detected"":""nl"",""confidence"":1.0}",True,[],[],True,,"{""errors"":[]}",True,[],True,1,0,True,True,False,100,100,2494,28,2522,0,0,1284.8,1342,8,1350,0,0,1100.41
f270d2850cb85f0aa5ec,1308,haiku-4-5,managed-prompt,tatoeba,jp,nl,夜遅くまで起きていては駄目だよ。,"Het is niet goed als je zo laat in de avond opblijft, joh.","{""c"":""Je mag niet te laat opblijven.""}",Je mag niet te laat opblijven.,False,1,0,True,True,False,True,,True,,True,"{""reason"":""detector_match"",""detected"":""nl"",""confidence"":1.0}",True,[],[],True,,"{""errors"":[]}",True,[],True,1,0,True,True,False,100,100,2484,18,2502,0,0,1239.66,1323,8,1331,0,0,1197.72
4edb107062a81ce3d5c9,1309,haiku-4-5,managed-prompt,tatoeba,jp,nl,彼にはそれはすることができない。,Hij kan dat niet aan.,"{""c"":""Hij kan dat niet doen.""}",Hij kan dat niet doen.,False,1,0,True,True,False,True,,True,,True,"{""reason"":""detector_match"",""detected"":""nl"",""confidence"":1.0}",True,[],[],True,,"{""errors"":[]}",True,[],True,1,0,True,True,False,100,100,2478,14,2492,0,0,1012.38,1297,8,1305,0,0,1255.28
4f9648fa3bc30e1d1dfc,1310,haiku-4-5,managed-prompt,tatoeba,jp,nb,いいかげんにして。,Skjerp deg!,"{""c"":""Slutt nå.""}",Slutt nå.,False,1,0,True,True,False,True,,True,,,"{""reason"":""too_short_for_language_detection"",""detected"":null,""confidence"":null}",True,[],[],True,,"{""errors"":[]}",True,[],True,1,0,True,True,False,100,100,2473,13,2486,0,0,1115.3,1292,8,1300,0,0,1340.0
94c55e4bacacbea00a72,1311,haiku-4-5,managed-prompt,tatoeba,jp,nb,この規則はあなたにも当てはまる。,Denne regelen gjelder deg også.,"{""c"":""Disse reglene gjelder også for deg.""}",Disse reglene gjelder også for deg.,False,1,0,True,True,False,True,,True,,True,"{""reason"":""detector_match"",""detected"":""no"",""confidence"":1.0}",True,[],[],True,,"{""errors"":[]}",True,[],True,1,0,True,True,False,100,100,2480,19,2499,0,0,1166.49,1309,8,1317,0,0,1163.85
bd3799b960a515161635,1312,haiku-4-5,managed-prompt,tatoeba,jp,nb,私は最高だ。,Jeg er best.,"{""c"":""Jeg er best.""}",Jeg er best.,False,1,0,True,True,False,True,,True,,,"{""reason"":""detector_inconclusive"",""detected"":""da"",""confidence"":0.5713}",True,[],[],True,,"{""errors"":[]}",True,[],True,1,0,True,True,False,100,100,2473,12,2485,0,0,1661.42,1289,8,1297,0,0,1212.6
b27d4516f75552f14e8f,1313,haiku-4-5,managed-prompt,tatoeba,jp,nb,買い物に行かなければならない。一時間で戻るよ。,Jeg må gå og handle. Jeg er tilbake innen en time.,"{""c"":""Jeg må gå på butikken. Jeg er tilbake om en time.""}",Jeg må gå på butikken. Jeg er tilbake om en time.,False,1,0,True,True,False,True,,True,,True,"{""reason"":""detector_match"",""detected"":""no"",""confidence"":1.0}",True,[],[],True,,"{""errors"":[]}",True,[],True,1,0,True,True,False,100,100,2487,27,2514,0,0,1553.64,1332,8,1340,0,0,1221.04
19208ad2de7f09913195,1314,haiku-4-5,managed-prompt,tatoeba,jp,nb,私たちは朝食にパンケーキを作った。,Vi laget pannekaker til frokost.,"{""c"":""Vi laget pannekaker til frokost.""}",Vi laget pannekaker til frokost.,False,1,0,True,True,False,True,,True,,True,"{""reason"":""detector_match"",""detected"":""no"",""confidence"":1.0}",True,[],[],True,,"{""errors"":[]}",True,[],True,1,0,True,True,False,100,100,2483,18,2501,0,0,1315.5,1311,8,1319,0,0,1245.8
a72d52443dd00b048c66,1315,haiku-4-5,managed-prompt,tatoeba,jp,nb,もう一杯お茶をいただきませんか。,Vil du ha en kopp te til?,"{""c"":""Vil du ha en til kopp te?""}",Vil du ha en til kopp te?,False,1,0,True,True,False,True,,True,,True,"{""reason"":""detector_match"",""detected"":""no"",""confidence"":1.0}",True,[],[],True,,"{""errors"":[]}",True,[],True,1,0,True,True,False,100,100,2481,17,2498,0,0,1157.27,1309,8,1317,0,0,1246.83
63722b4bf6c3ffd8536b,1316,haiku-4-5,managed-prompt,tatoeba,jp,nb,急いで！,Fort deg!,"{""c"":""Skynd deg!""}",Skynd deg!,False,1,0,True,True,False,True,,True,,,"{""reason"":""detector_inconclusive"",""detected"":""da"",""confidence"":0.8571}",True,[],[],True,,"{""errors"":[]}",True,[],True,1,0,True,True,False,100,100,2470,12,2482,0,0,1108.09,1284,8,1292,0,0,1376.81
6af305926d947a83cc50,1317,haiku-4-5,managed-prompt,tatoeba,jp,nb,その翻訳は原文に極めて忠実である。,Oversettelsen er meget tro mot originalen.,"{""c"":""Denne oversettelsen er ekstremt tro mot originalteksten.""}",Denne oversettelsen er ekstremt tro mot originalteksten.,False,1,0,True,True,False,True,,True,,True,"{""reason"":""detector_match"",""detected"":""no"",""confidence"":1.0}",True,[],[],True,,"{""errors"":[]}",True,[],True,1,0,True,True,False,100,100,2482,24,2506,0,0,1189.04,1318,8,1326,0,0,1163.06
3ff8388709358122b8d5,1318,haiku-4-5,managed-prompt,tatoeba,jp,nb,日本人は集団で旅行するのが好きだ。,Japanere liker å reise i gruppe.,"{""c"":""Japanere liker å reise i grupper.""}",Japanere liker å reise i grupper.,False,1,0,True,True,False,True,,True,,True,"{""reason"":""detector_match"",""detected"":""no"",""confidence"":1.0}",True,[],[],True,,"{""errors"":[]}",True,[],True,1,0,True,True,False,100,100,2484,20,2504,0,0,1110.24,1315,8,1323,0,0,1212.01
4d0cebf3e88e379061ba,1319,haiku-4-5,managed-prompt,tatoeba,jp,nb,もし何か起こったら、すぐに電話をください。,"Ring meg med en gang, hvis noe skjer.","{""c"":""Hvis noe skulle skje, ring meg umiddelbart.""}","Hvis noe skulle skje, ring meg umiddelbart.",False,1,0,True,True,False,True,,True,,True,"{""reason"":""detector_match"",""detected"":""no"",""confidence"":1.0}",True,[],[],True,,"{""errors"":[]}",True,[],True,1,0,True,True,False,100,100,2483,22,2505,0,0,1320.08,1317,8,1325,0,0,1963.58
ac4ac6a909834deb1125,1320,haiku-4-5,managed-prompt,tatoeba,nl,da,Stop!,Stop!,"{""c"":""Stop!""}",Stop!,False,1,0,True,True,False,True,,True,,,"{""reason"":""too_short_for_language_detection"",""detected"":null,""confidence"":null}",True,[],[],True,,"{""errors"":[]}",True,[],True,1,0,True,True,False,100,100,2466,9,2475,0,0,993.27,1277,8,1285,0,0,2263.58
afec72c40adb60e0da3b,1321,haiku-4-5,managed-prompt,tatoeba,nl,da,Hij laat altijd het venster open als hij slaapt.,"Han lader altid vinduet være åbent, når han sover.","{""c"":""Han lader altid vinduet stå åbent, når han sover.""}","Han lader altid vinduet stå åbent, når han sover.",False,1,0,True,True,False,True,,True,,True,"{""reason"":""detector_match"",""detected"":""da"",""confidence"":0.858}",True,[],[],True,,"{""errors"":[]}",True,[],True,1,0,True,True,False,100,100,2479,26,2505,0,0,1468.9,1323,8,1331,0,0,1297.47
c2945ff2d610000f0554,1322,haiku-4-5,managed-prompt,tatoeba,nl,da,Ze respecteren hem.,De respekterer ham.,"{""c"":""De respekterer ham.""}",De respekterer ham.,False,1,0,True,True,False,True,,True,,,"{""reason"":""detector_mismatch_uncertain"",""detected"":""no"",""confidence"":1.0}",True,[],[],True,,"{""errors"":[]}",True,[],True,1,0,True,True,False,100,100,2469,13,2482,0,0,1076.54,1288,8,1296,0,0,1170.7
3f7ae4c0a4cc3694c537,1323,haiku-4-5,managed-prompt,tatoeba,nl,da,Tom neemt zijn baan niet erg serieus.,Tom tager ikke sit arbejde ret alvorligt.,"{""c"":""Tom tager sit job ikke særlig seriøst.""}",Tom tager sit job ikke særlig seriøst.,False,1,0,True,True,False,True,,True,,True,"{""reason"":""detector_match"",""detected"":""da"",""confidence"":1.0}",True,[],[],True,,"{""errors"":[]}",True,[],True,1,0,True,True,False,100,100,2477,20,2497,0,0,1145.77,1309,8,1317,0,0,1267.3
7fb4ff63911028a901fb,1324,haiku-4-5,managed-prompt,tatoeba,nl,da,Ze rookt twintig sigaretten per dag.,Hun ryger 20 cigaretter om dagen.,"{""c"":""Hun ryger tyve cigaretter om dagen.""}",Hun ryger tyve cigaretter om dagen.,False,1,0,True,True,False,True,,True,,,"{""reason"":""detector_inconclusive"",""detected"":""da"",""confidence"":0.7143}",True,[],[],True,,"{""errors"":[]}",True,[],True,1,0,True,True,False,100,100,2476,18,2494,0,0,1231.8,1306,8,1314,0,0,1542.74
b53bdb9241de61f54d43,1325,haiku-4-5,managed-prompt,tatoeba,nl,da,Waar is de dichtstbijzijnde bank?,Hvor er nærmeste bank?,"{""c"":""Hvor er den nærmeste bank?""}",Hvor er den nærmeste bank?,False,1,0,True,True,False,True,,True,,True,"{""reason"":""detector_match"",""detected"":""da"",""confidence"":1.0}",True,[],[],True,,"{""errors"":[]}",True,[],True,1,0,True,True,False,100,100,2477,16,2493,0,0,1079.11,1303,8,1311,0,0,1453.44
9fec893d9e4247b42929,1326,haiku-4-5,managed-prompt,tatoeba,nl,da,Ik schrijf graag gedichten.,Jeg kan godt lide at skrive digte.,"{""c"":""Jeg skriver gerne digte.""}",Jeg skriver gerne digte.,False,1,0,True,True,False,True,,True,,True,"{""reason"":""detector_match"",""detected"":""da"",""confidence"":0.8571}",True,[],[],True,,"{""errors"":[]}",True,[],True,1,0,True,True,False,100,100,2474,16,2490,0,0,1104.06,1303,8,1311,0,0,1235.5
8039d2f37dd765635bcb,1327,haiku-4-5,managed-prompt,tatoeba,nl,da,Ik heb hoofdpijn.,Jeg har hovedpine.,"{""c"":""Jeg har hovedpine.""}",Jeg har hovedpine.,False,1,0,True,True,False,True,,True,,,"{""reason"":""detector_mismatch_uncertain"",""detected"":""no"",""confidence"":1.0}",True,[],[],True,,"{""errors"":[]}",True,[],True,1,0,True,True,False,100,100,2473,14,2487,0,0,960.51,1294,8,1302,0,0,1297.42
de0a9875bf317c6c9083,1328,haiku-4-5,managed-prompt,tatoeba,nl,da,Hoe gaat het met je vrouw?,Hvordan har din kone det?,"{""c"":""Hvordan går det med din kone?""}",Hvordan går det med din kone?,False,1,0,True,True,False,True,,True,,True,"{""reason"":""detector_match"",""detected"":""da"",""confidence"":0.9999}",True,[],[],True,,"{""errors"":[]}",True,[],True,1,0,True,True,False,100,100,2475,17,2492,0,0,1149.94,1303,8,1311,0,0,1207.44
ed67913d296cd6f117d6,1329,haiku-4-5,managed-prompt,tatoeba,nl,da,Hij beloofde me om vroeg te komen.,Han lovede mig at komme tidligt.,"{""c"":""Han lovede mig at komme tidligt.""}",Han lovede mig at komme tidligt.,False,1,0,True,True,False,True,,True,,True,"{""reason"":""detector_match"",""detected"":""da"",""confidence"":1.0}",True,[],[],True,,"{""errors"":[]}",True,[],True,1,0,True,True,False,100,100,2476,18,2494,0,0,1194.33,1305,8,1313,0,0,1409.61
48364b89347f76909d29,1330,haiku-4-5,managed-prompt,tatoeba,nl,de,Tom opende een blik tonijn.,Tom öffnete eine Thunfischdose.,"{""c"":""Tom öffnete eine Dose Thunfisch.""}",Tom öffnete eine Dose Thunfisch.,False,1,0,True,True,False,True,,True,,True,"{""reason"":""detector_match"",""detected"":""de"",""confidence"":1.0}",True,[],[],True,,"{""errors"":[]}",True,[],True,1,0,True,True,False,100,100,2473,21,2494,0,0,1095.91,1308,8,1316,0,0,1225.6
3b19f6d9ae9bc123688a,1331,haiku-4-5,managed-prompt,tatoeba,nl,de,David is erg aantrekkelijk.,David ist sehr attraktiv.,"{""c"":""David ist sehr attraktiv.""}",David ist sehr attraktiv.,False,1,0,True,True,False,True,,True,,,"{""reason"":""detector_mismatch_uncertain"",""detected"":""sv"",""confidence"":1.0}",True,[],[],True,,"{""errors"":[]}",True,[],True,1,0,True,True,False,100,100,2474,14,2488,0,0,1165.18,1295,8,1303,0,0,1214.22
e8056ee9ed7a7989a298,1332,haiku-4-5,managed-prompt,tatoeba,nl,de,Dat gebeurt wel eens.,Das passiert schon mal.,"{""c"":""Das passiert manchmal.""}",Das passiert manchmal.,False,1,0,True,True,False,True,,True,,,"{""reason"":""detector_inconclusive"",""detected"":""de"",""confidence"":0.4286}",True,[],[],True,,"{""errors"":[]}",True,[],True,1,0,True,True,False,100,100,2472,13,2485,0,0,1104.43,1292,8,1300,0,0,1295.78
5d8841e26d69b9041f32,1333,haiku-4-5,managed-prompt,tatoeba,nl,de,Een longontsteking veroorzaakt ademhalingsproblemen.,Eine Lungenentzündung verursacht Atembeschwerden.,"{""c"":""Eine Lungenentzündung verursacht Atemprobleme.""}",Eine Lungenentzündung verursacht Atemprobleme.,False,1,0,True,True,False,True,,True,,True,"{""reason"":""detector_match"",""detected"":""de"",""confidence"":1.0}",True,[],[],True,,"{""errors"":[]}",True,[],True,1,0,True,True,False,100,100,2480,24,2504,0,0,1017.75,1321,8,1329,0,0,1087.81
929dd190cfad6edfb176,1334,haiku-4-5,managed-prompt,tatoeba,nl,de,Ik was jong en onschuldig.,Ich war jung und unschuldig.,"{""c"":""Ich war jung und unschuldig.""}",Ich war jung und unschuldig.,False,1,0,True,True,False,True,,True,,True,"{""reason"":""detector_match"",""detected"":""de"",""confidence"":1.0}",True,[],[],True,,"{""errors"":[]}",True,[],True,1,0,True,True,False,100,100,2475,17,2492,0,0,1030.0,1302,8,1310,0,0,1172.58
9c761639064f4a3313d0,1335,haiku-4-5,managed-prompt,tatoeba,nl,de,Ik was mijn haar bijna elke dag.,Ich wasche mir fast täglich die Haare.,"{""c"":""Ich wasche mein Haar fast jeden Tag.""}",Ich wasche mein Haar fast jeden Tag.,False,1,0,True,True,False,True,,True,,,"{""reason"":""detector_inconclusive"",""detected"":""de"",""confidence"":0.7143}",True,[],[],True,,"{""errors"":[]}",True,[],True,1,0,True,True,False,100,100,2477,19,2496,0,0,1008.14,1309,8,1317,0,0,1230.37
3338071a0e8738b9adba,1336,haiku-4-5,managed-prompt,tatoeba,nl,de,De koning had last van zwaarmoedigheid en verveling.,Der König neigte zu Schwermut und Langerweile.,"{""c"":""Der König litt unter Schwermut und Langeweile.""}",Der König litt unter Schwermut und Langeweile.,False,1,0,True,True,False,True,,True,,True,"{""reason"":""detector_match"",""detected"":""de"",""confidence"":1.0}",True,[],[],True,,"{""errors"":[]}",True,[],True,1,0,True,True,False,100,100,2478,23,2501,0,0,1145.1,1318,8,1326,0,0,1204.47
90216d3e77bce3867658,1337,haiku-4-5,managed-prompt,tatoeba,nl,de,De Finnen drinken veel koffie.,Die Finnen trinken viel Kaffee.,"{""c"":""Die Finnen trinken viel Kaffee.""}",Die Finnen trinken viel Kaffee.,False,1,0,True,True,False,True,,True,,,"{""reason"":""detector_mismatch_uncertain"",""detected"":""af"",""confidence"":1.0}",True,[],[],True,,"{""errors"":[]}",True,[],True,1,0,True,True,False,100,100,2476,20,2496,0,0,961.0,1309,8,1317,0,0,1323.34
05a9693844e2be5086b4,1338,haiku-4-5,managed-prompt,tatoeba,nl,de,Het heeft weinig waarde.,Es hat nur geringen Wert.,"{""c"":""Es hat wenig Wert.""}",Es hat wenig Wert.,False,1,0,True,True,False,True,,True,,True,"{""reason"":""detector_match"",""detected"":""de"",""confidence"":1.0}",True,[],[],True,,"{""errors"":[]}",True,[],True,1,0,True,True,False,100,100,2471,15,2486,0,0,1141.05,1295,8,1303,0,0,2586.3
dbf6b82ec655cc274ac2,1339,haiku-4-5,managed-prompt,tatoeba,nl,de,Roemenië is een Balkanland. Zijn hoofdstad is Boekarest.,Rumänien ist ein Balkanstaat. Seine Hauptstadt ist Bukarest.,"{""c"":""Rumänien ist ein Balkanland. Seine Hauptstadt ist Bukarest.""}",Rumänien ist ein Balkanland. Seine Hauptstadt ist Bukarest.,False,1,0,True,True,False,True,,True,,True,"{""reason"":""detector_match"",""detected"":""de"",""confidence"":1.0}",True,[],[],True,,"{""errors"":[]}",True,[],True,1,0,True,True,False,100,100,2485,27,2512,0,0,1338.3,1333,8,1341,0,0,1340.43
3ea938292ff96b8d963a,1340,haiku-4-5,managed-prompt,tatoeba,nl,en,Tom sterft.,Tom is dying.,"{""c"":""Tom dies.""}",Tom dies.,False,1,0,True,True,False,True,,True,,,"{""reason"":""too_short_for_language_detection"",""detected"":null,""confidence"":null}",True,[],[],True,,"{""errors"":[]}",True,[],True,1,0,True,True,False,100,100,2468,10,2478,0,0,1175.17,1282,8,1290,0,0,1202.76
3c388b0b49259bbf5b59,1341,haiku-4-5,managed-prompt,tatoeba,nl,en,Maria bijt op haar nagels.,Mary bites her nails.,"{""c"":""Maria bites her nails.""}",Maria bites her nails.,False,1,0,True,True,False,True,,True,,True,"{""reason"":""detector_match"",""detected"":""en"",""confidence"":0.8571}",True,[],[],True,,"{""errors"":[]}",True,[],True,1,0,True,True,False,100,100,2472,14,2486,0,0,1253.93,1293,8,1301,0,0,1156.96
de0afd574a268057caec,1342,haiku-4-5,managed-prompt,tatoeba,nl,en,Hij is allergisch voor katten.,He's allergic to cats.,"{""c"":""He is allergic to cats.""}",He is allergic to cats.,False,1,0,True,True,False,True,,True,,True,"{""reason"":""detector_match"",""detected"":""en"",""confidence"":1.0}",True,[],[],True,,"{""errors"":[]}",True,[],True,1,0,True,True,False,100,100,2472,14,2486,0,0,1263.92,1293,8,1301,0,0,1245.66
75eb7651bf1817edd4eb,1343,haiku-4-5,managed-prompt,tatoeba,nl,en,Hij kan niet erg snel rennen.,He can't run very fast.,"{""c"":""He can't run very fast.""}",He can't run very fast.,False,1,0,True,True,False,True,,True,,True,"{""reason"":""detector_match"",""detected"":""en"",""confidence"":1.0}",True,[],[],True,,"{""errors"":[]}",True,[],True,1,0,True,True,False,100,100,2474,14,2488,0,0,1262.76,1295,8,1303,0,0,1194.71
ba9dfccbb72e4ade6c08,1344,haiku-4-5,managed-prompt,tatoeba,nl,en,Stop Tom.,Stop Tom.,"{""c"":""Stop Tom.""}",Stop Tom.,False,1,0,True,True,False,True,,True,,,"{""reason"":""too_short_for_language_detection"",""detected"":null,""confidence"":null}",True,[],[],True,,"{""errors"":[]}",True,[],True,1,0,True,True,False,100,100,2467,10,2477,0,0,1164.86,1280,8,1288,0,0,1218.47
1cbc60f67297ae858049,1345,haiku-4-5,managed-prompt,tatoeba,nl,en,Hoeveel is 300 euro in Canadese dollars?,How much is 300 euros in Canadian dollars?,"{""c"":""How much is 300 euros in Canadian dollars?""}",How much is 300 euros in Canadian dollars?,False,1,0,True,True,False,True,,True,,True,"{""reason"":""detector_match"",""detected"":""en"",""confidence"":1.0}",True,[],[],True,,"{""errors"":[]}",True,[],True,1,0,True,True,False,100,100,2479,18,2497,0,0,1341.6,1310,8,1318,0,0,1106.82
a9a34d7321a3aa628a4e,1346,haiku-4-5,managed-prompt,tatoeba,nl,en,Tom kan het niet uitstaan onderbroken te worden.,Tom can't stand being interrupted.,"{""c"":""Tom can't stand being interrupted.""}",Tom can't stand being interrupted.,False,1,0,True,True,False,True,,True,,True,"{""reason"":""detector_match"",""detected"":""en"",""confidence"":1.0}",True,[],[],True,,"{""errors"":[]}",True,[],True,1,0,True,True,False,100,100,2477,14,2491,0,0,1277.75,1298,8,1306,0,0,1203.52
bff0c3c61dc429310d62,1347,haiku-4-5,managed-prompt,tatoeba,nl,en,Ik wil niet blijven aandringen.,I don't want to continue pressing the issue.,"{""c"":""I don't want to keep insisting.""}",I don't want to keep insisting.,False,1,0,True,True,False,True,,True,,,"{""reason"":""detector_mismatch_uncertain"",""detected"":""af"",""confidence"":1.0}",True,[],[],True,,"{""errors"":[]}",True,[],True,1,0,True,True,False,100,100,2476,16,2492,0,0,1855.75,1302,8,1310,0,0,1149.03
55a971ed5574991e8355,1348,haiku-4-5,managed-prompt,tatoeba,nl,en,Volgens de bijbel schiep God de wereld in zes dagen.,"According to the Bible, God created the world in six days.","{""c"":""According to the Bible, God created the world in six days.""}","According to the Bible, God created the world in six days.",False,1,0,True,True,False,True,,True,,True,"{""reason"":""detector_match"",""detected"":""en"",""confidence"":1.0}",True,[],[],True,,"{""errors"":[]}",True,[],True,1,0,True,True,False,100,100,2482,20,2502,0,0,1056.1,1315,8,1323,0,0,3031.87
d167d973d25578983215,1349,haiku-4-5,managed-prompt,tatoeba,nl,en,Ik zal op kerstdag aankomen.,I'll arrive on Christmas Day.,"{""c"":""I will arrive on Christmas Day.""}",I will arrive on Christmas Day.,False,1,0,True,True,False,True,,True,,True,"{""reason"":""detector_match"",""detected"":""en"",""confidence"":1.0}",True,[],[],True,,"{""errors"":[]}",True,[],True,1,0,True,True,False,100,100,2477,14,2491,0,0,1079.04,1298,8,1306,0,0,1179.34
4296878b034da39e1011,1350,haiku-4-5,managed-prompt,tatoeba,nl,es,Wanneer te beginnen is het grootste probleem.,El problema más grande es cuándo comenzar.,"{""c"":""Cuándo empezar es el mayor problema.""}",Cuándo empezar es el mayor problema.,False,1,0,True,True,False,True,,True,,True,"{""reason"":""detector_match"",""detected"":""es"",""confidence"":1.0}",True,[],[],True,,"{""errors"":[]}",True,[],True,1,0,True,True,False,100,100,2476,19,2495,0,0,1171.68,1306,8,1314,0,0,1470.16
22024194c7bcaf7765ec,1351,haiku-4-5,managed-prompt,tatoeba,nl,es,Ik groeide op in Boston.,Yo crecí en Boston.,"{""c"":""Crecí en Boston.""}",Crecí en Boston.,False,1,0,True,True,False,True,,True,,True,"{""reason"":""detector_match"",""detected"":""es"",""confidence"":1.0}",True,[],[],True,,"{""errors"":[]}",True,[],True,1,0,True,True,False,100,100,2474,14,2488,0,0,1071.39,1296,8,1304,0,0,1158.63
0b69e15fa48f7892394e,1352,haiku-4-5,managed-prompt,tatoeba,nl,es,Ik heb een grote familie.,Tengo una familia numerosa.,"{""c"":""Tengo una familia grande.""}",Tengo una familia grande.,False,1,0,True,True,False,True,,True,,True,"{""reason"":""detector_match"",""detected"":""es"",""confidence"":1.0}",True,[],[],True,,"{""errors"":[]}",True,[],True,1,0,True,True,False,100,100,2473,14,2487,0,0,1031.35,1295,8,1303,0,0,1136.62
ad5b24e9b6f8bd5fa1e9,1353,haiku-4-5,managed-prompt,tatoeba,nl,es,Hij kan Frans onderwijzen.,Es capaz de enseñar francés.,"{""c"":""Él puede enseñar francés.""}",Él puede enseñar francés.,False,1,0,True,True,False,True,,True,,True,"{""reason"":""detector_match"",""detected"":""es"",""confidence"":1.0}",True,[],[],True,,"{""errors"":[]}",True,[],True,1,0,True,True,False,100,100,2471,17,2488,0,0,1352.53,1299,8,1307,0,0,1295.26
43fefe006ec167a30ed2,1354,haiku-4-5,managed-prompt,tatoeba,nl,es,Waarom doe je je jas niet uit?,¿Por qué no te quitas el abrigo?,"{""c"":""¿Por qué no te quitas la chaqueta?""}",¿Por qué no te quitas la chaqueta?,False,1,0,True,True,False,True,,True,,,"{""reason"":""detector_mismatch_uncertain"",""detected"":""pt"",""confidence"":1.0}",True,[],[],True,,"{""errors"":[]}",True,[],True,1,0,True,True,False,100,100,2475,21,2496,0,0,1254.23,1312,8,1320,0,0,1165.29
8436ebb00297c0559dc0,1355,haiku-4-5,managed-prompt,tatoeba,nl,es,Ze geloven dat Jane eerlijk is.,Creen que Jane es sincera.,"{""c"":""Creen que Jane es honesta.""}",Creen que Jane es honesta.,False,1,0,True,True,False,True,,True,,,"{""reason"":""detector_inconclusive"",""detected"":""fr"",""confidence"":0.857}",True,[],[],True,,"{""errors"":[]}",True,[],True,1,0,True,True,False,100,100,2473,16,2489,0,0,1096.06,1298,8,1306,0,0,1254.27
7814bcd394ace5e571e5,1356,haiku-4-5,managed-prompt,tatoeba,nl,es,Mijn zus houdt van meloenen en ik ook.,"A mi hermana le gustan los melones, y a mí también.","{""c"":""Mi hermana ama los melones y yo también.""}",Mi hermana ama los melones y yo también.,False,1,0,True,True,False,True,,True,,True,"{""reason"":""detector_match"",""detected"":""es"",""confidence"":1.0}",True,[],[],True,,"{""errors"":[]}",True,[],True,1,0,True,True,False,100,100,2480,19,2499,0,0,1181.33,1316,8,1324,0,0,1273.46
a87516c98b9f44451760,1357,haiku-4-5,managed-prompt,tatoeba,nl,es,Hij heeft een week vrij genomen.,Se tomó una semana libre.,"{""c"":""Tomó una semana libre.""}",Tomó una semana libre.,False,1,0,True,True,False,True,,True,,,"{""reason"":""detector_inconclusive"",""detected"":""es"",""confidence"":0.7096}",True,[],[],True,,"{""errors"":[]}",True,[],True,1,0,True,True,False,100,100,2473,15,2488,0,0,1055.42,1296,8,1304,0,0,1225.66
ae2aaa37b13a8d925526,1358,haiku-4-5,managed-prompt,tatoeba,nl,es,Haar enige wens was haar enige zoon een laatste keer terug te zien.,Su único deseo era volver a ver a su hijo por última vez.,"{""c"":""Su único deseo era ver a su único hijo una última vez.""}",Su único deseo era ver a su único hijo una última vez.,False,1,0,True,True,False,True,,True,,True,"{""reason"":""detector_match"",""detected"":""es"",""confidence"":1.0}",True,[],[],True,,"{""errors"":[]}",True,[],True,1,0,True,True,False,100,100,2485,21,2506,0,0,1087.82,1322,8,1330,0,0,1162.64
58d843b79aff45899081,1359,haiku-4-5,managed-prompt,tatoeba,nl,es,Er blijft nog veel te doen.,Hay mucho que hacer.,"{""c"":""Todavía hay mucho por hacer.""}",Todavía hay mucho por hacer.,False,1,0,True,True,False,True,,True,,True,"{""reason"":""detector_match"",""detected"":""es"",""confidence"":1.0}",True,[],[],True,,"{""errors"":[]}",True,[],True,1,0,True,True,False,100,100,2473,17,2490,0,0,1281.86,1297,8,1305,0,0,1251.46
bec40079bc464bcd1ac3,1360,haiku-4-5,managed-prompt,tatoeba,nl,fr,Ik heb een raar geluid gehoord.,J'ai entendu un bruit étrange.,"{""c"":""J'ai entendu un bruit étrange.""}",J'ai entendu un bruit étrange.,False,1,0,True,True,False,True,,True,,True,"{""reason"":""detector_match"",""detected"":""fr"",""confidence"":1.0}",True,[],[],True,,"{""errors"":[]}",True,[],True,1,0,True,True,False,100,100,2478,19,2497,0,0,1121.61,1309,8,1317,0,0,1252.84
58c01eb8122f5cfa906a,1361,haiku-4-5,managed-prompt,tatoeba,nl,fr,Leven is wat je gebeurt terwijl je andere plannen maakt.,La vie c'est ce qui se passe pendant que tu es occupée à faire d'autres plans.,"{""c"":""La vie est ce qui t'arrive pendant que tu fais d'autres projets.""}",La vie est ce qui t'arrive pendant que tu fais d'autres projets.,False,1,0,True,True,False,True,,True,,True,"{""reason"":""detector_match"",""detected"":""fr"",""confidence"":1.0}",True,[],[],True,,"{""errors"":[]}",True,[],True,1,0,True,True,False,100,100,2481,26,2507,0,0,1290.78,1330,8,1338,0,0,1176.61
e90dbb8d1f460b868e6c,1362,haiku-4-5,managed-prompt,tatoeba,nl,fr,Ik hoop je snel te zien.,J'espère te voir vite.,"{""c"":""J'espère te voir bientôt.""}",J'espère te voir bientôt.,False,1,0,True,True,False,True,,True,,True,"{""reason"":""detector_match"",""detected"":""fr"",""confidence"":1.0}",True,[],[],True,,"{""errors"":[]}",True,[],True,1,0,True,True,False,100,100,2476,18,2494,0,0,1187.83,1303,8,1311,0,0,1126.33
929e078d0e1bfd48220b,1363,haiku-4-5,managed-prompt,tatoeba,nl,fr,Japan is een land van eilanden.,Le Japon est un pays insulaire.,"{""c"":""Le Japon est un pays d'îles.""}",Le Japon est un pays d'îles.,False,1,0,True,True,False,True,,True,,True,"{""reason"":""detector_match"",""detected"":""fr"",""confidence"":1.0}",True,[],[],True,,"{""errors"":[]}",True,[],True,1,0,True,True,False,100,100,2472,19,2491,0,0,1131.99,1301,8,1309,0,0,1087.19
cf3222f37c7cacac7951,1364,haiku-4-5,managed-prompt,tatoeba,nl,fr,China is veel groter dan Japan.,La Chine est beaucoup plus grande que le Japon.,"{""c"":""La Chine est beaucoup plus grande que le Japon.""}",La Chine est beaucoup plus grande que le Japon.,False,1,0,True,True,False,True,,True,,True,"{""reason"":""detector_match"",""detected"":""fr"",""confidence"":1.0}",True,[],[],True,,"{""errors"":[]}",True,[],True,1,0,True,True,False,100,100,2472,23,2495,0,0,1040.48,1311,8,1319,0,0,1247.22
2e0bb5df7120488aa553,1365,haiku-4-5,managed-prompt,tatoeba,nl,fr,Teken hier!,Signe ici !,"{""c"":""Signe ici!""}",Signe ici!,False,1,0,True,True,False,True,,True,,,"{""reason"":""detector_mismatch_uncertain"",""detected"":""it"",""confidence"":1.0}",True,[],[],True,,"{""errors"":[{""category"":""fluency"",""severity"":""minor""}]}",True,"[{""category"":""fluency"",""severity"":""minor""}]",True,1,0,True,True,False,97,97,2469,13,2482,0,0,1662.4,1289,18,1307,0,0,1294.17
1588ee223ad45c237f0f,1366,haiku-4-5,managed-prompt,tatoeba,nl,fr,Ik zou geen voedsel moeten eten dat suiker bevat.,Je ne devrais pas manger de nourriture contenant du sucre.,"{""c"":""Je ne devrais pas manger d'aliments contenant du sucre.""}",Je ne devrais pas manger d'aliments contenant du sucre.,False,1,0,True,True,False,True,,True,,True,"{""reason"":""detector_match"",""detected"":""fr"",""confidence"":1.0}",True,[],[],True,,"{""errors"":[]}",True,[],True,1,0,True,True,False,100,100,2482,25,2507,0,0,1153.83,1325,8,1333,0,0,1201.36
06db23c3e848eba666d7,1367,haiku-4-5,managed-prompt,tatoeba,nl,fr,We stonden voor de deur en wachtten.,Nous nous tenions devant la porte et attendions.,"{""c"":""Nous étions devant la porte et attendions.""}",Nous étions devant la porte et attendions.,False,1,0,True,True,False,True,,True,,True,"{""reason"":""detector_match"",""detected"":""fr"",""confidence"":1.0}",True,[],[],True,,"{""errors"":[]}",True,[],True,1,0,True,True,False,100,100,2476,20,2496,0,0,1074.39,1310,8,1318,0,0,1240.55
b89f324e647fcc653380,1368,haiku-4-5,managed-prompt,tatoeba,nl,fr,Joan brak haar linkerarm in het ongeluk.,Joan s'est cassé son bras gauche dans l'accident.,"{""c"":""Joan s'est cassé le bras gauche dans l'accident.""}",Joan s'est cassé le bras gauche dans l'accident.,False,1,0,True,True,False,True,,True,,True,"{""reason"":""detector_match"",""detected"":""fr"",""confidence"":1.0}",True,[],[],True,,"{""errors"":[]}",True,[],True,1,0,True,True,False,100,100,2477,23,2500,0,0,1023.87,1316,8,1324,0,0,1270.22
18fb377f64b6bdf67d4b,1369,haiku-4-5,managed-prompt,tatoeba,nl,fr,Ik was verwonderd wanneer ik hoorde wat er gebeurd was.,J'ai été étonné d'entendre ce qui s'était passé.,"{""c"":""J'ai été surpris quand j'ai entendu ce qui s'était passé.""}",J'ai été surpris quand j'ai entendu ce qui s'était passé.,False,1,0,True,True,False,True,,True,,True,"{""reason"":""detector_match"",""detected"":""fr"",""confidence"":1.0}",True,[],[],True,,"{""errors"":[]}",True,[],True,1,0,True,True,False,100,100,2483,29,2512,0,0,1130.3,1331,8,1339,0,0,2252.88
ff8f82be90f42f3aaa06,1370,haiku-4-5,managed-prompt,tatoeba,nl,it,Ik ben trots op mijn kinderen.,Io sono fiera dei miei figli.,"{""c"":""Sono orgoglioso dei miei figli.""}",Sono orgoglioso dei miei figli.,False,1,0,True,True,False,True,,True,,True,"{""reason"":""detector_match"",""detected"":""it"",""confidence"":1.0}",True,[],[],True,,"{""errors"":[]}",True,[],True,1,0,True,True,False,100,100,2476,18,2494,0,0,1252.63,1305,8,1313,0,0,1147.7
55df7dbde594fb188e20,1371,haiku-4-5,managed-prompt,tatoeba,nl,it,Waartoe dient dit?,A che serve questo?,"{""c"":""A cosa serve questo?""}",A cosa serve questo?,False,1,0,True,True,False,True,,True,,,"{""reason"":""detector_mismatch_uncertain"",""detected"":""pt"",""confidence"":1.0}",True,[],[],True,,"{""errors"":[]}",True,[],True,1,0,True,True,False,100,100,2472,12,2484,0,0,1069.17,1291,8,1299,0,0,1291.66
f7171567619c64739aa6,1372,haiku-4-5,managed-prompt,tatoeba,nl,it,Dit is een bloem?,Questo è un fiore?,"{""c"":""Questo è un fiore?""}",Questo è un fiore?,False,1,0,True,True,False,True,,True,,True,"{""reason"":""detector_match"",""detected"":""it"",""confidence"":1.0}",True,[],[],True,,"{""errors"":[]}",True,[],True,1,0,True,True,False,100,100,2470,14,2484,0,0,1096.55,1293,8,1301,0,0,2790.73
8634e21d6479a54edc86,1373,haiku-4-5,managed-prompt,tatoeba,nl,it,Hij leest veel.,Lui legge molto.,"{""c"":""Legge molto.""}",Legge molto.,False,1,0,True,True,False,True,,True,,True,"{""reason"":""detector_match"",""detected"":""it"",""confidence"":1.0}",True,[],[],True,,"{""errors"":[]}",True,[],True,1,0,True,True,False,100,100,2469,12,2481,0,0,1205.23,1287,8,1295,0,0,1270.95
6de79076958450e991b7,1374,haiku-4-5,managed-prompt,tatoeba,nl,it,Heeft Tom gezegd waarom?,Tom disse il perché?,"{""c"":""Tom ha detto il motivo?""}",Tom ha detto il motivo?,False,1,0,True,True,False,True,,True,,True,"{""reason"":""detector_match"",""detected"":""it"",""confidence"":1.0}",True,[],[],True,,"{""errors"":[]}",True,[],True,1,0,True,True,False,100,100,2472,15,2487,0,0,1155.88,1295,8,1303,0,0,1166.95
6aa24019cccfb21d1b28,1375,haiku-4-5,managed-prompt,tatoeba,nl,it,We zijn gelukkig.,Noi siamo felici.,"{""c"":""Siamo felici.""}",Siamo felici.,False,1,0,True,True,False,True,,True,,True,"{""reason"":""detector_match"",""detected"":""it"",""confidence"":1.0}",True,[],[],True,,"{""errors"":[]}",True,[],True,1,0,True,True,False,100,100,2471,13,2484,0,0,1197.34,1292,8,1300,0,0,1297.55
aa7078a7991d9920f971,1376,haiku-4-5,managed-prompt,tatoeba,nl,it,Nepal wordt ''Nepal'' genoemd in het Nepalees.,"Il Nepal si chiama ""Nepal"" in nepalese.","{""c"":""Il Nepal viene chiamato \""Nepal\"" in nepalese.""}","Il Nepal viene chiamato ""Nepal"" in nepalese.",False,1,0,True,True,False,True,,True,,True,"{""reason"":""detector_match"",""detected"":""it"",""confidence"":1.0}",True,[],[],True,,"{""errors"":[]}",True,[],True,1,0,True,True,False,100,100,2477,20,2497,0,0,1448.5,1310,8,1318,0,0,1121.53
0675061f28e448217ef9,1377,haiku-4-5,managed-prompt,tatoeba,nl,it,Ik ben blind.,Io sono cieco.,"{""c"":""Sono cieco.""}",Sono cieco.,False,1,0,True,True,False,True,,True,,True,"{""reason"":""detector_match"",""detected"":""it"",""confidence"":1.0}",True,[],[],True,,"{""errors"":[]}",True,[],True,1,0,True,True,False,100,100,2470,12,2482,0,0,1129.47,1288,8,1296,0,0,1401.34
69e24199af4d458a1f3d,1378,haiku-4-5,managed-prompt,tatoeba,nl,it,Welke zijn de positieve kanten?,Quali sono i lati positivi?,"{""c"":""Quali sono i lati positivi?""}",Quali sono i lati positivi?,False,1,0,True,True,False,True,,True,,True,"{""reason"":""detector_match"",""detected"":""it"",""confidence"":1.0}",True,[],[],True,,"{""errors"":[]}",True,[],True,1,0,True,True,False,100,100,2474,16,2490,0,0,978.77,1301,8,1309,0,0,1250.91
c1ca6b383797966b9902,1379,haiku-4-5,managed-prompt,tatoeba,nl,it,Ik ben Toms oudste broer.,Io sono il fratello maggiore di Tom.,"{""c"":""Sono il fratello maggiore di Tom.""}",Sono il fratello maggiore di Tom.,False,1,0,True,True,False,True,,True,,True,"{""reason"":""detector_match"",""detected"":""it"",""confidence"":1.0}",True,[],[],True,,"{""errors"":[]}",True,[],True,1,0,True,True,False,100,100,2476,17,2493,0,0,1281.72,1304,8,1312,0,0,1252.33
b1055c2b8816dd9c8e44,1380,haiku-4-5,managed-prompt,tatoeba,nl,jp,Bekijk de afbeelding.,その絵を見なさい。,"{""c"":""画像を確認してください。""}",画像を確認してください。,False,1,0,True,True,False,True,,True,,True,"{""reason"":""target_script_present"",""detected"":""ja"",""confidence"":1.0}",True,[],[],True,,"{""errors"":[]}",True,[],True,1,0,True,True,False,100,100,2473,15,2488,0,0,1086.71,1299,8,1307,0,0,1165.54
ae013223f858a653790d,1381,haiku-4-5,managed-prompt,tatoeba,nl,jp,Dit hotel is vorig jaar gebouwd.,このホテルは去年建てられた。,"{""c"":""このホテルは去年建てられました。""}",このホテルは去年建てられました。,False,1,0,True,True,False,True,,True,,True,"{""reason"":""target_script_present"",""detected"":""ja"",""confidence"":1.0}",True,[],[],True,,"{""errors"":[]}",True,[],True,1,0,True,True,False,100,100,2473,19,2492,0,0,1322.37,1306,8,1314,0,0,1044.31
9ce99bd5b0829f4ef9e4,1382,haiku-4-5,managed-prompt,tatoeba,nl,jp,Ik ben John.,私はジョンです。,"{""c"":""私はジョンです。""}",私はジョンです。,False,1,0,True,True,False,True,,True,,True,"{""reason"":""target_script_present"",""detected"":""ja"",""confidence"":1.0}",True,[],[],True,,"{""errors"":[]}",True,[],True,1,0,True,True,False,100,100,2470,14,2484,0,0,1169.04,1293,8,1301,0,0,2247.54
3b15312f942dac162c91,1383,haiku-4-5,managed-prompt,tatoeba,nl,jp,Het is raar dat jij niks van haar huwelijksceremonie afweet.,あなたが彼女の結婚式について何も知らないとは不思議だ。,"{""c"":""彼女の結婚式について何も知らないなんて変だね。""}",彼女の結婚式について何も知らないなんて変だね。,False,1,0,True,True,False,True,,True,,True,"{""reason"":""target_script_present"",""detected"":""ja"",""confidence"":1.0}",True,[],[],True,,"{""errors"":[]}",True,[],True,1,0,True,True,False,100,100,2486,28,2514,0,0,1310.1,1342,8,1350,0,0,1227.5
6a95dddde8a3befbe78c,1384,haiku-4-5,managed-prompt,tatoeba,nl,jp,U zult merken dat deze kaart erg handig is.,この地図がとても役に立つことが分かるでしょう。,"{""c"":""このカードがとても便利だと気づくでしょう。""}",このカードがとても便利だと気づくでしょう。,False,1,0,True,True,False,True,,True,,True,"{""reason"":""target_script_present"",""detected"":""ja"",""confidence"":1.0}",True,[],[],True,,"{""errors"":[{""category"":""terminology"",""severity"":""major""}]}",False,"[{""category"":""terminology"",""severity"":""major""}]",True,1,0,True,True,False,85,85,2479,25,2504,0,0,1235.81,1326,19,1345,0,0,1404.13
0361f68444ab4bcf86bb,1385,haiku-4-5,managed-prompt,tatoeba,nl,jp,Betty is danslerares.,ベティはダンスの先生である。,"{""c"":""ベティはダンスの先生です。""}",ベティはダンスの先生です。,False,1,0,True,True,False,True,,True,,True,"{""reason"":""target_script_present"",""detected"":""ja"",""confidence"":1.0}",True,[],[],True,,"{""errors"":[]}",True,[],True,1,0,True,True,False,100,100,2471,19,2490,0,0,1054.78,1304,8,1312,0,0,1443.04
3d6b52246b2bf9d33d89,1386,haiku-4-5,managed-prompt,tatoeba,nl,jp,Geef me een ander voorbeeld alsjeblieft.,別の実例を教えてください。,"{""c"":""別の例をください。""}",別の例をください。,False,1,0,True,True,False,True,,True,,True,"{""reason"":""target_script_present"",""detected"":""ja"",""confidence"":1.0}",True,[],[],True,,"{""errors"":[]}",True,[],True,1,0,True,True,False,100,100,2479,13,2492,0,0,1074.76,1304,8,1312,0,0,1127.04
e6646cbf9864cc38e51d,1387,haiku-4-5,managed-prompt,tatoeba,nl,jp,"Zover wij weten, is de aarde de enige planeet met oceanen.",私たちの知る限りでは、地球は海を持っている唯一の惑星である。,"{""c"":""私たちの知る限りでは、地球は海を持つ唯一の惑星です。""}",私たちの知る限りでは、地球は海を持つ唯一の惑星です。,False,1,0,True,True,False,True,,True,,True,"{""reason"":""target_script_present"",""detected"":""ja"",""confidence"":1.0}",True,[],[],True,,"{""errors"":[]}",True,[],True,1,0,True,True,False,100,100,2485,35,2520,0,0,1325.25,1350,8,1358,0,0,1127.2
11d29bcc7430c07cf243,1388,haiku-4-5,managed-prompt,tatoeba,nl,jp,"Het is niet goed als je zo laat in de avond opblijft, joh.",夜遅くまで起きていては駄目だよ。,"{""c"":""夜中こんなに遅くまで起きてるのはよくないよ。""}",夜中こんなに遅くまで起きてるのはよくないよ。,False,1,0,True,True,False,True,,True,,True,"{""reason"":""target_script_present"",""detected"":""ja"",""confidence"":1.0}",True,[],[],True,,"{""errors"":[]}",True,[],True,1,0,True,True,False,100,100,2486,31,2517,0,0,1358.98,1337,8,1345,0,0,1141.22
07ee14a26551b4e9802d,1389,haiku-4-5,managed-prompt,tatoeba,nl,jp,Hij kan dat niet aan.,彼にはそれはすることができない。,"{""c"":""彼はそれに対応できません。""}",彼はそれに対応できません。,False,1,0,True,True,False,True,,True,,True,"{""reason"":""target_script_present"",""detected"":""ja"",""confidence"":1.0}",True,[],[],True,,"{""errors"":[]}",True,[],True,1,0,True,True,False,100,100,2470,18,2488,0,0,1261.58,1302,8,1310,0,0,1312.26
47981a9ffd0bf0cd0e70,1390,haiku-4-5,managed-prompt,tatoeba,nl,nb,Tom is nog steeds buiten.,Tom er fremdeles utenfor.,"{""c"":""Tom er fortsatt ute.""}",Tom er fortsatt ute.,False,1,0,True,True,False,True,,True,,True,"{""reason"":""detector_match"",""detected"":""no"",""confidence"":1.0}",True,[],[],True,,"{""errors"":[]}",True,[],True,1,0,True,True,False,100,100,2472,14,2486,0,0,1230.69,1295,8,1303,0,0,1224.25
6a99445e0bda0999053f,1391,haiku-4-5,managed-prompt,tatoeba,nl,nb,Hoeveel tijd besteden jullie op Facebook?,Hvor mye tid bruker du på Facebook?,"{""c"":""Hvor mye tid bruker dere på Facebook?""}",Hvor mye tid bruker dere på Facebook?,False,1,0,True,True,False,True,,True,,,"{""reason"":""detector_inconclusive"",""detected"":""no"",""confidence"":0.721}",True,[],[],True,,"{""errors"":[]}",True,[],True,1,0,True,True,False,100,100,2476,19,2495,0,0,1277.14,1308,8,1316,0,0,1266.7
c1d096473c726aa43a6f,1392,haiku-4-5,managed-prompt,tatoeba,nl,nb,Hij heeft geluk zo'n goede vrouw te hebben.,Han er heldig som har en så god hustru.,"{""c"":""Han har flaks som har en så god kone.""}",Han har flaks som har en så god kone.,False,1,0,True,True,False,True,,True,,,"{""reason"":""detector_inconclusive"",""detected"":""no"",""confidence"":0.6728}",True,[],[],True,,"{""errors"":[{""category"":""terminology"",""severity"":""minor""}]}",True,"[{""category"":""terminology"",""severity"":""minor""}]",True,1,0,True,True,False,97,97,2478,19,2497,0,0,1282.14,1309,17,1326,0,0,1291.06
922aea90cb7e947c20e3,1393,haiku-4-5,managed-prompt,tatoeba,nl,nb,Het klimaat is aangenaam.,Klimaet er behagelig.,"{""c"":""Klimaet er behagelig.""}",Klimaet er behagelig.,False,1,0,True,True,False,True,,True,,,"{""reason"":""detector_mismatch_uncertain"",""detected"":""da"",""confidence"":1.0}",True,[],[],True,,"{""errors"":[]}",True,[],True,1,0,True,True,False,100,100,2472,16,2488,0,0,1304.28,1297,8,1305,0,0,1196.19
d570599442629b00525a,1394,haiku-4-5,managed-prompt,tatoeba,nl,nb,De hoofdstad van Japan is Tokio.,Hovedstaden i Japan er Tokyo.,"{""c"":""Hovedstaden i Japan er Tokyo.""}",Hovedstaden i Japan er Tokyo.,False,1,0,True,True,False,True,,True,,True,"{""reason"":""detector_match"",""detected"":""no"",""confidence"":0.8399}",True,[],[],True,,"{""errors"":[]}",True,[],True,1,0,True,True,False,100,100,2474,16,2490,0,0,1081.46,1299,8,1307,0,0,1178.3
b802c40281ebd26b8cf4,1395,haiku-4-5,managed-prompt,tatoeba,nl,nb,Geld is macht.,Penger er makt.,"{""c"":""Penger er makt.""}",Penger er makt.,False,1,0,True,True,False,True,,True,,True,"{""reason"":""detector_match"",""detected"":""no"",""confidence"":0.9998}",True,[],[],True,,"{""errors"":[]}",True,[],True,1,0,True,True,False,100,100,2470,14,2484,0,0,1145.65,1291,8,1299,0,0,1233.99
7046cc765c9210f31bd0,1396,haiku-4-5,managed-prompt,tatoeba,nl,nb,Ze rookt twintig sigaretten per dag.,Hun røyker 20 sigaretter om dagen.,"{""c"":""Hun røyker tjue sigaretter per dag.""}",Hun røyker tjue sigaretter per dag.,False,1,0,True,True,False,True,,True,,True,"{""reason"":""detector_match"",""detected"":""no"",""confidence"":1.0}",True,[],[],True,,"{""errors"":[]}",True,[],True,1,0,True,True,False,100,100,2476,19,2495,0,0,1076.8,1308,8,1316,0,0,1197.85
87b90eaa9bd27e466f97,1397,haiku-4-5,managed-prompt,tatoeba,nl,nb,Maak je geen zorgen over ons.,Ikke bekymre deg for oss.,"{""c"":""Gjør deg ingen bekymringer for oss.""}",Gjør deg ingen bekymringer for oss.,False,1,0,True,True,False,True,,True,,True,"{""reason"":""detector_match"",""detected"":""no"",""confidence"":1.0}",True,[],[],True,,"{""errors"":[{""category"":""fluency"",""severity"":""minor""}]}",True,"[{""category"":""fluency"",""severity"":""minor""}]",True,1,0,True,True,False,97,97,2475,19,2494,0,0,1524.0,1304,18,1322,0,0,1348.17
c85f70fd360f9f687a4e,1398,haiku-4-5,managed-prompt,tatoeba,nl,nb,Hij woont in een dorp.,Han bor i en landsby.,"{""c"":""Han bor i en landsby.""}",Han bor i en landsby.,False,1,0,True,True,False,True,,True,,,"{""reason"":""detector_mismatch_uncertain"",""detected"":""da"",""confidence"":1.0}",True,[],[],True,,"{""errors"":[]}",True,[],True,1,0,True,True,False,100,100,2472,15,2487,0,0,1374.66,1295,8,1303,0,0,1152.99
29ced927b761892529f3,1399,haiku-4-5,managed-prompt,tatoeba,nl,nb,Ik was thuis.,Jeg var hjemme.,"{""c"":""Jeg var hjemme.""}",Jeg var hjemme.,False,1,0,True,True,False,True,,True,,True,"{""reason"":""detector_match"",""detected"":""no"",""confidence"":1.0}",True,[],[],True,,"{""errors"":[]}",True,[],True,1,0,True,True,False,100,100,2471,14,2485,0,0,1241.33,1292,8,1300,0,0,1217.59
dbe78e02c30173a05ef1,1400,haiku-4-5,managed-prompt,tatoeba,nb,da,Han spør stadig dumme spørsmål.,Han stiller hele tiden dumme spørgsmål.,"{""c"":""Han stiller stadig dumme spørgsmål.""}",Han stiller stadig dumme spørgsmål.,False,1,0,True,True,False,True,,True,,True,"{""reason"":""detector_match"",""detected"":""da"",""confidence"":1.0}",True,[],[],True,,"{""errors"":[]}",True,[],True,1,0,True,True,False,100,100,2476,20,2496,0,0,1120.18,1309,8,1317,0,0,1218.87
b78e7074edb08880b499,1401,haiku-4-5,managed-prompt,tatoeba,nb,da,Hun begynte å synge.,Hun begyndte at synge.,"{""c"":""Hun begyndte at synge.""}",Hun begyndte at synge.,False,1,0,True,True,False,True,,True,,True,"{""reason"":""detector_match"",""detected"":""da"",""confidence"":0.8571}",True,[],[],True,,"{""errors"":[]}",True,[],True,1,0,True,True,False,100,100,2472,15,2487,0,0,1432.46,1295,8,1303,0,0,1178.98
651a7d10efb1349aeffb,1402,haiku-4-5,managed-prompt,tatoeba,nb,da,Dette er et varsel som vi må ta på alvor.,Dette er et varsel som vi må tage alvorligt.,"{""c"":""Dette er en advarsel, som vi skal tage alvorligt.""}","Dette er en advarsel, som vi skal tage alvorligt.",False,1,0,True,True,False,True,,True,,True,"{""reason"":""detector_match"",""detected"":""da"",""confidence"":0.9999}",True,[],[],True,,"{""errors"":[]}",True,[],True,1,0,True,True,False,100,100,2477,23,2500,0,0,1684.14,1314,8,1322,0,0,1232.5
c4bc07f4ae7ad636678d,1403,haiku-4-5,managed-prompt,tatoeba,nb,da,Hans barnslige latter er sjarmerende.,Hans barnlige latter er charmerende.,"{""c"":""Hans barnlige latter er charmerende.""}",Hans barnlige latter er charmerende.,False,1,0,True,True,False,True,,True,,True,"{""reason"":""detector_match"",""detected"":""da"",""confidence"":1.0}",True,[],[],True,,"{""errors"":[]}",True,[],True,1,0,True,True,False,100,100,2474,16,2490,0,0,1274.93,1299,8,1307,0,0,1080.05
066fa42fcb9fa21650f2,1404,haiku-4-5,managed-prompt,tatoeba,nb,da,Denne byen er kald og ensom uten deg.,Denne by er kold og ensom uden dig.,"{""c"":""Denne by er kold og ensom uden dig.""}",Denne by er kold og ensom uden dig.,False,1,0,True,True,False,True,,True,,True,"{""reason"":""detector_match"",""detected"":""da"",""confidence"":1.0}",True,[],[],True,,"{""errors"":[]}",True,[],True,1,0,True,True,False,100,100,2477,19,2496,0,0,1303.42,1308,8,1316,0,0,1240.08
94e75a8abf54bf3a0c8c,1405,haiku-4-5,managed-prompt,tatoeba,nb,da,Jeg sto opp sent i dag morges.,Jeg stod sent op i dag til morgen.,"{""c"":""Jeg stod op sent i dag morges.""}",Jeg stod op sent i dag morges.,False,1,0,True,True,False,True,,True,,True,"{""reason"":""detector_match"",""detected"":""da"",""confidence"":1.0}",True,[],[],True,,"{""errors"":[]}",True,[],True,1,0,True,True,False,100,100,2476,18,2494,0,0,1183.25,1306,8,1314,0,0,1313.15
7b24acd887c81624bfc9,1406,haiku-4-5,managed-prompt,tatoeba,nb,da,Jeg har alltid ville møte deg.,Jeg har altid ønsket at møde dig.,"{""c"":""Jeg har altid gerne villet møde dig.""}",Jeg har altid gerne villet møde dig.,False,1,0,True,True,False,True,,True,,True,"{""reason"":""detector_match"",""detected"":""da"",""confidence"":1.0}",True,[],[],True,,"{""errors"":[]}",True,[],True,1,0,True,True,False,100,100,2474,20,2494,0,0,1019.35,1307,8,1315,0,0,1238.65
8b35ce5afd38ac7fd2ad,1407,haiku-4-5,managed-prompt,tatoeba,nb,da,Du hjalp meg ikke.,Du hjalp mig ikke.,"{""c"":""Du hjalp mig ikke.""}",Du hjalp mig ikke.,False,1,0,True,True,False,True,,True,,,"{""reason"":""detector_inconclusive"",""detected"":""af"",""confidence"":0.4286}",True,[],[],True,,"{""errors"":[]}",True,[],True,1,0,True,True,False,100,100,2471,15,2486,0,0,1148.29,1294,8,1302,0,0,1083.17
53132e99d0d709063a03,1408,haiku-4-5,managed-prompt,tatoeba,nb,da,Kommer du klokken seks eller klokken syv?,Ankommer de klokken seks eller klokken syv?,"{""c"":""Kommer du klokken seks eller klokken syv?""}",Kommer du klokken seks eller klokken syv?,False,1,0,True,True,False,True,,True,,,"{""reason"":""detector_mismatch_uncertain"",""detected"":""no"",""confidence"":1.0}",False,"[{""code"":""source_copied""}]",[],True,,"{""errors"":[]}",True,[],True,1,0,True,True,False,100,100,2479,22,2501,0,0,1198.05,1319,8,1327,0,0,1166.32
445a7123cbc67671b24d,1409,haiku-4-5,managed-prompt,tatoeba,nb,da,"Ta den du liker best, samme hvilken det er.","Tag den du bedst kan lide, lige meget hvilken det er.","{""c"":""Tag den du kan lide bedst, uanset hvilken det er.""}","Tag den du kan lide bedst, uanset hvilken det er.",False,1,0,True,True,False,True,,True,,True,"{""reason"":""detector_match"",""detected"":""da"",""confidence"":1.0}",True,[],[],True,,"{""errors"":[]}",True,[],True,1,0,True,True,False,100,100,2477,24,2501,0,0,1192.29,1317,8,1325,0,0,1101.19
b1bf3103953fe0cc9d02,1410,haiku-4-5,managed-prompt,tatoeba,nb,de,Jeg følte meg dårlig.,Ich fühlte mich schlecht.,"{""c"":""Mir war nicht gut.""}",Mir war nicht gut.,False,1,0,True,True,False,True,,True,,True,"{""reason"":""detector_match"",""detected"":""de"",""confidence"":1.0}",True,[],[],True,,"{""errors"":[]}",True,[],True,1,0,True,True,False,100,100,2473,13,2486,0,0,1158.16,1296,8,1304,0,0,1187.1
28f2eda1f3aa1d7d16cc,1411,haiku-4-5,managed-prompt,tatoeba,nb,de,Det tror jeg ikke.,Das glaube ich nicht.,"{""c"":""Das glaube ich nicht.""}",Das glaube ich nicht.,False,1,0,True,True,False,True,,True,,True,"{""reason"":""detector_match"",""detected"":""de"",""confidence"":1.0}",True,[],[],True,,"{""errors"":[]}",True,[],True,1,0,True,True,False,100,100,2470,14,2484,0,0,1399.04,1291,8,1299,0,0,2081.22
940c737bc941ae4dcbda,1412,haiku-4-5,managed-prompt,tatoeba,nb,de,Hvorfor forteller du oss dette?,Warum erzählst du uns das?,"{""c"":""Warum erzählst du uns das?""}",Warum erzählst du uns das?,False,1,0,True,True,False,True,,True,,True,"{""reason"":""detector_match"",""detected"":""de"",""confidence"":1.0}",True,[],[],True,,"{""errors"":[]}",True,[],True,1,0,True,True,False,100,100,2474,18,2492,0,0,1083.89,1305,8,1313,0,0,1228.19
fbb8f9574bc4c9657d8c,1413,haiku-4-5,managed-prompt,tatoeba,nb,de,Tom har ikke kommet tilbake ennå.,Tom ist noch nicht zurückgekommen.,"{""c"":""Tom ist noch nicht zurückgekommen.""}",Tom ist noch nicht zurückgekommen.,False,1,0,True,True,False,True,,True,,True,"{""reason"":""detector_match"",""detected"":""de"",""confidence"":1.0}",True,[],[],True,,"{""errors"":[]}",True,[],True,1,0,True,True,False,100,100,2476,17,2493,0,0,1138.14,1303,8,1311,0,0,1185.93
181df02734b2d5c1ed72,1414,haiku-4-5,managed-prompt,tatoeba,nb,de,"Epler er vanligvis grønne, gule eller røde.","Äpfel sind gewöhnlich grün, gelb oder rot.","{""c"":""Äpfel sind normalerweise grün, gelb oder rot.""}","Äpfel sind normalerweise grün, gelb oder rot.",False,1,0,True,True,False,True,,True,,True,"{""reason"":""detector_match"",""detected"":""de"",""confidence"":1.0}",True,[],[],True,,"{""errors"":[]}",True,[],True,1,0,True,True,False,100,100,2481,23,2504,0,0,1080.13,1321,8,1329,0,0,1101.11
05300cee8e1388c85f63,1415,haiku-4-5,managed-prompt,tatoeba,nb,de,Kan du anbefale en god bok?,Kannst du ein gutes Buch empfehlen?,"{""c"":""Kannst du mir ein gutes Buch empfehlen?""}",Kannst du mir ein gutes Buch empfehlen?,False,1,0,True,True,False,True,,True,,True,"{""reason"":""detector_match"",""detected"":""de"",""confidence"":1.0}",True,[],[],True,,"{""errors"":[]}",True,[],True,1,0,True,True,False,100,100,2476,23,2499,0,0,1434.95,1316,8,1324,0,0,1103.81
3d267ce7602ef695c82d,1416,haiku-4-5,managed-prompt,tatoeba,nb,de,De gjorde alt for ham.,Sie taten alles für ihn.,"{""c"":""Sie taten alles für ihn.""}",Sie taten alles für ihn.,False,1,0,True,True,False,True,,True,,True,"{""reason"":""detector_match"",""detected"":""de"",""confidence"":1.0}",True,[],[],True,,"{""errors"":[]}",True,[],True,1,0,True,True,False,100,100,2470,16,2486,0,0,1406.94,1295,8,1303,0,0,1207.92
54fb5c1643b64a431903,1417,haiku-4-5,managed-prompt,tatoeba,nb,de,Algerie er en av våre partnere i Middelhavsregionen.,Algerien ist einer unserer Partner im Mittelmeerraum.,"{""c"":""Algerien ist einer unserer Partner im Mittelmeerraum.""}",Algerien ist einer unserer Partner im Mittelmeerraum.,False,1,0,True,True,False,True,,True,,True,"{""reason"":""detector_match"",""detected"":""de"",""confidence"":1.0}",True,[],[],True,,"{""errors"":[]}",True,[],True,1,0,True,True,False,100,100,2483,24,2507,0,0,1138.59,1324,8,1332,0,0,1194.58
aa9d20c2bee94014f59a,1418,haiku-4-5,managed-prompt,tatoeba,nb,de,Han er mye flinkere enn meg.,Er ist viel geschickter als ich.,"{""c"":""Er ist viel geschickter als ich.""}",Er ist viel geschickter als ich.,False,1,0,True,True,False,True,,True,,True,"{""reason"":""detector_match"",""detected"":""de"",""confidence"":1.0}",True,[],[],True,,"{""errors"":[]}",True,[],True,1,0,True,True,False,100,100,2475,17,2492,0,0,1774.71,1302,8,1310,0,0,1174.62
c738ceac35e08c5e5608,1419,haiku-4-5,managed-prompt,tatoeba,nb,de,Sa du noko?,Hast du was gesagt?,"{""c"":""Weißt du etwas?""}",Weißt du etwas?,False,1,0,True,True,False,True,,True,,True,"{""reason"":""detector_match"",""detected"":""de"",""confidence"":1.0}",True,[],[],True,,"{""errors"":[{""category"":""accuracy"",""severity"":""major""}]}",False,"[{""category"":""accuracy"",""severity"":""major""}]",True,1,0,True,True,False,85,85,2469,16,2485,0,0,1133.06,1295,17,1312,0,0,1387.4
d8777b98c1e210913923,1420,haiku-4-5,managed-prompt,tatoeba,nb,en,Jeg tror at hun er fra Tyskland.,I think that she is from Germany.,"{""c"":""I think she is from Germany.""}",I think she is from Germany.,False,1,0,True,True,False,True,,True,,True,"{""reason"":""detector_match"",""detected"":""en"",""confidence"":1.0}",True,[],[],True,,"{""errors"":[]}",True,[],True,1,0,True,True,False,100,100,2474,14,2488,0,0,1020.37,1296,8,1304,0,0,1224.39
39b18c8142fbb803e8d9,1421,haiku-4-5,managed-prompt,tatoeba,nb,en,Han setter seg i gjeld.,He's putting himself in debt.,"{""c"":""He gets into debt.""}",He gets into debt.,False,1,0,True,True,False,True,,True,,,"{""reason"":""detector_mismatch_uncertain"",""detected"":""nl"",""confidence"":1.0}",True,[],[],True,,"{""errors"":[]}",True,[],True,1,0,True,True,False,100,100,2471,12,2483,0,0,1175.91,1290,8,1298,0,0,1200.46
e185fb90d3f6b13fe5c8,1422,haiku-4-5,managed-prompt,tatoeba,nb,en,Tom har jobb som bruktbilforhandlar.,Tom works as a used car salesman.,"{""c"":""Tom works as a used car dealer.""}",Tom works as a used car dealer.,False,1,0,True,True,False,True,,True,,True,"{""reason"":""detector_match"",""detected"":""en"",""confidence"":1.0}",True,[],[],True,,"{""errors"":[]}",True,[],True,1,0,True,True,False,100,100,2477,15,2492,0,0,1094.49,1301,8,1309,0,0,1295.25
0461520fb4f49198fb3b,1423,haiku-4-5,managed-prompt,tatoeba,nb,en,Jeg liker din artikkel.,I like your article.,"{""c"":""I like your article.""}",I like your article.,False,1,0,True,True,False,True,,True,,,"{""reason"":""detector_inconclusive"",""detected"":""fr"",""confidence"":0.5714}",True,[],[],True,,"{""errors"":[]}",True,[],True,1,0,True,True,False,100,100,2472,12,2484,0,0,1133.76,1289,8,1297,0,0,1160.84
8b81cb0ab5c1fd6112ac,1424,haiku-4-5,managed-prompt,tatoeba,nb,en,Vi tar alle større kredittkort.,We accept all major credit cards.,"{""c"":""We accept all major credit cards.""}",We accept all major credit cards.,False,1,0,True,True,False,True,,True,,,"{""reason"":""detector_inconclusive"",""detected"":""en"",""confidence"":0.5714}",True,[],[],True,,"{""errors"":[]}",True,[],True,1,0,True,True,False,100,100,2473,14,2487,0,0,1115.11,1294,8,1302,0,0,1215.13
d281f561a7357d5134aa,1425,haiku-4-5,managed-prompt,tatoeba,nb,en,Skriv meg en melding.,Write me a message.,"{""c"":""Write me a message.""}",Write me a message.,False,1,0,True,True,False,True,,True,,,"{""reason"":""detector_inconclusive"",""detected"":""en"",""confidence"":0.5714}",True,[],[],True,,"{""errors"":[]}",True,[],True,1,0,True,True,False,100,100,2473,12,2485,0,0,1071.61,1290,8,1298,0,0,1094.72
d2f552a923fda26b4246,1426,haiku-4-5,managed-prompt,tatoeba,nb,en,Toms stue var smakefullt innredet.,Tom's living room was tastefully furnished.,"{""c"":""Tom's living room was tastefully decorated.""}",Tom's living room was tastefully decorated.,False,1,0,True,True,False,True,,True,,True,"{""reason"":""detector_match"",""detected"":""en"",""confidence"":1.0}",True,[],[],True,,"{""errors"":[]}",True,[],True,1,0,True,True,False,100,100,2478,16,2494,0,0,1154.87,1303,8,1311,0,0,1206.46
263d01a4210d708d54ae,1427,haiku-4-5,managed-prompt,tatoeba,nb,en,Vi har viktigere ting som må gjøres.,We have more important things that need to be dealt with.,"{""c"":""We have more important things that need to be done.""}",We have more important things that need to be done.,False,1,0,True,True,False,True,,True,,True,"{""reason"":""detector_match"",""detected"":""en"",""confidence"":1.0}",True,[],[],True,,"{""errors"":[]}",True,[],True,1,0,True,True,False,100,100,2477,18,2495,0,0,1042.47,1307,8,1315,0,0,1119.15
05e63831b9d62fa88113,1428,haiku-4-5,managed-prompt,tatoeba,nb,en,Spis middagen din nå.,Now eat your supper.,"{""c"":""Eat your dinner now.""}",Eat your dinner now.,False,1,0,True,True,False,True,,True,,True,"{""reason"":""detector_match"",""detected"":""en"",""confidence"":1.0}",True,[],[],True,,"{""errors"":[]}",True,[],True,1,0,True,True,False,100,100,2473,13,2486,0,0,1068.89,1292,8,1300,0,0,1963.47
f8408acaa876c05f61b9,1429,haiku-4-5,managed-prompt,tatoeba,nb,en,Tom trener på et treningssenter nært huset hans.,Tom works out in a gym near his house.,"{""c"":""Tom trains at a gym near his house.""}",Tom trains at a gym near his house.,False,1,0,True,True,False,True,,True,,True,"{""reason"":""detector_match"",""detected"":""en"",""confidence"":1.0}",True,[],[],True,,"{""errors"":[]}",True,[],True,1,0,True,True,False,100,100,2479,16,2495,0,0,2246.59,1305,8,1313,0,0,1196.93
6bc51eb328a121488107,1430,haiku-4-5,managed-prompt,tatoeba,nb,es,Har rommet ditt to vinduer?,¿Tu pieza tiene dos ventanas?,"{""c"":""¿Tu habitación tiene dos ventanas?""}",¿Tu habitación tiene dos ventanas?,False,1,0,True,True,False,True,,True,,True,"{""reason"":""detector_match"",""detected"":""es"",""confidence"":1.0}",True,[],[],True,,"{""errors"":[]}",True,[],True,1,0,True,True,False,100,100,2474,17,2491,0,0,1069.83,1303,8,1311,0,0,1208.55
ef984d04b4afdbfa5cca,1431,haiku-4-5,managed-prompt,tatoeba,nb,es,Interlingua er et moderne redskap for internasjonal kommunikasjon.,Interlingua es una herramienta moderna para la comunicación internacional.,"{""c"":""Interlingua es una herramienta moderna para la comunicación internacional.""}",Interlingua es una herramienta moderna para la comunicación internacional.,False,1,0,True,True,False,True,,True,,True,"{""reason"":""detector_match"",""detected"":""es"",""confidence"":1.0}",True,[],[],True,,"{""errors"":[]}",True,[],True,1,0,True,True,False,100,100,2483,24,2507,0,0,1150.33,1324,8,1332,0,0,1153.76
ff0b923b1def8d998d2b,1432,haiku-4-5,managed-prompt,tatoeba,nb,es,Det er ikke lett å skrive et kjærlighetsbrev på engelsk.,Escribir una carta de amor en inglés no es fácil.,"{""c"":""No es fácil escribir una carta de amor en inglés.""}",No es fácil escribir una carta de amor en inglés.,False,1,0,True,True,False,True,,True,,True,"{""reason"":""detector_match"",""detected"":""es"",""confidence"":1.0}",True,[],[],True,,"{""errors"":[]}",True,[],True,1,0,True,True,False,100,100,2481,22,2503,0,0,1115.2,1319,8,1327,0,0,1122.44
b662a798401ebb51803b,1433,haiku-4-5,managed-prompt,tatoeba,nb,es,Yumi er flink til å spille tennis.,Yumi es buena jugando tenis.,"{""c"":""Yumi es buena jugando tenis.""}",Yumi es buena jugando tenis.,False,1,0,True,True,False,True,,True,,,"{""reason"":""detector_mismatch_uncertain"",""detected"":""id"",""confidence"":1.0}",True,[],[],True,,"{""errors"":[]}",True,[],True,1,0,True,True,False,100,100,2476,18,2494,0,0,1196.7,1305,8,1313,0,0,1191.18
6e27a1595e0ae2d0b5e5,1434,haiku-4-5,managed-prompt,tatoeba,nb,es,Jeg leste at presidenten i Brasil er en kvinne. Hun heter Dilma.,He leído que el presidente de Brasil es una mujer. Se llama Dilma.,"{""c"":""Leí que la presidenta de Brasil es una mujer. Se llama Dilma.""}",Leí que la presidenta de Brasil es una mujer. Se llama Dilma.,False,1,0,True,True,False,True,,True,,True,"{""reason"":""detector_match"",""detected"":""es"",""confidence"":1.0}",True,[],[],True,,"{""errors"":[]}",True,[],True,1,0,True,True,False,100,100,2485,28,2513,0,0,1089.52,1333,8,1341,0,0,1122.14
2f6d1ff468b4e4787327,1435,haiku-4-5,managed-prompt,tatoeba,nb,es,Jeg snakket med den polske ambassadøren.,Yo hablé con el embajador polaco.,"{""c"":""Hablé con el embajador polaco.""}",Hablé con el embajador polaco.,False,1,0,True,True,False,True,,True,,True,"{""reason"":""detector_match"",""detected"":""es"",""confidence"":1.0}",True,[],[],True,,"{""errors"":[]}",True,[],True,1,0,True,True,False,100,100,2478,19,2497,0,0,1506.66,1310,8,1318,0,0,1449.06
5404ef158b92305e08ea,1436,haiku-4-5,managed-prompt,tatoeba,nb,es,Han kom i god behold.,Él llegó sano y salvo.,"{""c"":""Llegó en buen estado.""}",Llegó en buen estado.,False,1,0,True,True,False,True,,True,,True,"{""reason"":""detector_match"",""detected"":""es"",""confidence"":1.0}",True,[],[],True,,"{""errors"":[]}",True,[],True,1,0,True,True,False,100,100,2471,15,2486,0,0,1242.56,1296,8,1304,0,0,1305.26
0de0b2a527c11600a549,1437,haiku-4-5,managed-prompt,tatoeba,nb,es,Han oppfører seg som om han var gal.,Él se comporta como si estuviera loco.,"{""c"":""Se comporta como si estuviera loco.""}",Se comporta como si estuviera loco.,False,1,0,True,True,False,True,,True,,True,"{""reason"":""detector_match"",""detected"":""es"",""confidence"":1.0}",True,[],[],True,,"{""errors"":[]}",True,[],True,1,0,True,True,False,100,100,2476,18,2494,0,0,1106.45,1307,8,1315,0,0,1304.27
03c468c4ca1c093f8eb9,1438,haiku-4-5,managed-prompt,tatoeba,nb,es,Jeg er sulten som en ulv.,Tengo tanta hambre como un lobo.,"{""c"":""Tengo un hambre de lobo.""}",Tengo un hambre de lobo.,False,1,0,True,True,False,True,,True,,True,"{""reason"":""detector_match"",""detected"":""es"",""confidence"":1.0}",True,[],[],True,,"{""errors"":[]}",True,[],True,1,0,True,True,False,100,100,2474,17,2491,0,0,1406.53,1303,8,1311,0,0,1284.07
4da3334ba6d99ba1c523,1439,haiku-4-5,managed-prompt,tatoeba,nb,es,Han bor i en luksusleilighet i nærheten av Central Park.,Vive en un apartamento de lujo cerca de Central Park.,"{""c"":""Vive en un apartamento de lujo cerca de Central Park.""}",Vive en un apartamento de lujo cerca de Central Park.,False,1,0,True,True,False,True,,True,,True,"{""reason"":""detector_match"",""detected"":""es"",""confidence"":1.0}",True,[],[],True,,"{""errors"":[]}",True,[],True,1,0,True,True,False,100,100,2482,22,2504,0,0,1157.25,1319,8,1327,0,0,1257.57
40c7a37fe936e6d98d8f,1440,haiku-4-5,managed-prompt,tatoeba,nb,fr,Banen rundt Sirius er elliptisk.,L'orbite de Sirius est elliptique.,"{""c"":""L'orbite autour de Sirius est elliptique.""}",L'orbite autour de Sirius est elliptique.,False,1,0,True,True,False,True,,True,,True,"{""reason"":""detector_match"",""detected"":""fr"",""confidence"":1.0}",True,[],[],True,,"{""errors"":[]}",True,[],True,1,0,True,True,False,100,100,2477,22,2499,0,0,1497.54,1312,8,1320,0,0,1221.9
e5eb6498c07077a4cc05,1441,haiku-4-5,managed-prompt,tatoeba,nb,fr,Guten og mannen drikk vatn.,Le garçon et l'homme boivent de l'eau.,"{""c"":""Bonjour et l'homme boit de l'eau.""}",Bonjour et l'homme boit de l'eau.,False,1,0,True,True,False,True,,True,,True,"{""reason"":""detector_match"",""detected"":""fr"",""confidence"":1.0}",True,[],[],True,,"{""errors"":[{""category"":""accuracy"",""severity"":""critical""},{""category"":""accuracy"",""severity"":""major""}]}",False,"[{""category"":""accuracy"",""severity"":""critical""},{""category"":""accuracy"",""severity"":""major""}]",True,1,0,True,True,False,45,45,2476,22,2498,0,0,1120.99,1314,26,1340,0,0,1385.67
4470e0f0df2c2a2bd354,1442,haiku-4-5,managed-prompt,tatoeba,nb,fr,Dette er hesten min.,C'est mon cheval.,"{""c"":""C'est mon cheval.""}",C'est mon cheval.,False,1,0,True,True,False,True,,True,,True,"{""reason"":""detector_match"",""detected"":""fr"",""confidence"":1.0}",True,[],[],True,,"{""errors"":[]}",True,[],True,1,0,True,True,False,100,100,2470,14,2484,0,0,1228.3,1291,8,1299,0,0,1098.6
6e1cc8cb476f78fa1631,1443,haiku-4-5,managed-prompt,tatoeba,nb,fr,Han har dobbelt so mange bøker som meg.,Il a deux fois plus de livres que moi.,"{""c"":""Il a deux fois plus de livres que moi.""}",Il a deux fois plus de livres que moi.,False,1,0,True,True,False,True,,True,,True,"{""reason"":""detector_match"",""detected"":""fr"",""confidence"":1.0}",True,[],[],True,,"{""errors"":[]}",True,[],True,1,0,True,True,False,100,100,2477,19,2496,0,0,1218.9,1308,8,1316,0,0,1225.61
9d51ff5ba0034f2618d4,1444,haiku-4-5,managed-prompt,tatoeba,nb,fr,"Det kommer til å regne snart, bare se på de mørke skyene.","Il va bientôt pleuvoir, regarde ces nuages noirs.","{""c"":""Il va pleuvoir bientôt, regarde juste les nuages sombres.""}","Il va pleuvoir bientôt, regarde juste les nuages sombres.",False,1,0,True,True,False,True,,True,,True,"{""reason"":""detector_match"",""detected"":""fr"",""confidence"":1.0}",True,[],[],True,,"{""errors"":[]}",True,[],True,1,0,True,True,False,100,100,2482,28,2510,0,0,1173.16,1328,8,1336,0,0,1222.43
0be996a0bc70eb1ec883,1445,haiku-4-5,managed-prompt,tatoeba,nb,fr,Jeg heter Jack.,Je m'appelle Jack.,"{""c"":""Je m'appelle Jack.""}",Je m'appelle Jack.,False,1,0,True,True,False,True,,True,,,"{""reason"":""detector_inconclusive"",""detected"":""sv"",""confidence"":0.5714}",True,[],[],True,,"{""errors"":[]}",True,[],True,1,0,True,True,False,100,100,2470,14,2484,0,0,974.86,1291,8,1299,0,0,1265.19
81017c9bb2b2e9b919e7,1446,haiku-4-5,managed-prompt,tatoeba,nb,fr,Vi såg fotballkampen på TV.,Nous avons vu le match de football à la télévision.,"{""c"":""Nous avons regardé le match de football à la télévision.""}",Nous avons regardé le match de football à la télévision.,False,1,0,True,True,False,True,,True,,True,"{""reason"":""detector_match"",""detected"":""fr"",""confidence"":1.0}",True,[],[],True,,"{""errors"":[]}",True,[],True,1,0,True,True,False,100,100,2475,23,2498,0,0,1093.54,1314,8,1322,0,0,1218.0
47e5dbc8017fc136560f,1447,haiku-4-5,managed-prompt,tatoeba,nb,fr,Sett spillet på pause.,Mettez le jeu en pause.,"{""c"":""Mettez le jeu en pause.""}",Mettez le jeu en pause.,False,1,0,True,True,False,True,,True,,True,"{""reason"":""detector_match"",""detected"":""fr"",""confidence"":1.0}",True,[],[],True,,"{""errors"":[]}",True,[],True,1,0,True,True,False,100,100,2472,17,2489,0,0,1281.87,1299,8,1307,0,0,1281.61
56b9e58d4feca80e8b1c,1448,haiku-4-5,managed-prompt,tatoeba,nb,fr,Ho er rett bak deg.,Elle est juste derrière toi.,"{""c"":""Il est juste derrière toi.""}",Il est juste derrière toi.,False,1,0,True,True,False,True,,True,,True,"{""reason"":""detector_match"",""detected"":""fr"",""confidence"":1.0}",True,[],[],True,,"{""errors"":[]}",True,[],True,1,0,True,True,False,100,100,2472,17,2489,0,0,1064.93,1299,8,1307,0,0,1244.36
e8d59412d0a831bd3b9c,1449,haiku-4-5,managed-prompt,tatoeba,nb,fr,Få studenter kan forstå latin.,Il y a peu d’étudiants qui comprennent le latin.,"{""c"":""Peu d'étudiants peuvent comprendre le latin.""}",Peu d'étudiants peuvent comprendre le latin.,False,1,0,True,True,False,True,,True,,True,"{""reason"":""detector_match"",""detected"":""fr"",""confidence"":1.0}",True,[],[],True,,"{""errors"":[]}",True,[],True,1,0,True,True,False,100,100,2474,21,2495,0,0,1308.42,1312,8,1320,0,0,1241.18
14a93234768fd10b740a,1450,haiku-4-5,managed-prompt,tatoeba,nb,it,Verden trenger meg ikke.,Il mondo non ha bisogno di me.,"{""c"":""Il mondo non ha bisogno di me.""}",Il mondo non ha bisogno di me.,False,1,0,True,True,False,True,,True,,True,"{""reason"":""detector_match"",""detected"":""it"",""confidence"":1.0}",True,[],[],True,,"{""errors"":[]}",True,[],True,1,0,True,True,False,100,100,2471,17,2488,0,0,1055.02,1298,8,1306,0,0,1190.08
fee1fb97a3a00b813f8d,1451,haiku-4-5,managed-prompt,tatoeba,nb,it,Fire øyne ser mer enn to.,Quattro occhi vedono più di due.,"{""c"":""Due occhi vedono più di uno.""}",Due occhi vedono più di uno.,False,1,0,True,True,False,True,,True,,True,"{""reason"":""detector_match"",""detected"":""it"",""confidence"":1.0}",True,[],[],True,,"{""errors"":[{""category"":""accuracy"",""severity"":""critical""}]}",False,"[{""category"":""accuracy"",""severity"":""critical""}]",True,1,0,True,True,False,60,60,2473,16,2489,0,0,1307.29,1300,17,1317,0,0,1357.58
51830ed56b69598e5cbd,1452,haiku-4-5,managed-prompt,tatoeba,nb,it,Kan du komme på festen?,Puoi venire alla festa?,"{""c"":""Puoi venire alla festa?""}",Puoi venire alla festa?,False,1,0,True,True,False,True,,True,,True,"{""reason"":""detector_match"",""detected"":""it"",""confidence"":1.0}",True,[],[],True,,"{""errors"":[]}",True,[],True,1,0,True,True,False,100,100,2473,15,2488,0,0,1123.18,1298,8,1306,0,0,1232.7
36057ccf228252ac551d,1453,haiku-4-5,managed-prompt,tatoeba,nb,it,Jeg liker bølgene i Svartehavet.,Mi piacciono le onde del Mar Nero.,"{""c"":""Mi piacciono le onde del Mar Nero.""}",Mi piacciono le onde del Mar Nero.,False,1,0,True,True,False,True,,True,,True,"{""reason"":""detector_match"",""detected"":""it"",""confidence"":1.0}",True,[],[],True,,"{""errors"":[]}",True,[],True,1,0,True,True,False,100,100,2479,18,2497,0,0,1372.07,1308,8,1316,0,0,1193.87
acec47abe1e0ee0f708d,1454,haiku-4-5,managed-prompt,tatoeba,nb,it,Jeg begriper ikke hvordan hun gjorde det. Det var et mirakel.,Non so come abbia fatto questo. Questo era un miracolo.,"{""c"":""Non capisco come l'abbia fatto. È stato un miracolo.""}",Non capisco come l'abbia fatto. È stato un miracolo.,False,1,0,True,True,False,True,,True,,True,"{""reason"":""detector_match"",""detected"":""it"",""confidence"":1.0}",True,[],[],True,,"{""errors"":[]}",True,[],True,1,0,True,True,False,100,100,2482,23,2505,0,0,1439.03,1320,8,1328,0,0,1234.87
b52a180258861dc1df72,1455,haiku-4-5,managed-prompt,tatoeba,nb,it,Dette er et paradoks. Men forskerne har sikkert en forklaring.,Questo è un paradosso. Ma gli scienziati hanno certamente una spiegazione.,"{""c"":""Questo è un paradosso. Ma i ricercatori hanno sicuramente una spiegazione.""}",Questo è un paradosso. Ma i ricercatori hanno sicuramente una spiegazione.,False,1,0,True,True,False,True,,True,,True,"{""reason"":""detector_match"",""detected"":""it"",""confidence"":1.0}",True,[],[],True,,"{""errors"":[]}",True,[],True,1,0,True,True,False,100,100,2482,29,2511,0,0,1068.37,1333,8,1341,0,0,1118.21
f3da28f2d83f0f74fde0,1456,haiku-4-5,managed-prompt,tatoeba,nb,it,Skogsstien var helt dekket med snø.,Il sentiero della foresta è stato completamente coperto di neve.,"{""c"":""Il sentiero del bosco era completamente coperto di neve.""}",Il sentiero del bosco era completamente coperto di neve.,False,1,0,True,True,False,True,,True,,True,"{""reason"":""detector_match"",""detected"":""it"",""confidence"":1.0}",True,[],[],True,,"{""errors"":[]}",True,[],True,1,0,True,True,False,100,100,2477,21,2498,0,0,1115.33,1313,8,1321,0,0,2754.35
93fcdccea80ce4cdca9d,1457,haiku-4-5,managed-prompt,tatoeba,nb,it,Min bestemor hadde veldig fornuftige synspunkter.,Mia nonna aveva opinioni molto ragionevoli.,"{""c"":""Mia nonna aveva punti di vista molto sensati.""}",Mia nonna aveva punti di vista molto sensati.,False,1,0,True,True,False,True,,True,,True,"{""reason"":""detector_match"",""detected"":""it"",""confidence"":1.0}",True,[],[],True,,"{""errors"":[]}",True,[],True,1,0,True,True,False,100,100,2480,21,2501,0,0,1274.7,1315,8,1323,0,0,1232.83
948de02101523eca3b33,1458,haiku-4-5,managed-prompt,tatoeba,nb,it,"Jeg kan nesten ikke si noe. Jeg kan bare si at været her er vakkert og at folk fra nord, rammet av frost, gjør det bra her, fordi solen skinner flott og luften er varm.","Quasi non posso dire nulla, posso solo dire che il tempo qui è bello e che un residente del nord, colpito dal gelo, sta facendo bene alla luce del sole e all'aria calda.","{""c"":""Quasi non riesco a dire nulla. Posso solo dire che il tempo qui è bellissimo e che le persone dal nord, colpite dal gelo, stanno bene qui, perché il sole splende magnificamente e l'aria è calda.""}","Quasi non riesco a dire nulla. Posso solo dire che il tempo qui è bellissimo e che le persone dal nord, colpite dal gelo, stanno bene qui, perché il sole splende magnificamente e l'aria è calda.",False,1,0,True,True,False,True,,True,,True,"{""reason"":""detector_match"",""detected"":""it"",""confidence"":1.0}",True,[],[],True,,"{""errors"":[]}",True,[],True,1,0,True,True,False,100,100,2519,67,2586,0,0,1617.04,1438,8,1446,0,0,1138.14
0d57c2e06644e621881e,1459,haiku-4-5,managed-prompt,tatoeba,nb,it,Tom nølte lenge før han svarte.,Tom esitò a lungo prima di rispondere.,"{""c"":""Tom ha esitato a lungo prima di rispondere.""}",Tom ha esitato a lungo prima di rispondere.,False,1,0,True,True,False,True,,True,,True,"{""reason"":""detector_match"",""detected"":""it"",""confidence"":1.0}",True,[],[],True,,"{""errors"":[]}",True,[],True,1,0,True,True,False,100,100,2475,19,2494,0,0,1060.29,1305,8,1313,0,0,1318.65
aaac64647044542e1603,1460,haiku-4-5,managed-prompt,tatoeba,nb,jp,Skjerp deg!,いいかげんにして。,"{""c"":""しっかりしろ!""}",しっかりしろ!,False,1,0,True,True,False,True,,True,,True,"{""reason"":""target_script_present"",""detected"":""ja"",""confidence"":1.0}",True,[],[],True,,"{""errors"":[]}",True,[],True,1,0,True,True,False,100,100,2470,15,2485,0,0,1154.18,1294,8,1302,0,0,1326.55
7ce2bc18ff97bd507cdc,1461,haiku-4-5,managed-prompt,tatoeba,nb,jp,Denne regelen gjelder deg også.,この規則はあなたにも当てはまる。,"{""c"":""このルールはあなたにも適用されます。""}",このルールはあなたにも適用されます。,False,1,0,True,True,False,True,,True,,True,"{""reason"":""target_script_present"",""detected"":""ja"",""confidence"":1.0}",True,[],[],True,,"{""errors"":[]}",True,[],True,1,0,True,True,False,100,100,2474,21,2495,0,0,1075.23,1312,8,1320,0,0,1598.27
e6545bf676cfb1eabf0a,1462,haiku-4-5,managed-prompt,tatoeba,nb,jp,Jeg er best.,私は最高だ。,"{""c"":""俺が最高だ。""}",俺が最高だ。,False,1,0,True,True,False,True,,True,,True,"{""reason"":""target_script_present"",""detected"":""ja"",""confidence"":1.0}",True,[],[],True,,"{""errors"":[{""category"":""tone"",""severity"":""minor""}]}",True,"[{""category"":""tone"",""severity"":""minor""}]",True,1,0,True,True,False,97,97,2469,15,2484,0,0,1104.43,1293,17,1310,0,0,1294.39
8dbad8a82478fa187be1,1463,haiku-4-5,managed-prompt,tatoeba,nb,jp,Jeg må gå og handle. Jeg er tilbake innen en time.,買い物に行かなければならない。一時間で戻るよ。,"{""c"":""買い物に行かなければなりません。1時間以内に戻ります。""}",買い物に行かなければなりません。1時間以内に戻ります。,False,1,0,True,True,False,True,,True,,True,"{""reason"":""target_script_present"",""detected"":""ja"",""confidence"":1.0}",True,[],"[{""code"":""number_not_exact"",""expected"":{},""actual"":{""1"":1}}]",True,,"{""errors"":[]}",True,[],True,1,0,True,True,False,97,97,2483,30,2513,0,0,1183.7,1336,8,1344,0,0,1207.6
64cb540f4718d5575ad3,1464,haiku-4-5,managed-prompt,tatoeba,nb,jp,Vi laget pannekaker til frokost.,私たちは朝食にパンケーキを作った。,"{""c"":""朝食にパンケーキを作りました。""}",朝食にパンケーキを作りました。,False,1,0,True,True,False,True,,True,,True,"{""reason"":""target_script_present"",""detected"":""ja"",""confidence"":1.0}",True,[],[],True,,"{""errors"":[]}",True,[],True,1,0,True,True,False,100,100,2475,21,2496,0,0,1210.89,1315,8,1323,0,0,1208.19
b56b4306bd40a9e942d9,1465,haiku-4-5,managed-prompt,tatoeba,nb,jp,Vil du ha en kopp te til?,もう一杯お茶をいただきませんか。,"{""c"":""お茶をいかがですか？""}",お茶をいかがですか？,False,1,0,True,True,False,True,,True,,True,"{""reason"":""target_script_present"",""detected"":""ja"",""confidence"":1.0}",True,[],[],True,,"{""errors"":[{""category"":""accuracy"",""severity"":""major""}]}",False,"[{""category"":""accuracy"",""severity"":""major""}]",True,1,0,True,True,False,85,85,2474,17,2491,0,0,1696.07,1310,17,1327,0,0,1273.34
447fdd67adbdc68a61db,1466,haiku-4-5,managed-prompt,tatoeba,nb,jp,Fort deg!,急いで！,"{""c"":""要塞 deg!""}",要塞 deg!,False,1,0,True,True,False,True,,True,,,"{""reason"":""too_short_for_language_detection"",""detected"":null,""confidence"":null}",True,[],[],True,,"{""errors"":[{""category"":""accuracy"",""severity"":""critical""},{""category"":""terminology"",""severity"":""major""}]}",False,"[{""category"":""accuracy"",""severity"":""critical""},{""category"":""terminology"",""severity"":""major""}]",True,1,0,True,True,False,45,45,2467,13,2480,0,0,1127.94,1285,26,1311,0,0,1323.04
cd69dcb7d86c69e1317f,1467,haiku-4-5,managed-prompt,tatoeba,nb,jp,Oversettelsen er meget tro mot originalen.,その翻訳は原文に極めて忠実である。,"{""c"":""翻訳は元のテキストに非常に忠実です。""}",翻訳は元のテキストに非常に忠実です。,False,1,0,True,True,False,True,,True,,True,"{""reason"":""target_script_present"",""detected"":""ja"",""confidence"":1.0}",True,[],[],True,,"{""errors"":[]}",True,[],True,1,0,True,True,False,100,100,2476,26,2502,0,0,1229.31,1321,8,1329,0,0,1182.1
cf888436bfd8db0ca1ce,1468,haiku-4-5,managed-prompt,tatoeba,nb,jp,Japanere liker å reise i gruppe.,日本人は集団で旅行するのが好きだ。,"{""c"":""日本人は団体で旅行するのが好きです。""}",日本人は団体で旅行するのが好きです。,False,1,0,True,True,False,True,,True,,True,"{""reason"":""target_script_present"",""detected"":""ja"",""confidence"":1.0}",True,[],[],True,,"{""errors"":[]}",True,[],True,1,0,True,True,False,100,100,2476,24,2500,0,0,1439.15,1320,8,1328,0,0,1184.66
d2ea6fb97da78ee9cc84,1469,haiku-4-5,managed-prompt,tatoeba,nb,jp,"Ring meg med en gang, hvis noe skjer.",もし何か起こったら、すぐに電話をください。,"{""c"":""何か起きたら、すぐに私に電話してください。""}",何か起きたら、すぐに私に電話してください。,False,1,0,True,True,False,True,,True,,True,"{""reason"":""target_script_present"",""detected"":""ja"",""confidence"":1.0}",True,[],[],True,,"{""errors"":[]}",True,[],True,1,0,True,True,False,100,100,2476,25,2501,0,0,1214.98,1321,8,1329,0,0,1146.68
0dd8fe7a5c82d9631f1e,1470,haiku-4-5,managed-prompt,tatoeba,nb,nl,Tom er fremdeles utenfor.,Tom is nog steeds buiten.,"{""c"":""Tom is nog steeds buiten.""}",Tom is nog steeds buiten.,False,1,0,True,True,False,True,,True,,,"{""reason"":""detector_mismatch_uncertain"",""detected"":""af"",""confidence"":1.0}",True,[],[],True,,"{""errors"":[]}",True,[],True,1,0,True,True,False,100,100,2473,15,2488,0,0,947.41,1296,8,1304,0,0,1209.88
d9f7d3fccca26956baee,1471,haiku-4-5,managed-prompt,tatoeba,nb,nl,Hvor mye tid bruker du på Facebook?,Hoeveel tijd besteden jullie op Facebook?,"{""c"":""Hoeveel tijd besteed je aan Facebook?""}",Hoeveel tijd besteed je aan Facebook?,False,1,0,True,True,False,True,,True,,True,"{""reason"":""detector_match"",""detected"":""nl"",""confidence"":1.0}",True,[],[],True,,"{""errors"":[]}",True,[],True,1,0,True,True,False,100,100,2475,18,2493,0,0,1045.38,1307,8,1315,0,0,1097.94
687382c3cebf4962ceaa,1472,haiku-4-5,managed-prompt,tatoeba,nb,nl,Han er heldig som har en så god hustru.,Hij heeft geluk zo'n goede vrouw te hebben.,"{""c"":""Hij is gelukkig dat hij zo'n goede vrouw heeft.""}",Hij is gelukkig dat hij zo'n goede vrouw heeft.,False,1,0,True,True,False,True,,True,,True,"{""reason"":""detector_match"",""detected"":""nl"",""confidence"":1.0}",True,[],[],True,,"{""errors"":[]}",True,[],True,1,0,True,True,False,100,100,2476,24,2500,0,0,1134.62,1314,8,1322,0,0,1382.91
3cd3c54b1cf3090f96cd,1473,haiku-4-5,managed-prompt,tatoeba,nb,nl,Klimaet er behagelig.,Het klimaat is aangenaam.,"{""c"":""Het klimaat is aangenaam.""}",Het klimaat is aangenaam.,False,1,0,True,True,False,True,,True,,True,"{""reason"":""detector_match"",""detected"":""nl"",""confidence"":1.0}",True,[],[],True,,"{""errors"":[]}",True,[],True,1,0,True,True,False,100,100,2473,15,2488,0,0,1336.47,1296,8,1304,0,0,1281.48
cb3fcbf1a20c55d98e47,1474,haiku-4-5,managed-prompt,tatoeba,nb,nl,Hovedstaden i Japan er Tokyo.,De hoofdstad van Japan is Tokio.,"{""c"":""De hoofdstad van Japan is Tokyo.""}",De hoofdstad van Japan is Tokyo.,False,1,0,True,True,False,True,,True,,,"{""reason"":""detector_inconclusive"",""detected"":""nl"",""confidence"":0.7143}",True,[],[],True,,"{""errors"":[]}",True,[],True,1,0,True,True,False,100,100,2473,15,2488,0,0,1409.18,1298,8,1306,0,0,1060.9
0183e457a41ea68dbbc4,1475,haiku-4-5,managed-prompt,tatoeba,nb,nl,Penger er makt.,Geld is macht.,"{""c"":""Geld is macht.""}",Geld is macht.,False,1,0,True,True,False,True,,True,,True,"{""reason"":""detector_match"",""detected"":""nl"",""confidence"":1.0}",True,[],[],True,,"{""errors"":[]}",True,[],True,1,0,True,True,False,100,100,2471,13,2484,0,0,998.94,1290,8,1298,0,0,1300.02
2f74d61f4e8916237d10,1476,haiku-4-5,managed-prompt,tatoeba,nb,nl,Hun røyker 20 sigaretter om dagen.,Ze rookt twintig sigaretten per dag.,"{""c"":""Ze rookt 20 sigaretten per dag.""}",Ze rookt 20 sigaretten per dag.,False,1,0,True,True,False,True,,True,,,"{""reason"":""detector_inconclusive"",""detected"":""sv"",""confidence"":0.5714}",True,[],[],True,,"{""errors"":[]}",True,[],True,1,0,True,True,False,100,100,2477,19,2496,0,0,1053.13,1308,8,1316,0,0,1192.41
8f7a5adab7eceb391ba1,1477,haiku-4-5,managed-prompt,tatoeba,nb,nl,Ikke bekymre deg for oss.,Maak je geen zorgen over ons.,"{""c"":""Maak je geen zorgen om ons.""}",Maak je geen zorgen om ons.,False,1,0,True,True,False,True,,True,,True,"{""reason"":""detector_match"",""detected"":""nl"",""confidence"":1.0}",True,[],[],True,,"{""errors"":[]}",True,[],True,1,0,True,True,False,100,100,2474,18,2492,0,0,1097.01,1303,8,1311,0,0,1219.99
2102c2e105e0feb27a07,1478,haiku-4-5,managed-prompt,tatoeba,nb,nl,Han bor i en landsby.,Hij woont in een dorp.,"{""c"":""Hij woont in een dorp.""}",Hij woont in een dorp.,False,1,0,True,True,False,True,,True,,True,"{""reason"":""detector_match"",""detected"":""nl"",""confidence"":1.0}",True,[],[],True,,"{""errors"":[]}",True,[],True,1,0,True,True,False,100,100,2472,15,2487,0,0,1094.62,1295,8,1303,0,0,1269.73
2c0860ff756e2fd3ef71,1479,haiku-4-5,managed-prompt,tatoeba,nb,nl,Jeg var hjemme.,Ik was thuis.,"{""c"":""Ik was thuis.""}",Ik was thuis.,False,1,0,True,True,False,True,,True,,,"{""reason"":""detector_inconclusive"",""detected"":""en"",""confidence"":0.5714}",True,[],[],True,,"{""errors"":[]}",True,[],True,1,0,True,True,False,100,100,2471,14,2485,0,0,1385.12,1292,8,1300,0,0,1372.86
