record_id,sample_index,model_name,model_id,dataset,src,tgt,raw,ref,trans_raw,trans,translation_structured,call_attempts,call_retries,first_call_success,first_output_valid,recovered_by_retry,call_success,call_error,format_valid,format_error,language_valid,language_check,policy_pass,policy_violations,policy_warnings,judge_success,judge_error,judge_raw,judge_acceptable,judge_errors,judge_structured,judge_attempts,judge_retries,judge_first_call_success,judge_first_output_valid,judge_recovered_by_retry,translation_score,score,input_tokens,output_tokens,total_tokens,latency_ms,judge_input_tokens,judge_output_tokens,judge_total_tokens,judge_latency_ms
17bb227d208b5fd75004,0,nova-pro,arn:aws:bedrock:us-west-2:686465264859:prompt/7ZJL56AKIU,mtnt,en,fr,"The notion of sharing is clearly less present but by deleting progressively, it works very well, does not it?","La notion de partage est clairement moins là mais en supprimant au fur et à mesure ça passe très bien, non ?","{""c"":""La notion de partage est clairement moins présente mais en supprimant progressivement, cela fonctionne très bien, n'est-ce pas?""}","La notion de partage est clairement moins présente mais en supprimant progressivement, cela fonctionne très bien, n'est-ce pas?",False,1,0,True,True,False,True,,True,,True,"{""reason"":""detector_match"",""detected"":""fr"",""confidence"":1.0}",True,[],[],True,,"{""errors"":[]}",True,[],True,1,0,True,True,False,100,100,37,35,1504,5334.33,1364,8,1372,26762.14
2636c8d9e9eb1de3cd87,1,nova-pro,arn:aws:bedrock:us-west-2:686465264859:prompt/7ZJL56AKIU,mtnt,en,fr,(Less bulky U locks exist),(Il existe des U moins encombrant),"{""c"":""Il existe des U-locks moins volumineux""}",Il existe des U-locks moins volumineux,False,1,0,True,True,False,True,,True,,True,"{""reason"":""detector_match"",""detected"":""fr"",""confidence"":1.0}",True,[],[],True,,"{""errors"":[]}",True,[],True,1,0,True,True,False,100,100,14,16,1470,6331.81,1298,8,1306,9641.4
c3651eb69dbb3ba8d285,2,nova-pro,arn:aws:bedrock:us-west-2:686465264859:prompt/7ZJL56AKIU,mtnt,en,fr,I'm hesitating to pass the VTC licence to combine it to my translation work while waiting to be skilled enough in Web Development for a reconversion.,J'hésite à passer la licence VTC pour cumuler avec mon activité de traducteur en attendant d'être assez calé en développement Web pour une reconversion.,"{""c"":""J'hésite à passer le permis VTC pour le combiner à mon travail de traduction en attendant d'\u00eatre suffisamment qualifié en développement web pour une reconversion.""}",J'hésite à passer le permis VTC pour le combiner à mon travail de traduction en attendant d'être suffisamment qualifié en développement web pour une reconversion.,False,1,0,True,True,False,True,,True,,True,"{""reason"":""detector_match"",""detected"":""fr"",""confidence"":1.0}",True,[],[],True,,"{""errors"":[]}",True,[],True,1,0,True,True,False,100,100,48,45,1523,5504.95,1389,8,1397,24830.3
d31048aa9599915016f9,3,nova-pro,arn:aws:bedrock:us-west-2:686465264859:prompt/7ZJL56AKIU,mtnt,en,fr,"If in doubt, fiddle with the doc.",Dans le doute bidouille le doc.,"{""c"":""En cas de doute, bricolez avec le document.""}","En cas de doute, bricolez avec le document.",False,1,0,True,True,False,True,,True,,,"{""reason"":""detector_inconclusive"",""detected"":""fr"",""confidence"":0.7143}",True,[],[],True,,"{""errors"":[]}",True,[],True,1,0,True,True,False,100,100,17,17,1473,4284.6,1304,8,1312,24851.61
dc814cb1d0ff1d330eff,4,nova-pro,arn:aws:bedrock:us-west-2:686465264859:prompt/7ZJL56AKIU,mtnt,en,fr,Could she be a servant of eviiiiiiiil?,Serait-ce une envoyée du Maaaaaal?,"{""c"":""Pourrait-elle \u00eatre une servante du maaaaaaal?""}",Pourrait-elle être une servante du maaaaaaal?,False,1,0,True,True,False,True,,True,,True,"{""reason"":""detector_match"",""detected"":""fr"",""confidence"":1.0}",True,[],[],True,,"{""errors"":[]}",True,[],True,1,0,True,True,False,100,100,16,24,1483,2480.23,1316,8,1324,18853.87
af25fcd265c58d49db7e,5,nova-pro,arn:aws:bedrock:us-west-2:686465264859:prompt/7ZJL56AKIU,mtnt,en,fr,Two out of three devices sold by Apple are still in use!,Deux appareils sur trois vendus par Apple sont toujours en utilisation !,"{""c"":""Deux appareils sur trois vendus par Apple sont toujours en service!""}",Deux appareils sur trois vendus par Apple sont toujours en service!,False,1,0,True,True,False,True,,True,,True,"{""reason"":""detector_match"",""detected"":""fr"",""confidence"":1.0}",True,[],[],True,,"{""errors"":[]}",True,[],True,1,0,True,True,False,100,100,23,21,1481,3437.3,1322,8,1330,24825.57
2fc08723ff98d14c12ff,6,nova-pro,arn:aws:bedrock:us-west-2:686465264859:prompt/7ZJL56AKIU,mtnt,en,fr,"I knew the content would be epic, I didn't know how much.","Je sentais bien que le contenu pouvait être collector, je ne me doutais pas à quel point.","{""c"":""Je savais que le contenu serait épique, mais je ne savais pas à quel point. -> fr""}","Je savais que le contenu serait épique, mais je ne savais pas à quel point. -> fr",False,1,0,True,True,False,True,,True,,True,"{""reason"":""detector_match"",""detected"":""fr"",""confidence"":1.0}",True,[],[],True,,"{""errors"":[{""category"":""preservation"",""severity"":""critical""}]}",False,"[{""category"":""preservation"",""severity"":""critical""}]",True,1,0,True,True,False,60,60,28,30,1493,1433.62,1338,17,1355,25784.63
6f21256a94d8a01faf91,7,nova-pro,arn:aws:bedrock:us-west-2:686465264859:prompt/7ZJL56AKIU,mtnt,en,fr,Despite all this I managed to get around it thanks to the power of the brain.,"Après malgré ça, j'ai réussi à contourner ce problème grâce aux pouvoirs du cerveau.","{""c"":""Malgr\u00e9 tout cela, j'ai r\u00e9ussi \u00e0 le contourner gr\u00e2ce \u00e0 la puissance du cerveau.""}","Malgré tout cela, j'ai réussi à le contourner grâce à la puissance du cerveau.",False,1,0,True,True,False,True,,True,,True,"{""reason"":""detector_match"",""detected"":""fr"",""confidence"":1.0}",True,[],[],True,,"{""errors"":[]}",True,[],True,1,0,True,True,False,100,100,29,56,1520,4819.25,1350,8,1358,18919.11
855cdd7f327048173108,8,nova-pro,arn:aws:bedrock:us-west-2:686465264859:prompt/7ZJL56AKIU,mtnt,en,fr,What do you live for?,Quel est votre but dans la vie ?,"{""c"":""Pour quoi vivez-vous?""}",Pour quoi vivez-vous?,False,1,0,True,True,False,True,,True,,True,"{""reason"":""detector_match"",""detected"":""fr"",""confidence"":1.0}",True,[],[],True,,"{""errors"":[{""category"":""fluency"",""severity"":""minor""}]}",True,"[{""category"":""fluency"",""severity"":""minor""}]",True,1,0,True,True,False,97,97,12,14,1467,746.89,1299,18,1317,1385.03
630fb95f6850d74a9773,9,nova-pro,arn:aws:bedrock:us-west-2:686465264859:prompt/7ZJL56AKIU,mtnt,en,fr,"Aaaaaaaah.... 8 years later, I've just realized.... :o damn I had the feeling that I was missing something considering the upvotes.","Aaaaaaaah.... 8 ans après, je viens de percuter....  :o 'tain je me disais bien que je passais à côté d'un truc vu les upvotes.","{""c"":""Aaaaaaaah.... 8 ans plus tard, je viens de réaliser.... :o mince j'avais le sentiment que je manquais quelque chose vu les upvotes.""}","Aaaaaaaah.... 8 ans plus tard, je viens de réaliser.... :o mince j'avais le sentiment que je manquais quelque chose vu les upvotes.",False,1,0,True,True,False,True,,True,,True,"{""reason"":""detector_match"",""detected"":""fr"",""confidence"":1.0}",True,[],[],True,,"{""errors"":[]}",True,[],True,1,0,True,True,False,100,100,46,46,1528,781.25,1402,8,1410,1259.7
168ed67b0a086511f40d,10,nova-pro,arn:aws:bedrock:us-west-2:686465264859:prompt/7ZJL56AKIU,mtnt,en,jp,It’s okay to be ahead of the curve tho.,彼はでもちょっと先に行っても良いと思います。,"{""c"":""先を行っても大丈夫だけど。""}",先を行っても大丈夫だけど。,False,1,0,True,True,False,True,,True,,True,"{""reason"":""target_script_present"",""detected"":""ja"",""confidence"":1.0}",True,[],[],True,,"{""errors"":[]}",True,[],True,1,0,True,True,False,100,100,22,14,1474,880.21,1319,8,1327,1250.05
4da2606d02f686f4cf67,11,nova-pro,arn:aws:bedrock:us-west-2:686465264859:prompt/7ZJL56AKIU,mtnt,en,jp,"Sure, but the VR aspect of the game was a shining crazy diamond when it came out.",そうだな、ただVRとしての観点からみれば、これは光り輝くダイヤモンドみたいなもんだ。,"{""c"":""確かに、ゲームのVR要素はリリース時に輝かしいクレイジーダイヤモンドでした。""}",確かに、ゲームのVR要素はリリース時に輝かしいクレイジーダイヤモンドでした。,False,1,0,True,True,False,True,,True,,True,"{""reason"":""target_script_present"",""detected"":""ja"",""confidence"":1.0}",True,[],[],True,,"{""errors"":[]}",True,[],True,1,0,True,True,False,100,100,32,28,1495,776.66,1375,8,1383,1251.82
bae788edc557b1efcc79,12,nova-pro,arn:aws:bedrock:us-west-2:686465264859:prompt/7ZJL56AKIU,mtnt,en,jp,>What do you do to jog your memory back when you forgot something?,"> あなたが何かを忘れてしまったとき,思い出すために何をしますか？","{""c"":""何か忘れたときに思い出すために何をしますか？""}",何か忘れたときに思い出すために何をしますか？,False,1,0,True,True,False,True,,True,,True,"{""reason"":""target_script_present"",""detected"":""ja"",""confidence"":1.0}",True,[],[],True,,"{""errors"":[]}",True,[],True,1,0,True,True,False,100,100,26,18,1481,798.78,1338,8,1346,1109.34
6c91bea746ab6d6d280d,13,nova-pro,arn:aws:bedrock:us-west-2:686465264859:prompt/7ZJL56AKIU,mtnt,en,jp,N-o w-a-y!,ちーがーうーだーろー！,"{""c"":""まさか!""}",まさか!,False,1,0,True,True,False,True,,True,,True,"{""reason"":""target_script_present"",""detected"":""ja"",""confidence"":1.0}",True,[],[],True,,"{""errors"":[]}",True,[],True,1,0,True,True,False,100,100,17,9,1466,723.35,1297,8,1305,1222.52
b1d0ccc36d04d6462249,14,nova-pro,arn:aws:bedrock:us-west-2:686465264859:prompt/7ZJL56AKIU,mtnt,en,jp,My sweet Anzu…,我が愛しのあんずちゃん……,"{""c"":""私の甘い杏…""}",私の甘い杏…,False,1,0,True,True,False,True,,True,,True,"{""reason"":""target_script_present"",""detected"":""ja"",""confidence"":1.0}",True,[],[],True,,"{""errors"":[{""category"":""preservation"",""severity"":""major""}]}",False,"[{""category"":""preservation"",""severity"":""major""}]",True,1,0,True,True,False,85,85,9,12,1465,950.44,1302,17,1319,1305.48
d67068d75bb48a7659ac,15,nova-pro,arn:aws:bedrock:us-west-2:686465264859:prompt/7ZJL56AKIU,mtnt,en,jp,Anyone know if you can fit a T25 keyboard to a T470s or T480s?,T25のキーボードが、T470sかT480sに繋げれるかわかる人いる？,"{""c"":""T25キーボードをT470sやT480sに取り付けられるか知っている人はいますか？""}",T25キーボードをT470sやT480sに取り付けられるか知っている人はいますか？,False,1,0,True,True,False,True,,True,,True,"{""reason"":""target_script_present"",""detected"":""ja"",""confidence"":1.0}",True,[],[],True,,"{""errors"":[]}",True,[],True,1,0,True,True,False,100,100,34,33,1506,1060.05,1356,8,1364,1236.48
fdf5ee10001c558d9c95,16,nova-pro,arn:aws:bedrock:us-west-2:686465264859:prompt/7ZJL56AKIU,mtnt,en,jp,"By the way, what did you go to do at the Pyeongchang Olympics!",ところで、平昌オリンピックに何しに行ったの〜！,"{""c"":""ところで、平昌オリンピックで何をしに行ったの？""}",ところで、平昌オリンピックで何をしに行ったの？,False,1,0,True,True,False,True,,True,,True,"{""reason"":""target_script_present"",""detected"":""ja"",""confidence"":1.0}",True,[],[],True,,"{""errors"":[]}",True,[],True,1,0,True,True,False,100,100,26,19,1482,1031.78,1338,8,1346,1123.05
3f83bfc00fa03930d33a,17,nova-pro,arn:aws:bedrock:us-west-2:686465264859:prompt/7ZJL56AKIU,mtnt,en,jp,Is it possible for anyone to either ask in person or ring them?,誰かお店に直接行って確認、または電話で確認することができますか？,"{""c"":""誰かが直接尋ねるか、電話をかけることは可能ですか？""}",誰かが直接尋ねるか、電話をかけることは可能ですか？,False,1,0,True,True,False,True,,True,,True,"{""reason"":""target_script_present"",""detected"":""ja"",""confidence"":1.0}",True,[],[],True,,"{""errors"":[]}",True,[],True,1,0,True,True,False,100,100,25,19,1481,807.07,1338,8,1346,1130.64
7d1412a2fc5df928a4da,18,nova-pro,arn:aws:bedrock:us-west-2:686465264859:prompt/7ZJL56AKIU,mtnt,en,jp,Let me know what you think!,どう思うか教えてくれよ！,"{""c"":""どう思うか教えて！""}",どう思うか教えて！,False,1,0,True,True,False,True,,True,,True,"{""reason"":""target_script_present"",""detected"":""ja"",""confidence"":1.0}",True,[],[],True,,"{""errors"":[]}",True,[],True,1,0,True,True,False,100,100,14,12,1467,715.92,1302,8,1310,1238.53
da144485b71fb347c385,19,nova-pro,arn:aws:bedrock:us-west-2:686465264859:prompt/7ZJL56AKIU,mtnt,en,jp,95% of Tanks in Mythic Dungeon Invitational are Blood DKs,ミシック・ダンジョン・インビテーショナルに出てくるタンクの９５％はブラッドDK。,"{""c"":""ミスティックダンジョンインビテーショナルのタンクの95％はブラッドDKです->""}",ミスティックダンジョンインビテーショナルのタンクの95％はブラッドDKです->,False,1,0,True,True,False,True,,True,,True,"{""reason"":""target_script_present"",""detected"":""ja"",""confidence"":1.0}",True,[],[],True,,"{""errors"":[{""category"":""terminology"",""severity"":""major""},{""category"":""preservation"",""severity"":""critical""}]}",False,"[{""category"":""terminology"",""severity"":""major""},{""category"":""preservation"",""severity"":""critical""}]",True,1,0,True,True,False,45,45,20,27,1490,1049.07,1367,26,1393,1246.8
e64fbedcf79d88725ae9,20,nova-pro,arn:aws:bedrock:us-west-2:686465264859:prompt/7ZJL56AKIU,mtnt,fr,en,"La notion de partage est clairement moins là mais en supprimant au fur et à mesure ça passe très bien, non ?","The notion of sharing is clearly less present but by deleting progressively, it works very well, does not it?","{""c"":""The concept of sharing is clearly less present but by removing it gradually it works very well, right?""}","The concept of sharing is clearly less present but by removing it gradually it works very well, right?",False,1,0,True,True,False,True,,True,,True,"{""reason"":""detector_match"",""detected"":""en"",""confidence"":1.0}",True,[],[],True,,"{""errors"":[]}",True,[],True,1,0,True,True,False,100,100,39,25,1500,917.8,1347,8,1355,1173.1
51d73288db9a7d17ad8f,21,nova-pro,arn:aws:bedrock:us-west-2:686465264859:prompt/7ZJL56AKIU,mtnt,fr,en,(Il existe des U moins encombrant),(Less bulky U locks exist),"{""c"":""There are less bulky U (exists)""}",There are less bulky U (exists),False,1,0,True,True,False,True,,True,,True,"{""reason"":""detector_match"",""detected"":""en"",""confidence"":1.0}",True,[],[],True,,"{""errors"":[{""category"":""fluency"",""severity"":""major""},{""category"":""preservation"",""severity"":""minor""}]}",False,"[{""category"":""fluency"",""severity"":""major""},{""category"":""preservation"",""severity"":""minor""}]",True,1,0,True,True,False,82,82,16,13,1470,731.12,1296,27,1323,1366.56
ff01e5bd36629150f760,22,nova-pro,arn:aws:bedrock:us-west-2:686465264859:prompt/7ZJL56AKIU,mtnt,fr,en,J'hésite à passer la licence VTC pour cumuler avec mon activité de traducteur en attendant d'être assez calé en développement Web pour une reconversion.,I'm hesitating to pass the VTC licence to combine it to my translation work while waiting to be skilled enough in Web Development for a reconversion.,"{""c"":""I'm hesitating to get the VTC license to combine with my translation activity while waiting to be proficient enough in web development for a career change.""}",I'm hesitating to get the VTC license to combine with my translation activity while waiting to be proficient enough in web development for a career change.,False,1,0,True,True,False,True,,True,,True,"{""reason"":""detector_match"",""detected"":""en"",""confidence"":1.0}",True,[],[],True,,"{""errors"":[]}",True,[],True,1,0,True,True,False,100,100,48,35,1518,1073.87,1377,8,1385,1292.59
1bb81f8f4f1af9c1ae06,23,nova-pro,arn:aws:bedrock:us-west-2:686465264859:prompt/7ZJL56AKIU,mtnt,fr,en,Dans le doute bidouille le doc.,"If in doubt, fiddle with the doc.","{""c"":""When in doubt, tinker with the doc.""}","When in doubt, tinker with the doc.",False,1,0,True,True,False,True,,True,,True,"{""reason"":""detector_match"",""detected"":""en"",""confidence"":1.0}",True,[],[],True,,"{""errors"":[]}",True,[],True,1,0,True,True,False,100,100,14,14,1469,850.38,1301,8,1309,1182.43
6e920ecb8af2c71cb893,24,nova-pro,arn:aws:bedrock:us-west-2:686465264859:prompt/7ZJL56AKIU,mtnt,fr,en,Serait-ce une envoyée du Maaaaaal?,Could she be a servant of eviiiiiiiil?,"{""c"":""Could it be an envoy of the Eeeeevil?""}",Could it be an envoy of the Eeeeevil?,False,1,0,True,True,False,True,,True,,True,"{""reason"":""detector_match"",""detected"":""en"",""confidence"":1.0}",True,[],[],True,,"{""errors"":[]}",True,[],True,1,0,True,True,False,100,100,16,16,1475,799.37,1316,8,1324,1212.96
c7b02c359b26b5a920d5,25,nova-pro,arn:aws:bedrock:us-west-2:686465264859:prompt/7ZJL56AKIU,mtnt,fr,en,Deux appareils sur trois vendus par Apple sont toujours en utilisation !,Two out of three devices sold by Apple are still in use!,"{""c"":""Two out of three devices sold by Apple are still in use!""}",Two out of three devices sold by Apple are still in use!,False,1,0,True,True,False,True,,True,,True,"{""reason"":""detector_match"",""detected"":""en"",""confidence"":1.0}",True,[],[],True,,"{""errors"":[]}",True,[],True,1,0,True,True,False,100,100,22,18,1482,906.65,1317,8,1325,1261.8
9d1f4bca8d38f6a22d1e,26,nova-pro,arn:aws:bedrock:us-west-2:686465264859:prompt/7ZJL56AKIU,mtnt,fr,en,"Je sentais bien que le contenu pouvait être collector, je ne me doutais pas à quel point.","I knew the content would be epic, I didn't know how much.","{""c"":""I had a feeling the content could be collector's item, but I didn't realize to what extent.""}","I had a feeling the content could be collector's item, but I didn't realize to what extent.",False,1,0,True,True,False,True,,True,,True,"{""reason"":""detector_match"",""detected"":""en"",""confidence"":1.0}",True,[],[],True,,"{""errors"":[{""category"":""fluency"",""severity"":""minor""}]}",True,"[{""category"":""fluency"",""severity"":""minor""}]",True,1,0,True,True,False,97,97,33,28,1497,1057.11,1333,18,1351,1320.93
3f6b4eb7a96ead7595dc,27,nova-pro,arn:aws:bedrock:us-west-2:686465264859:prompt/7ZJL56AKIU,mtnt,fr,en,"Après malgré ça, j'ai réussi à contourner ce problème grâce aux pouvoirs du cerveau.",Despite all this I managed to get around it thanks to the power of the brain.,"{""c"":""After that, despite everything, I managed to work around this problem thanks to the powers of the brain.""}","After that, despite everything, I managed to work around this problem thanks to the powers of the brain.",False,1,0,True,True,False,True,,True,,True,"{""reason"":""detector_match"",""detected"":""en"",""confidence"":1.0}",True,[],[],True,,"{""errors"":[]}",True,[],True,1,0,True,True,False,100,100,31,26,1494,925.32,1341,8,1349,1213.94
52dad0bab6e94ac06320,28,nova-pro,arn:aws:bedrock:us-west-2:686465264859:prompt/7ZJL56AKIU,mtnt,fr,en,Quel est votre but dans la vie ?,What do you live for?,"{""c"":""What is your purpose in life?""}",What is your purpose in life?,False,1,0,True,True,False,True,,True,,True,"{""reason"":""detector_match"",""detected"":""en"",""confidence"":1.0}",True,[],[],True,,"{""errors"":[]}",True,[],True,1,0,True,True,False,100,100,16,12,1468,770.5,1297,8,1305,1307.43
6d9319e19b8d4532bb1a,29,nova-pro,arn:aws:bedrock:us-west-2:686465264859:prompt/7ZJL56AKIU,mtnt,fr,en,"Aaaaaaaah.... 8 ans après, je viens de percuter....  :o 'tain je me disais bien que je passais à côté d'un truc vu les upvotes.","Aaaaaaaah.... 8 years later, I've just realized.... :o damn I had the feeling that I was missing something considering the upvotes.","{""c"":""Aaaaaaaah.... 8 years later, I just realized.... :o Damn, I kept thinking I was missing something given the upvotes.""}","Aaaaaaaah.... 8 years later, I just realized.... :o Damn, I kept thinking I was missing something given the upvotes.",False,1,0,True,True,False,True,,True,,True,"{""reason"":""detector_match"",""detected"":""en"",""confidence"":1.0}",True,[],[],True,,"{""errors"":[]}",True,[],True,1,0,True,True,False,100,100,54,37,1531,1108.95,1390,8,1398,1182.35
a7fab527a7e8f85f0408,30,nova-pro,arn:aws:bedrock:us-west-2:686465264859:prompt/7ZJL56AKIU,mtnt,jp,en,彼はでもちょっと先に行っても良いと思います。,It’s okay to be ahead of the curve tho.,"{""c"":""He thinks it's okay to go a little further though.""}",He thinks it's okay to go a little further though.,False,1,0,True,True,False,True,,True,,True,"{""reason"":""detector_match"",""detected"":""en"",""confidence"":1.0}",True,[],[],True,,"{""errors"":[{""category"":""accuracy"",""severity"":""major""}]}",False,"[{""category"":""accuracy"",""severity"":""major""}]",True,1,0,True,True,False,85,85,6,18,1476,789.02,1316,17,1333,1195.55
86abc24aa6ac828c88a1,31,nova-pro,arn:aws:bedrock:us-west-2:686465264859:prompt/7ZJL56AKIU,mtnt,jp,en,そうだな、ただVRとしての観点からみれば、これは光り輝くダイヤモンドみたいなもんだ。,"Sure, but the VR aspect of the game was a shining crazy diamond when it came out.","{""c"":""Well, from a VR perspective, this is like a shining diamond.""}","Well, from a VR perspective, this is like a shining diamond.",False,1,0,True,True,False,True,,True,,True,"{""reason"":""detector_match"",""detected"":""en"",""confidence"":1.0}",True,[],[],True,,"{""errors"":[{""category"":""accuracy"",""severity"":""major""}]}",False,"[{""category"":""accuracy"",""severity"":""major""}]",True,1,0,True,True,False,85,85,13,19,1494,871.27,1351,17,1368,1292.95
ae3fd6a4d60811c959d2,32,nova-pro,arn:aws:bedrock:us-west-2:686465264859:prompt/7ZJL56AKIU,mtnt,jp,en,"> あなたが何かを忘れてしまったとき,思い出すために何をしますか？",>What do you do to jog your memory back when you forgot something?,"{""c"":""When you forget something, what do you do to remember it?""}","When you forget something, what do you do to remember it?",False,1,0,True,True,False,True,,True,,True,"{""reason"":""detector_match"",""detected"":""en"",""confidence"":1.0}",True,[],[],True,,"{""errors"":[{""category"":""preservation"",""severity"":""minor""}]}",True,"[{""category"":""preservation"",""severity"":""minor""}]",True,1,0,True,True,False,97,97,11,18,1484,941.42,1331,17,1348,1301.11
4961a9a22e75260c75ec,33,nova-pro,arn:aws:bedrock:us-west-2:686465264859:prompt/7ZJL56AKIU,mtnt,jp,en,ちーがーうーだーろー！,N-o w-a-y!,"{""c"":""That's not right!""}
",That's not right!,False,1,0,True,True,False,True,,True,,True,"{""reason"":""detector_match"",""detected"":""en"",""confidence"":1.0}",True,[],[],True,,"{""errors"":[{""category"":""accuracy"",""severity"":""minor""}]}",True,"[{""category"":""accuracy"",""severity"":""minor""}]",True,1,0,True,True,False,97,97,6,11,1470,799.06,1298,17,1315,1385.48
3a7a968144045d8dfef5,34,nova-pro,arn:aws:bedrock:us-west-2:686465264859:prompt/7ZJL56AKIU,mtnt,jp,en,我が愛しのあんずちゃん……,My sweet Anzu…,"{""c"":""My beloved Anzu-chan...""}",My beloved Anzu-chan...,False,1,0,True,True,False,True,,True,,True,"{""reason"":""detector_match"",""detected"":""en"",""confidence"":0.8571}",True,[],[],True,,"{""errors"":[]}",True,[],True,1,0,True,True,False,100,100,6,12,1469,789.3,1302,8,1310,1180.89
c9e2cdbc08b09f88c3cd,35,nova-pro,arn:aws:bedrock:us-west-2:686465264859:prompt/7ZJL56AKIU,mtnt,jp,en,T25のキーボードが、T470sかT480sに繋げれるかわかる人いる？,Anyone know if you can fit a T25 keyboard to a T470s or T480s?,"{""c"":""Does anyone know if the T25 keyboard can be connected to a T470s or T480s?""}",Does anyone know if the T25 keyboard can be connected to a T470s or T480s?,False,1,0,True,True,False,True,,True,,True,"{""reason"":""detector_match"",""detected"":""en"",""confidence"":1.0}",True,[],[],True,,"{""errors"":[]}",True,[],True,1,0,True,True,False,100,100,19,31,1506,778.79,1346,8,1354,1364.45
0ef5308a099c7fa8efc9,36,nova-pro,arn:aws:bedrock:us-west-2:686465264859:prompt/7ZJL56AKIU,mtnt,jp,en,ところで、平昌オリンピックに何しに行ったの〜！,"By the way, what did you go to do at the Pyeongchang Olympics!","{""c"":""By the way, what did you go to do at the Pyeongchang Olympics?!""}","By the way, what did you go to do at the Pyeongchang Olympics?!",False,1,0,True,True,False,True,,True,,True,"{""reason"":""detector_match"",""detected"":""en"",""confidence"":1.0}",True,[],[],True,,"{""errors"":[]}",True,[],True,1,0,True,True,False,100,100,9,21,1483,716.84,1336,8,1344,1200.08
a2da2aab8ae84b6ff5e2,37,nova-pro,arn:aws:bedrock:us-west-2:686465264859:prompt/7ZJL56AKIU,mtnt,jp,en,誰かお店に直接行って確認、または電話で確認することができますか？,Is it possible for anyone to either ask in person or ring them?,"{""c"":""Can someone go to the store directly to check, or confirm by phone?""}","Can someone go to the store directly to check, or confirm by phone?",False,1,0,True,True,False,True,,True,,True,"{""reason"":""detector_match"",""detected"":""en"",""confidence"":1.0}",True,[],[],True,,"{""errors"":[]}",True,[],True,1,0,True,True,False,100,100,9,20,1484,876.43,1326,8,1334,1164.01
96e9c219969c48d745b6,38,nova-pro,arn:aws:bedrock:us-west-2:686465264859:prompt/7ZJL56AKIU,mtnt,jp,en,どう思うか教えてくれよ！,Let me know what you think!,"{""c"":""Tell me what you think!""}",Tell me what you think!,False,1,0,True,True,False,True,,True,,True,"{""reason"":""detector_match"",""detected"":""en"",""confidence"":1.0}",True,[],[],True,,"{""errors"":[]}",True,[],True,1,0,True,True,False,100,100,6,11,1467,748.3,1298,8,1306,1139.14
2bc9dcbb951ce45eae21,39,nova-pro,arn:aws:bedrock:us-west-2:686465264859:prompt/7ZJL56AKIU,mtnt,jp,en,ミシック・ダンジョン・インビテーショナルに出てくるタンクの９５％はブラッドDK。,95% of Tanks in Mythic Dungeon Invitational are Blood DKs,"{""c"":""95% of tanks in the Mythic Dungeon Invitational are Blood DKs.""}",95% of tanks in the Mythic Dungeon Invitational are Blood DKs.,False,1,0,True,True,False,True,,True,,True,"{""reason"":""detector_match"",""detected"":""en"",""confidence"":1.0}",True,[],"[{""code"":""number_not_exact"",""expected"":{""９５"":1},""actual"":{""95"":1}}]",True,,"{""errors"":[]}",True,[],True,1,0,True,True,False,97,97,17,21,1493,747.51,1355,8,1363,1239.66
cbb2e995d783366a2fe9,40,nova-pro,arn:aws:bedrock:us-west-2:686465264859:prompt/7ZJL56AKIU,subtitle,da,de,Fotograferede du liget?,Haben Sie die Leichen photographiert?,"{""c"":""Hast du die Leiche fotografiert?""}",Hast du die Leiche fotografiert?,False,1,0,True,True,False,True,,True,,True,"{""reason"":""detector_match"",""detected"":""de"",""confidence"":1.0}",True,[],[],True,,"{""errors"":[]}",True,[],True,1,0,True,True,False,100,100,9,13,1467,969.75,1301,8,1309,1199.42
5ef8412fd948b9afb9b4,41,nova-pro,arn:aws:bedrock:us-west-2:686465264859:prompt/7ZJL56AKIU,subtitle,da,de,"Jeg tror ikke, det her er enden.","Ich glaube nicht, dass das das Ende ist.","{""c"":""Ich glaube nicht, dass dies das Ende ist.""}","Ich glaube nicht, dass dies das Ende ist.",False,1,0,True,True,False,True,,True,,True,"{""reason"":""detector_match"",""detected"":""de"",""confidence"":1.0}",True,[],[],True,,"{""errors"":[]}",True,[],True,1,0,True,True,False,100,100,17,15,1474,731.67,1309,8,1317,1250.07
ebd797d4ca38bee4ac6f,42,nova-pro,arn:aws:bedrock:us-west-2:686465264859:prompt/7ZJL56AKIU,subtitle,da,de,- Jeg blev også efterladt!,Sie haben mich auch zurückgelassen.,"{""c"":""Ich wurde auch zurückgelassen!""}",Ich wurde auch zurückgelassen!,False,1,0,True,True,False,True,,True,,True,"{""reason"":""detector_match"",""detected"":""de"",""confidence"":1.0}",True,[],[],True,,"{""errors"":[]}",True,[],True,1,0,True,True,False,100,100,12,11,1466,771.26,1299,8,1307,1257.99
a08d049c0a7982f5701f,43,nova-pro,arn:aws:bedrock:us-west-2:686465264859:prompt/7ZJL56AKIU,subtitle,da,de,- Det må vi så bare forklare politiet.,- Das müssen wir der Polizei erklären.,"{""c"":""Dann m\u00fcssen wir es einfach der Polizei erkl\u00e4ren.""}",Dann müssen wir es einfach der Polizei erklären.,False,1,0,True,True,False,True,,True,,True,"{""reason"":""detector_match"",""detected"":""de"",""confidence"":1.0}",True,[],[],True,,"{""errors"":[]}",True,[],True,1,0,True,True,False,100,100,17,29,1489,1030.86,1317,8,1325,1241.52
28cce90e5f391b083cb6,44,nova-pro,arn:aws:bedrock:us-west-2:686465264859:prompt/7ZJL56AKIU,subtitle,da,de,Ligesom jer. I er et samfund.,"So wie ihr, ihr seid auch eine Gemeinschaft.","{""c"":""Genau wie ihr. Ihr seid eine Gemeinschaft.""}",Genau wie ihr. Ihr seid eine Gemeinschaft.,False,1,0,True,True,False,True,,True,,True,"{""reason"":""detector_match"",""detected"":""de"",""confidence"":1.0}",True,[],[],True,,"{""errors"":[]}",True,[],True,1,0,True,True,False,100,100,16,16,1475,907.72,1313,8,1321,1236.93
c4cc9cb4f9015f851a91,45,nova-pro,arn:aws:bedrock:us-west-2:686465264859:prompt/7ZJL56AKIU,subtitle,da,de,Og den her ...,Und das hier.,"{""c"":""Und dieser hier... ->""}",Und dieser hier... ->,False,1,0,True,True,False,True,,True,,,"{""reason"":""detector_inconclusive"",""detected"":""de"",""confidence"":0.7143}",True,[],[],True,,"{""errors"":[{""category"":""preservation"",""severity"":""minor""}]}",True,"[{""category"":""preservation"",""severity"":""minor""}]",True,1,0,True,True,False,97,97,9,11,1462,760.98,1289,17,1306,1309.9
55071208b2f08b5352c3,46,nova-pro,arn:aws:bedrock:us-west-2:686465264859:prompt/7ZJL56AKIU,subtitle,da,de,Samarbejder du med Hunter?,So viel weiß ich. Arbeiten Sie mit Hunter zusammen?,"{""c"":""Arbeitest du mit Hunter zusammen?""}",Arbeitest du mit Hunter zusammen?,False,1,0,True,True,False,True,,True,,True,"{""reason"":""detector_match"",""detected"":""de"",""confidence"":1.0}",True,[],[],True,,"{""errors"":[{""category"":""tone"",""severity"":""minor""}]}",True,"[{""category"":""tone"",""severity"":""minor""}]",True,1,0,True,True,False,97,97,11,12,1467,763.5,1308,17,1325,1311.28
23df838803d52637e5ba,47,nova-pro,arn:aws:bedrock:us-west-2:686465264859:prompt/7ZJL56AKIU,subtitle,da,de,Godt.,Genau.,"{""c"":""Gut.""}
",Gut.,False,1,0,True,True,False,True,,True,,,"{""reason"":""too_short_for_language_detection"",""detected"":null,""confidence"":null}",True,[],[],True,,"{""errors"":[]}",True,[],True,1,0,True,True,False,100,100,6,7,1457,694.03,1282,8,1290,1201.56
d08d282b4413ac5843f9,48,nova-pro,arn:aws:bedrock:us-west-2:686465264859:prompt/7ZJL56AKIU,subtitle,da,de,Hvad er det?,Was ist das?,"{""c"":""Was ist das?""}",Was ist das?,False,1,0,True,True,False,True,,True,,True,"{""reason"":""detector_match"",""detected"":""de"",""confidence"":1.0}",True,[],[],True,,"{""errors"":[]}",True,[],True,1,0,True,True,False,100,100,9,9,1462,929.85,1287,8,1295,1191.7
0b8413218c4315249454,49,nova-pro,arn:aws:bedrock:us-west-2:686465264859:prompt/7ZJL56AKIU,subtitle,da,de,"- Ja, det kan jeg.","- Ja, ja, kann ich.","{""c"":""Ja, das kann ich.""}
","Ja, das kann ich.",False,1,0,True,True,False,True,,True,,,"{""reason"":""detector_inconclusive"",""detected"":""id"",""confidence"":0.7143}",True,[],[],True,,"{""errors"":[]}",True,[],True,1,0,True,True,False,100,100,14,11,1467,814.19,1295,8,1303,1299.17
c70982de1af26cc2cb9c,50,nova-pro,arn:aws:bedrock:us-west-2:686465264859:prompt/7ZJL56AKIU,subtitle,da,en,Preston.,- Preston!,"{""c"":""Preston.""}",Preston.,False,1,0,True,True,False,True,,True,,,"{""reason"":""too_short_for_language_detection"",""detected"":null,""confidence"":null}",True,[],"[{""code"":""source_copy_suspected""}]",True,,"{""errors"":[]}",True,[],True,1,0,True,True,False,97,97,6,8,1457,790.07,1278,8,1286,1282.58
bad25bc5e0dc3d33b21e,51,nova-pro,arn:aws:bedrock:us-west-2:686465264859:prompt/7ZJL56AKIU,subtitle,da,en,"På et sprog, kun jeg kunne forstå.",In a language only I could understand.,"{""c"":""In a language only I could understand.""}",In a language only I could understand.,False,1,0,True,True,False,True,,True,,True,"{""reason"":""detector_match"",""detected"":""en"",""confidence"":1.0}",True,[],[],True,,"{""errors"":[]}",True,[],True,1,0,True,True,False,100,100,17,13,1476,813.48,1298,8,1306,1184.49
40ccb01ccb58886e140c,52,nova-pro,arn:aws:bedrock:us-west-2:686465264859:prompt/7ZJL56AKIU,subtitle,da,en,For han er alt for ren.,'Cause he is too damn clean.,"{""c"":""For he is far too pure.""}
",For he is far too pure.,False,1,0,True,True,False,True,,True,,True,"{""reason"":""detector_match"",""detected"":""en"",""confidence"":1.0}",True,[],[],True,,"{""errors"":[]}",True,[],True,1,0,True,True,False,100,100,14,12,1467,746.9,1294,8,1302,1164.56
c8e393158a6de8885df4,53,nova-pro,arn:aws:bedrock:us-west-2:686465264859:prompt/7ZJL56AKIU,subtitle,da,en,Ikke flere spontane svømmetimer?,No more impromptu swimming lessons?,"{""c"":""No more spontaneous swim sessions?""}",No more spontaneous swim sessions?,False,1,0,True,True,False,True,,True,,,"{""reason"":""detector_inconclusive"",""detected"":""en"",""confidence"":0.7816}",True,[],[],True,,"{""errors"":[]}",True,[],True,1,0,True,True,False,100,100,11,11,1470,911.64,1298,8,1306,1270.96
8c8aae26aef3c8957486,54,nova-pro,arn:aws:bedrock:us-west-2:686465264859:prompt/7ZJL56AKIU,subtitle,da,en,"Hør, jeg får dig ud herfra.","Listen, I'm gonna get you out of here.","{""c"":""Listen, I'll get you out of here.""}","Listen, I'll get you out of here.",False,1,0,True,True,False,True,,True,,True,"{""reason"":""detector_match"",""detected"":""en"",""confidence"":0.8571}",True,[],[],True,,"{""errors"":[]}",True,[],True,1,0,True,True,False,100,100,16,16,1476,730.66,1304,8,1312,1127.74
97d2bd02325e6ee51f29,55,nova-pro,arn:aws:bedrock:us-west-2:686465264859:prompt/7ZJL56AKIU,subtitle,da,en,Jeg må videre!,I must go.,"{""c"":""I have to move on!""}",I have to move on!,False,1,0,True,True,False,True,,True,,True,"{""reason"":""detector_match"",""detected"":""en"",""confidence"":1.0}",True,[],[],True,,"{""errors"":[]}",True,[],True,1,0,True,True,False,100,100,9,11,1463,657.82,1287,8,1295,1526.01
f0247b645480f012ab64,56,nova-pro,arn:aws:bedrock:us-west-2:686465264859:prompt/7ZJL56AKIU,subtitle,da,en,"Ødelagt kommunikation fra private virksomheder, der arbejder med Justitsministeriet, NSA, CIA, FBI... - Alle initialerne.","Shredded communications from private contractors working with the DOJ, NSA, CIA, FBI- all the initials.","{""c"":""Broken communication from private companies working with the Department of Justice, NSA, CIA, FBI... - All the initials.""}","Broken communication from private companies working with the Department of Justice, NSA, CIA, FBI... - All the initials.",False,1,0,True,True,False,True,,True,,True,"{""reason"":""detector_match"",""detected"":""en"",""confidence"":1.0}",True,[],[],True,,"{""errors"":[]}",True,[],True,1,0,True,True,False,100,100,36,29,1512,865.44,1362,8,1370,1150.0
51639c91fec306bfa9ee,57,nova-pro,arn:aws:bedrock:us-west-2:686465264859:prompt/7ZJL56AKIU,subtitle,da,en,Hun har ret.,She's right.,"{""c"":""She is right.""}",She is right.,False,1,0,True,True,False,True,,True,,True,"{""reason"":""detector_match"",""detected"":""en"",""confidence"":1.0}",True,[],[],True,,"{""errors"":[]}",True,[],True,1,0,True,True,False,100,100,9,9,1460,739.83,1283,8,1291,1084.98
95c24282a8d297714dcd,58,nova-pro,arn:aws:bedrock:us-west-2:686465264859:prompt/7ZJL56AKIU,subtitle,da,en,Ingen kommentarer.,No comment.,"{""c"":""No comments.""}",No comments.,False,1,0,True,True,False,True,,True,,,"{""reason"":""detector_mismatch_uncertain"",""detected"":""fr"",""confidence"":1.0}",True,[],[],True,,"{""errors"":[]}",True,[],True,1,0,True,True,False,100,100,8,8,1461,752.26,1283,8,1291,1486.54
f6cb19382dbb9e24cad1,59,nova-pro,arn:aws:bedrock:us-west-2:686465264859:prompt/7ZJL56AKIU,subtitle,da,en,"Gør dit arbejde, mand.","Do your job, man.","{""c"":""Do your job, man.""}","Do your job, man.",False,1,0,True,True,False,True,,True,,,"{""reason"":""detector_mismatch_uncertain"",""detected"":""so"",""confidence"":1.0}",True,[],[],True,,"{""errors"":[]}",True,[],True,1,0,True,True,False,100,100,12,11,1469,772.83,1293,8,1301,1220.07
c869e08078aa22dc7188,60,nova-pro,arn:aws:bedrock:us-west-2:686465264859:prompt/7ZJL56AKIU,subtitle,da,es,"Knægt, du vil ikke tro det.","Hijo, ¡no vas a creerlo!","{""c"":""Knægt, no lo vas a creer.""}","Knægt, no lo vas a creer.",False,1,0,True,True,False,True,,True,,,"{""reason"":""detector_inconclusive"",""detected"":""en"",""confidence"":0.7143}",True,[],[],True,,"{""errors"":[{""category"":""terminology"",""severity"":""minor""}]}",True,"[{""category"":""terminology"",""severity"":""minor""}]",True,1,0,True,True,False,97,97,16,16,1475,850.07,1308,17,1325,1240.56
8b43cf2c8d4143186c29,61,nova-pro,arn:aws:bedrock:us-west-2:686465264859:prompt/7ZJL56AKIU,subtitle,da,es,Far!,¡Papi!,"{""c"":""¡Lejos!""}",¡Lejos!,False,1,0,True,True,False,True,,True,,,"{""reason"":""too_short_for_language_detection"",""detected"":null,""confidence"":null}",True,[],[],True,,"{""errors"":[]}",True,[],True,1,0,True,True,False,100,100,6,9,1458,792.18,1285,8,1293,1144.4
e3d9216750824686f4e6,62,nova-pro,arn:aws:bedrock:us-west-2:686465264859:prompt/7ZJL56AKIU,subtitle,da,es,"Ved du, hvad Ethan vil gøre, hvis han får chancen?","¡Laurie, cállate! ¿Sabes lo que hará Ethan si tiene oportunidad?","{""c"":""\u00bfSabes lo que har\u00e1 Ethan si tiene la oportunidad?""}",¿Sabes lo que hará Ethan si tiene la oportunidad?,False,1,0,True,True,False,True,,True,,True,"{""reason"":""detector_match"",""detected"":""es"",""confidence"":1.0}",True,[],[],True,,"{""errors"":[]}",True,[],True,1,0,True,True,False,100,100,23,27,1493,927.43,1340,8,1348,1262.4
62cc496ac33aeb45a411,63,nova-pro,arn:aws:bedrock:us-west-2:686465264859:prompt/7ZJL56AKIU,subtitle,da,es,"Godt, du har langt hår.",Menos mal que tienes el pelo largo,"{""c"":""Bien, tienes el pelo largo.""}","Bien, tienes el pelo largo.",False,1,0,True,True,False,True,,True,,True,"{""reason"":""detector_match"",""detected"":""es"",""confidence"":1.0}",True,[],[],True,,"{""errors"":[{""category"":""accuracy"",""severity"":""minor""}]}",True,"[{""category"":""accuracy"",""severity"":""minor""}]",True,1,0,True,True,False,97,97,14,12,1469,781.74,1301,17,1318,1253.66
f4892622d7bf19610234,64,nova-pro,arn:aws:bedrock:us-west-2:686465264859:prompt/7ZJL56AKIU,subtitle,da,es,- Hun afslår behandling.,- Rechazó el tratamiento.,"{""c"":""Ella rechaza el tratamiento.""}",Ella rechaza el tratamiento.,False,1,0,True,True,False,True,,True,,True,"{""reason"":""detector_match"",""detected"":""es"",""confidence"":1.0}",True,[],[],True,,"{""errors"":[]}",True,[],True,1,0,True,True,False,100,100,11,11,1467,757.05,1296,8,1304,1210.1
b9f6e901c7a152ad494a,65,nova-pro,arn:aws:bedrock:us-west-2:686465264859:prompt/7ZJL56AKIU,subtitle,da,es,"Det ligger lidt uden for byen, men...","- ¡Bien, sí! Auténtico. Está fuera de la ciudad, pero...","{""c"":""Está un poco fuera de la ciudad, pero...""}","Está un poco fuera de la ciudad, pero...",False,1,0,True,True,False,True,,True,,True,"{""reason"":""detector_match"",""detected"":""es"",""confidence"":1.0}",True,[],[],True,,"{""errors"":[]}",True,[],True,1,0,True,True,False,100,100,17,15,1475,765.64,1320,8,1328,1252.82
9d518e301ab2222dd71a,66,nova-pro,arn:aws:bedrock:us-west-2:686465264859:prompt/7ZJL56AKIU,subtitle,da,es,Er det ham?,¿Es él?,"{""c"":""\u00bfEs \u00e9l?""}",¿Es él?,False,1,0,True,True,False,True,,True,,,"{""reason"":""too_short_for_language_detection"",""detected"":null,""confidence"":null}",True,[],[],True,,"{""errors"":[]}",True,[],True,1,0,True,True,False,100,100,9,19,1471,722.37,1287,8,1295,1251.71
affc8028f4fa89e7dcaa,67,nova-pro,arn:aws:bedrock:us-west-2:686465264859:prompt/7ZJL56AKIU,subtitle,da,es,"Jeg er ked af det, men det her går ikke.","Lo siento, pero esto no está funcionando.","{""c"":""Lo siento, pero esto no funciona.""}","Lo siento, pero esto no funciona.",False,1,0,True,True,False,True,,True,,True,"{""reason"":""detector_match"",""detected"":""es"",""confidence"":1.0}",True,[],[],True,,"{""errors"":[]}",True,[],True,1,0,True,True,False,100,100,22,13,1477,874.25,1306,8,1314,1228.58
612043bc0e4cb6a9553e,68,nova-pro,arn:aws:bedrock:us-west-2:686465264859:prompt/7ZJL56AKIU,subtitle,da,es,Og jeg er dy gtig med hænderne.,Y soy muy bueno con mis manos.,"{""c"":""Y estoy desacertado con las manos.""}",Y estoy desacertado con las manos.,False,1,0,True,True,False,True,,True,,True,"{""reason"":""detector_match"",""detected"":""es"",""confidence"":1.0}",True,[],[],True,,"{""errors"":[{""category"":""accuracy"",""severity"":""critical""}]}",False,"[{""category"":""accuracy"",""severity"":""critical""}]",True,1,0,True,True,False,60,60,16,15,1476,789.75,1306,17,1323,1368.12
b7fdd1e822188ef94234,69,nova-pro,arn:aws:bedrock:us-west-2:686465264859:prompt/7ZJL56AKIU,subtitle,da,es,Vi har travlt.,"Ves, es que estamos ocupados.","{""c"":""Estamos ocupados. -> es""}",Estamos ocupados. -> es,False,1,0,True,True,False,True,,True,,True,"{""reason"":""detector_match"",""detected"":""es"",""confidence"":1.0}",True,[],[],True,,"{""errors"":[{""category"":""preservation"",""severity"":""major""}]}",False,"[{""category"":""preservation"",""severity"":""major""}]",True,1,0,True,True,False,85,85,9,11,1463,894.7,1296,17,1313,1226.44
0a100544a46a42179958,70,nova-pro,arn:aws:bedrock:us-west-2:686465264859:prompt/7ZJL56AKIU,subtitle,da,fr,"- Alex, lad os smutte.","Alex, on peut s'en aller ?","{""c"":""Alex, filons d'ici.""}","Alex, filons d'ici.",False,1,0,True,True,False,True,,True,,,"{""reason"":""detector_mismatch_uncertain"",""detected"":""ca"",""confidence"":1.0}",True,[],[],True,,"{""errors"":[]}",True,[],True,1,0,True,True,False,100,100,14,13,1470,655.48,1301,8,1309,1217.33
6c1054f40b636b0785fc,71,nova-pro,arn:aws:bedrock:us-west-2:686465264859:prompt/7ZJL56AKIU,subtitle,da,fr,"- Nej, selvfølgelig ikke.",Bien sûr que non.,"{""c"":""Non, bien s\u00fbr que non.""}","Non, bien sûr que non.",False,1,0,True,True,False,True,,True,,True,"{""reason"":""detector_match"",""detected"":""fr"",""confidence"":1.0}",True,[],[],True,,"{""errors"":[]}",True,[],True,1,0,True,True,False,100,100,12,19,1476,687.83,1300,8,1308,1191.66
fa0bccba0acea00675c6,72,nova-pro,arn:aws:bedrock:us-west-2:686465264859:prompt/7ZJL56AKIU,subtitle,da,fr,- Jeg bliver her.,"- Ouais, je reste ici.","{""c"":""Je reste ici.""}",Je reste ici.,False,1,0,True,True,False,True,,True,,,"{""reason"":""detector_mismatch_uncertain"",""detected"":""ro"",""confidence"":1.0}",True,[],[],True,,"{""errors"":[{""category"":""preservation"",""severity"":""minor""}]}",True,"[{""category"":""preservation"",""severity"":""minor""}]",True,1,0,True,True,False,97,97,11,10,1463,702.35,1292,17,1309,1240.94
0eccf2ed6c3c765662c9,73,nova-pro,arn:aws:bedrock:us-west-2:686465264859:prompt/7ZJL56AKIU,subtitle,da,fr,Hvad?,Quoi?,"{""c"":""Quoi?""}",Quoi?,False,1,0,True,True,False,True,,True,,,"{""reason"":""too_short_for_language_detection"",""detected"":null,""confidence"":null}",True,[],[],True,,"{""errors"":[]}",True,[],True,1,0,True,True,False,100,100,6,8,1458,728.28,1285,8,1293,1314.78
6977d52bff4dabc561de,74,nova-pro,arn:aws:bedrock:us-west-2:686465264859:prompt/7ZJL56AKIU,subtitle,da,fr,Hvad er der sket med Scott?,"Qu'est-il arrivé à Scott? August, je suis désolée.","{""c"":""Que s'est-il pass\u00e9 avec Scott?""}",Que s'est-il passé avec Scott?,False,1,0,True,True,False,True,,True,,True,"{""reason"":""detector_match"",""detected"":""fr"",""confidence"":1.0}",True,[],[],True,,"{""errors"":[]}",True,[],True,1,0,True,True,False,100,100,14,22,1479,822.0,1316,8,1324,1215.92
08f8c171520021f54780,75,nova-pro,arn:aws:bedrock:us-west-2:686465264859:prompt/7ZJL56AKIU,subtitle,da,fr,- Hvad skal jeg gøre med denne her?,- Qu'est-ce que j'en fais ?,"{""c"":""Que dois-je faire avec celui-ci?""}",Que dois-je faire avec celui-ci?,False,1,0,True,True,False,True,,True,,True,"{""reason"":""detector_match"",""detected"":""fr"",""confidence"":1.0}",True,[],[],True,,"{""errors"":[]}",True,[],True,1,0,True,True,False,100,100,17,15,1476,753.74,1312,8,1320,1248.05
4d7977e027b1636b5748,76,nova-pro,arn:aws:bedrock:us-west-2:686465264859:prompt/7ZJL56AKIU,subtitle,da,fr,Det her er godt.,Parfait.,"{""c"":""C'est bon. -> fr""}",C'est bon. -> fr,False,1,0,True,True,False,True,,True,,True,"{""reason"":""detector_match"",""detected"":""fr"",""confidence"":1.0}",True,[],[],True,,"{""errors"":[{""category"":""preservation"",""severity"":""critical""}]}",False,"[{""category"":""preservation"",""severity"":""critical""}]",True,1,0,True,True,False,60,60,11,12,1465,760.25,1289,17,1306,1295.08
85d7d600dcead1908e21,77,nova-pro,arn:aws:bedrock:us-west-2:686465264859:prompt/7ZJL56AKIU,subtitle,da,fr,"Atrians bliver hurtigere modne, end vi gør..",Physiquement les Atrians arrivent à maturité plus vite que nous.,"{""c"":""Les Atriens arrivent \u00e0 maturit\u00e9 plus rapidement que nous.. -> fr""}",Les Atriens arrivent à maturité plus rapidement que nous.. -> fr,False,1,0,True,True,False,True,,True,,True,"{""reason"":""detector_match"",""detected"":""fr"",""confidence"":1.0}",True,[],[],True,,"{""errors"":[{""category"":""preservation"",""severity"":""critical""},{""category"":""accuracy"",""severity"":""minor""}]}",False,"[{""category"":""preservation"",""severity"":""critical""},{""category"":""accuracy"",""severity"":""minor""}]",True,1,0,True,True,False,57,57,17,34,1498,1049.88,1327,26,1353,1422.64
8d2fac165179c46de6fc,78,nova-pro,arn:aws:bedrock:us-west-2:686465264859:prompt/7ZJL56AKIU,subtitle,da,fr,- Jeg er din fødselsdagsgave.,Je suis ton cadeau.,"{""c"":""Je suis ton cadeau d'anniversaire.""}",Je suis ton cadeau d'anniversaire.,False,1,0,True,True,False,True,,True,,True,"{""reason"":""detector_match"",""detected"":""fr"",""confidence"":1.0}",True,[],[],True,,"{""errors"":[]}",True,[],True,1,0,True,True,False,100,100,12,16,1475,771.36,1302,8,1310,1180.77
ddb0b4c4a9b1fbd10039,79,nova-pro,arn:aws:bedrock:us-west-2:686465264859:prompt/7ZJL56AKIU,subtitle,da,fr,"Hvem, hr. Lopez?","Qui, M. Lopez?","{""c"":""Qui, M. Lopez?""}","Qui, M. Lopez?",False,1,0,True,True,False,True,,True,,,"{""reason"":""detector_mismatch_uncertain"",""detected"":""ro"",""confidence"":1.0}",True,[],[],True,,"{""errors"":[]}",True,[],True,1,0,True,True,False,100,100,12,11,1466,750.65,1295,8,1303,1275.29
8f43f9d6d2e71056d1ad,80,nova-pro,arn:aws:bedrock:us-west-2:686465264859:prompt/7ZJL56AKIU,subtitle,da,it,- Det ved jeg ikke.,- Non lo so.,"{""c"":""Non lo so.""}

",Non lo so.,False,1,0,True,True,False,True,,True,,,"{""reason"":""too_short_for_language_detection"",""detected"":null,""confidence"":null}",True,[],[],True,,"{""errors"":[{""category"":""preservation"",""severity"":""minor""}]}",True,"[{""category"":""preservation"",""severity"":""minor""}]",True,1,0,True,True,False,97,97,12,9,1463,687.79,1286,17,1303,1315.57
4012c759fa353c935042,81,nova-pro,arn:aws:bedrock:us-west-2:686465264859:prompt/7ZJL56AKIU,subtitle,da,it,Hvornår siger vi det til dem?,Quando glielo diremo?,"{""c"":""Quando lo diciamo a loro?""}",Quando lo diciamo a loro?,False,1,0,True,True,False,True,,True,,,"{""reason"":""detector_mismatch_uncertain"",""detected"":""es"",""confidence"":1.0}",True,[],[],True,,"{""errors"":[]}",True,[],True,1,0,True,True,False,100,100,14,14,1474,715.28,1300,8,1308,1156.21
6225fa8df19df1f7f1c4,82,nova-pro,arn:aws:bedrock:us-west-2:686465264859:prompt/7ZJL56AKIU,subtitle,da,it,"Men ja, han spiller ægte country.","Ma lui è veramente country, si.","{""c"":""Ma s\u00ec, lui suona vero country.""}","Ma sì, lui suona vero country.",False,1,0,True,True,False,True,,True,,True,"{""reason"":""detector_match"",""detected"":""it"",""confidence"":1.0}",True,[],[],True,,"{""errors"":[{""category"":""accuracy"",""severity"":""minor""}]}",True,"[{""category"":""accuracy"",""severity"":""minor""}]",True,1,0,True,True,False,97,97,16,20,1478,824.23,1301,17,1318,1253.28
608609d5648355c805ac,83,nova-pro,arn:aws:bedrock:us-west-2:686465264859:prompt/7ZJL56AKIU,subtitle,da,it,Er der nogen her?,C'è qualcuno qui?,"{""c"":""C'\u00e8 qualcuno qui?""}",C'è qualcuno qui?,False,1,0,True,True,False,True,,True,,True,"{""reason"":""detector_match"",""detected"":""it"",""confidence"":1.0}",True,[],[],True,,"{""errors"":[]}",True,[],True,1,0,True,True,False,100,100,11,16,1469,938.25,1295,8,1303,1246.39
fe3d5ae6728e870a7baa,84,nova-pro,arn:aws:bedrock:us-west-2:686465264859:prompt/7ZJL56AKIU,subtitle,da,it,"Faktisk er jeg ikke sikker på, om jeg vil have dit efternavn.",A dire il vero non abbiamo ancora deciso se prendero' il tuo cognome. Ma sai un cosa?,"{""c"":""In effetti, non sono sicuro di volere il tuo cognome.""}","In effetti, non sono sicuro di volere il tuo cognome.",False,1,0,True,True,False,True,,True,,True,"{""reason"":""detector_match"",""detected"":""it"",""confidence"":1.0}",True,[],[],True,,"{""errors"":[]}",True,[],True,1,0,True,True,False,100,100,25,19,1487,1083.66,1336,8,1344,1219.98
5d3135c945a719132af4,85,nova-pro,arn:aws:bedrock:us-west-2:686465264859:prompt/7ZJL56AKIU,subtitle,da,it,"Nej, du gør ikke.","No, non lo fara'.","{""c"":""No, non lo fai.""}","No, non lo fai.",False,1,0,True,True,False,True,,True,,True,"{""reason"":""detector_match"",""detected"":""it"",""confidence"":1.0}",True,[],[],True,,"{""errors"":[]}",True,[],True,1,0,True,True,False,100,100,12,12,1466,777.3,1295,8,1303,1145.85
f5ef0e2a8886bfcc0089,86,nova-pro,arn:aws:bedrock:us-west-2:686465264859:prompt/7ZJL56AKIU,subtitle,da,it,Det er virkeligt.,E' reale.,"{""c"":""\u00c8 davvero.""}",È davvero.,False,1,0,True,True,False,True,,True,,True,"{""reason"":""detector_match"",""detected"":""it"",""confidence"":1.0}",True,[],[],True,,"{""errors"":[{""category"":""accuracy"",""severity"":""major""}]}",False,"[{""category"":""accuracy"",""severity"":""major""}]",True,1,0,True,True,False,85,85,9,13,1466,1047.73,1287,17,1304,1193.43
d14d70b18c88b4951883,87,nova-pro,arn:aws:bedrock:us-west-2:686465264859:prompt/7ZJL56AKIU,subtitle,da,it,"Tror du, han er Zhangs bagmand?",Quindi credi che sia a lui che Zhang passa la roba?,"{""c"":""Pensi che sia il prestanome di Zhang?""}",Pensi che sia il prestanome di Zhang?,False,1,0,True,True,False,True,,True,,True,"{""reason"":""detector_match"",""detected"":""it"",""confidence"":1.0}",True,[],[],True,,"{""errors"":[{""category"":""accuracy"",""severity"":""major""}]}",False,"[{""category"":""accuracy"",""severity"":""major""}]",True,1,0,True,True,False,85,85,16,15,1474,997.41,1315,17,1332,1318.6
62269eca340320441314,88,nova-pro,arn:aws:bedrock:us-west-2:686465264859:prompt/7ZJL56AKIU,subtitle,da,it,"Klatrer vi op, bliver vi måske reddet.",Forse se ci arrampichiamo possiamo salvarci.,"{""c"":""Se saliamo, forse saremo salvati.""}","Se saliamo, forse saremo salvati.",False,1,0,True,True,False,True,,True,,,"{""reason"":""detector_inconclusive"",""detected"":""it"",""confidence"":0.5714}",True,[],[],True,,"{""errors"":[]}",True,[],True,1,0,True,True,False,100,100,17,16,1477,919.46,1314,8,1322,1286.33
f3351264b9c60dc1307a,89,nova-pro,arn:aws:bedrock:us-west-2:686465264859:prompt/7ZJL56AKIU,subtitle,da,it,- Gør du det?,Lo apprezzi? Davvero? Si'.,"{""c"":""Lo fai?""}",Lo fai?,False,1,0,True,True,False,True,,True,,,"{""reason"":""too_short_for_language_detection"",""detected"":null,""confidence"":null}",True,[],[],True,,"{""errors"":[]}",True,[],True,1,0,True,True,False,100,100,11,9,1463,783.45,1297,8,1305,1279.51
7fc3dbdb719b32ddc1a6,90,nova-pro,arn:aws:bedrock:us-west-2:686465264859:prompt/7ZJL56AKIU,subtitle,da,jp,"Hun sagde, det var som om vi fik indtil midnat.",サラによると、深夜零時までだと言った。,"{""c"":""彼女は、真夜中までもらえると言っていた。""}",彼女は、真夜中までもらえると言っていた。,False,1,0,True,True,False,True,,True,,True,"{""reason"":""target_script_present"",""detected"":""ja"",""confidence"":1.0}",True,[],[],True,,"{""errors"":[{""category"":""accuracy"",""severity"":""minor""}]}",True,"[{""category"":""accuracy"",""severity"":""minor""}]",True,1,0,True,True,False,97,97,22,17,1483,776.34,1323,17,1340,1298.64
9d966843a5a2bbeb3c32,91,nova-pro,arn:aws:bedrock:us-west-2:686465264859:prompt/7ZJL56AKIU,subtitle,da,jp,- Hvad? Intet.,何でも無い,"{""c"":""何？何もなし。""}",何？何もなし。,False,1,0,True,True,False,True,,True,,True,"{""reason"":""target_script_present"",""detected"":""ja"",""confidence"":1.0}",True,[],[],True,,"{""errors"":[]}",True,[],True,1,0,True,True,False,100,100,11,11,1466,739.19,1294,8,1302,1200.19
0caae3cfdbd532da0f85,92,nova-pro,arn:aws:bedrock:us-west-2:686465264859:prompt/7ZJL56AKIU,subtitle,da,jp,– Brug døren foran dig.,前にドアがある それを使って,"{""c"":""目の前のドアを使ってください。""}",目の前のドアを使ってください。,False,1,0,True,True,False,True,,True,,True,"{""reason"":""target_script_present"",""detected"":""ja"",""confidence"":1.0}",True,[],[],True,,"{""errors"":[]}",True,[],True,1,0,True,True,False,100,100,12,11,1468,632.84,1305,8,1313,1883.3
56e8881e4da8661fa673,93,nova-pro,arn:aws:bedrock:us-west-2:686465264859:prompt/7ZJL56AKIU,subtitle,da,jp,Ja og det er der et ord for:,それを表す 言葉があるわ,"{""c"":""そして、そのための言葉があります：""}",そして、そのための言葉があります：,False,1,0,True,True,False,True,,True,,True,"{""reason"":""target_script_present"",""detected"":""ja"",""confidence"":1.0}",True,[],[],True,,"{""errors"":[{""category"":""accuracy"",""severity"":""minor""},{""category"":""tone"",""severity"":""minor""}]}",True,"[{""category"":""accuracy"",""severity"":""minor""},{""category"":""tone"",""severity"":""minor""}]",True,1,0,True,True,False,94,94,17,12,1471,892.15,1307,26,1333,1421.69
a45e25cfa543a204f6fe,94,nova-pro,arn:aws:bedrock:us-west-2:686465264859:prompt/7ZJL56AKIU,subtitle,da,jp,"Jeg tror, at fisk har en slags tegnsprog.",魚には一種の 身ぶり言語がある,"{""c"":""魚には一種のサイン言語があると思います。""}",魚には一種のサイン言語があると思います。,False,1,0,True,True,False,True,,True,,True,"{""reason"":""target_script_present"",""detected"":""ja"",""confidence"":1.0}",True,[],[],True,,"{""errors"":[{""category"":""terminology"",""severity"":""minor""}]}",True,"[{""category"":""terminology"",""severity"":""minor""}]",True,1,0,True,True,False,97,97,19,16,1480,918.02,1322,17,1339,1222.58
502981eefe2020b3a1bb,95,nova-pro,arn:aws:bedrock:us-west-2:686465264859:prompt/7ZJL56AKIU,subtitle,da,jp,"Goddag, Chester.",こんにちは、チェスター,"{""c"":""こんにちは、チェスター。""}",こんにちは、チェスター。,False,1,0,True,True,False,True,,True,,True,"{""reason"":""target_script_present"",""detected"":""ja"",""confidence"":1.0}",True,[],[],True,,"{""errors"":[]}",True,[],True,1,0,True,True,False,100,100,9,10,1463,876.86,1300,8,1308,2428.91
bd415208c69929be7d60,96,nova-pro,arn:aws:bedrock:us-west-2:686465264859:prompt/7ZJL56AKIU,subtitle,da,jp,Fandens også.,ちっきしょう,"{""c"":""くそっ。""}",くそっ。,False,1,0,True,True,False,True,,True,,True,"{""reason"":""target_script_present"",""detected"":""ja"",""confidence"":1.0}",True,[],[],True,,"{""errors"":[]}",True,[],True,1,0,True,True,False,100,100,8,9,1462,786.79,1290,8,1298,2532.54
9598f1c75295c64c7985,97,nova-pro,arn:aws:bedrock:us-west-2:686465264859:prompt/7ZJL56AKIU,subtitle,da,jp,Hvorfor?,何故ですか?,"{""c"":""なぜ？""}",なぜ？,False,1,0,True,True,False,True,,True,,True,"{""reason"":""target_script_present"",""detected"":""ja"",""confidence"":1.0}",True,[],[],True,,"{""errors"":[]}",True,[],True,1,0,True,True,False,100,100,6,8,1460,692.52,1288,8,1296,1163.93
4fa7ca732022a0f8f0f8,98,nova-pro,arn:aws:bedrock:us-west-2:686465264859:prompt/7ZJL56AKIU,subtitle,da,jp,Nej.,- いや,"{""c"":""いいえ。""}",いいえ。,False,1,0,True,True,False,True,,True,,True,"{""reason"":""target_script_present"",""detected"":""ja"",""confidence"":1.0}",True,[],[],True,,"{""errors"":[]}",True,[],True,1,0,True,True,False,100,100,6,8,1458,689.2,1285,8,1293,1200.49
3167a33f2081e914a083,99,nova-pro,arn:aws:bedrock:us-west-2:686465264859:prompt/7ZJL56AKIU,subtitle,da,jp,"Hej, skatter.",- こんにちは - やぁ,"{""c"":""こんにちは、宝物。""}",こんにちは、宝物。,False,1,0,True,True,False,True,,True,,True,"{""reason"":""target_script_present"",""detected"":""ja"",""confidence"":1.0}",True,[],[],True,,"{""errors"":[]}",True,[],True,1,0,True,True,False,100,100,9,10,1464,716.17,1301,8,1309,1228.57
3725de20792d239b2275,100,nova-pro,arn:aws:bedrock:us-west-2:686465264859:prompt/7ZJL56AKIU,subtitle,da,nl,Har du en dårlig dag?,Heb je een rotdag?,"{""c"":""Heb je een slechte dag?""}",Heb je een slechte dag?,False,1,0,True,True,False,True,,True,,True,"{""reason"":""detector_match"",""detected"":""nl"",""confidence"":1.0}",True,[],[],True,,"{""errors"":[]}",True,[],True,1,0,True,True,False,100,100,12,16,1473,650.01,1300,8,1308,1291.51
e7a8ecea2ce3a0ab0dbf,101,nova-pro,arn:aws:bedrock:us-west-2:686465264859:prompt/7ZJL56AKIU,subtitle,da,nl,"- Ja, siden jeg mødte dig.",- Sinds ik jou ken.,"{""c"":""Ja, sinds ik jou ontmoette.""}","Ja, sinds ik jou ontmoette.",False,1,0,True,True,False,True,,True,,,"{""reason"":""detector_inconclusive"",""detected"":""af"",""confidence"":0.7143}",True,[],[],True,,"{""errors"":[]}",True,[],True,1,0,True,True,False,100,100,16,17,1477,723.52,1302,8,1310,1218.09
4c50c3a79fd630023448,102,nova-pro,arn:aws:bedrock:us-west-2:686465264859:prompt/7ZJL56AKIU,subtitle,da,nl,Klo.,- Hemeltje. Haak. - Haak?,"{""c"":""Klo.""}",Klo.,False,1,0,True,True,False,True,,True,,,"{""reason"":""too_short_for_language_detection"",""detected"":null,""confidence"":null}",True,[],"[{""code"":""source_copy_suspected""}]",True,,"{""errors"":[]}",True,[],True,1,0,True,True,False,97,97,6,8,1458,786.09,1294,8,1302,1224.39
81be89485ba09f367b2e,103,nova-pro,arn:aws:bedrock:us-west-2:686465264859:prompt/7ZJL56AKIU,subtitle,da,nl,Jeg... ville ikke have nogen arresteret.,Ik wilde niet dat er iemand gearresteerd werd.,"{""c"":""Ik... zou niemand willen laten arresteren. -> nl""}",Ik... zou niemand willen laten arresteren. -> nl,False,1,0,True,True,False,True,,True,,True,"{""reason"":""detector_match"",""detected"":""nl"",""confidence"":1.0}",True,[],[],True,,"{""errors"":[{""category"":""preservation"",""severity"":""critical""},{""category"":""fluency"",""severity"":""major""}]}",False,"[{""category"":""preservation"",""severity"":""critical""},{""category"":""fluency"",""severity"":""major""}]",True,1,0,True,True,False,45,45,16,21,1480,851.72,1315,27,1342,1446.99
5eeae39e34a1da18857a,104,nova-pro,arn:aws:bedrock:us-west-2:686465264859:prompt/7ZJL56AKIU,subtitle,da,nl,Ikke dårligt.,Helemaal niet slecht.,"{""c"":""Niet slecht.""}",Niet slecht.,False,1,0,True,True,False,True,,True,,True,"{""reason"":""detector_match"",""detected"":""nl"",""confidence"":0.8504}",True,[],[],True,,"{""errors"":[]}",True,[],True,1,0,True,True,False,100,100,8,11,1465,772.05,1290,8,1298,1241.23
b59d9186ebeb76b48460,105,nova-pro,arn:aws:bedrock:us-west-2:686465264859:prompt/7ZJL56AKIU,subtitle,da,nl,Grey kommer!,Daar komt Grey.,"{""c"":""Grey komt eraan!""}",Grey komt eraan!,False,1,0,True,True,False,True,,True,,,"{""reason"":""detector_inconclusive"",""detected"":""af"",""confidence"":0.5714}",True,[],[],True,,"{""errors"":[]}",True,[],True,1,0,True,True,False,100,100,8,11,1463,769.88,1284,8,1292,1173.77
61cc30cf6287c857b0d2,106,nova-pro,arn:aws:bedrock:us-west-2:686465264859:prompt/7ZJL56AKIU,subtitle,da,nl,Et kondom?,Een condoom?,"{""c"":""Een condoom?""}",Een condoom?,False,1,0,True,True,False,True,,True,,True,"{""reason"":""detector_match"",""detected"":""nl"",""confidence"":1.0}",True,[],[],True,,"{""errors"":[]}",True,[],True,1,0,True,True,False,100,100,8,10,1462,812.1,1285,8,1293,1231.55
70acaaaa4e00cf513c4c,107,nova-pro,arn:aws:bedrock:us-west-2:686465264859:prompt/7ZJL56AKIU,subtitle,da,nl,- Dr. Stella.,Dr Stella.,"{""c"":""Dr. Stella.""}",Dr. Stella.,False,1,0,True,True,False,True,,True,,,"{""reason"":""detector_inconclusive"",""detected"":""it"",""confidence"":0.5714}",True,[],[],True,,"{""errors"":[]}",True,[],True,1,0,True,True,False,100,100,11,9,1462,672.26,1286,8,1294,1241.89
af4fbc9c8a6e875de5f0,108,nova-pro,arn:aws:bedrock:us-west-2:686465264859:prompt/7ZJL56AKIU,subtitle,da,nl,Jeg har en lang weekend til gode.,Ik heb een lang weekend tegoed.,"{""c"":""Ik heb een lang weekend te gaan.""}",Ik heb een lang weekend te gaan.,False,1,0,True,True,False,True,,True,,True,"{""reason"":""detector_match"",""detected"":""nl"",""confidence"":1.0}",True,[],[],True,,"{""errors"":[{""category"":""accuracy"",""severity"":""major""}]}",False,"[{""category"":""accuracy"",""severity"":""major""}]",True,1,0,True,True,False,85,85,16,16,1473,784.07,1304,17,1321,1254.11
e53fce2a77ab43718ed0,109,nova-pro,arn:aws:bedrock:us-west-2:686465264859:prompt/7ZJL56AKIU,subtitle,da,nl,Sådan er reglernes.,Dat zijn de regels.,"{""c"":""Zo zijn de regels.""}",Zo zijn de regels.,False,1,0,True,True,False,True,,True,,True,"{""reason"":""detector_match"",""detected"":""nl"",""confidence"":1.0}",True,[],[],True,,"{""errors"":[]}",True,[],True,1,0,True,True,False,100,100,9,11,1467,833.7,1293,8,1301,1214.89
865118d9501c25ea5416,110,nova-pro,arn:aws:bedrock:us-west-2:686465264859:prompt/7ZJL56AKIU,subtitle,da,nb,Børnene har ikke sagt ja til noget.,Barna har ikke sagt ja til noe.,"{""c"":""Barna har ikke sagt ja til noe.""}",Barna har ikke sagt ja til noe.,False,1,0,True,True,False,True,,True,,True,"{""reason"":""detector_match"",""detected"":""no"",""confidence"":1.0}",True,[],[],True,,"{""errors"":[]}",True,[],True,1,0,True,True,False,100,100,16,15,1475,1012.87,1308,8,1316,1194.51
68a1f256fdc3ec6c27fb,111,nova-pro,arn:aws:bedrock:us-west-2:686465264859:prompt/7ZJL56AKIU,subtitle,da,nb,"Lad os tage en drink, før vi går.",La oss ta en drink før vi går.,"{""c"":""La oss ta en drink f\u00f8r vi går.""}",La oss ta en drink før vi går.,False,1,0,True,True,False,True,,True,,True,"{""reason"":""detector_match"",""detected"":""no"",""confidence"":1.0}",True,[],[],True,,"{""errors"":[]}",True,[],True,1,0,True,True,False,100,100,19,23,1484,1020.94,1304,8,1312,1136.89
081564b37796c1d0dc21,112,nova-pro,arn:aws:bedrock:us-west-2:686465264859:prompt/7ZJL56AKIU,subtitle,da,nb,Her er mit nummer.,Her er nummeret mitt.,"{""c"":""Her er nummeret mitt.""}",Her er nummeret mitt.,False,1,0,True,True,False,True,,True,,,"{""reason"":""detector_mismatch_uncertain"",""detected"":""da"",""confidence"":1.0}",True,[],[],True,,"{""errors"":[]}",True,[],True,1,0,True,True,False,100,100,11,13,1467,795.33,1290,8,1298,1233.33
7b9c3062263b8b0d7c98,113,nova-pro,arn:aws:bedrock:us-west-2:686465264859:prompt/7ZJL56AKIU,subtitle,da,nb,Men en gang var jeg meget forelsket i ham.,Men en gang i tiden var jeg svært forelsket i ham.,"{""c"":""Men en gang var jeg veldig forelsket i ham.""}",Men en gang var jeg veldig forelsket i ham.,False,1,0,True,True,False,True,,True,,True,"{""reason"":""detector_match"",""detected"":""no"",""confidence"":1.0}",True,[],[],True,,"{""errors"":[]}",True,[],True,1,0,True,True,False,100,100,19,19,1481,929.39,1311,8,1319,1245.36
a3b3d519a71f9b78a817,114,nova-pro,arn:aws:bedrock:us-west-2:686465264859:prompt/7ZJL56AKIU,subtitle,da,nb,- Ja.,-Jeg vet.,"{""c"":""Ja.""}",Ja.,False,1,0,True,True,False,True,,True,,,"{""reason"":""too_short_for_language_detection"",""detected"":null,""confidence"":null}",True,[],[],True,,"{""errors"":[]}",True,[],True,1,0,True,True,False,100,100,8,7,1458,764.16,1283,8,1291,1169.04
8bc367a3c83fdf3d9bb3,115,nova-pro,arn:aws:bedrock:us-west-2:686465264859:prompt/7ZJL56AKIU,subtitle,da,nb,Jeg har kameraet i mit.,Og jeg har kameraet. Hva nå?,"{""c"":""Jeg har kameraet i mitt.""}",Jeg har kameraet i mitt.,False,1,0,True,True,False,True,,True,,,"{""reason"":""detector_inconclusive"",""detected"":""no"",""confidence"":0.714}",True,[],[],True,,"{""errors"":[]}",True,[],True,1,0,True,True,False,100,100,12,15,1471,772.27,1303,8,1311,1247.22
54eb2834274f2261d6c9,116,nova-pro,arn:aws:bedrock:us-west-2:686465264859:prompt/7ZJL56AKIU,subtitle,da,nb,"Okay, venner.","Ok, folkens.","{""c"":""Okay, venner.""}","Okay, venner.",False,1,0,True,True,False,True,,True,,True,"{""reason"":""detector_match"",""detected"":""no"",""confidence"":1.0}",True,[],"[{""code"":""source_copy_suspected""}]",True,,"{""errors"":[]}",True,[],True,1,0,True,True,False,97,97,9,10,1463,656.67,1288,8,1296,1198.54
8835abe044e2b7c55efc,117,nova-pro,arn:aws:bedrock:us-west-2:686465264859:prompt/7ZJL56AKIU,subtitle,da,nb,De har aldrig fortalt mig det.,De fortalte meg aldri.,"{""c"":""De har aldri fortalt meg det.""}",De har aldri fortalt meg det.,False,1,0,True,True,False,True,,True,,,"{""reason"":""detector_inconclusive"",""detected"":""da"",""confidence"":0.7163}",True,[],[],True,,"{""errors"":[]}",True,[],True,1,0,True,True,False,100,100,14,16,1477,961.44,1298,8,1306,1236.9
0da15923efe67892806e,118,nova-pro,arn:aws:bedrock:us-west-2:686465264859:prompt/7ZJL56AKIU,subtitle,da,nb,"Retter kameraet nord, nordøst.",Retter om kameraet mot nord-nordøst.,"{""c"":""Rett kameraet nord, nord\u00f8st.""}","Rett kameraet nord, nordøst.",False,1,0,True,True,False,True,,True,,True,"{""reason"":""detector_match"",""detected"":""no"",""confidence"":1.0}",True,[],[],True,,"{""errors"":[]}",True,[],True,1,0,True,True,False,100,100,12,21,1480,889.73,1309,8,1317,1331.55
a944e3f7800af6db8a88,119,nova-pro,arn:aws:bedrock:us-west-2:686465264859:prompt/7ZJL56AKIU,subtitle,da,nb,- Du er noget af en kriminalknuser.,- Du bekjemper kriminalitet.,"{""c"":""Du er noe av en kriminalknuser.""}",Du er noe av en kriminalknuser.,False,1,0,True,True,False,True,,True,,True,"{""reason"":""detector_match"",""detected"":""no"",""confidence"":1.0}",True,[],[],True,,"{""errors"":[]}",True,[],True,1,0,True,True,False,100,100,16,17,1479,818.56,1307,8,1315,1181.02
2ad4f542c856ab590f41,120,nova-pro,arn:aws:bedrock:us-west-2:686465264859:prompt/7ZJL56AKIU,subtitle,de,da,Haben Sie die Leichen photographiert?,Fotograferede du liget?,"{""c"":""Har I fotograferet ligene?""}",Har I fotograferet ligene?,False,1,0,True,True,False,True,,True,,,"{""reason"":""detector_mismatch_uncertain"",""detected"":""no"",""confidence"":1.0}",True,[],[],True,,"{""errors"":[{""category"":""accuracy"",""severity"":""minor""}]}",True,"[{""category"":""accuracy"",""severity"":""minor""}]",True,1,0,True,True,False,97,97,12,15,1470,947.77,1298,17,1315,1370.13
14610e5d57c555c39688,121,nova-pro,arn:aws:bedrock:us-west-2:686465264859:prompt/7ZJL56AKIU,subtitle,de,da,"Ich glaube nicht, dass das das Ende ist.","Jeg tror ikke, det her er enden.","{""c"":""Jeg tror ikke, det er slutningen.""}","Jeg tror ikke, det er slutningen.",False,1,0,True,True,False,True,,True,,,"{""reason"":""detector_mismatch_uncertain"",""detected"":""no"",""confidence"":1.0}",True,[],[],True,,"{""errors"":[]}",True,[],True,1,0,True,True,False,100,100,19,17,1474,873.16,1307,8,1315,1228.19
1c565758532a7f271dc0,122,nova-pro,arn:aws:bedrock:us-west-2:686465264859:prompt/7ZJL56AKIU,subtitle,de,da,Sie haben mich auch zurückgelassen.,- Jeg blev også efterladt!,"{""c"":""Du forlod mig også. -> da""}",Du forlod mig også. -> da,False,1,0,True,True,False,True,,True,,True,"{""reason"":""detector_match"",""detected"":""da"",""confidence"":1.0}",True,[],[],True,,"{""errors"":[{""category"":""preservation"",""severity"":""critical""},{""category"":""accuracy"",""severity"":""major""},{""category"":""fluency"",""severity"":""major""}]}",False,"[{""category"":""preservation"",""severity"":""critical""},{""category"":""accuracy"",""severity"":""major""},{""category"":""fluency"",""severity"":""major""}]",True,1,0,True,True,False,30,30,12,14,1468,819.68,1301,36,1337,1419.64
1392eb6f5d2a99e476c6,123,nova-pro,arn:aws:bedrock:us-west-2:686465264859:prompt/7ZJL56AKIU,subtitle,de,da,- Das müssen wir der Polizei erklären.,- Det må vi så bare forklare politiet.,"{""c"":""Det skal vi forklare politiet.""}",Det skal vi forklare politiet.,False,1,0,True,True,False,True,,True,,,"{""reason"":""detector_inconclusive"",""detected"":""no"",""confidence"":0.8571}",True,[],[],True,,"{""errors"":[]}",True,[],True,1,0,True,True,False,100,100,16,16,1471,820.71,1307,8,1315,1199.66
f4b6422e2e825bf3bb43,124,nova-pro,arn:aws:bedrock:us-west-2:686465264859:prompt/7ZJL56AKIU,subtitle,de,da,"So wie ihr, ihr seid auch eine Gemeinschaft.",Ligesom jer. I er et samfund.,"{""c"":""Ligesom jer, er I også et f\u00e6llesskab.""}","Ligesom jer, er I også et fællesskab.",False,1,0,True,True,False,True,,True,,True,"{""reason"":""detector_match"",""detected"":""da"",""confidence"":1.0}",True,[],[],True,,"{""errors"":[{""category"":""terminology"",""severity"":""minor""}]}",True,"[{""category"":""terminology"",""severity"":""minor""}]",True,1,0,True,True,False,97,97,19,27,1485,966.63,1313,17,1330,1281.57
a5c3a36f25a41fa92073,125,nova-pro,arn:aws:bedrock:us-west-2:686465264859:prompt/7ZJL56AKIU,subtitle,de,da,Und das hier.,Og den her ...,"{""c"":""Og dette her. -> da""}",Og dette her. -> da,False,1,0,True,True,False,True,,True,,,"{""reason"":""detector_inconclusive"",""detected"":""da"",""confidence"":0.5711}",True,[],[],True,,"{""errors"":[{""category"":""fluency"",""severity"":""critical""}]}",False,"[{""category"":""fluency"",""severity"":""critical""}]",True,1,0,True,True,False,60,60,9,13,1464,938.05,1290,18,1308,1314.31
a49205cf704738e5912d,126,nova-pro,arn:aws:bedrock:us-west-2:686465264859:prompt/7ZJL56AKIU,subtitle,de,da,So viel weiß ich. Arbeiten Sie mit Hunter zusammen?,Samarbejder du med Hunter?,"{""c"":""S\u00e5 meget ved jeg. Arbejder du sammen med Hunter?""}",Så meget ved jeg. Arbejder du sammen med Hunter?,False,1,0,True,True,False,True,,True,,True,"{""reason"":""detector_match"",""detected"":""da"",""confidence"":1.0}",True,[],[],True,,"{""errors"":[]}",True,[],True,1,0,True,True,False,100,100,20,29,1487,1007.26,1312,8,1320,1141.97
034b55f731ab60264117,127,nova-pro,arn:aws:bedrock:us-west-2:686465264859:prompt/7ZJL56AKIU,subtitle,de,da,Genau.,Godt.,"{""c"":""Præcis. -> da""}",Præcis. -> da,False,1,0,True,True,False,True,,True,,,"{""reason"":""detector_mismatch_uncertain"",""detected"":""pt"",""confidence"":1.0}",True,[],[],True,,"{""errors"":[{""category"":""fluency"",""severity"":""critical""}]}",False,"[{""category"":""fluency"",""severity"":""critical""}]",True,1,0,True,True,False,60,60,6,11,1460,1096.35,1287,18,1305,1343.08
e35cae2b1e2d302be312,128,nova-pro,arn:aws:bedrock:us-west-2:686465264859:prompt/7ZJL56AKIU,subtitle,de,da,Was ist das?,Hvad er det?,"{""c"":""Hvad er det?""}",Hvad er det?,False,1,0,True,True,False,True,,True,,True,"{""reason"":""detector_match"",""detected"":""da"",""confidence"":1.0}",True,[],[],True,,"{""errors"":[]}",True,[],True,1,0,True,True,False,100,100,9,11,1462,818.13,1289,8,1297,1260.04
07ff7541ea86ae74ac91,129,nova-pro,arn:aws:bedrock:us-west-2:686465264859:prompt/7ZJL56AKIU,subtitle,de,da,"- Ja, ja, kann ich.","- Ja, det kan jeg.","{""c"":""Ja, ja, kan jeg.""}","Ja, ja, kan jeg.",False,1,0,True,True,False,True,,True,,,"{""reason"":""detector_mismatch_uncertain"",""detected"":""hr"",""confidence"":1.0}",True,[],[],True,,"{""errors"":[]}",True,[],True,1,0,True,True,False,100,100,16,13,1468,765.09,1296,8,1304,1240.89
7f7ffcc81f61247320c6,130,nova-pro,arn:aws:bedrock:us-west-2:686465264859:prompt/7ZJL56AKIU,subtitle,de,en,Beweg dich nur nicht.,Just don't move.,"{""c"":""Just don't move.""}",Just don't move.,False,1,0,True,True,False,True,,True,,True,"{""reason"":""detector_match"",""detected"":""en"",""confidence"":0.8571}",True,[],[],True,,"{""errors"":[]}",True,[],True,1,0,True,True,False,100,100,11,11,1464,737.25,1289,8,1297,1166.82
1e8657483f83d767d69d,131,nova-pro,arn:aws:bedrock:us-west-2:686465264859:prompt/7ZJL56AKIU,subtitle,de,en,"Ich finde, du siehst gut aus.",You look good to me.,"{""c"":""I think you look good.""}",I think you look good.,False,2,1,True,False,True,True,,True,,,"{""reason"":""detector_inconclusive"",""detected"":""en"",""confidence"":0.5714}",True,[],[],True,,"{""errors"":[]}",True,[],True,1,0,True,True,False,100,100,32,22,2932,2310.35,1295,8,1303,1157.45
ef0b12984dc62d51ea76,132,nova-pro,arn:aws:bedrock:us-west-2:686465264859:prompt/7ZJL56AKIU,subtitle,de,en,"Ho, ist das der Dank dafür das ich meine Rolle so Göttlich gespielt habe?","Ho, is that the thanks for playing my role so godly?","{""c"":""Ho, is this the thanks for playing my role so divinely?""}","Ho, is this the thanks for playing my role so divinely?",False,1,0,True,True,False,True,,True,,True,"{""reason"":""detector_match"",""detected"":""en"",""confidence"":1.0}",True,[],[],True,,"{""errors"":[]}",True,[],True,1,0,True,True,False,100,100,28,18,1483,728.05,1328,8,1336,1188.23
ddc78007e0e4e678af32,133,nova-pro,arn:aws:bedrock:us-west-2:686465264859:prompt/7ZJL56AKIU,subtitle,de,en,Er ist im Augenblick außer Form.,"Yeah, he's been a little off his game lately.","{""c"":""He is out of shape at the moment.""}",He is out of shape at the moment.,False,1,0,True,True,False,True,,True,,True,"{""reason"":""detector_match"",""detected"":""en"",""confidence"":1.0}",True,[],[],True,,"{""errors"":[]}",True,[],True,1,0,True,True,False,100,100,14,14,1468,839.45,1304,8,1312,1258.02
f8f55bc2680e46138cce,134,nova-pro,arn:aws:bedrock:us-west-2:686465264859:prompt/7ZJL56AKIU,subtitle,de,en,Wir haben Spaß dran und Talent dazu.,We're having fun. We showed aptitude for it.,"{""c"":""We have fun at it and talent for it.""}",We have fun at it and talent for it.,False,1,0,True,True,False,True,,True,,True,"{""reason"":""detector_match"",""detected"":""en"",""confidence"":1.0}",True,[],[],True,,"{""errors"":[]}",True,[],True,1,0,True,True,False,100,100,16,15,1471,844.41,1309,8,1317,1194.55
bcf6e6921b41b25e1445,135,nova-pro,arn:aws:bedrock:us-west-2:686465264859:prompt/7ZJL56AKIU,subtitle,de,en,"Wir gehen noch nicht lange miteinander, aber ich mag dich mehr als alles auf der Welt.","We haven't gone out very long, but I like you more than anyone I've ever dated.","{""c"":""We haven't been together for long, but I like you more than anything in the world.""}","We haven't been together for long, but I like you more than anything in the world.",False,1,0,True,True,False,True,,True,,True,"{""reason"":""detector_match"",""detected"":""en"",""confidence"":1.0}",True,[],[],True,,"{""errors"":[]}",True,[],True,1,0,True,True,False,100,100,31,25,1490,852.73,1337,8,1345,1118.46
8d695efca17394bbf4fd,136,nova-pro,arn:aws:bedrock:us-west-2:686465264859:prompt/7ZJL56AKIU,subtitle,de,en,"Wenn Sie eine falsche Handtasche kaufen, unterstützen Sie ein Multimilliarden-Geschäft, welches die Kinderarbeit aufrecht erhält, Geld von Drogenkartellen wäscht und Terroristen finanziert.","If you buy a fake purse, you are supporting a multibillion-dollar business which perpetuates child labor, launders drug cartel money, finances terrorists.","{""c"":""When you buy a counterfeit handbag, you are supporting a multi-billion dollar business that sustains child labor, launders money for drug cartels, and finances terrorists.""}","When you buy a counterfeit handbag, you are supporting a multi-billion dollar business that sustains child labor, launders money for drug cartels, and finances terrorists.",False,1,0,True,True,False,True,,True,,True,"{""reason"":""detector_match"",""detected"":""en"",""confidence"":1.0}",True,[],[],True,,"{""errors"":[]}",True,[],True,1,0,True,True,False,100,100,47,39,1525,940.83,1410,8,1418,1084.98
785c6f752d9b8979148c,137,nova-pro,arn:aws:bedrock:us-west-2:686465264859:prompt/7ZJL56AKIU,subtitle,de,en,"Du könntest tun, was du willst.",You could do anything you want.,"{""c"":""You could do whatever you want.""}",You could do whatever you want.,False,1,0,True,True,False,True,,True,,True,"{""reason"":""detector_match"",""detected"":""en"",""confidence"":1.0}",True,[],[],True,,"{""errors"":[]}",True,[],True,1,0,True,True,False,100,100,16,12,1469,753.9,1297,8,1305,1220.59
e75887102870293f9a15,138,nova-pro,arn:aws:bedrock:us-west-2:686465264859:prompt/7ZJL56AKIU,subtitle,de,en,Ist schon gut.,That's OK.,"{""c"":""It's already fine.""}",It's already fine.,False,1,0,True,True,False,True,,True,,True,"{""reason"":""detector_match"",""detected"":""en"",""confidence"":1.0}",True,[],[],True,,"{""errors"":[]}",True,[],True,1,0,True,True,False,100,100,9,11,1462,731.59,1286,8,1294,1191.09
2376fb280422ea098d3b,139,nova-pro,arn:aws:bedrock:us-west-2:686465264859:prompt/7ZJL56AKIU,subtitle,de,en,Von innen ist das leicht.,From the inside its easy.,"{""c"":""From the inside, it's easy.""}","From the inside, it's easy.",False,1,0,True,True,False,True,,True,,True,"{""reason"":""detector_match"",""detected"":""en"",""confidence"":1.0}",True,[],[],True,,"{""errors"":[]}",True,[],True,1,0,True,True,False,100,100,12,14,1468,648.12,1293,8,1301,1275.09
14deb81ccca21750a898,140,nova-pro,arn:aws:bedrock:us-west-2:686465264859:prompt/7ZJL56AKIU,subtitle,de,es,Was hat sie dir gesagt?,¿Qué te dijo?,"{""c"":""\u00bfQu\u00e9 te dijo?""}",¿Qué te dijo?,False,1,0,True,True,False,True,,True,,,"{""reason"":""detector_inconclusive"",""detected"":""sl"",""confidence"":0.7143}",True,[],[],True,,"{""errors"":[]}",True,[],True,1,0,True,True,False,100,100,12,20,1473,894.5,1298,8,1306,1126.59
be5bdd22e2d591995a6c,141,nova-pro,arn:aws:bedrock:us-west-2:686465264859:prompt/7ZJL56AKIU,subtitle,de,es,- Was heißt das?,- ¿Qué significa eso?,"{""c"":""¿Qué significa eso?""}",¿Qué significa eso?,False,1,0,True,True,False,True,,True,,,"{""reason"":""detector_inconclusive"",""detected"":""it"",""confidence"":0.5602}",True,[],[],True,,"{""errors"":[]}",True,[],True,1,0,True,True,False,100,100,11,10,1462,667.68,1300,8,1308,1241.66
ffa0ef51df6a5c93ac9f,142,nova-pro,arn:aws:bedrock:us-west-2:686465264859:prompt/7ZJL56AKIU,subtitle,de,es,Prüfen wir es.,"Bueno, probémoslo.","{""c"":""Vamos a comprobarlo.""}",Vamos a comprobarlo.,False,1,0,True,True,False,True,,True,,,"{""reason"":""detector_inconclusive"",""detected"":""es"",""confidence"":0.5703}",True,[],[],True,,"{""errors"":[]}",True,[],True,1,0,True,True,False,100,100,9,11,1463,825.88,1296,8,1304,1197.72
61bbe6001adde9a283a6,143,nova-pro,arn:aws:bedrock:us-west-2:686465264859:prompt/7ZJL56AKIU,subtitle,de,es,- Frank?,-¿Frank?,"{""c"":""\u2013 \u00bfFrank?""}",– ¿Frank?,False,1,0,True,True,False,True,,True,,,"{""reason"":""too_short_for_language_detection"",""detected"":null,""confidence"":null}",True,[],[],True,,"{""errors"":[]}",True,[],True,1,0,True,True,False,100,100,8,18,1468,757.42,1286,8,1294,1275.75
37f9956017b938d69159,144,nova-pro,arn:aws:bedrock:us-west-2:686465264859:prompt/7ZJL56AKIU,subtitle,de,es,Hast du 'n Problem?,¿Tienes algún problema?,"{""c"":""¿Tienes un problema?""}",¿Tienes un problema?,False,1,0,True,True,False,True,,True,,True,"{""reason"":""detector_match"",""detected"":""es"",""confidence"":1.0}",True,[],[],True,,"{""errors"":[]}",True,[],True,1,0,True,True,False,100,100,12,11,1465,642.89,1299,8,1307,1256.24
53c97c8b888220e3a38d,145,nova-pro,arn:aws:bedrock:us-west-2:686465264859:prompt/7ZJL56AKIU,subtitle,de,es,"Tante Rosamund sagte selbst, dass sie nicht weiß, was sie davon halten soll.",La misma tía Rosamund dijo que no sabía qué pensar de ello.,"{""c"":""La t\u00eda Rosamund dijo ella misma que no sabe qu\u00e9 pensar al respecto.""}",La tía Rosamund dijo ella misma que no sabe qué pensar al respecto.,False,1,0,True,True,False,True,,True,,True,"{""reason"":""detector_match"",""detected"":""es"",""confidence"":1.0}",True,[],[],True,,"{""errors"":[]}",True,[],True,1,0,True,True,False,100,100,28,32,1497,945.68,1346,8,1354,1233.4
70d611a2a996b846d460,146,nova-pro,arn:aws:bedrock:us-west-2:686465264859:prompt/7ZJL56AKIU,subtitle,de,es,Wir dachten dass Byron und Ike gleichzeitig am Portal zehn ankamen.,Pensábamos que Byron y Ike llegaron al Portal 10 de forma simultánea.,"{""c"":""Pensamos que Byron y Ike llegaron al portal diez al mismo tiempo.""}",Pensamos que Byron y Ike llegaron al portal diez al mismo tiempo.,False,1,0,True,True,False,True,,True,,True,"{""reason"":""detector_match"",""detected"":""es"",""confidence"":1.0}",True,[],[],True,,"{""errors"":[{""category"":""accuracy"",""severity"":""minor""},{""category"":""terminology"",""severity"":""minor""}]}",True,"[{""category"":""accuracy"",""severity"":""minor""},{""category"":""terminology"",""severity"":""minor""}]",True,1,0,True,True,False,94,94,22,20,1482,771.9,1336,26,1362,1431.89
316d6dcea325cc4f4071,147,nova-pro,arn:aws:bedrock:us-west-2:686465264859:prompt/7ZJL56AKIU,subtitle,de,es,"Vielleicht wollte ihm Conley wirklich das Geld geben, um den Buchmacher auszuzahlen.",Quizás Conley realmente fue le va a dar el dinero para pagar el corredor de apuestas.,"{""c"":""Tal vez Conley realmente le quiso dar el dinero para pagar al corredor de apuestas.""}",Tal vez Conley realmente le quiso dar el dinero para pagar al corredor de apuestas.,False,1,0,True,True,False,True,,True,,True,"{""reason"":""detector_match"",""detected"":""es"",""confidence"":1.0}",True,[],[],True,,"{""errors"":[]}",True,[],True,1,0,True,True,False,100,100,25,23,1486,901.35,1359,8,1367,1188.07
80bfa889f5df6c012899,148,nova-pro,arn:aws:bedrock:us-west-2:686465264859:prompt/7ZJL56AKIU,subtitle,de,es,"Nicht, weil ich Sie für eine deutsche Agentin hielt.",No es que crea que es Ud. un agente alemán.,"{""c"":""No, porque no le consideraba una agente alemana.""}","No, porque no le consideraba una agente alemana.",False,1,0,True,True,False,True,,True,,True,"{""reason"":""detector_match"",""detected"":""es"",""confidence"":0.9985}",True,[],[],True,,"{""errors"":[{""category"":""accuracy"",""severity"":""major""},{""category"":""fluency"",""severity"":""minor""}]}",False,"[{""category"":""accuracy"",""severity"":""major""},{""category"":""fluency"",""severity"":""minor""}]",True,1,0,True,True,False,82,82,20,16,1475,961.56,1316,27,1343,1374.34
5e5ddf6e58d8a1dc1ac9,149,nova-pro,arn:aws:bedrock:us-west-2:686465264859:prompt/7ZJL56AKIU,subtitle,de,es,Hans hat mich betrunken in den Pool geworfen.,Hans estaba borracho y me tiró a la piscina.,"{""c"":""Hans me tiró al piscina ebrio.""}
",Hans me tiró al piscina ebrio.,False,1,0,True,True,False,True,,True,,,"{""reason"":""detector_inconclusive"",""detected"":""ca"",""confidence"":0.7237}",True,[],[],True,,"{""errors"":[{""category"":""fluency"",""severity"":""minor""},{""category"":""accuracy"",""severity"":""minor""}]}",True,"[{""category"":""fluency"",""severity"":""minor""},{""category"":""accuracy"",""severity"":""minor""}]",True,1,0,True,True,False,94,94,17,14,1473,1028.14,1312,27,1339,1387.64
2f4325a9976f20dc4916,150,nova-pro,arn:aws:bedrock:us-west-2:686465264859:prompt/7ZJL56AKIU,subtitle,de,fr,- Sie hat den Stein.,- Elle a la pierre.,"{""c"":""Elle a la pierre.""}",Elle a la pierre.,False,1,0,True,True,False,True,,True,,,"{""reason"":""detector_inconclusive"",""detected"":""fr"",""confidence"":0.5714}",True,[],[],True,,"{""errors"":[]}",True,[],True,1,0,True,True,False,100,100,12,12,1465,893.25,1290,8,1298,1216.98
c48152222cba400c3e37,151,nova-pro,arn:aws:bedrock:us-west-2:686465264859:prompt/7ZJL56AKIU,subtitle,de,fr,"- Hey, was ist hier los?",- Que se passe-t-il ?,"{""c"":""Hé, qu'est-ce qui se passe ici?""}","Hé, qu'est-ce qui se passe ici?",False,1,0,True,True,False,True,,True,,True,"{""reason"":""detector_match"",""detected"":""fr"",""confidence"":1.0}",True,[],[],True,,"{""errors"":[]}",True,[],True,1,0,True,True,False,100,100,16,20,1475,937.86,1309,8,1317,1203.32
88ad93c73df9cbec9471,152,nova-pro,arn:aws:bedrock:us-west-2:686465264859:prompt/7ZJL56AKIU,subtitle,de,fr,Ich bin Dr. McKay.,Je suis le Dr McKay.,"{""c"":""Je suis le Dr McKay.""}",Je suis le Dr McKay.,False,1,0,True,True,False,True,,True,,True,"{""reason"":""detector_match"",""detected"":""fr"",""confidence"":1.0}",True,[],[],True,,"{""errors"":[]}",True,[],True,1,0,True,True,False,100,100,12,11,1464,805.68,1295,8,1303,1377.96
f691b8804a4488b57a46,153,nova-pro,arn:aws:bedrock:us-west-2:686465264859:prompt/7ZJL56AKIU,subtitle,de,fr,Ich unterschreibe einfach.,je vais juste signer.,"{""c"":""Je signe simplement.""}",Je signe simplement.,False,1,0,True,True,False,True,,True,,True,"{""reason"":""detector_match"",""detected"":""fr"",""confidence"":1.0}",True,[],[],True,,"{""errors"":[]}",True,[],True,1,0,True,True,False,100,100,9,10,1463,871.31,1294,8,1302,1211.63
96ee0edeb63c743b9fa2,154,nova-pro,arn:aws:bedrock:us-west-2:686465264859:prompt/7ZJL56AKIU,subtitle,de,fr,Du willst Lexi sehen?,Tu veux voir Lexi ? Je vais t'y emmener.,"{""c"":""Tu veux voir Lexi?""}",Tu veux voir Lexi?,False,1,0,True,True,False,True,,True,,True,"{""reason"":""detector_match"",""detected"":""fr"",""confidence"":1.0}",True,[],[],True,,"{""errors"":[{""category"":""accuracy"",""severity"":""major""}]}",False,"[{""category"":""accuracy"",""severity"":""major""}]",True,1,0,True,True,False,85,85,11,11,1464,796.95,1307,17,1324,1209.07
8a8334dcb4064557ccc6,155,nova-pro,arn:aws:bedrock:us-west-2:686465264859:prompt/7ZJL56AKIU,subtitle,de,fr,Keating.,Keating.,"{""c"":""Keating.""}",Keating.,False,1,0,True,True,False,True,,True,,,"{""reason"":""too_short_for_language_detection"",""detected"":null,""confidence"":null}",True,[],[],True,,"{""errors"":[]}",True,[],True,1,0,True,True,False,100,100,6,8,1457,955.0,1283,8,1291,1306.08
c37ba8d293011c1baa1d,156,nova-pro,arn:aws:bedrock:us-west-2:686465264859:prompt/7ZJL56AKIU,subtitle,de,fr,Ich bringe euch das Wort Gottes.,Je viens vous apporter la parole de Dieu.,"{""c"":""Je vous apporte la parole de Dieu.""}",Je vous apporte la parole de Dieu.,False,1,0,True,True,False,True,,True,,True,"{""reason"":""detector_match"",""detected"":""fr"",""confidence"":1.0}",True,[],[],True,,"{""errors"":[]}",True,[],True,1,0,True,True,False,100,100,14,13,1468,806.51,1311,8,1319,1235.21
8240dd64d6efc28c05d9,157,nova-pro,arn:aws:bedrock:us-west-2:686465264859:prompt/7ZJL56AKIU,subtitle,de,fr,"Portia trug tatsächlich einen Brief von Sarah bei sich, datiert auf ihren 21. Geburtstag.","Portia avait sur elle une lettre de Sarah, datée de son 21e anniversaire.","{""c"":""Portia portait en fait une lettre de Sarah sur elle, dat\u00e9e de son 21e anniversaire.""}","Portia portait en fait une lettre de Sarah sur elle, datée de son 21e anniversaire.",False,1,0,True,True,False,True,,True,,True,"{""reason"":""detector_match"",""detected"":""fr"",""confidence"":1.0}",True,[],[],True,,"{""errors"":[]}",True,[],True,1,0,True,True,False,100,100,29,36,1503,995.38,1349,8,1357,1171.48
65ed44da9f2c3e646db0,158,nova-pro,arn:aws:bedrock:us-west-2:686465264859:prompt/7ZJL56AKIU,subtitle,de,fr,"Denkst du, du kannst den Fernseher besorgen?",Tu pourras ramener une télé ?,"{""c"":""Tu penses que tu peux obtenir le t\u00e9l\u00e9viseur?""}",Tu penses que tu peux obtenir le téléviseur?,False,1,0,True,True,False,True,,True,,True,"{""reason"":""detector_match"",""detected"":""fr"",""confidence"":1.0}",True,[],[],True,,"{""errors"":[]}",True,[],True,1,0,True,True,False,100,100,17,33,1493,986.9,1316,8,1324,1506.51
39ae46eb17ba163272de,159,nova-pro,arn:aws:bedrock:us-west-2:686465264859:prompt/7ZJL56AKIU,subtitle,de,fr,"Du lässt dich von ihr manipulieren, Jack.","Tu te laisses manipuler par elle, Jack.","{""c"":""Tu te laisses manipuler par elle, Jack.""}","Tu te laisses manipuler par elle, Jack.",False,1,0,True,True,False,True,,True,,True,"{""reason"":""detector_match"",""detected"":""fr"",""confidence"":1.0}",True,[],[],True,,"{""errors"":[]}",True,[],True,1,0,True,True,False,100,100,17,17,1474,879.85,1311,8,1319,1198.67
419fb2f3cc6f6886bfed,160,nova-pro,arn:aws:bedrock:us-west-2:686465264859:prompt/7ZJL56AKIU,subtitle,de,it,"Du, zurück, wo du hingehörst!","Tu, torna da dove sei venuto!","{""c"":""Tu, torna indietro, dove appartieni!""}","Tu, torna indietro, dove appartieni!",False,1,0,True,True,False,True,,True,,True,"{""reason"":""detector_match"",""detected"":""it"",""confidence"":1.0}",True,[],[],True,,"{""errors"":[]}",True,[],True,1,0,True,True,False,100,100,16,15,1472,868.42,1305,8,1313,1185.9
268accce6b3bb3f2c1e1,161,nova-pro,arn:aws:bedrock:us-west-2:686465264859:prompt/7ZJL56AKIU,subtitle,de,it,"- Hey, Foster?","Ehi, Foster.","{""c"":""Ehi, Foster?""}","Ehi, Foster?",False,1,0,True,True,False,True,,True,,,"{""reason"":""detector_mismatch_uncertain"",""detected"":""de"",""confidence"":1.0}",True,[],[],True,,"{""errors"":[]}",True,[],True,1,0,True,True,False,100,100,11,10,1462,728.44,1290,8,1298,1127.87
e44bc0152bd3ba3b7b53,162,nova-pro,arn:aws:bedrock:us-west-2:686465264859:prompt/7ZJL56AKIU,subtitle,de,it,Jahre später starb er endlich. Und die Qual seines Lebens war vorbei.,"Anni dopo, finalmente mori', e la sua vita torturata, cesso'.","{""c"":""Anni dopo, finalmente mor\u00ec. E l'agonia della sua vita era finita.""}","Anni dopo, finalmente morì. E l'agonia della sua vita era finita.",False,1,0,True,True,False,True,,True,,True,"{""reason"":""detector_match"",""detected"":""it"",""confidence"":1.0}",True,[],[],True,,"{""errors"":[]}",True,[],True,1,0,True,True,False,100,100,25,29,1490,1198.78,1336,8,1344,1170.22
770d0acb51f1047e05d8,163,nova-pro,arn:aws:bedrock:us-west-2:686465264859:prompt/7ZJL56AKIU,subtitle,de,it,"Setz dich, ich gehe deine Farbe mischen.","Tu sei la prossima, ragazza. Siediti, vado a prepararti il colore.","{""c"":""Siedi, sto per mescolare il tuo colore.""}","Siedi, sto per mescolare il tuo colore.",False,1,0,True,True,False,True,,True,,True,"{""reason"":""detector_match"",""detected"":""it"",""confidence"":1.0}",True,[],[],True,,"{""errors"":[{""category"":""accuracy"",""severity"":""major""}]}",False,"[{""category"":""accuracy"",""severity"":""major""}]",True,1,0,True,True,False,85,85,17,17,1475,943.26,1328,17,1345,1201.03
c20c8c3a241210e45940,164,nova-pro,arn:aws:bedrock:us-west-2:686465264859:prompt/7ZJL56AKIU,subtitle,de,it,Verschwinde!,Vattene! (urla),"{""c"":""Vai via!""}",Vai via!,False,1,0,True,True,False,True,,True,,,"{""reason"":""too_short_for_language_detection"",""detected"":null,""confidence"":null}",True,[],[],True,,"{""errors"":[]}",True,[],True,1,0,True,True,False,100,100,6,9,1460,812.98,1289,8,1297,1170.34
f831f3d0bf7755980988,165,nova-pro,arn:aws:bedrock:us-west-2:686465264859:prompt/7ZJL56AKIU,subtitle,de,it,"Darf ich mir Ihren Stift ausleihen, bitte?","Ouò prestarmi la sua penna, per favore? Orego, signora.","{""c"":""Posso prendere in prestito la tua penna, per favore?""}","Posso prendere in prestito la tua penna, per favore?",False,1,0,True,True,False,True,,True,,True,"{""reason"":""detector_match"",""detected"":""it"",""confidence"":1.0}",True,[],[],True,,"{""errors"":[{""category"":""tone"",""severity"":""major""}]}",False,"[{""category"":""tone"",""severity"":""major""}]",True,1,0,True,True,False,85,85,17,18,1477,922.64,1333,17,1350,1288.13
761e96835204e421ef9b,166,nova-pro,arn:aws:bedrock:us-west-2:686465264859:prompt/7ZJL56AKIU,subtitle,de,it,"Für Sie, mein Sohn, ist dies alles eine Glaubensprüfung.","Per te, figlio mio, questa è tutta una prova di fede.","{""c"":""Per te, mio figlio, tutto questo \u00e8 una prova di fede.""}","Per te, mio figlio, tutto questo è una prova di fede.",False,1,0,True,True,False,True,,True,,True,"{""reason"":""detector_match"",""detected"":""it"",""confidence"":1.0}",True,[],[],True,,"{""errors"":[]}",True,[],True,1,0,True,True,False,100,100,22,25,1486,787.2,1332,8,1340,1150.73
7e4a827bbb90e86dd9d1,167,nova-pro,arn:aws:bedrock:us-west-2:686465264859:prompt/7ZJL56AKIU,subtitle,de,it,Seine Eltern verloren ihr einziges Kind um 3: 07Uhr heute morgen.,I suoi genitori hanno perso il loro unico figlio alle 3:07 di questa mattina.,"{""c"":""I suoi genitori hanno perso il loro unico figlio alle 3:07 di questa mattina.""}",I suoi genitori hanno perso il loro unico figlio alle 3:07 di questa mattina.,False,1,0,True,True,False,True,,True,,True,"{""reason"":""detector_match"",""detected"":""it"",""confidence"":1.0}",True,[],[],True,,"{""errors"":[]}",True,[],True,1,0,True,True,False,100,100,25,24,1490,747.0,1343,8,1351,1114.44
c1332b5311cb70bb4d69,168,nova-pro,arn:aws:bedrock:us-west-2:686465264859:prompt/7ZJL56AKIU,subtitle,de,it,Entschuldigen Sie!,Mi scusi!,"{""c"":""Mi scusi!""}",Mi scusi!,False,1,0,True,True,False,True,,True,,,"{""reason"":""too_short_for_language_detection"",""detected"":null,""confidence"":null}",True,[],[],True,,"{""errors"":[]}",True,[],True,1,0,True,True,False,100,100,8,9,1461,803.69,1286,8,1294,1233.71
ecc21803bf4cf261253f,169,nova-pro,arn:aws:bedrock:us-west-2:686465264859:prompt/7ZJL56AKIU,subtitle,de,it,"- Los, los, los!","- Forza, dai, dai!","{""c"":""Los, los, los!""}","Los, los, los!",False,1,0,True,True,False,True,,True,,,"{""reason"":""detector_mismatch_uncertain"",""detected"":""es"",""confidence"":1.0}",True,[],[],True,,"{""errors"":[{""category"":""accuracy"",""severity"":""critical""}]}",False,"[{""category"":""accuracy"",""severity"":""critical""}]",True,1,0,True,True,False,60,60,14,11,1465,706.43,1293,17,1310,1248.93
b006ec21f7ab8fbd58bb,170,nova-pro,arn:aws:bedrock:us-west-2:686465264859:prompt/7ZJL56AKIU,subtitle,de,jp,Menschliche Gefühle sind eine Gabe unserer tierischen Vorfahren.,人間の感情は 祖先からの贈り物だ,"{""c"":""人間の感情は、動物の祖先からの贈り物です。""}",人間の感情は、動物の祖先からの贈り物です。,False,1,0,True,True,False,True,,True,,True,"{""reason"":""target_script_present"",""detected"":""ja"",""confidence"":1.0}",True,[],[],True,,"{""errors"":[]}",True,[],True,1,0,True,True,False,100,100,17,21,1481,672.43,1334,8,1342,1148.24
4047180a0d108481ab32,171,nova-pro,arn:aws:bedrock:us-west-2:686465264859:prompt/7ZJL56AKIU,subtitle,de,jp,Was ist das?,なんだ？,"{""c"":""これは何ですか？""}",これは何ですか？,False,1,0,True,True,False,True,,True,,True,"{""reason"":""target_script_present"",""detected"":""ja"",""confidence"":1.0}",True,[],[],True,,"{""errors"":[]}",True,[],True,1,0,True,True,False,100,100,9,9,1461,800.01,1290,8,1298,1176.19
2596308f1c1d800996a1,172,nova-pro,arn:aws:bedrock:us-west-2:686465264859:prompt/7ZJL56AKIU,subtitle,de,jp,- Wo bist du gewesen?,「今まで何処に」 どうもね,"{""c"":""どこにいたの？""}",どこにいたの？,False,1,0,True,True,False,True,,True,,True,"{""reason"":""target_script_present"",""detected"":""ja"",""confidence"":1.0}",True,[],[],True,,"{""errors"":[]}",True,[],True,1,0,True,True,False,100,100,12,10,1464,841.05,1303,8,1311,1260.5
91c593c09db71db38eb6,173,nova-pro,arn:aws:bedrock:us-west-2:686465264859:prompt/7ZJL56AKIU,subtitle,de,jp,Was machst du hier?,何してるの？,"{""c"":""ここで何をしているの？""}",ここで何をしているの？,False,1,0,True,True,False,True,,True,,True,"{""reason"":""target_script_present"",""detected"":""ja"",""confidence"":1.0}",True,[],[],True,,"{""errors"":[]}",True,[],True,1,0,True,True,False,100,100,11,10,1464,817.52,1294,8,1302,1223.19
f5dea4324ce230881ca4,174,nova-pro,arn:aws:bedrock:us-west-2:686465264859:prompt/7ZJL56AKIU,subtitle,de,jp,Die Granate muss eine Art Gift freigesetzt haben.,手榴弾は 何らかの毒物を 放ったに違いない,"{""c"":""手榴弾はある種の毒を放出したに違いありません。""}",手榴弾はある種の毒を放出したに違いありません。,False,1,0,True,True,False,True,,True,,True,"{""reason"":""target_script_present"",""detected"":""ja"",""confidence"":1.0}",True,[],[],True,,"{""errors"":[]}",True,[],True,1,0,True,True,False,100,100,17,22,1481,883.38,1332,8,1340,1155.1
fecca7f23fdb2aa3ec40,175,nova-pro,arn:aws:bedrock:us-west-2:686465264859:prompt/7ZJL56AKIU,subtitle,de,jp,Sie wäre diesen März 30 geworden.,この３月で３０歳,"{""c"":""彼女は今年の3月に30歳になるはずでした。""}",彼女は今年の3月に30歳になるはずでした。,False,1,0,True,True,False,True,,True,,True,"{""reason"":""target_script_present"",""detected"":""ja"",""confidence"":1.0}",True,[],"[{""code"":""number_not_exact"",""expected"":{""30"":1},""actual"":{""3"":1,""30"":1}}]",True,,"{""errors"":[]}",True,[],True,1,0,True,True,False,97,97,14,19,1476,830.12,1314,8,1322,1142.28
67c90490817a99274704,176,nova-pro,arn:aws:bedrock:us-west-2:686465264859:prompt/7ZJL56AKIU,subtitle,de,jp,"Sie stehen auf der Liste, Juliet.",リストに入ってるんだ、ジュリエット,"{""c"":""あなたはリストに載っています、ジュリエット。""}",あなたはリストに載っています、ジュリエット。,False,1,0,True,True,False,True,,True,,True,"{""reason"":""target_script_present"",""detected"":""ja"",""confidence"":1.0}",True,[],[],True,,"{""errors"":[{""category"":""tone"",""severity"":""minor""}]}",True,"[{""category"":""tone"",""severity"":""minor""}]",True,1,0,True,True,False,97,97,16,15,1471,740.2,1319,17,1336,1304.97
3d960629185f5bae7c2f,177,nova-pro,arn:aws:bedrock:us-west-2:686465264859:prompt/7ZJL56AKIU,subtitle,de,jp,Eine um ihn zu beschützen.,彼を庇護するものは 一体.,"{""c"":""彼を守るための一つ。""}",彼を守るための一つ。,False,1,0,True,True,False,True,,True,,True,"{""reason"":""target_script_present"",""detected"":""ja"",""confidence"":1.0}",True,[],[],True,,"{""errors"":[]}",True,[],True,1,0,True,True,False,100,100,12,11,1466,707.53,1304,8,1312,1321.3
e2b890fd52ad379d3b7d,178,nova-pro,arn:aws:bedrock:us-west-2:686465264859:prompt/7ZJL56AKIU,subtitle,de,jp,Und Amerika wieder funktionstüchtig machen!,アメリカを取り戻そう！,"{""c"":""そしてアメリカを再び機能させる！""}",そしてアメリカを再び機能させる！,False,1,0,True,True,False,True,,True,,True,"{""reason"":""target_script_present"",""detected"":""ja"",""confidence"":1.0}",True,[],[],True,,"{""errors"":[]}",True,[],True,1,0,True,True,False,100,100,12,13,1470,785.3,1313,8,1321,1269.1
d48d2bd3a4b8f8b49524,179,nova-pro,arn:aws:bedrock:us-west-2:686465264859:prompt/7ZJL56AKIU,subtitle,de,jp,Nicht wegen dir und nicht wegen der Polizei.,貴方の為でも　警察の為でもないの いいわね？,"{""c"":""君のせいでも警察のせいでもない。""}",君のせいでも警察のせいでもない。,False,1,0,True,True,False,True,,True,,True,"{""reason"":""target_script_present"",""detected"":""ja"",""confidence"":1.0}",True,[],[],True,,"{""errors"":[]}",True,[],True,1,0,True,True,False,100,100,17,17,1474,822.32,1324,8,1332,1224.09
6d5efd9b48fd8903db96,180,nova-pro,arn:aws:bedrock:us-west-2:686465264859:prompt/7ZJL56AKIU,subtitle,de,nl,Uns wird kalt und wir frösteln.,"Dat je het koud hebt, en rillerig bent.","{""c"":""We hebben het koud en we rillen.""}",We hebben het koud en we rillen.,False,1,0,True,True,False,True,,True,,True,"{""reason"":""detector_match"",""detected"":""nl"",""confidence"":1.0}",True,[],[],True,,"{""errors"":[]}",True,[],True,1,0,True,True,False,100,100,14,19,1479,769.12,1309,8,1317,1263.71
fc89106aba2527893afc,181,nova-pro,arn:aws:bedrock:us-west-2:686465264859:prompt/7ZJL56AKIU,subtitle,de,nl,Mein Vater hält mich unter ständiger Beobachtung.,Mijn vader laat me constant bewaken.,"{""c"":""Mijn vader houdt me constant in de gaten.""}",Mijn vader houdt me constant in de gaten.,False,1,0,True,True,False,True,,True,,True,"{""reason"":""detector_match"",""detected"":""nl"",""confidence"":1.0}",True,[],[],True,,"{""errors"":[]}",True,[],True,1,0,True,True,False,100,100,16,19,1476,800.35,1315,8,1323,1244.14
8949ea5b35d1b76022d3,182,nova-pro,arn:aws:bedrock:us-west-2:686465264859:prompt/7ZJL56AKIU,subtitle,de,nl,Es wird dir vielleicht ein wenig... Vielleicht sogar sehr verrückt vorkommen. Aber wir sind deine Brüder.,"Dit klinkt vast een beetje... of heel erg vreemd, maar we zijn je broers.","{""c"":""Het zal je misschien een beetje... Misschien zelfs heel gek lijken. Maar wij zijn je broers.""}",Het zal je misschien een beetje... Misschien zelfs heel gek lijken. Maar wij zijn je broers.,False,1,0,True,True,False,True,,True,,True,"{""reason"":""detector_match"",""detected"":""nl"",""confidence"":1.0}",True,[],[],True,,"{""errors"":[]}",True,[],True,1,0,True,True,False,100,100,33,38,1506,824.41,1366,8,1374,1214.84
f589795c2316c702c7e0,183,nova-pro,arn:aws:bedrock:us-west-2:686465264859:prompt/7ZJL56AKIU,subtitle,de,nl,-Anderthalb.,- Anderhalf.,"{""c"":""-Anderhalf. -> nl""}",-Anderhalf. -> nl,False,1,0,True,True,False,True,,True,,,"{""reason"":""detector_mismatch_uncertain"",""detected"":""de"",""confidence"":1.0}",True,[],[],True,,"{""errors"":[{""category"":""fluency"",""severity"":""critical""}]}",False,"[{""category"":""fluency"",""severity"":""critical""}]",True,1,0,True,True,False,60,60,8,13,1466,754.87,1290,18,1308,1223.58
764c0f7a4d9a06c4a113,184,nova-pro,arn:aws:bedrock:us-west-2:686465264859:prompt/7ZJL56AKIU,subtitle,de,nl,Ich brauche... - Ich brauche eure Hilfe.,"- Wacht, ik heb hulp nodig.","{""c"":""Ik heb... - Ik heb jullie hulp nodig.""}",Ik heb... - Ik heb jullie hulp nodig.,False,1,0,True,True,False,True,,True,,,"{""reason"":""detector_mismatch_uncertain"",""detected"":""af"",""confidence"":1.0}",True,[],[],True,,"{""errors"":[]}",True,[],True,1,0,True,True,False,100,100,17,24,1481,788.84,1322,8,1330,1179.21
3a8ef3ada32fd693d97d,185,nova-pro,arn:aws:bedrock:us-west-2:686465264859:prompt/7ZJL56AKIU,subtitle,de,nl,Einstein flog auch zweimal von der Schule.,Einstein is twee keer van school weggestuurd.,"{""c"":""Einstein werd ook twee keer van school gestuurd.""}",Einstein werd ook twee keer van school gestuurd.,False,1,0,True,True,False,True,,True,,True,"{""reason"":""detector_match"",""detected"":""nl"",""confidence"":0.932}",True,[],[],True,,"{""errors"":[]}",True,[],True,1,0,True,True,False,100,100,16,21,1478,820.55,1307,8,1315,1227.31
51e674e7e33381a1cdc4,186,nova-pro,arn:aws:bedrock:us-west-2:686465264859:prompt/7ZJL56AKIU,subtitle,de,nl,Die Taschenlampe.,Geef me de zaklamp.,"{""c"":""Het zaklampje.""}",Het zaklampje.,False,1,0,True,True,False,True,,True,,,"{""reason"":""detector_inconclusive"",""detected"":""hr"",""confidence"":0.7143}",True,[],[],True,,"{""errors"":[{""category"":""accuracy"",""severity"":""minor""}]}",True,"[{""category"":""accuracy"",""severity"":""minor""}]",True,1,0,True,True,False,97,97,8,12,1464,737.59,1294,17,1311,1328.21
36b3cdd09c03be320ec1,187,nova-pro,arn:aws:bedrock:us-west-2:686465264859:prompt/7ZJL56AKIU,subtitle,de,nl,"Du bist imstande, sympathisch, freundlich und großzügig zu sein.",Jij bent in staat tot medeleven... en vriendelijkheid en vrijgevigheid.,"{""c"":""Je bent in staat om sympathiek, vriendelijk en gul te zijn.""}","Je bent in staat om sympathiek, vriendelijk en gul te zijn.",False,1,0,True,True,False,True,,True,,True,"{""reason"":""detector_match"",""detected"":""nl"",""confidence"":1.0}",True,[],[],True,,"{""errors"":[]}",True,[],True,1,0,True,True,False,100,100,22,23,1489,894.49,1331,8,1339,1180.33
21884a0ae8205dda0885,188,nova-pro,arn:aws:bedrock:us-west-2:686465264859:prompt/7ZJL56AKIU,subtitle,de,nl,Viele Leute haben mich gefragt:,Veel mensen kwamen naar me toe en vroegen:,"{""c"":""Veel mensen hebben me gevraagd:""}",Veel mensen hebben me gevraagd:,False,1,0,True,True,False,True,,True,,True,"{""reason"":""detector_match"",""detected"":""nl"",""confidence"":1.0}",True,[],[],True,,"{""errors"":[]}",True,[],True,1,0,True,True,False,100,100,12,18,1473,917.92,1306,8,1314,1788.12
a5a12d9bea288f97ec35,189,nova-pro,arn:aws:bedrock:us-west-2:686465264859:prompt/7ZJL56AKIU,subtitle,de,nl,- Nein. - Warum nicht?,- Waarom niet?,"{""c"":""Nee. Waarom niet?""}",Nee. Waarom niet?,False,1,0,True,True,False,True,,True,,,"{""reason"":""detector_mismatch_uncertain"",""detected"":""af"",""confidence"":1.0}",True,[],[],True,,"{""errors"":[{""category"":""preservation"",""severity"":""minor""}]}",True,"[{""category"":""preservation"",""severity"":""minor""}]",True,1,0,True,True,False,97,97,14,12,1467,897.51,1299,17,1316,1206.25
bacb27c5a32b3ac9ac15,190,nova-pro,arn:aws:bedrock:us-west-2:686465264859:prompt/7ZJL56AKIU,subtitle,de,nb,Und noch mehr.,Det er mer.,"{""c"":""Og enda mer.""}",Og enda mer.,False,1,0,True,True,False,True,,True,,,"{""reason"":""detector_mismatch_uncertain"",""detected"":""da"",""confidence"":0.9999}",True,[],[],True,,"{""errors"":[]}",True,[],True,1,0,True,True,False,100,100,9,11,1463,863.86,1286,8,1294,1199.46
24312567ec3ed243d03f,191,nova-pro,arn:aws:bedrock:us-west-2:686465264859:prompt/7ZJL56AKIU,subtitle,de,nb,Du kommst also zuerst zu mir.,Du kommer til meg først.,"{""c"":""S\u00e5 du kommer til meg f\u00f8rst.""}


",Så du kommer til meg først.,False,1,0,True,True,False,True,,True,,True,"{""reason"":""detector_match"",""detected"":""no"",""confidence"":1.0}",True,[],[],True,,"{""errors"":[]}",True,[],True,1,0,True,True,False,100,100,14,27,1483,964.77,1295,8,1303,1100.5
f52dd19f306562d51aaa,192,nova-pro,arn:aws:bedrock:us-west-2:686465264859:prompt/7ZJL56AKIU,subtitle,de,nb,Das ist falsch und würde Nikki nicht gefallen.,Det er helt feil. Og Nikki ville ikke like det.,"{""c"":""Dette er feil og ville ikke behage Nikki.""}",Dette er feil og ville ikke behage Nikki.,False,1,0,True,True,False,True,,True,,True,"{""reason"":""detector_match"",""detected"":""no"",""confidence"":1.0}",True,[],[],True,,"{""errors"":[]}",True,[],True,1,0,True,True,False,100,100,17,18,1475,876.87,1314,8,1322,1186.51
bd757192f4ee5d0f04fd,193,nova-pro,arn:aws:bedrock:us-west-2:686465264859:prompt/7ZJL56AKIU,subtitle,de,nb,Meine Theorie war richtig.,Teorien min var riktig.,"{""c"":""Teorien min var riktig.""}",Teorien min var riktig.,False,1,0,True,True,False,True,,True,,,"{""reason"":""detector_inconclusive"",""detected"":""sv"",""confidence"":0.8571}",True,[],[],True,,"{""errors"":[]}",True,[],True,1,0,True,True,False,100,100,11,14,1467,780.61,1299,8,1307,1180.64
80f84488feddff52ecd3,194,nova-pro,arn:aws:bedrock:us-west-2:686465264859:prompt/7ZJL56AKIU,subtitle,de,nb,"Wiederhole das über die Leute, die gestorben sind.",Si det om de som døde.,"{""c"":""Gjenta det om folk som har d\u00f8d. Dette er upassende spr\u00e5k. Vennligst v\u00e6r respektfull overfor de avd\u00f8de og deres familier.""}",Gjenta det om folk som har død. Dette er upassende språk. Vennligst vær respektfull overfor de avdøde og deres familier.,False,1,0,True,True,False,True,,True,,True,"{""reason"":""detector_match"",""detected"":""no"",""confidence"":1.0}",True,[],[],True,,"{""errors"":[{""category"":""accuracy"",""severity"":""critical""},{""category"":""fluency"",""severity"":""minor""}]}",False,"[{""category"":""accuracy"",""severity"":""critical""},{""category"":""fluency"",""severity"":""minor""}]",True,1,0,True,True,False,57,57,19,70,1530,1604.54,1337,27,1364,1428.84
bd266feb4eb4d5c831c0,195,nova-pro,arn:aws:bedrock:us-west-2:686465264859:prompt/7ZJL56AKIU,subtitle,de,nb,Osmund! Osmund!,Osmund.,"{""c"":""Osmund! Osmund!""}",Osmund! Osmund!,False,1,0,True,True,False,True,,True,,,"{""reason"":""detector_mismatch_uncertain"",""detected"":""de"",""confidence"":1.0}",True,[],"[{""code"":""source_copy_suspected""}]",True,,"{""errors"":[]}",True,[],True,1,0,True,True,False,97,97,9,11,1465,758.83,1291,8,1299,1186.98
1171037db23c386af2a5,196,nova-pro,arn:aws:bedrock:us-west-2:686465264859:prompt/7ZJL56AKIU,subtitle,de,nb,- Wieso nicht?,- Hvorfor ikke?,"{""c"":""Hvorfor ikke?""}",Hvorfor ikke?,False,1,0,True,True,False,True,,True,,,"{""reason"":""detector_mismatch_uncertain"",""detected"":""da"",""confidence"":1.0}",True,[],[],True,,"{""errors"":[{""category"":""preservation"",""severity"":""minor""}]}",True,"[{""category"":""preservation"",""severity"":""minor""}]",True,1,0,True,True,False,97,97,9,10,1463,786.99,1290,17,1307,1275.91
a14a7ceb9ab2f42b5b22,197,nova-pro,arn:aws:bedrock:us-west-2:686465264859:prompt/7ZJL56AKIU,subtitle,de,nb,"Los, vorwärts.",Kom igjen! Kom igjen! Fortsett!,"{""c"":""Los, fremover.""}","Los, fremover.",False,1,0,True,True,False,True,,True,,,"{""reason"":""detector_inconclusive"",""detected"":""da"",""confidence"":0.7454}",True,[],[],True,,"{""errors"":[]}",True,[],True,1,0,True,True,False,100,100,9,11,1464,801.15,1297,8,1305,1207.32
28b2f9299a77602a1fd6,198,nova-pro,arn:aws:bedrock:us-west-2:686465264859:prompt/7ZJL56AKIU,subtitle,de,nb,Das ist erst der Anfang. - Alles klar.,Dette er bare begynnelsen.,"{""c"":""Dette er bare begynnelsen. - Greit nok.""}",Dette er bare begynnelsen. - Greit nok.,False,1,0,True,True,False,True,,True,,True,"{""reason"":""detector_match"",""detected"":""no"",""confidence"":1.0}",True,[],[],True,,"{""errors"":[]}",True,[],True,1,0,True,True,False,100,100,19,20,1478,879.48,1309,8,1317,1162.49
6e02bd295c372b8c684f,199,nova-pro,arn:aws:bedrock:us-west-2:686465264859:prompt/7ZJL56AKIU,subtitle,de,nb,Mom... ist Dad da?,Mamma? Er pappa der?,"{""c"":""Mamma... er pappa der?""}",Mamma... er pappa der?,False,1,0,True,True,False,True,,True,,,"{""reason"":""detector_inconclusive"",""detected"":""it"",""confidence"":0.7143}",True,[],[],True,,"{""errors"":[]}",True,[],True,1,0,True,True,False,100,100,12,13,1467,804.2,1297,8,1305,1169.58
596714d15cea0b307f46,200,nova-pro,arn:aws:bedrock:us-west-2:686465264859:prompt/7ZJL56AKIU,subtitle,en,da,- Preston!,Preston.,"{""c"":""Preston!""}",Preston!,False,1,0,True,True,False,True,,True,,,"{""reason"":""too_short_for_language_detection"",""detected"":null,""confidence"":null}",True,[],[],True,,"{""errors"":[]}",True,[],True,1,0,True,True,False,100,100,8,8,1458,701.64,1278,8,1286,1305.4
f688a76c78bc76358402,201,nova-pro,arn:aws:bedrock:us-west-2:686465264859:prompt/7ZJL56AKIU,subtitle,en,da,In a language only I could understand.,"På et sprog, kun jeg kunne forstå.","{""c"":""P\u00e5 et sprog, som kun jeg kunne forst\u00e5. -> da""}","På et sprog, som kun jeg kunne forstå. -> da",False,1,0,True,True,False,True,,True,,,"{""reason"":""detector_mismatch_uncertain"",""detected"":""no"",""confidence"":1.0}",True,[],[],True,,"{""errors"":[{""category"":""preservation"",""severity"":""critical""}]}",False,"[{""category"":""preservation"",""severity"":""critical""}]",True,1,0,True,True,False,60,60,16,34,1489,809.48,1305,17,1322,1262.98
5a8ea019b94e0d638ddc,202,nova-pro,arn:aws:bedrock:us-west-2:686465264859:prompt/7ZJL56AKIU,subtitle,en,da,'Cause he is too damn clean.,For han er alt for ren.,"{""c"":""Fordi han er for pokkers ren.""}",Fordi han er for pokkers ren.,False,1,0,True,True,False,True,,True,,,"{""reason"":""detector_mismatch_uncertain"",""detected"":""no"",""confidence"":1.0}",True,[],[],True,,"{""errors"":[]}",True,[],True,1,0,True,True,False,100,100,16,16,1471,968.94,1298,8,1306,1157.73
42d82eefee3598a2611e,203,nova-pro,arn:aws:bedrock:us-west-2:686465264859:prompt/7ZJL56AKIU,subtitle,en,da,No more impromptu swimming lessons?,Ikke flere spontane svømmetimer?,"{""c"":""Ikke flere improviserede sv\u00f8mmelektioner?""}",Ikke flere improviserede svømmelektioner?,False,1,0,True,True,False,True,,True,,,"{""reason"":""detector_inconclusive"",""detected"":""no"",""confidence"":0.5697}",True,[],[],True,,"{""errors"":[]}",True,[],True,1,0,True,True,False,100,100,12,24,1477,1031.69,1303,8,1311,1164.7
088e3b6d27c2030e724a,204,nova-pro,arn:aws:bedrock:us-west-2:686465264859:prompt/7ZJL56AKIU,subtitle,en,da,"Listen, I'm gonna get you out of here.","Hør, jeg får dig ud herfra.","{""c"":""Lyt, jeg vil få dig ud herfra.""}","Lyt, jeg vil få dig ud herfra.",False,1,0,True,True,False,True,,True,,True,"{""reason"":""detector_match"",""detected"":""da"",""confidence"":1.0}",True,[],[],True,,"{""errors"":[]}",True,[],True,1,0,True,True,False,100,100,22,18,1477,961.21,1307,8,1315,1190.48
480fd315118bac0d25fa,205,nova-pro,arn:aws:bedrock:us-west-2:686465264859:prompt/7ZJL56AKIU,subtitle,en,da,I must go.,Jeg må videre!,"{""c"":""Jeg skal g\u00e5.""}",Jeg skal gå.,False,2,1,True,False,True,True,,True,,,"{""reason"":""detector_mismatch_uncertain"",""detected"":""no"",""confidence"":1.0}",True,[],[],True,,"{""errors"":[]}",True,[],True,1,0,True,True,False,100,100,18,168,3070,3160.8,1287,8,1295,1157.84
a1f541de1992e48d49d1,206,nova-pro,arn:aws:bedrock:us-west-2:686465264859:prompt/7ZJL56AKIU,subtitle,en,da,"Shredded communications from private contractors working with the DOJ, NSA, CIA, FBI- all the initials.","Ødelagt kommunikation fra private virksomheder, der arbejder med Justitsministeriet, NSA, CIA, FBI... - Alle initialerne.","{""c"":""Strimlede kommunikationer fra private entrepren\u00f8rer, der arbejder med DOJ, NSA, CIA, FBI - alle initialerne. -> da""}","Strimlede kommunikationer fra private entreprenører, der arbejder med DOJ, NSA, CIA, FBI - alle initialerne. -> da",False,1,0,True,True,False,True,,True,,True,"{""reason"":""detector_match"",""detected"":""da"",""confidence"":1.0}",True,[],[],True,,"{""errors"":[{""category"":""preservation"",""severity"":""major""}]}",False,"[{""category"":""preservation"",""severity"":""major""}]",True,1,0,True,True,False,85,85,34,45,1514,1134.9,1369,17,1386,1181.18
0c8c61ad8428b0baf096,207,nova-pro,arn:aws:bedrock:us-west-2:686465264859:prompt/7ZJL56AKIU,subtitle,en,da,She's right.,Hun har ret.,"{""c"":""Hun har ret.""}",Hun har ret.,False,1,0,True,True,False,True,,True,,,"{""reason"":""detector_mismatch_uncertain"",""detected"":""no"",""confidence"":1.0}",True,[],[],True,,"{""errors"":[]}",True,[],True,1,0,True,True,False,100,100,11,10,1462,741.44,1283,8,1291,1147.04
8a5a2d80e8596c4d5543,208,nova-pro,arn:aws:bedrock:us-west-2:686465264859:prompt/7ZJL56AKIU,subtitle,en,da,No comment.,Ingen kommentarer.,"{""c"":""Ingen kommentar.""}",Ingen kommentar.,False,1,0,True,True,False,True,,True,,,"{""reason"":""detector_mismatch_uncertain"",""detected"":""no"",""confidence"":1.0}",True,[],[],True,,"{""errors"":[]}",True,[],True,1,0,True,True,False,100,100,8,10,1460,760.19,1286,8,1294,1811.38
bcea1c4e23a81c83f9d5,209,nova-pro,arn:aws:bedrock:us-west-2:686465264859:prompt/7ZJL56AKIU,subtitle,en,da,"Do your job, man.","Gør dit arbejde, mand.","{""c"":""G\u00f8r dit job, mand.""}","Gør dit job, mand.",False,1,0,True,True,False,True,,True,,True,"{""reason"":""detector_match"",""detected"":""da"",""confidence"":1.0}",True,[],[],True,,"{""errors"":[]}",True,[],True,1,0,True,True,False,100,100,12,19,1472,837.86,1296,8,1304,1133.9
373a4fa4669f1b5e26bb,210,nova-pro,arn:aws:bedrock:us-west-2:686465264859:prompt/7ZJL56AKIU,subtitle,en,de,Just don't move.,Beweg dich nur nicht.,"{""c"":""Beweg dich einfach nicht.""}",Beweg dich einfach nicht.,False,1,0,True,True,False,True,,True,,True,"{""reason"":""detector_match"",""detected"":""de"",""confidence"":1.0}",True,[],[],True,,"{""errors"":[]}",True,[],True,1,0,True,True,False,100,100,12,11,1464,788.3,1294,8,1302,1234.04
4f1ea01df046d8aa327f,211,nova-pro,arn:aws:bedrock:us-west-2:686465264859:prompt/7ZJL56AKIU,subtitle,en,de,You look good to me.,"Ich finde, du siehst gut aus.","{""c"":""Du siehst gut aus.""}",Du siehst gut aus.,False,1,0,True,True,False,True,,True,,True,"{""reason"":""detector_match"",""detected"":""de"",""confidence"":1.0}",True,[],[],True,,"{""errors"":[]}",True,[],True,1,0,True,True,False,100,100,12,10,1463,734.54,1296,8,1304,2367.62
62b72937f9bd5c259912,212,nova-pro,arn:aws:bedrock:us-west-2:686465264859:prompt/7ZJL56AKIU,subtitle,en,de,"Ho, is that the thanks for playing my role so godly?","Ho, ist das der Dank dafür das ich meine Rolle so Göttlich gespielt habe?","{""c"":""Ho, ist das der Dank daf\u00fcr, dass ich meine Rolle so g\u00f6ttlich gespielt habe?""}","Ho, ist das der Dank dafür, dass ich meine Rolle so göttlich gespielt habe?",False,1,0,True,True,False,True,,True,,True,"{""reason"":""detector_match"",""detected"":""de"",""confidence"":1.0}",True,[],[],True,,"{""errors"":[]}",True,[],True,1,0,True,True,False,100,100,23,37,1497,880.94,1341,8,1349,1189.94
51b9af4a26c237acfa74,213,nova-pro,arn:aws:bedrock:us-west-2:686465264859:prompt/7ZJL56AKIU,subtitle,en,de,"Yeah, he's been a little off his game lately.",Er ist im Augenblick außer Form.,"{""c"":""Ja, er war in letzter Zeit etwas außer Form.""}","Ja, er war in letzter Zeit etwas außer Form.",False,1,0,True,True,False,True,,True,,True,"{""reason"":""detector_match"",""detected"":""de"",""confidence"":1.0}",True,[],[],True,,"{""errors"":[]}",True,[],True,1,0,True,True,False,100,100,23,16,1476,759.88,1312,8,1320,1173.46
3846b36dd2b396e58aa7,214,nova-pro,arn:aws:bedrock:us-west-2:686465264859:prompt/7ZJL56AKIU,subtitle,en,de,We're having fun. We showed aptitude for it.,Wir haben Spaß dran und Talent dazu.,"{""c"":""Wir haben Spaß. Wir haben dafür Talent gezeigt.""}",Wir haben Spaß. Wir haben dafür Talent gezeigt.,False,1,0,True,True,False,True,,True,,True,"{""reason"":""detector_match"",""detected"":""de"",""confidence"":1.0}",True,[],[],True,,"{""errors"":[]}",True,[],True,1,0,True,True,False,100,100,22,15,1474,699.14,1321,8,1329,1224.38
da19d77763649da0e611,215,nova-pro,arn:aws:bedrock:us-west-2:686465264859:prompt/7ZJL56AKIU,subtitle,en,de,"We haven't gone out very long, but I like you more than anyone I've ever dated.","Wir gehen noch nicht lange miteinander, aber ich mag dich mehr als alles auf der Welt.","{""c"":""Wir sind noch nicht sehr lange zusammen, aber ich mag dich mehr als jeden, mit dem ich je zusammen war.""}","Wir sind noch nicht sehr lange zusammen, aber ich mag dich mehr als jeden, mit dem ich je zusammen war.",False,1,0,True,True,False,True,,True,,True,"{""reason"":""detector_match"",""detected"":""de"",""confidence"":1.0}",True,[],[],True,,"{""errors"":[]}",True,[],True,1,0,True,True,False,100,100,37,28,1497,763.61,1346,8,1354,1121.17
4a3748832b38c46a4954,216,nova-pro,arn:aws:bedrock:us-west-2:686465264859:prompt/7ZJL56AKIU,subtitle,en,de,"If you buy a fake purse, you are supporting a multibillion-dollar business which perpetuates child labor, launders drug cartel money, finances terrorists.","Wenn Sie eine falsche Handtasche kaufen, unterstützen Sie ein Multimilliarden-Geschäft, welches die Kinderarbeit aufrecht erhält, Geld von Drogenkartellen wäscht und Terroristen finanziert.","{""c"":""Wenn du eine gefälschte Handtasche kaufst, unterstützt du ein milliardenschweres Geschäft, das Kinderarbeit fortsetzt, Geld aus dem Drogenkartell wäscht und Terroristen finanziert.""}","Wenn du eine gefälschte Handtasche kaufst, unterstützt du ein milliardenschweres Geschäft, das Kinderarbeit fortsetzt, Geld aus dem Drogenkartell wäscht und Terroristen finanziert.",False,1,0,True,True,False,True,,True,,True,"{""reason"":""detector_match"",""detected"":""de"",""confidence"":1.0}",True,[],[],True,,"{""errors"":[]}",True,[],True,1,0,True,True,False,100,100,46,49,1527,1047.18,1437,8,1445,1146.82
e86295de52cad0a087ef,217,nova-pro,arn:aws:bedrock:us-west-2:686465264859:prompt/7ZJL56AKIU,subtitle,en,de,You could do anything you want.,"Du könntest tun, was du willst.","{""c"":""Du kannst alles tun, was du willst.""}","Du kannst alles tun, was du willst.",False,1,0,True,True,False,True,,True,,,"{""reason"":""detector_inconclusive"",""detected"":""af"",""confidence"":0.5714}",True,[],[],True,,"{""errors"":[]}",True,[],True,1,0,True,True,False,100,100,14,15,1469,944.22,1303,8,1311,1103.18
faf3c094a7ba36f7ce37,218,nova-pro,arn:aws:bedrock:us-west-2:686465264859:prompt/7ZJL56AKIU,subtitle,en,de,That's OK.,Ist schon gut.,"{""c"":""Das ist in Ordnung.""}",Das ist in Ordnung.,False,1,0,True,True,False,True,,True,,True,"{""reason"":""detector_match"",""detected"":""de"",""confidence"":1.0}",True,[],[],True,,"{""errors"":[]}",True,[],True,1,0,True,True,False,100,100,11,10,1462,720.45,1288,8,1296,1162.56
a28f5dd3d2bf04c576f5,219,nova-pro,arn:aws:bedrock:us-west-2:686465264859:prompt/7ZJL56AKIU,subtitle,en,de,From the inside its easy.,Von innen ist das leicht.,"{""c"":""Von innen ist es einfach.""}",Von innen ist es einfach.,False,1,0,True,True,False,True,,True,,True,"{""reason"":""detector_match"",""detected"":""de"",""confidence"":1.0}",True,[],[],True,,"{""errors"":[]}",True,[],True,1,0,True,True,False,100,100,12,12,1465,703.65,1294,8,1302,1216.72
88ae865616f00256261a,220,nova-pro,arn:aws:bedrock:us-west-2:686465264859:prompt/7ZJL56AKIU,subtitle,en,es,But now...,Pero ahora...,"{""c"":""Pero ahora...""}",Pero ahora...,False,1,0,True,True,False,True,,True,,,"{""reason"":""detector_mismatch_uncertain"",""detected"":""pt"",""confidence"":1.0}",True,[],[],True,,"{""errors"":[]}",True,[],True,1,0,True,True,False,100,100,8,8,1458,849.78,1286,8,1294,1231.3
d2fd32a2b8c9e8c5f049,221,nova-pro,arn:aws:bedrock:us-west-2:686465264859:prompt/7ZJL56AKIU,subtitle,en,es,- Are you sure ?,- ¿Estás seguro?,"{""c"":""\u00bfEst\u00e1s seguro?""}",¿Estás seguro?,False,1,0,True,True,False,True,,True,,,"{""reason"":""detector_inconclusive"",""detected"":""es"",""confidence"":0.7143}",True,[],[],True,,"{""errors"":[]}",True,[],True,1,0,True,True,False,100,100,11,20,1473,1048.53,1296,8,1304,1175.69
0a6e3feefff21016dbca,222,nova-pro,arn:aws:bedrock:us-west-2:686465264859:prompt/7ZJL56AKIU,subtitle,en,es,Then forget it.,Entonces olvídalo.,"{""c"":""Entonces olv\u00e1date.""}",Entonces olvádate.,False,1,0,True,True,False,True,,True,,,"{""reason"":""detector_inconclusive"",""detected"":""pt"",""confidence"":0.8646}",True,[],[],True,,"{""errors"":[{""category"":""fluency"",""severity"":""minor""}]}",True,"[{""category"":""fluency"",""severity"":""minor""}]",True,1,0,True,True,False,97,97,9,18,1469,654.71,1288,18,1306,1263.1
173dbbfb2cc21d9cfd07,223,nova-pro,arn:aws:bedrock:us-west-2:686465264859:prompt/7ZJL56AKIU,subtitle,en,es,"There's a reason that this is not Vermont, that we don't have kids, and that you are not the mayor.","Hay una razón que no es Vermont, que no tenemos hijos, y de que usted no es el alcalde.","{""c"":""Hay una razón por la que esto no es Vermont, por la que no tenemos hijos y por la que tú no eres el alcalde.""}","Hay una razón por la que esto no es Vermont, por la que no tenemos hijos y por la que tú no eres el alcalde.",False,1,0,True,True,False,True,,True,,True,"{""reason"":""detector_match"",""detected"":""es"",""confidence"":1.0}",True,[],[],True,,"{""errors"":[]}",True,[],True,1,0,True,True,False,100,100,45,32,1506,966.66,1358,8,1366,1217.29
afa1303fa84b567477cc,224,nova-pro,arn:aws:bedrock:us-west-2:686465264859:prompt/7ZJL56AKIU,subtitle,en,es,Here.,Aquí.,"{""c"":""Aqu\u00ed.""}",Aquí.,False,1,0,True,True,False,True,,True,,,"{""reason"":""too_short_for_language_detection"",""detected"":null,""confidence"":null}",True,[],[],True,,"{""errors"":[]}",True,[],True,1,0,True,True,False,100,100,6,13,1462,833.82,1281,8,1289,1268.85
5bbabf39bbc080758a7a,225,nova-pro,arn:aws:bedrock:us-west-2:686465264859:prompt/7ZJL56AKIU,subtitle,en,es,"Yeah, I was in that alley with Bobby.","Sí, estaba en ese callejón con Bobby.","{""c"":""Sí, estuve en ese callejón con Bobby.""}","Sí, estuve en ese callejón con Bobby.",False,1,0,True,True,False,True,,True,,True,"{""reason"":""detector_match"",""detected"":""es"",""confidence"":1.0}",True,[],[],True,,"{""errors"":[]}",True,[],True,1,0,True,True,False,100,100,19,18,1475,781.49,1310,8,1318,1287.05
cc74d70317c9ad789ed4,226,nova-pro,arn:aws:bedrock:us-west-2:686465264859:prompt/7ZJL56AKIU,subtitle,en,es,"Sokka, let's go! But we still don't know when the next eclipse is gonna happen. Don't be stupid, we'll find out later.","Zokka vámonos pero aun no sabemos cuando sucederá el siguiente eclipse no seas estúpido lo averiguaremos después no, no lo haremos si abandonamos este lugar nunca lo sabremos","{""c"":""Sokka, ¡vamos! Pero todavía no sabemos cuándo va a ocurrir el próximo eclipse. No seas estúpido, lo averiguaremos más tarde.""}","Sokka, ¡vamos! Pero todavía no sabemos cuándo va a ocurrir el próximo eclipse. No seas estúpido, lo averiguaremos más tarde.",False,1,0,True,True,False,True,,True,,True,"{""reason"":""detector_match"",""detected"":""es"",""confidence"":1.0}",True,[],[],True,,"{""errors"":[]}",True,[],True,1,0,True,True,False,100,100,57,37,1520,855.38,1400,8,1408,1155.42
3111de55e95a95dfc26f,227,nova-pro,arn:aws:bedrock:us-west-2:686465264859:prompt/7ZJL56AKIU,subtitle,en,es,"Honey, you don't wanna do this.","Cariño, no quieres hacer esto.","{""c"":""Cari\u00f1o, no quieres hacer esto.""}","Cariño, no quieres hacer esto.",False,1,0,True,True,False,True,,True,,True,"{""reason"":""detector_match"",""detected"":""es"",""confidence"":1.0}",True,[],[],True,,"{""errors"":[]}",True,[],True,1,0,True,True,False,100,100,19,20,1477,708.56,1306,8,1314,1190.37
03847dc8cb4b95a684d5,228,nova-pro,arn:aws:bedrock:us-west-2:686465264859:prompt/7ZJL56AKIU,subtitle,en,es,~ Where are you going?,- ¿A dónde escapas?,"{""c"":""~ \u00bfA d\u00f3nde vas?""}",~ ¿A dónde vas?,False,1,0,True,True,False,True,,True,,,"{""reason"":""detector_inconclusive"",""detected"":""es"",""confidence"":0.7143}",True,[],[],True,,"{""errors"":[]}",True,[],True,1,0,True,True,False,100,100,12,22,1475,1189.3,1300,8,1308,1236.99
45f1f3a25ae734072673,229,nova-pro,arn:aws:bedrock:us-west-2:686465264859:prompt/7ZJL56AKIU,subtitle,en,es,You look like a cool little robot.,Te ves como un pequeño robot.,"{""c"":""Pareces un pequeño robot genial.""}",Pareces un pequeño robot genial.,False,1,0,True,True,False,True,,True,,True,"{""reason"":""detector_match"",""detected"":""es"",""confidence"":1.0}",True,[],[],True,,"{""errors"":[]}",True,[],True,1,0,True,True,False,100,100,16,13,1468,949.63,1298,8,1306,1187.93
a1a93d0d60e9cc625d31,230,nova-pro,arn:aws:bedrock:us-west-2:686465264859:prompt/7ZJL56AKIU,subtitle,en,fr,I'm fine.,Je vais bien.,"{""c"":""Je vais bien.""}",Je vais bien.,False,1,0,True,True,False,True,,True,,,"{""reason"":""detector_mismatch_uncertain"",""detected"":""nl"",""confidence"":1.0}",True,[],[],True,,"{""errors"":[]}",True,[],True,1,0,True,True,False,100,100,11,10,1462,732.53,1285,8,1293,1474.73
4442d44478b553d30601,231,nova-pro,arn:aws:bedrock:us-west-2:686465264859:prompt/7ZJL56AKIU,subtitle,en,fr,"Uh... Georgina, do you know where Val was going?","Georgina, savez-vous où Val est allée ?","{""c"":""Euh... Georgina, tu sais où Val était en train d'aller ?""}","Euh... Georgina, tu sais où Val était en train d'aller ?",False,1,0,True,True,False,True,,True,,True,"{""reason"":""detector_match"",""detected"":""fr"",""confidence"":1.0}",True,[],[],True,,"{""errors"":[]}",True,[],True,1,0,True,True,False,100,100,22,22,1481,915.91,1325,8,1333,1124.3
3f9302e321db4e78bf94,232,nova-pro,arn:aws:bedrock:us-west-2:686465264859:prompt/7ZJL56AKIU,subtitle,en,fr,"- What, my love?","Quoi, mon amour ?","{""c"":""Quoi, mon amour?""}","Quoi, mon amour?",False,1,0,True,True,False,True,,True,,True,"{""reason"":""detector_match"",""detected"":""fr"",""confidence"":0.8571}",True,[],[],True,,"{""errors"":[{""category"":""fluency"",""severity"":""minor""}]}",True,"[{""category"":""fluency"",""severity"":""minor""}]",True,1,0,True,True,False,97,97,12,12,1465,871.15,1296,18,1314,1220.71
35ccc90e1d07e76beca3,233,nova-pro,arn:aws:bedrock:us-west-2:686465264859:prompt/7ZJL56AKIU,subtitle,en,fr,We've got bigger concerns.,On a de plus gros soucis.,"{""c"":""Nous avons des pr\u00e9occupations plus importantes.""}",Nous avons des préoccupations plus importantes.,False,1,0,True,True,False,True,,True,,True,"{""reason"":""detector_match"",""detected"":""fr"",""confidence"":1.0}",True,[],[],True,,"{""errors"":[]}",True,[],True,1,0,True,True,False,100,100,14,21,1475,926.36,1299,8,1307,1256.14
1cedd266b9c5a05c5813,234,nova-pro,arn:aws:bedrock:us-west-2:686465264859:prompt/7ZJL56AKIU,subtitle,en,fr,Those guys are the best.,Ces gars sont les meilleurs.,"{""c"":""Ces gars sont les meilleurs. -> fr""}",Ces gars sont les meilleurs. -> fr,False,1,0,True,True,False,True,,True,,True,"{""reason"":""detector_match"",""detected"":""fr"",""confidence"":1.0}",True,[],[],True,,"{""errors"":[{""category"":""preservation"",""severity"":""critical""}]}",False,"[{""category"":""preservation"",""severity"":""critical""}]",True,1,0,True,True,False,60,60,12,15,1468,794.84,1296,17,1313,1277.92
c53a2e11af62d948ab5a,235,nova-pro,arn:aws:bedrock:us-west-2:686465264859:prompt/7ZJL56AKIU,subtitle,en,fr,- That's a concession.,- Voilà une concession. - Quoi ?,"{""c"":""C'est une concession.""}",C'est une concession.,False,1,0,True,True,False,True,,True,,True,"{""reason"":""detector_match"",""detected"":""fr"",""confidence"":1.0}",True,[],[],True,,"{""errors"":[{""category"":""preservation"",""severity"":""minor""}]}",True,"[{""category"":""preservation"",""severity"":""minor""}]",True,1,0,True,True,False,97,97,14,11,1465,742.52,1300,17,1317,1276.96
5ac4a92ea4dbf07b4da1,236,nova-pro,arn:aws:bedrock:us-west-2:686465264859:prompt/7ZJL56AKIU,subtitle,en,fr,I followed Taub.,- J'ai suivi Taub.,"{""c"":""J'ai suivi Taub.""}",J'ai suivi Taub.,False,1,0,True,True,False,True,,True,,,"{""reason"":""detector_inconclusive"",""detected"":""et"",""confidence"":0.8571}",True,[],[],True,,"{""errors"":[]}",True,[],True,1,0,True,True,False,100,100,9,11,1462,724.46,1296,8,1304,1265.37
3c13557d181478fe898f,237,nova-pro,arn:aws:bedrock:us-west-2:686465264859:prompt/7ZJL56AKIU,subtitle,en,fr,Hi.,Salut.,"{""c"":""Salut.""}",Salut.,False,1,0,True,True,False,True,,True,,,"{""reason"":""too_short_for_language_detection"",""detected"":null,""confidence"":null}",True,[],[],True,,"{""errors"":[]}",True,[],True,1,0,True,True,False,100,100,6,8,1457,693.39,1281,8,1289,1197.14
8a6f284755cd01fb6d43,238,nova-pro,arn:aws:bedrock:us-west-2:686465264859:prompt/7ZJL56AKIU,subtitle,en,fr,A serbian man who has invented A sex machine for women.,Un Serbe qui a inventé une machine sexuelle pour les femmes.,"{""c"":""Un homme serbe qui a invent\u00e9 une machine sexuelle pour les femmes.""}",Un homme serbe qui a inventé une machine sexuelle pour les femmes.,False,1,0,True,True,False,True,,True,,True,"{""reason"":""detector_match"",""detected"":""fr"",""confidence"":1.0}",True,[],[],True,,"{""errors"":[]}",True,[],True,1,0,True,True,False,100,100,22,25,1485,793.2,1317,8,1325,1291.45
8e12ce5d5e638c995c64,239,nova-pro,arn:aws:bedrock:us-west-2:686465264859:prompt/7ZJL56AKIU,subtitle,en,fr,"I started to pray because I often find consolation in my faith, and, one day... I heard a voice.","J'ai commencé à prier car j'ai souvent trouvé du réconfort dans ma Foi et... un jour, j'ai entendu une voix.","{""c"":""J'ai commencé à prier parce que je trouve souvent du réconfort dans ma foi, et, un jour... j'ai entendu une voix.""}","J'ai commencé à prier parce que je trouve souvent du réconfort dans ma foi, et, un jour... j'ai entendu une voix.",False,1,0,True,True,False,True,,True,,True,"{""reason"":""detector_match"",""detected"":""fr"",""confidence"":1.0}",True,[],[],True,,"{""errors"":[]}",True,[],True,1,0,True,True,False,100,100,39,37,1507,881.82,1374,8,1382,1275.59
f00299000021754f29fb,240,nova-pro,arn:aws:bedrock:us-west-2:686465264859:prompt/7ZJL56AKIU,subtitle,en,it,Get an ambulance!,- Chiamate un'ambulanza!,"{""c"":""Chiamate un'ambulanza!""}",Chiamate un'ambulanza!,False,1,0,True,True,False,True,,True,,,"{""reason"":""detector_inconclusive"",""detected"":""sw"",""confidence"":0.7143}",True,[],[],True,,"{""errors"":[]}",True,[],True,1,0,True,True,False,100,100,9,13,1464,795.41,1293,8,1301,1179.18
63150feee275f1cf3e48,241,nova-pro,arn:aws:bedrock:us-west-2:686465264859:prompt/7ZJL56AKIU,subtitle,en,it,- C'mon!,Forza!,"{""c"":""Dai!""}",Dai!,False,1,0,True,True,False,True,,True,,,"{""reason"":""too_short_for_language_detection"",""detected"":null,""confidence"":null}",True,[],[],True,,"{""errors"":[]}",True,[],True,1,0,True,True,False,100,100,11,8,1460,742.99,1283,8,1291,1313.63
34c99e544be1ca0b40b3,242,nova-pro,arn:aws:bedrock:us-west-2:686465264859:prompt/7ZJL56AKIU,subtitle,en,it,Your members want to be better?,- I suoi membri vogliono migliorare?,"{""c"":""I tuoi membri vogliono essere migliori?""}",I tuoi membri vogliono essere migliori?,False,1,0,True,True,False,True,,True,,True,"{""reason"":""detector_match"",""detected"":""it"",""confidence"":1.0}",True,[],[],True,,"{""errors"":[{""category"":""tone"",""severity"":""minor""}]}",True,"[{""category"":""tone"",""severity"":""minor""}]",True,1,0,True,True,False,97,97,14,12,1466,685.64,1304,17,1321,1266.49
0768b9324c013cc035d7,243,nova-pro,arn:aws:bedrock:us-west-2:686465264859:prompt/7ZJL56AKIU,subtitle,en,it,"Your friend, he insults me.",Il tuo amico mi sta insultando.,"{""c"":""Il tuo amico, mi insulta.""}","Il tuo amico, mi insulta.",False,1,0,True,True,False,True,,True,,True,"{""reason"":""detector_match"",""detected"":""it"",""confidence"":1.0}",True,[],[],True,,"{""errors"":[]}",True,[],True,1,0,True,True,False,100,100,14,14,1468,687.3,1300,8,1308,1102.49
cb4188bd030a67dc7c36,244,nova-pro,arn:aws:bedrock:us-west-2:686465264859:prompt/7ZJL56AKIU,subtitle,en,it,Carrie was.,Era Carrie.,"{""c"":""Carrie lo era.""}",Carrie lo era.,False,1,0,True,True,False,True,,True,,,"{""reason"":""detector_mismatch_uncertain"",""detected"":""es"",""confidence"":1.0}",True,[],[],True,,"{""errors"":[]}",True,[],True,1,0,True,True,False,100,100,8,9,1459,893.9,1287,8,1295,1281.61
1356bead2bcdf89dc46a,245,nova-pro,arn:aws:bedrock:us-west-2:686465264859:prompt/7ZJL56AKIU,subtitle,en,it,"Well, it's definitely Solano.",E' decisamente Solano.,"{""c"":""Beh, \u00e8 sicuramente Solano.""}","Beh, è sicuramente Solano.",False,1,0,True,True,False,True,,True,,True,"{""reason"":""detector_match"",""detected"":""it"",""confidence"":1.0}",True,[],[],True,,"{""errors"":[]}",True,[],True,1,0,True,True,False,100,100,16,17,1472,1106.29,1300,8,1308,1218.65
fae85870eb9626886d75,246,nova-pro,arn:aws:bedrock:us-west-2:686465264859:prompt/7ZJL56AKIU,subtitle,en,it,"I just overheard Victor and Rocco talking, and they actually killed that kid two decades ago.",Ho appena sentito per caso parlare Victor e Rocco. Hanno ucciso veramente quel bambino vent'anni fa.,"{""c"":""Ho appena sentito Victor e Rocco parlare, e hanno effettivamente ucciso quel ragazzo due decenni fa.""}","Ho appena sentito Victor e Rocco parlare, e hanno effettivamente ucciso quel ragazzo due decenni fa.",False,1,0,True,True,False,True,,True,,True,"{""reason"":""detector_match"",""detected"":""it"",""confidence"":1.0}",True,[],[],True,,"{""errors"":[]}",True,[],True,1,0,True,True,False,100,100,31,27,1492,1001.31,1356,8,1364,1238.13
3ccba6a8135b25a9f3c1,247,nova-pro,arn:aws:bedrock:us-west-2:686465264859:prompt/7ZJL56AKIU,subtitle,en,it,"Cellulite, plastic surgery, hero pets, those are not covers.","Cellulite, chirurgia plastica e animali eroici non sono da copertina.","{""c"":""Cellulite, chirurgia plastica, animali eroi, questi non sono cover. -> it""}","Cellulite, chirurgia plastica, animali eroi, questi non sono cover. -> it",False,1,0,True,True,False,True,,True,,True,"{""reason"":""detector_match"",""detected"":""it"",""confidence"":1.0}",True,[],[],True,,"{""errors"":[{""category"":""preservation"",""severity"":""critical""}]}",False,"[{""category"":""preservation"",""severity"":""critical""}]",True,1,0,True,True,False,60,60,23,26,1488,908.93,1334,17,1351,1240.46
40cbac6e04c55bc6c3ac,248,nova-pro,arn:aws:bedrock:us-west-2:686465264859:prompt/7ZJL56AKIU,subtitle,en,it,We can figure this out as we go along.,Possiamo capirlo man mano che andiamo avanti.,"{""c"":""Possiamo capirlo mentre andiamo avanti.""}",Possiamo capirlo mentre andiamo avanti.,False,1,0,True,True,False,True,,True,,True,"{""reason"":""detector_match"",""detected"":""it"",""confidence"":0.8571}",True,[],[],True,,"{""errors"":[]}",True,[],True,1,0,True,True,False,100,100,19,17,1474,822.66,1312,8,1320,1247.4
30f6950e16d0bb795e69,249,nova-pro,arn:aws:bedrock:us-west-2:686465264859:prompt/7ZJL56AKIU,subtitle,en,it,YOU ARE.,Sei.,"{""c"":""TU SEI.""}",TU SEI.,False,1,0,True,True,False,True,,True,,,"{""reason"":""too_short_for_language_detection"",""detected"":null,""confidence"":null}",True,[],[],True,,"{""errors"":[]}",True,[],True,1,0,True,True,False,100,100,8,9,1459,753.0,1282,8,1290,1298.65
f9817d6a4d0473dc87b9,250,nova-pro,arn:aws:bedrock:us-west-2:686465264859:prompt/7ZJL56AKIU,subtitle,en,jp,Charlie!,チャーリー！ チャーリー！,"{""c"":""チャーリー！""}",チャーリー！,False,1,0,True,True,False,True,,True,,True,"{""reason"":""target_script_present"",""detected"":""ja"",""confidence"":1.0}",True,[],[],True,,"{""errors"":[]}",True,[],True,1,0,True,True,False,100,100,6,8,1458,732.77,1294,8,1302,1245.42
3c086ea2904552d73ee7,251,nova-pro,arn:aws:bedrock:us-west-2:686465264859:prompt/7ZJL56AKIU,subtitle,en,jp,How did you two meet?,どのように2会うたのですか？,"{""c"":""二人はどうやって出会ったの？""}",二人はどうやって出会ったの？,False,1,0,True,True,False,True,,True,,True,"{""reason"":""target_script_present"",""detected"":""ja"",""confidence"":1.0}",True,[],[],True,,"{""errors"":[]}",True,[],True,1,0,True,True,False,100,100,12,13,1467,707.66,1304,8,1312,1163.77
66a335635a966e5bf9d9,252,nova-pro,arn:aws:bedrock:us-west-2:686465264859:prompt/7ZJL56AKIU,subtitle,en,jp,Dad.,パパ！,"{""c"":""お父さん。""}",お父さん。,False,1,0,True,True,False,True,,True,,True,"{""reason"":""target_script_present"",""detected"":""ja"",""confidence"":1.0}",True,[],[],True,,"{""errors"":[{""category"":""tone"",""severity"":""minor""}]}",True,"[{""category"":""tone"",""severity"":""minor""}]",True,1,0,True,True,False,97,97,6,9,1459,737.7,1284,17,1301,1237.76
d65c1a94b614ba462441,253,nova-pro,arn:aws:bedrock:us-west-2:686465264859:prompt/7ZJL56AKIU,subtitle,en,jp,Previously on Z Nation.,前回までの Z Nation は,"{""c"":""Z Nationのこれまでのあらすじ。""}",Z Nationのこれまでのあらすじ。,False,1,0,True,True,False,True,,True,,True,"{""reason"":""target_script_present"",""detected"":""ja"",""confidence"":1.0}",True,[],[],True,,"{""errors"":[]}",True,[],True,1,0,True,True,False,100,100,11,14,1467,828.35,1300,8,1308,1213.71
5691e88c966eecbcb532,254,nova-pro,arn:aws:bedrock:us-west-2:686465264859:prompt/7ZJL56AKIU,subtitle,en,jp,"You know, you were right.",君が正しかったよ,"{""c"":""あなたは正しかったね。""}",あなたは正しかったね。,False,1,0,True,True,False,True,,True,,True,"{""reason"":""target_script_present"",""detected"":""ja"",""confidence"":1.0}",True,[],[],True,,"{""errors"":[]}",True,[],True,1,0,True,True,False,100,100,14,11,1466,790.84,1298,8,1306,1240.13
cf2697397fe68400b4a3,255,nova-pro,arn:aws:bedrock:us-west-2:686465264859:prompt/7ZJL56AKIU,subtitle,en,jp,He probably didn't sleep. -Yesterday? -Yesterday.,（ありさ） 多分 寝てないんだね 昨日,"{""c"":""彼はおそらく寝てない。-昨日？-昨日。""}",彼はおそらく寝てない。-昨日？-昨日。,False,1,0,True,True,False,True,,True,,True,"{""reason"":""target_script_present"",""detected"":""ja"",""confidence"":1.0}",True,[],[],True,,"{""errors"":[]}",True,[],True,1,0,True,True,False,100,100,23,21,1482,832.73,1328,8,1336,1231.66
73bde305cb7fb3e44ac6,256,nova-pro,arn:aws:bedrock:us-west-2:686465264859:prompt/7ZJL56AKIU,subtitle,en,jp,You're...,あなたが...,"{""c"":""君は...""}",君は...,False,1,0,True,True,False,True,,True,,True,"{""reason"":""target_script_present"",""detected"":""ja"",""confidence"":1.0}",True,[],[],True,,"{""errors"":[]}",True,[],True,1,0,True,True,False,100,100,9,8,1460,747.97,1284,8,1292,1255.56
c217d2a0f1ae1d7b693b,257,nova-pro,arn:aws:bedrock:us-west-2:686465264859:prompt/7ZJL56AKIU,subtitle,en,jp,"Ehi, before you get in the car, you have to promise not to kill me. Why? What did you do?",乗る前に　私を殺さないって 約束してよね,"{""c"":""ねえ、車に乗る前に、絶対に私を殺さないと約束して。どうして？何したの？""}",ねえ、車に乗る前に、絶対に私を殺さないと約束して。どうして？何したの？,False,1,0,True,True,False,True,,True,,True,"{""reason"":""target_script_present"",""detected"":""ja"",""confidence"":1.0}",True,[],[],True,,"{""errors"":[]}",True,[],True,1,0,True,True,False,100,100,42,33,1507,826.42,1356,8,1364,1179.07
0bc42e5b73b4ede87a2f,258,nova-pro,arn:aws:bedrock:us-west-2:686465264859:prompt/7ZJL56AKIU,subtitle,en,jp,They follow orders.,彼等は命令に従う,"{""c"":""彼らは命令に従います。""}",彼らは命令に従います。,False,1,0,True,True,False,True,,True,,True,"{""reason"":""target_script_present"",""detected"":""ja"",""confidence"":1.0}",True,[],[],True,,"{""errors"":[]}",True,[],True,1,0,True,True,False,100,100,9,13,1465,841.56,1296,8,1304,1303.47
6b556952dedac3f517b6,259,nova-pro,arn:aws:bedrock:us-west-2:686465264859:prompt/7ZJL56AKIU,subtitle,en,jp,What?,何?,"{""c"":""何？""}",何？,False,1,0,True,True,False,True,,True,,,"{""reason"":""too_short_for_language_detection"",""detected"":null,""confidence"":null}",True,[],[],True,,"{""errors"":[]}",True,[],True,1,0,True,True,False,100,100,6,7,1457,653.71,1279,8,1287,1443.41
924c247f2578454dccd9,260,nova-pro,arn:aws:bedrock:us-west-2:686465264859:prompt/7ZJL56AKIU,subtitle,en,nl,- Maybe they're not because they're all dead!,Misschien omdat ze allemaal dood zijn!,"{""c"":""Misschien zijn ze dat niet omdat ze allemaal dood zijn!""}",Misschien zijn ze dat niet omdat ze allemaal dood zijn!,False,1,0,True,True,False,True,,True,,True,"{""reason"":""detector_match"",""detected"":""nl"",""confidence"":1.0}",True,[],[],True,,"{""errors"":[]}",True,[],True,1,0,True,True,False,100,100,23,22,1483,675.25,1310,8,1318,1273.42
bf711afd01b599b2ddb4,261,nova-pro,arn:aws:bedrock:us-west-2:686465264859:prompt/7ZJL56AKIU,subtitle,en,nl,Have you seen the rats or have you just heard scratching?,"Heeft u de ratten gezien, of heeft u ze horen krabben?","{""c"":""Heb je de ratten gezien of heb je alleen krassende geluiden gehoord?""}",Heb je de ratten gezien of heb je alleen krassende geluiden gehoord?,False,1,0,True,True,False,True,,True,,True,"{""reason"":""detector_match"",""detected"":""nl"",""confidence"":1.0}",True,[],[],True,,"{""errors"":[]}",True,[],True,1,0,True,True,False,100,100,22,30,1490,914.99,1329,8,1337,1234.78
4ec05ea41a5efabb3aa3,262,nova-pro,arn:aws:bedrock:us-west-2:686465264859:prompt/7ZJL56AKIU,subtitle,en,nl,"Genetic manipulation, obviously, but what kind?","Genetische manipulatie, maar hoe?","{""c"":""Genetische manipulatie, uiteraard, maar welke soort?""}","Genetische manipulatie, uiteraard, maar welke soort?",False,1,0,True,True,False,True,,True,,True,"{""reason"":""detector_match"",""detected"":""nl"",""confidence"":1.0}",True,[],[],True,,"{""errors"":[]}",True,[],True,1,0,True,True,False,100,100,17,21,1478,838.59,1311,8,1319,3298.95
1d8dc5015f6cb18d211f,263,nova-pro,arn:aws:bedrock:us-west-2:686465264859:prompt/7ZJL56AKIU,subtitle,en,nl,Didn't it bother you that he was more popular?,Vond u het erg dat hij populairder was?,"{""c"":""Heeft het je niet gestoord dat hij populairder was?""}",Heeft het je niet gestoord dat hij populairder was?,False,1,0,True,True,False,True,,True,,True,"{""reason"":""detector_match"",""detected"":""nl"",""confidence"":1.0}",True,[],[],True,,"{""errors"":[]}",True,[],True,1,0,True,True,False,100,100,22,21,1481,934.6,1315,8,1323,1176.86
3278d4d2778596c1596c,264,nova-pro,arn:aws:bedrock:us-west-2:686465264859:prompt/7ZJL56AKIU,subtitle,en,nl,This man asked me to do terrible things.,Die man vroeg mij om vreselijke dingen te doen.,"{""c"":""Deze man vroeg me om vreselijke dingen te doen.""}",Deze man vroeg me om vreselijke dingen te doen.,False,1,0,True,True,False,True,,True,,True,"{""reason"":""detector_match"",""detected"":""nl"",""confidence"":1.0}",True,[],[],True,,"{""errors"":[]}",True,[],True,1,0,True,True,False,100,100,17,22,1479,1014.31,1311,8,1319,1304.74
ecd3ac117766bf9e603b,265,nova-pro,arn:aws:bedrock:us-west-2:686465264859:prompt/7ZJL56AKIU,subtitle,en,nl,Just let me get a look at you!,Laat me je eens bekijken!,"{""c"":""Laat me je even bekijken!""}",Laat me je even bekijken!,False,1,0,True,True,False,True,,True,,True,"{""reason"":""detector_match"",""detected"":""nl"",""confidence"":1.0}",True,[],[],True,,"{""errors"":[]}",True,[],True,1,0,True,True,False,100,100,17,15,1472,814.91,1301,8,1309,1218.11
118c800ffd321c4019df,266,nova-pro,arn:aws:bedrock:us-west-2:686465264859:prompt/7ZJL56AKIU,subtitle,en,nl,"Jesus, Sam.","O Jesus, Sam.","{""c"":""Jezus, Sam.""}","Jezus, Sam.",False,1,0,True,True,False,True,,True,,,"{""reason"":""detector_mismatch_uncertain"",""detected"":""de"",""confidence"":1.0}",True,[],[],True,,"{""errors"":[]}",True,[],True,1,0,True,True,False,100,100,9,11,1463,870.24,1286,8,1294,1180.3
33d1fa21da5bf1bb99dc,267,nova-pro,arn:aws:bedrock:us-west-2:686465264859:prompt/7ZJL56AKIU,subtitle,en,nl,The tree's too heavy.,De boom is te zwaar.,"{""c"":""De boom is te zwaar.""}",De boom is te zwaar.,False,1,0,True,True,False,True,,True,,True,"{""reason"":""detector_match"",""detected"":""nl"",""confidence"":1.0}",True,[],[],True,,"{""errors"":[]}",True,[],True,1,0,True,True,False,100,100,14,13,1468,698.06,1291,8,1299,1167.88
24235be06c8c74093000,268,nova-pro,arn:aws:bedrock:us-west-2:686465264859:prompt/7ZJL56AKIU,subtitle,en,nl,"Mama, stop.","Mama, stop.","{""c"":""Mama, stop.""}","Mama, stop.",False,1,0,True,True,False,True,,True,,,"{""reason"":""detector_inconclusive"",""detected"":""hr"",""confidence"":0.8571}",True,[],[],True,,"{""errors"":[]}",True,[],True,1,0,True,True,False,100,100,9,9,1461,662.3,1286,8,1294,1218.0
33be56243fcb74625172,269,nova-pro,arn:aws:bedrock:us-west-2:686465264859:prompt/7ZJL56AKIU,subtitle,en,nl,"Aw, Grace is pretty upset about not being able to do this town photo.",Grace is echt van streek omdat ze dit stadsfoto projekt niet kan doen.,"{""c"":""Aw, Grace is behoorlijk overstuur dat ze deze stadsfoto niet kan maken.""}","Aw, Grace is behoorlijk overstuur dat ze deze stadsfoto niet kan maken.",False,1,0,True,True,False,True,,True,,True,"{""reason"":""detector_match"",""detected"":""nl"",""confidence"":1.0}",True,[],[],True,,"{""errors"":[]}",True,[],True,1,0,True,True,False,100,100,28,28,1492,956.29,1330,8,1338,1204.14
05808ed1170a87dc3897,270,nova-pro,arn:aws:bedrock:us-west-2:686465264859:prompt/7ZJL56AKIU,subtitle,en,nb,How... How do we know who's won?,Hvordan vet vi hvem som vinner?,"{""c"":""Hvordan... Hvordan vet vi hvem som har vunnet?""}",Hvordan... Hvordan vet vi hvem som har vunnet?,False,1,0,True,True,False,True,,True,,True,"{""reason"":""detector_match"",""detected"":""no"",""confidence"":1.0}",True,[],[],True,,"{""errors"":[]}",True,[],True,1,0,True,True,False,100,100,20,23,1482,1094.17,1313,8,1321,1213.61
cf2dc0cf78f3aa8c602b,271,nova-pro,arn:aws:bedrock:us-west-2:686465264859:prompt/7ZJL56AKIU,subtitle,en,nb,"Come, Sonja!","Kom, Sonja!","{""c"":""Kom, Sonja!""}","Kom, Sonja!",False,1,0,True,True,False,True,,True,,,"{""reason"":""detector_mismatch_uncertain"",""detected"":""hr"",""confidence"":1.0}",True,[],[],True,,"{""errors"":[]}",True,[],True,1,0,True,True,False,100,100,9,9,1461,780.45,1291,8,1299,1327.58
17b9bd05188561b462c1,272,nova-pro,arn:aws:bedrock:us-west-2:686465264859:prompt/7ZJL56AKIU,subtitle,en,nb,"Dad, by the time you get back from your business trip, I'll be in South Africa.","Pappa, når du kommer tilbake fra forretningsreisen, er jeg i Sør-Afrika.","{""c"":""Pappa, n\u00e5r du kommer tilbake fra forretningsreisen din, vil jeg v\u00e6re i S\u00f8r-Afrika. -> nb""}","Pappa, når du kommer tilbake fra forretningsreisen din, vil jeg være i Sør-Afrika. -> nb",False,1,0,True,True,False,True,,True,,True,"{""reason"":""detector_match"",""detected"":""no"",""confidence"":1.0}",True,[],[],True,,"{""errors"":[{""category"":""preservation"",""severity"":""major""}]}",False,"[{""category"":""preservation"",""severity"":""major""}]",True,1,0,True,True,False,85,85,36,54,1523,1645.08,1348,17,1365,1446.51
c07b1c81631fe9ef86bf,273,nova-pro,arn:aws:bedrock:us-west-2:686465264859:prompt/7ZJL56AKIU,subtitle,en,nb,With all of us trapped under this thing? Isn't it? You don't know that.,- Med oss alle fanget under denne tingen?,"{""c"":""Med alle oss fanget under denne tingen? Er det ikke sant? Du vet ikke det.""}",Med alle oss fanget under denne tingen? Er det ikke sant? Du vet ikke det.,False,1,0,True,True,False,True,,True,,,"{""reason"":""detector_inconclusive"",""detected"":""da"",""confidence"":0.5748}",True,[],[],True,,"{""errors"":[]}",True,[],True,1,0,True,True,False,100,100,36,30,1499,1040.56,1325,8,1333,1180.46
f7acbe6815ce58ea6a82,274,nova-pro,arn:aws:bedrock:us-west-2:686465264859:prompt/7ZJL56AKIU,subtitle,en,nb,The undead surround me.,De udøde omgir meg.,"{""c"":""De døde omgir meg.""}",De døde omgir meg.,False,1,0,True,True,False,True,,True,,True,"{""reason"":""detector_match"",""detected"":""no"",""confidence"":1.0}",True,[],[],True,,"{""errors"":[{""category"":""terminology"",""severity"":""major""}]}",False,"[{""category"":""terminology"",""severity"":""major""}]",True,1,0,True,True,False,85,85,11,13,1466,835.38,1295,17,1312,2023.2
2ee7bf51eac3cebbc015,275,nova-pro,arn:aws:bedrock:us-west-2:686465264859:prompt/7ZJL56AKIU,subtitle,en,nb,Please help me find her.,Hjelp meg med å finne henne.,"{""c"":""Vennligst hjelp meg \u00e5 finne henne.""}",Vennligst hjelp meg å finne henne.,False,1,0,True,True,False,True,,True,,True,"{""reason"":""detector_match"",""detected"":""no"",""confidence"":1.0}",True,[],[],True,,"{""errors"":[]}",True,[],True,1,0,True,True,False,100,100,12,24,1478,1052.59,1304,8,1312,1208.88
79a8f4e4c9d021cfaa97,276,nova-pro,arn:aws:bedrock:us-west-2:686465264859:prompt/7ZJL56AKIU,subtitle,en,nb,Some have grown a bit since last time.,Noen har vokset litt siden sist.,"{""c"":""Noen har vokst litt siden sist.""}",Noen har vokst litt siden sist.,False,1,0,True,True,False,True,,True,,True,"{""reason"":""detector_match"",""detected"":""no"",""confidence"":1.0}",True,[],[],True,,"{""errors"":[]}",True,[],True,1,0,True,True,False,100,100,17,19,1476,926.44,1306,8,1314,1425.83
243b412443173ed5fcdd,277,nova-pro,arn:aws:bedrock:us-west-2:686465264859:prompt/7ZJL56AKIU,subtitle,en,nb,So if anybody knows what happened to ronnie...,Så hvis noen vet hva som skjedde med Ronnie...,"{""c"":""S\u00e5 hvis noen vet hva som skjedde med ronnie...""}",Så hvis noen vet hva som skjedde med ronnie...,False,1,0,True,True,False,True,,True,,True,"{""reason"":""detector_match"",""detected"":""no"",""confidence"":1.0}",True,[],[],True,,"{""errors"":[{""category"":""preservation"",""severity"":""minor""}]}",True,"[{""category"":""preservation"",""severity"":""minor""}]",True,1,0,True,True,False,97,97,17,28,1487,1182.27,1318,17,1335,1252.47
e7255be1cea67e153d12,278,nova-pro,arn:aws:bedrock:us-west-2:686465264859:prompt/7ZJL56AKIU,subtitle,en,nb,- I'm sorry.,Beklager.,"{""c"":""Jeg beklager. -> nb""}",Jeg beklager. -> nb,False,1,0,True,True,False,True,,True,,True,"{""reason"":""detector_match"",""detected"":""no"",""confidence"":1.0}",True,[],[],True,,"{""errors"":[{""category"":""preservation"",""severity"":""critical""}]}",False,"[{""category"":""preservation"",""severity"":""critical""}]",True,1,0,True,True,False,60,60,12,14,1468,1232.65,1290,17,1307,1337.45
77d21bedb57bd81bdfe6,279,nova-pro,arn:aws:bedrock:us-west-2:686465264859:prompt/7ZJL56AKIU,subtitle,en,nb,"No, Inspector.","Nei , Inspector .","{""c"":""Nei, inspekt\u00f8r.""}","Nei, inspektør.",False,1,0,True,True,False,True,,True,,True,"{""reason"":""detector_match"",""detected"":""no"",""confidence"":1.0}",True,[],[],True,,"{""errors"":[]}",True,[],True,1,0,True,True,False,100,100,9,18,1470,1016.24,1288,8,1296,1256.25
c76483f4c7bb3fe4488f,280,nova-pro,arn:aws:bedrock:us-west-2:686465264859:prompt/7ZJL56AKIU,subtitle,es,da,"Hijo, ¡no vas a creerlo!","Knægt, du vil ikke tro det.","{""c"":""S\u00f8n, du vil ikke tro det!""}","Søn, du vil ikke tro det!",False,1,0,True,True,False,True,,True,,True,"{""reason"":""detector_match"",""detected"":""da"",""confidence"":1.0}",True,[],[],True,,"{""errors"":[]}",True,[],True,1,0,True,True,False,100,100,16,21,1477,908.71,1307,8,1315,1215.69
793864f855af5bf9c351,281,nova-pro,arn:aws:bedrock:us-west-2:686465264859:prompt/7ZJL56AKIU,subtitle,es,da,¡Papi!,Far!,"{""c"":""Papi!""}",Papi!,False,1,0,True,True,False,True,,True,,,"{""reason"":""too_short_for_language_detection"",""detected"":null,""confidence"":null}",True,[],[],True,,"{""errors"":[{""category"":""accuracy"",""severity"":""major""}]}",False,"[{""category"":""accuracy"",""severity"":""major""}]",True,1,0,True,True,False,85,85,8,8,1459,779.06,1283,17,1300,1185.98
3a7f24c8eab327b1605f,282,nova-pro,arn:aws:bedrock:us-west-2:686465264859:prompt/7ZJL56AKIU,subtitle,es,da,"¡Laurie, cállate! ¿Sabes lo que hará Ethan si tiene oportunidad?","Ved du, hvad Ethan vil gøre, hvis han får chancen?","{""c"":""Laurie, hold kæft! Ved du, hvad Ethan vil g\u00f8re, hvis han f\u00e5r chancen?""}","Laurie, hold kæft! Ved du, hvad Ethan vil gøre, hvis han får chancen?",False,1,0,True,True,False,True,,True,,True,"{""reason"":""detector_match"",""detected"":""da"",""confidence"":1.0}",True,[],[],True,,"{""errors"":[]}",True,[],True,1,0,True,True,False,100,100,26,43,1509,1253.88,1349,8,1357,1155.01
11dcc29e394016cd514c,283,nova-pro,arn:aws:bedrock:us-west-2:686465264859:prompt/7ZJL56AKIU,subtitle,es,da,Menos mal que tienes el pelo largo,"Godt, du har langt hår.","{""c"":""Det er heldig, at du har langt h\u00e5r""}","Det er heldig, at du har langt hår",False,1,0,True,True,False,True,,True,,True,"{""reason"":""detector_match"",""detected"":""da"",""confidence"":1.0}",True,[],[],True,,"{""errors"":[]}",True,[],True,1,0,True,True,False,100,100,14,24,1479,1045.31,1305,8,1313,1149.73
eccecda61cc0dd3e79f8,284,nova-pro,arn:aws:bedrock:us-west-2:686465264859:prompt/7ZJL56AKIU,subtitle,es,da,- Rechazó el tratamiento.,- Hun afslår behandling.,"{""c"":""Afslog behandlingen.""}",Afslog behandlingen.,False,1,0,True,True,False,True,,True,,True,"{""reason"":""detector_match"",""detected"":""da"",""confidence"":1.0}",True,[],[],True,,"{""errors"":[{""category"":""fluency"",""severity"":""minor""}]}",True,"[{""category"":""fluency"",""severity"":""minor""}]",True,1,0,True,True,False,97,97,11,12,1466,911.95,1295,18,1313,1278.08
701f0169def72083f496,285,nova-pro,arn:aws:bedrock:us-west-2:686465264859:prompt/7ZJL56AKIU,subtitle,es,da,"- ¡Bien, sí! Auténtico. Está fuera de la ciudad, pero...","Det ligger lidt uden for byen, men...","{""c"":"" - Okay, ja! Autentisk. Han er uden for byen, men... ->""}"," - Okay, ja! Autentisk. Han er uden for byen, men... ->",False,1,0,True,True,False,True,,True,,,"{""reason"":""detector_inconclusive"",""detected"":""da"",""confidence"":0.5656}",True,[],[],True,,"{""errors"":[{""category"":""accuracy"",""severity"":""major""},{""category"":""preservation"",""severity"":""minor""}]}",False,"[{""category"":""accuracy"",""severity"":""major""},{""category"":""preservation"",""severity"":""minor""}]",True,1,0,True,True,False,82,82,28,25,1490,945.52,1328,28,1356,1594.09
0894586fa86c8730d211,286,nova-pro,arn:aws:bedrock:us-west-2:686465264859:prompt/7ZJL56AKIU,subtitle,es,da,¿Es él?,Er det ham?,"{""c"":""Er det ham?""}",Er det ham?,False,1,0,True,True,False,True,,True,,,"{""reason"":""detector_inconclusive"",""detected"":""de"",""confidence"":0.8571}",True,[],[],True,,"{""errors"":[]}",True,[],True,1,0,True,True,False,100,100,9,10,1461,722.96,1286,8,1294,1174.1
bf868f3f25ce46675f0e,287,nova-pro,arn:aws:bedrock:us-west-2:686465264859:prompt/7ZJL56AKIU,subtitle,es,da,"Lo siento, pero esto no está funcionando.","Jeg er ked af det, men det her går ikke.","{""c"":""Beklager, men dette virker ikke.""}","Beklager, men dette virker ikke.",False,1,0,True,True,False,True,,True,,,"{""reason"":""detector_mismatch_uncertain"",""detected"":""no"",""confidence"":1.0}",True,[],[],True,,"{""errors"":[]}",True,[],True,1,0,True,True,False,100,100,17,16,1472,901.09,1307,8,1315,2580.21
f41af4378b605df1875b,288,nova-pro,arn:aws:bedrock:us-west-2:686465264859:prompt/7ZJL56AKIU,subtitle,es,da,Y soy muy bueno con mis manos.,Og jeg er dy gtig med hænderne.,"{""c"":""Og jeg er meget god med mine h\u00e6nder.""}",Og jeg er meget god med mine hænder.,False,1,0,True,True,False,True,,True,,True,"{""reason"":""detector_match"",""detected"":""da"",""confidence"":1.0}",True,[],[],True,,"{""errors"":[]}",True,[],True,1,0,True,True,False,100,100,16,24,1479,967.18,1306,8,1314,1266.46
dc384bb8ad7a8ffc15f5,289,nova-pro,arn:aws:bedrock:us-west-2:686465264859:prompt/7ZJL56AKIU,subtitle,es,da,"Ves, es que estamos ocupados.",Vi har travlt.,"{""c"":""Ves, det er bare, at vi er optaget.""}
","Ves, det er bare, at vi er optaget.",False,1,0,True,True,False,True,,True,,True,"{""reason"":""detector_match"",""detected"":""da"",""confidence"":1.0}",True,[],[],True,,"{""errors"":[{""category"":""accuracy"",""severity"":""minor""}]}",True,"[{""category"":""accuracy"",""severity"":""minor""}]",True,1,0,True,True,False,97,97,14,20,1475,819.53,1301,17,1318,1264.17
e0e8979b296a3cbbed80,290,nova-pro,arn:aws:bedrock:us-west-2:686465264859:prompt/7ZJL56AKIU,subtitle,es,de,¿Qué te dijo?,Was hat sie dir gesagt?,"{""c"":""Was hat er dir gesagt?""}",Was hat er dir gesagt?,False,1,0,True,True,False,True,,True,,,"{""reason"":""detector_inconclusive"",""detected"":""de"",""confidence"":0.5714}",True,[],[],True,,"{""errors"":[]}",True,[],True,1,0,True,True,False,100,100,11,11,1463,629.07,1296,8,1304,1322.5
889da38634cbabdbce76,291,nova-pro,arn:aws:bedrock:us-west-2:686465264859:prompt/7ZJL56AKIU,subtitle,es,de,- ¿Qué significa eso?,- Was heißt das?,"{""c"":""Was bedeutet das?""}",Was bedeutet das?,False,1,0,True,True,False,True,,True,,True,"{""reason"":""detector_match"",""detected"":""de"",""confidence"":1.0}",True,[],[],True,,"{""errors"":[]}",True,[],True,1,0,True,True,False,100,100,12,9,1462,646.49,1296,8,1304,1234.59
6abc2461948da32a06e3,292,nova-pro,arn:aws:bedrock:us-west-2:686465264859:prompt/7ZJL56AKIU,subtitle,es,de,"Bueno, probémoslo.",Prüfen wir es.,"{""c"":""Nun, lasst uns es versuchen.""}","Nun, lasst uns es versuchen.",False,1,0,True,True,False,True,,True,,,"{""reason"":""detector_inconclusive"",""detected"":""fr"",""confidence"":0.5714}",True,[],[],True,,"{""errors"":[]}",True,[],True,1,0,True,True,False,100,100,9,14,1468,747.39,1299,8,1307,1223.46
2eec2ee0805f7102ed3c,293,nova-pro,arn:aws:bedrock:us-west-2:686465264859:prompt/7ZJL56AKIU,subtitle,es,de,-¿Frank?,- Frank?,"{""c"":""-Frank?""}",-Frank?,False,1,0,True,True,False,True,,True,,,"{""reason"":""too_short_for_language_detection"",""detected"":null,""confidence"":null}",True,[],[],True,,"{""errors"":[]}",True,[],True,1,0,True,True,False,100,100,8,8,1459,723.35,1282,8,1290,1206.81
08f269f373bb9608ddf4,294,nova-pro,arn:aws:bedrock:us-west-2:686465264859:prompt/7ZJL56AKIU,subtitle,es,de,¿Tienes algún problema?,Hast du 'n Problem?,"{""c"":""Hast du ein Problem?""}",Hast du ein Problem?,False,1,0,True,True,False,True,,True,,True,"{""reason"":""detector_match"",""detected"":""de"",""confidence"":0.8571}",True,[],[],True,,"{""errors"":[]}",True,[],True,1,0,True,True,False,100,100,11,11,1464,790.59,1298,8,1306,2290.09
d5fc9c7a803b56a4329d,295,nova-pro,arn:aws:bedrock:us-west-2:686465264859:prompt/7ZJL56AKIU,subtitle,es,de,La misma tía Rosamund dijo que no sabía qué pensar de ello.,"Tante Rosamund sagte selbst, dass sie nicht weiß, was sie davon halten soll.","{""c"":""Dieselbe Tante Rosamund sagte, sie wisse nicht, was sie davon halten solle.""}","Dieselbe Tante Rosamund sagte, sie wisse nicht, was sie davon halten solle.",False,1,0,True,True,False,True,,True,,,"{""reason"":""detector_inconclusive"",""detected"":""af"",""confidence"":0.7143}",True,[],[],True,,"{""errors"":[]}",True,[],True,1,0,True,True,False,100,100,23,25,1488,899.52,1350,8,1358,1246.16
a509f8ec87cac3ee7444,296,nova-pro,arn:aws:bedrock:us-west-2:686465264859:prompt/7ZJL56AKIU,subtitle,es,de,Pensábamos que Byron y Ike llegaron al Portal 10 de forma simultánea.,Wir dachten dass Byron und Ike gleichzeitig am Portal zehn ankamen.,"{""c"":""Wir dachten, dass Byron und Ike gleichzeitig am Portal 10 ankamen.""}","Wir dachten, dass Byron und Ike gleichzeitig am Portal 10 ankamen.",False,1,0,True,True,False,True,,True,,True,"{""reason"":""detector_match"",""detected"":""de"",""confidence"":1.0}",True,[],[],True,,"{""errors"":[]}",True,[],True,1,0,True,True,False,100,100,23,23,1488,813.55,1342,8,1350,1233.25
b216666f17c1e86839e1,297,nova-pro,arn:aws:bedrock:us-west-2:686465264859:prompt/7ZJL56AKIU,subtitle,es,de,Quizás Conley realmente fue le va a dar el dinero para pagar el corredor de apuestas.,"Vielleicht wollte ihm Conley wirklich das Geld geben, um den Buchmacher auszuzahlen.","{""c"":""Vielleicht wird Conley ihm wirklich das Geld geben, um den Buchmacher zu bezahlen.""}


","Vielleicht wird Conley ihm wirklich das Geld geben, um den Buchmacher zu bezahlen.",False,1,0,True,True,False,True,,True,,True,"{""reason"":""detector_match"",""detected"":""de"",""confidence"":1.0}",True,[],[],True,,"{""errors"":[{""category"":""accuracy"",""severity"":""minor""}]}",True,"[{""category"":""accuracy"",""severity"":""minor""}]",True,1,0,True,True,False,97,97,29,24,1491,770.29,1364,17,1381,1440.45
7d80f98c1c2cd8e77048,298,nova-pro,arn:aws:bedrock:us-west-2:686465264859:prompt/7ZJL56AKIU,subtitle,es,de,No es que crea que es Ud. un agente alemán.,"Nicht, weil ich Sie für eine deutsche Agentin hielt.","{""c"":""Es ist nicht so, dass ich glaube, Sie seien ein deutscher Agent.""}","Es ist nicht so, dass ich glaube, Sie seien ein deutscher Agent.",False,1,0,True,True,False,True,,True,,True,"{""reason"":""detector_match"",""detected"":""de"",""confidence"":1.0}",True,[],[],True,,"{""errors"":[]}",True,[],True,1,0,True,True,False,100,100,22,20,1479,756.91,1321,8,1329,1293.42
49a02625fb5af0c440ef,299,nova-pro,arn:aws:bedrock:us-west-2:686465264859:prompt/7ZJL56AKIU,subtitle,es,de,Hans estaba borracho y me tiró a la piscina.,Hans hat mich betrunken in den Pool geworfen.,"{""c"":""Hans war betrunken und hat mich in den Pool geworfen.""}",Hans war betrunken und hat mich in den Pool geworfen.,False,1,0,True,True,False,True,,True,,True,"{""reason"":""detector_match"",""detected"":""de"",""confidence"":0.8571}",True,[],[],True,,"{""errors"":[]}",True,[],True,1,0,True,True,False,100,100,19,19,1478,681.87,1317,8,1325,1203.77
9aa90d245038aabf5aa0,300,nova-pro,arn:aws:bedrock:us-west-2:686465264859:prompt/7ZJL56AKIU,subtitle,es,en,Pero ahora...,But now...,"{""c"":""But now...""}",But now...,False,1,0,True,True,False,True,,True,,,"{""reason"":""too_short_for_language_detection"",""detected"":null,""confidence"":null}",True,[],[],True,,"{""errors"":[]}",True,[],True,1,0,True,True,False,100,100,8,8,1458,619.04,1284,8,1292,1150.75
2359a1f24bee010a5a19,301,nova-pro,arn:aws:bedrock:us-west-2:686465264859:prompt/7ZJL56AKIU,subtitle,es,en,- ¿Estás seguro?,- Are you sure ?,"{""c"":""Are you sure?""}",Are you sure?,False,1,0,True,True,False,True,,True,,,"{""reason"":""detector_mismatch_uncertain"",""detected"":""fr"",""confidence"":1.0}",True,[],[],True,,"{""errors"":[]}",True,[],True,1,0,True,True,False,100,100,11,9,1462,816.85,1293,8,1301,1236.16
3fa762d59e23f8e54778,302,nova-pro,arn:aws:bedrock:us-west-2:686465264859:prompt/7ZJL56AKIU,subtitle,es,en,Entonces olvídalo.,Then forget it.,"{""c"":""Then forget it.""}",Then forget it.,False,1,0,True,True,False,True,,True,,,"{""reason"":""detector_inconclusive"",""detected"":""da"",""confidence"":0.7143}",True,[],[],True,,"{""errors"":[]}",True,[],True,1,0,True,True,False,100,100,8,9,1462,725.56,1286,8,1294,1247.8
3e1c78c335db8b18e7cd,303,nova-pro,arn:aws:bedrock:us-west-2:686465264859:prompt/7ZJL56AKIU,subtitle,es,en,"Hay una razón que no es Vermont, que no tenemos hijos, y de que usted no es el alcalde.","There's a reason that this is not Vermont, that we don't have kids, and that you are not the mayor.","{""c"":""There is a reason that is not Vermont, that we have no children, and that you are not the mayor.""}","There is a reason that is not Vermont, that we have no children, and that you are not the mayor.",False,1,0,True,True,False,True,,True,,True,"{""reason"":""detector_match"",""detected"":""en"",""confidence"":1.0}",True,[],[],True,,"{""errors"":[]}",True,[],True,1,0,True,True,False,100,100,37,28,1497,933.14,1347,8,1355,1335.49
f70ef9509cc0d9cd0332,304,nova-pro,arn:aws:bedrock:us-west-2:686465264859:prompt/7ZJL56AKIU,subtitle,es,en,Aquí.,Here.,"{""c"":""Here.""}",Here.,False,1,0,True,True,False,True,,True,,,"{""reason"":""too_short_for_language_detection"",""detected"":null,""confidence"":null}",True,[],[],True,,"{""errors"":[]}",True,[],True,1,0,True,True,False,100,100,6,7,1456,745.29,1279,8,1287,1193.33
beff480996be0bcbb97b,305,nova-pro,arn:aws:bedrock:us-west-2:686465264859:prompt/7ZJL56AKIU,subtitle,es,en,"Sí, estaba en ese callejón con Bobby.","Yeah, I was in that alley with Bobby.","{""c"":""Yes, I was in that alley with Bobby.""}","Yes, I was in that alley with Bobby.",False,1,0,True,True,False,True,,True,,True,"{""reason"":""detector_match"",""detected"":""en"",""confidence"":1.0}",True,[],[],True,,"{""errors"":[]}",True,[],True,1,0,True,True,False,100,100,17,15,1472,812.31,1307,8,1315,1173.92
0689bebc009e6c331eb4,306,nova-pro,arn:aws:bedrock:us-west-2:686465264859:prompt/7ZJL56AKIU,subtitle,es,en,"Zokka vámonos pero aun no sabemos cuando sucederá el siguiente eclipse no seas estúpido lo averiguaremos después no, no lo haremos si abandonamos este lugar nunca lo sabremos","Sokka, let's go! But we still don't know when the next eclipse is gonna happen. Don't be stupid, we'll find out later.","{""c"":""Zokka let's go but we still don't know when the next eclipse will happen don't be stupid we'll find out later no, we won't if we leave this place we'll never know""}","Zokka let's go but we still don't know when the next eclipse will happen don't be stupid we'll find out later no, we won't if we leave this place we'll never know",False,1,0,True,True,False,True,,True,,True,"{""reason"":""detector_match"",""detected"":""en"",""confidence"":1.0}",True,[],[],True,,"{""errors"":[{""category"":""preservation"",""severity"":""minor""}]}",True,"[{""category"":""preservation"",""severity"":""minor""}]",True,1,0,True,True,False,97,97,48,51,1540,974.6,1397,17,1414,1110.76
bb7ee721119809652dbc,307,nova-pro,arn:aws:bedrock:us-west-2:686465264859:prompt/7ZJL56AKIU,subtitle,es,en,"Cariño, no quieres hacer esto.","Honey, you don't wanna do this.","{""c"":""Honey, you don't want to do this.""}","Honey, you don't want to do this.",False,1,0,True,True,False,True,,True,,True,"{""reason"":""detector_match"",""detected"":""en"",""confidence"":1.0}",True,[],[],True,,"{""errors"":[]}",True,[],True,1,0,True,True,False,100,100,14,16,1471,620.84,1305,8,1313,1148.62
ca0bea6700e52e569ea7,308,nova-pro,arn:aws:bedrock:us-west-2:686465264859:prompt/7ZJL56AKIU,subtitle,es,en,- ¿A dónde escapas?,~ Where are you going?,"{""c"":""Where do you escape to?""}",Where do you escape to?,False,1,0,True,True,False,True,,True,,,"{""reason"":""detector_inconclusive"",""detected"":""es"",""confidence"":0.5714}",True,[],[],True,,"{""errors"":[]}",True,[],True,1,0,True,True,False,100,100,12,11,1465,626.61,1296,8,1304,1218.16
6e7591e56921fd97b1d9,309,nova-pro,arn:aws:bedrock:us-west-2:686465264859:prompt/7ZJL56AKIU,subtitle,es,en,Te ves como un pequeño robot.,You look like a cool little robot.,"{""c"":""You look like a little robot.""}",You look like a little robot.,False,1,0,True,True,False,True,,True,,,"{""reason"":""detector_mismatch_uncertain"",""detected"":""et"",""confidence"":1.0}",True,[],[],True,,"{""errors"":[]}",True,[],True,1,0,True,True,False,100,100,14,12,1466,862.08,1295,8,1303,1152.16
f1ad944a02e82d1829e5,310,nova-pro,arn:aws:bedrock:us-west-2:686465264859:prompt/7ZJL56AKIU,subtitle,es,fr,"Dios mío, cómo bebe esta gente.","Mon Dieu, ils boivent beaucoup.","{""c"":""Mon Dieu, comment ces gens boivent.""}","Mon Dieu, comment ces gens boivent.",False,1,0,True,True,False,True,,True,,True,"{""reason"":""detector_match"",""detected"":""fr"",""confidence"":1.0}",True,[],[],True,,"{""errors"":[]}",True,[],True,1,0,True,True,False,100,100,16,16,1472,855.21,1312,8,1320,1217.15
4692944c28e33bc312f8,311,nova-pro,arn:aws:bedrock:us-west-2:686465264859:prompt/7ZJL56AKIU,subtitle,es,fr,Tú no sabes nada sobre Serena.,Tu ne sais rien du tout à propos de Serena.,"{""c"":""Tu ne sais rien sur Serena.""}",Tu ne sais rien sur Serena.,False,1,0,True,True,False,True,,True,,,"{""reason"":""detector_inconclusive"",""detected"":""fr"",""confidence"":0.7143}",True,[],[],True,,"{""errors"":[]}",True,[],True,1,0,True,True,False,100,100,14,12,1466,807.26,1311,8,1319,1198.26
d65f6ef8738f4f67a615,312,nova-pro,arn:aws:bedrock:us-west-2:686465264859:prompt/7ZJL56AKIU,subtitle,es,fr,Espera.,Attends-moi.,"{""c"":""Attends.""}",Attends.,False,1,0,True,True,False,True,,True,,,"{""reason"":""too_short_for_language_detection"",""detected"":null,""confidence"":null}",True,[],[],True,,"{""errors"":[]}",True,[],True,1,0,True,True,False,100,100,6,10,1460,764.72,1286,8,1294,1147.77
8507d1bcb798523c5c42,313,nova-pro,arn:aws:bedrock:us-west-2:686465264859:prompt/7ZJL56AKIU,subtitle,es,fr,"Shelly, teléfono.","Shelly, téléphone.","{""c"":""Shelly, t\u00e9l\u00e9phone.""}","Shelly, téléphone.",False,1,0,True,True,False,True,,True,,,"{""reason"":""detector_inconclusive"",""detected"":""fr"",""confidence"":0.5714}",True,[],[],True,,"{""errors"":[]}",True,[],True,1,0,True,True,False,100,100,9,25,1476,812.68,1296,8,1304,1233.14
0b348e653f3156c4d474,314,nova-pro,arn:aws:bedrock:us-west-2:686465264859:prompt/7ZJL56AKIU,subtitle,es,fr,"Dejaste Las Vegas a las 3:30, condujiste por la I-40 sin parar, llegaste a Oklahoma City en 24 horas, Clinton en 23.","Tu quittes Las Vegas à 3h30, tu prends la I-40 sans t'arrêter, tu atteins Oklahoma City en 24 heures, Clinton en 23.","{""c"":""Vous avez quitt\u00e9 Las Vegas \u00e0 3h30, rouliez sur l'I-40 sans vous arr\u00eater, vous \u00eates arriv\u00e9 \u00e0 Oklahoma City en 24 heures, Clinton en 23.""}","Vous avez quitté Las Vegas à 3h30, rouliez sur l'I-40 sans vous arrêter, vous êtes arrivé à Oklahoma City en 24 heures, Clinton en 23.",False,1,0,True,True,False,True,,True,,True,"{""reason"":""detector_match"",""detected"":""fr"",""confidence"":1.0}",True,[],[],True,,"{""errors"":[{""category"":""fluency"",""severity"":""minor""},{""category"":""tone"",""severity"":""minor""}]}",True,"[{""category"":""fluency"",""severity"":""minor""},{""category"":""tone"",""severity"":""minor""}]",True,1,0,True,True,False,94,94,50,84,1573,1090.56,1411,27,1438,1390.23
8c61e4ede8d9127dfb2c,315,nova-pro,arn:aws:bedrock:us-west-2:686465264859:prompt/7ZJL56AKIU,subtitle,es,fr,Yo tenía siete años.,Je avais sept ans.,"{""c"":""J'avais sept ans. ""}",J'avais sept ans. ,False,1,0,True,True,False,True,,True,,True,"{""reason"":""detector_match"",""detected"":""fr"",""confidence"":1.0}",True,[],[],True,,"{""errors"":[]}",True,[],True,1,0,True,True,False,100,100,11,12,1464,772.8,1293,8,1301,1250.35
4698ec7c640d81c56bca,316,nova-pro,arn:aws:bedrock:us-west-2:686465264859:prompt/7ZJL56AKIU,subtitle,es,fr,¿La Sra. Grubach?,Mlle Grubach ?,"{""c"":""Mme Grubach?""}",Mme Grubach?,False,1,0,True,True,False,True,,True,,,"{""reason"":""detector_mismatch_uncertain"",""detected"":""de"",""confidence"":1.0}",True,[],[],True,,"{""errors"":[{""category"":""accuracy"",""severity"":""major""}]}",False,"[{""category"":""accuracy"",""severity"":""major""}]",True,1,0,True,True,False,85,85,12,10,1465,654.33,1299,17,1316,1226.64
0e7bb0a9c7c90ee28ef5,317,nova-pro,arn:aws:bedrock:us-west-2:686465264859:prompt/7ZJL56AKIU,subtitle,es,fr,Estaré fuera varios días.,Je pense que je serai parti pendant quelques jours.,"{""c"":""Je serai absent plusieurs jours.""}",Je serai absent plusieurs jours.,False,1,0,True,True,False,True,,True,,True,"{""reason"":""detector_match"",""detected"":""fr"",""confidence"":1.0}",True,[],[],True,,"{""errors"":[]}",True,[],True,1,0,True,True,False,100,100,11,12,1465,637.54,1302,8,1310,1334.25
88e9a1b1e8823e19c204,318,nova-pro,arn:aws:bedrock:us-west-2:686465264859:prompt/7ZJL56AKIU,subtitle,es,fr,Lo ha hecho Victoria.,C'est Victoria.,"{""c"":""Victoria l'a fait.""}",Victoria l'a fait.,False,1,0,True,True,False,True,,True,,,"{""reason"":""detector_mismatch_uncertain"",""detected"":""ca"",""confidence"":1.0}",True,[],[],True,,"{""errors"":[]}",True,[],True,1,0,True,True,False,100,100,11,11,1463,806.21,1288,8,1296,1245.06
8150d764917dcd66487b,319,nova-pro,arn:aws:bedrock:us-west-2:686465264859:prompt/7ZJL56AKIU,subtitle,es,fr,Y tú sabes que las entrañas de una mujer nunca se equivocan.,Et les tripes d'une femme ne se trompent jamais.,"{""c"":""Et tu sais que les tripes d'une femme ne se trompent jamais.""}",Et tu sais que les tripes d'une femme ne se trompent jamais.,False,1,0,True,True,False,True,,True,,True,"{""reason"":""detector_match"",""detected"":""fr"",""confidence"":1.0}",True,[],[],True,,"{""errors"":[]}",True,[],True,1,0,True,True,False,100,100,23,23,1486,894.32,1331,8,1339,2101.6
aee68e2d2af8ccac85c1,320,nova-pro,arn:aws:bedrock:us-west-2:686465264859:prompt/7ZJL56AKIU,subtitle,es,it,"- Soy yo, Mac.","- Sono io, Mac.","{""c"":""Sono io, Mac.""}","Sono io, Mac.",False,1,0,True,True,False,True,,True,,True,"{""reason"":""detector_match"",""detected"":""it"",""confidence"":1.0}",True,[],[],True,,"{""errors"":[{""category"":""preservation"",""severity"":""minor""}]}",True,"[{""category"":""preservation"",""severity"":""minor""}]",True,1,0,True,True,False,97,97,12,12,1465,815.34,1292,17,1309,1235.72
a5ea1a246458b001e089,321,nova-pro,arn:aws:bedrock:us-west-2:686465264859:prompt/7ZJL56AKIU,subtitle,es,it,Apuesto a que algunos huirían a Tasmania.,Scommetto che alcune persone sono fuggite in Tasmania.,"{""c"":""Scommetto che alcuni fuggirebbero in Tasmania.""}",Scommetto che alcuni fuggirebbero in Tasmania.,False,1,0,True,True,False,True,,True,,True,"{""reason"":""detector_match"",""detected"":""it"",""confidence"":1.0}",True,[],[],True,,"{""errors"":[]}",True,[],True,1,0,True,True,False,100,100,16,17,1475,725.26,1313,8,1321,1200.76
170ef3f9d3c5df5f1076,322,nova-pro,arn:aws:bedrock:us-west-2:686465264859:prompt/7ZJL56AKIU,subtitle,es,it,Jackson fue nombrado capitán del equipo de futbol. Y el tobillo de Dale está mejor.,"Jackson e' diventato capitano della squadra di calcio, la caviglia di Dale va meglio.","{""c"":""Jackson \u00e8 stato nominato capitano della squadra di calcio. E la caviglia di Dale sta meglio.""}",Jackson è stato nominato capitano della squadra di calcio. E la caviglia di Dale sta meglio.,False,1,0,True,True,False,True,,True,,True,"{""reason"":""detector_match"",""detected"":""it"",""confidence"":1.0}",True,[],[],True,,"{""errors"":[]}",True,[],True,1,0,True,True,False,100,100,29,30,1496,936.99,1341,8,1349,1126.24
590a820762695e841e13,323,nova-pro,arn:aws:bedrock:us-west-2:686465264859:prompt/7ZJL56AKIU,subtitle,es,it,- ¿Desde cuándo lo sabes?,- E da quando lo sai?,"{""c"":""Da quando lo sai?""}",Da quando lo sai?,False,1,0,True,True,False,True,,True,,,"{""reason"":""detector_mismatch_uncertain"",""detected"":""pt"",""confidence"":1.0}",True,[],[],True,,"{""errors"":[]}",True,[],True,1,0,True,True,False,100,100,14,11,1465,676.03,1300,8,1308,1264.23
0fd2262ae70b2dcf0ba4,324,nova-pro,arn:aws:bedrock:us-west-2:686465264859:prompt/7ZJL56AKIU,subtitle,es,it,"-No, perfecto!",-No! Brillante!,"{""c"":""-No, perfetto!""}","-No, perfetto!",False,1,0,True,True,False,True,,True,,True,"{""reason"":""detector_match"",""detected"":""it"",""confidence"":1.0}",True,[],[],True,,"{""errors"":[]}",True,[],True,1,0,True,True,False,100,100,11,10,1462,811.01,1287,8,1295,1186.45
74b303029f01c856af82,325,nova-pro,arn:aws:bedrock:us-west-2:686465264859:prompt/7ZJL56AKIU,subtitle,es,it,- ¿De qué hablas?,Di che parli?,"{""c"":""Di cosa stai parlando?""}",Di cosa stai parlando?,False,1,0,True,True,False,True,,True,,True,"{""reason"":""detector_match"",""detected"":""it"",""confidence"":1.0}",True,[],[],True,,"{""errors"":[]}",True,[],True,1,0,True,True,False,100,100,12,12,1466,653.83,1295,8,1303,1530.98
a419fd4983d51825f336,326,nova-pro,arn:aws:bedrock:us-west-2:686465264859:prompt/7ZJL56AKIU,subtitle,es,it,"Mira, sólo quiero que no te sientas decepcionado cuando no nieve.","Senti, e' solo che non voglio vederti deluso quando non nevichera'.","{""c"":""Mira, voglio solo che tu non ti senta deluso quando non nevica.""}","Mira, voglio solo che tu non ti senta deluso quando non nevica.",False,1,0,True,True,False,True,,True,,True,"{""reason"":""detector_match"",""detected"":""it"",""confidence"":1.0}",True,[],[],True,,"{""errors"":[{""category"":""preservation"",""severity"":""major""},{""category"":""accuracy"",""severity"":""minor""}]}",False,"[{""category"":""preservation"",""severity"":""major""},{""category"":""accuracy"",""severity"":""minor""}]",True,1,0,True,True,False,82,82,23,22,1486,1044.26,1338,26,1364,1416.5
71a6f022847dfebebf05,327,nova-pro,arn:aws:bedrock:us-west-2:686465264859:prompt/7ZJL56AKIU,subtitle,es,it,La distancia,La distanza.,"{""c"":""La distanza""}",La distanza,False,1,0,True,True,False,True,,True,,True,"{""reason"":""detector_match"",""detected"":""it"",""confidence"":1.0}",True,[],[],True,,"{""errors"":[]}",True,[],True,1,0,True,True,False,100,100,6,7,1456,722.64,1283,8,1291,1234.86
cc3a3255b78523efc2b1,328,nova-pro,arn:aws:bedrock:us-west-2:686465264859:prompt/7ZJL56AKIU,subtitle,es,it,Qué chistoso.,Che cosa buffa.,"{""c"":""Che divertente.""}",Che divertente.,False,1,0,True,True,False,True,,True,,,"{""reason"":""detector_inconclusive"",""detected"":""nl"",""confidence"":0.5672}",True,[],[],True,,"{""errors"":[]}",True,[],True,1,0,True,True,False,100,100,8,9,1462,681.64,1290,8,1298,1143.64
055db3ed7b63bc8ecc6d,329,nova-pro,arn:aws:bedrock:us-west-2:686465264859:prompt/7ZJL56AKIU,subtitle,es,it,- ¿Cuán estúpida puedes ser?,Quanto cazzo stupida sei a volte?,"{""c"":""Quanto puoi essere stupida?""}",Quanto puoi essere stupida?,False,1,0,True,True,False,True,,True,,True,"{""reason"":""detector_match"",""detected"":""it"",""confidence"":1.0}",True,[],[],True,,"{""errors"":[]}",True,[],True,1,0,True,True,False,100,100,14,12,1469,695.68,1307,8,1315,1245.79
1f50dbdcfe2f8afcedb6,330,nova-pro,arn:aws:bedrock:us-west-2:686465264859:prompt/7ZJL56AKIU,subtitle,es,jp,¿Qué sucede cariño ¿No te gusto?,おい どうしてだよ 俺が好きだろ？,"{""c"":""何があったの？気に入らない？""}",何があったの？気に入らない？,False,1,0,True,True,False,True,,True,,True,"{""reason"":""target_script_present"",""detected"":""ja"",""confidence"":1.0}",True,[],[],True,,"{""errors"":[{""category"":""tone"",""severity"":""major""},{""category"":""accuracy"",""severity"":""major""}]}",False,"[{""category"":""tone"",""severity"":""major""},{""category"":""accuracy"",""severity"":""major""}]",True,1,0,True,True,False,70,70,17,13,1470,968.56,1322,26,1348,1385.81
86dcac96ce1b89e8b757,331,nova-pro,arn:aws:bedrock:us-west-2:686465264859:prompt/7ZJL56AKIU,subtitle,es,jp,Yo también quiero verte.,私も会いたいわ,"{""c"":""僕も君に会いたい。""}",僕も君に会いたい。,False,1,0,True,True,False,True,,True,,True,"{""reason"":""target_script_present"",""detected"":""ja"",""confidence"":1.0}",True,[],[],True,,"{""errors"":[{""category"":""tone"",""severity"":""minor""}]}",True,"[{""category"":""tone"",""severity"":""minor""}]",True,1,0,True,True,False,97,97,11,13,1466,796.26,1299,17,1316,1241.97
2d0945530f9d2297bb73,332,nova-pro,arn:aws:bedrock:us-west-2:686465264859:prompt/7ZJL56AKIU,subtitle,es,jp,La AAC viene de una mutación del gen APP.,ＣＡＡは　ＡＰＰ遺伝子の突然変異で 発生します,"{""c"":""AACはAPP遺伝子の突然変異から来ています。""}",AACはAPP遺伝子の突然変異から来ています。,False,1,0,True,True,False,True,,True,,True,"{""reason"":""target_script_present"",""detected"":""ja"",""confidence"":1.0}",True,[],[],True,,"{""errors"":[{""category"":""accuracy"",""severity"":""major""}]}",False,"[{""category"":""accuracy"",""severity"":""major""}]",True,1,0,True,True,False,85,85,19,19,1478,926.54,1343,17,1360,1178.48
3e274f58f7e859c1de18,333,nova-pro,arn:aws:bedrock:us-west-2:686465264859:prompt/7ZJL56AKIU,subtitle,es,jp,Yo también.,私も,"{""c"":""私もです。""}",私もです。,False,1,0,True,True,False,True,,True,,True,"{""reason"":""target_script_present"",""detected"":""ja"",""confidence"":1.0}",True,[],[],True,,"{""errors"":[]}",True,[],True,1,0,True,True,False,100,100,8,9,1460,630.56,1283,8,1291,1166.84
9f5208f23b9078e7d7b6,334,nova-pro,arn:aws:bedrock:us-west-2:686465264859:prompt/7ZJL56AKIU,subtitle,es,jp,¡Ella está dentro!,彼女はそこだ！,"{""c"":""彼女は中にいる！""}",彼女は中にいる！,False,1,0,True,True,False,True,,True,,True,"{""reason"":""target_script_present"",""detected"":""ja"",""confidence"":1.0}",True,[],[],True,,"{""errors"":[]}",True,[],True,1,0,True,True,False,100,100,11,10,1464,766.69,1298,8,1306,1169.69
30e323c424346a0e50d5,335,nova-pro,arn:aws:bedrock:us-west-2:686465264859:prompt/7ZJL56AKIU,subtitle,es,jp,Es un placer conocerlo.,お会いできて　光栄です！,"{""c"":""会えて嬉しいです。""}",会えて嬉しいです。,False,1,0,True,True,False,True,,True,,True,"{""reason"":""target_script_present"",""detected"":""ja"",""confidence"":1.0}",True,[],[],True,,"{""errors"":[{""category"":""tone"",""severity"":""minor""}]}",True,"[{""category"":""tone"",""severity"":""minor""}]",True,1,0,True,True,False,97,97,11,10,1465,776.75,1302,17,1319,1344.18
bfeda1907b5ede92e13a,336,nova-pro,arn:aws:bedrock:us-west-2:686465264859:prompt/7ZJL56AKIU,subtitle,es,jp,En tercer lugar:,第３位,"{""c"":""第三に:""}",第三に:,False,1,0,True,True,False,True,,True,,True,"{""reason"":""target_script_present"",""detected"":""ja"",""confidence"":1.0}",True,[],[],True,,"{""errors"":[]}",True,[],True,1,0,True,True,False,100,100,9,8,1460,811.72,1284,8,1292,1866.89
4f12c6be54eb4543229c,337,nova-pro,arn:aws:bedrock:us-west-2:686465264859:prompt/7ZJL56AKIU,subtitle,es,jp,"Debieron encerrarte hace mucho tiempo, para que pagaras por lo que has hecho.",彼らはずっと以前にあんたを監禁した 多分　あんたに代償を払わせた,"{""c"":""ずっと前に君を閉じ込めるべきだった、君がした事を償うために。""}",ずっと前に君を閉じ込めるべきだった、君がした事を償うために。,False,1,0,True,True,False,True,,True,,True,"{""reason"":""target_script_present"",""detected"":""ja"",""confidence"":1.0}",True,[],[],True,,"{""errors"":[{""category"":""accuracy"",""severity"":""major""}]}",False,"[{""category"":""accuracy"",""severity"":""major""}]",True,1,0,True,True,False,85,85,26,25,1491,920.65,1359,17,1376,1312.95
6a88f4d037939aa2cef7,338,nova-pro,arn:aws:bedrock:us-west-2:686465264859:prompt/7ZJL56AKIU,subtitle,es,jp,¿Por qué- - Kati tomaba vino de vez en cuando.,ケイティは　時折ワインを飲みましたが なぜ　ですか？,"{""c"":""なぜ- - カティは時々ワインを飲んでいました。""}",なぜ- - カティは時々ワインを飲んでいました。,False,1,0,True,True,False,True,,True,,True,"{""reason"":""target_script_present"",""detected"":""ja"",""confidence"":1.0}",True,[],[],True,,"{""errors"":[]}",True,[],True,1,0,True,True,False,100,100,23,22,1485,814.44,1341,8,1349,1230.21
ddc7b13c1a5176e43d56,339,nova-pro,arn:aws:bedrock:us-west-2:686465264859:prompt/7ZJL56AKIU,subtitle,es,jp,Duele.,- 痛むよ。,"{""c"":""痛い。""}",痛い。,False,1,0,True,True,False,True,,True,,True,"{""reason"":""target_script_present"",""detected"":""ja"",""confidence"":1.0}",True,[],[],True,,"{""errors"":[]}",True,[],True,1,0,True,True,False,100,100,6,8,1459,739.66,1289,8,1297,1233.01
498255356cbda960c253,340,nova-pro,arn:aws:bedrock:us-west-2:686465264859:prompt/7ZJL56AKIU,subtitle,es,nl,- ¿Quiere que pare?,Wilt u dat ik ermee ophoud?,"{""c"":""Wil je dat ik stop?""}",Wil je dat ik stop?,False,1,0,True,True,False,True,,True,,,"{""reason"":""detector_mismatch_uncertain"",""detected"":""sl"",""confidence"":1.0}",True,[],[],True,,"{""errors"":[{""category"":""tone"",""severity"":""minor""}]}",True,"[{""category"":""tone"",""severity"":""minor""}]",True,1,0,True,True,False,97,97,12,12,1467,726.87,1304,17,1321,1338.73
901c590caa0f027b9e6f,341,nova-pro,arn:aws:bedrock:us-west-2:686465264859:prompt/7ZJL56AKIU,subtitle,es,nl,¿Qué tal la película de anoche?,Hoe was de film van gisteren?,"{""c"":""Hoe was de film van gisteravond?""}",Hoe was de film van gisteravond?,False,1,0,True,True,False,True,,True,,True,"{""reason"":""detector_match"",""detected"":""nl"",""confidence"":1.0}",True,[],[],True,,"{""errors"":[]}",True,[],True,1,0,True,True,False,100,100,16,16,1473,974.99,1308,8,1316,2244.17
5bd65e76731b1abb0e5c,342,nova-pro,arn:aws:bedrock:us-west-2:686465264859:prompt/7ZJL56AKIU,subtitle,es,nl,Sr. Gundars. ¿Ves?,Gundars. Mr.,"{""c"":""Meneer Gundars. Zie je wel? ->""}",Meneer Gundars. Zie je wel? ->,False,1,0,True,True,False,True,,True,,True,"{""reason"":""detector_match"",""detected"":""nl"",""confidence"":0.8571}",True,[],[],True,,"{""errors"":[{""category"":""preservation"",""severity"":""minor""}]}",True,"[{""category"":""preservation"",""severity"":""minor""}]",True,1,0,True,True,False,97,97,14,16,1473,726.84,1308,17,1325,1276.15
7b71db3c23e8fb5037fa,343,nova-pro,arn:aws:bedrock:us-west-2:686465264859:prompt/7ZJL56AKIU,subtitle,es,nl,"Por favor, todos vosotros, hoy celebramos la llegada de El Murfi a la ciudad de los zeros.","Alstublieft, iedereen... Vandaag vieren we de aankomst van El Murfi in de Stad van de Zero's.","{""c"":""Alstublieft, jullie allemaal, vandaag vieren we de komst van De Murfi naar de stad van de nullen.""}","Alstublieft, jullie allemaal, vandaag vieren we de komst van De Murfi naar de stad van de nullen.",False,1,0,True,True,False,True,,True,,True,"{""reason"":""detector_match"",""detected"":""nl"",""confidence"":0.8571}",True,[],[],True,,"{""errors"":[{""category"":""terminology"",""severity"":""major""},{""category"":""accuracy"",""severity"":""minor""}]}",False,"[{""category"":""terminology"",""severity"":""major""},{""category"":""accuracy"",""severity"":""minor""}]",True,1,0,True,True,False,82,82,34,39,1510,884.31,1370,26,1396,1324.7
0b24a1d0ea7b14f203ba,344,nova-pro,arn:aws:bedrock:us-west-2:686465264859:prompt/7ZJL56AKIU,subtitle,es,nl,Estás yendo por un camino peligroso y me estás arrastrando contigo.,Je loopt een gevaarlijk pad af en je trekt mij met je mee.,"{""c"":""Je bent op een gevaarlijk pad en je sleept mij met je mee.""}",Je bent op een gevaarlijk pad en je sleept mij met je mee.,False,1,0,True,True,False,True,,True,,True,"{""reason"":""detector_match"",""detected"":""nl"",""confidence"":1.0}",True,[],[],True,,"{""errors"":[]}",True,[],True,1,0,True,True,False,100,100,22,25,1488,752.52,1333,8,1341,1121.53
25c2e7eb1dd147e24e92,345,nova-pro,arn:aws:bedrock:us-west-2:686465264859:prompt/7ZJL56AKIU,subtitle,es,nl,Olvida todo esto.,Vergeet dit alles hier.,"{""c"":""Vergeet dit allemaal.""}",Vergeet dit allemaal.,False,1,0,True,True,False,True,,True,,,"{""reason"":""detector_inconclusive"",""detected"":""af"",""confidence"":0.7143}",True,[],[],True,,"{""errors"":[]}",True,[],True,1,0,True,True,False,100,100,9,13,1466,707.67,1293,8,1301,2636.15
2c90db48508d654b4bd5,346,nova-pro,arn:aws:bedrock:us-west-2:686465264859:prompt/7ZJL56AKIU,subtitle,es,nl,"Yo también te quiero, Lois.","Ik houd ook van jou, Lois.","{""c"":""Ik hou ook van jou, Lois.""}","Ik hou ook van jou, Lois.",False,1,0,True,True,False,True,,True,,,"{""reason"":""detector_inconclusive"",""detected"":""af"",""confidence"":0.8571}",True,[],[],True,,"{""errors"":[]}",True,[],True,1,0,True,True,False,100,100,14,16,1471,705.94,1310,8,1318,1254.34
ef023a1d77b43621f60e,347,nova-pro,arn:aws:bedrock:us-west-2:686465264859:prompt/7ZJL56AKIU,subtitle,es,nl,"No. No, se trataba de otro tipo.","Nee, het was iemand anders.","{""c"":""Nee. Nee, het ging om een andere man. ->""}","Nee. Nee, het ging om een andere man. ->",False,1,0,True,True,False,True,,True,,True,"{""reason"":""detector_match"",""detected"":""nl"",""confidence"":1.0}",True,[],[],True,,"{""errors"":[{""category"":""preservation"",""severity"":""major""}]}",False,"[{""category"":""preservation"",""severity"":""major""}]",True,1,0,True,True,False,85,85,19,19,1477,684.5,1310,17,1327,1220.97
ead8bbab0da7387ea964,348,nova-pro,arn:aws:bedrock:us-west-2:686465264859:prompt/7ZJL56AKIU,subtitle,es,nl,Eso es lo bueno de la carne de ciervo.,Dat is het goede aan hertenvlees.,"{""c"":""Dat is het goede aan hertenvlees.""}",Dat is het goede aan hertenvlees.,False,1,0,True,True,False,True,,True,,True,"{""reason"":""detector_match"",""detected"":""nl"",""confidence"":1.0}",True,[],[],True,,"{""errors"":[]}",True,[],True,1,0,True,True,False,100,100,19,20,1480,978.52,1311,8,1319,1169.87
d50fb275f6492a44de27,349,nova-pro,arn:aws:bedrock:us-west-2:686465264859:prompt/7ZJL56AKIU,subtitle,es,nl,"Ya era difícil hacer negocios con el baboso del viejo general, pero Ban Sung es todavía peor.","Die vorige generaal was al een vreselijke viespeuk, maar Ban Sung is erger.","{""c"":""Het was al moeilijk om zaken te doen met de slijmerige oude generaal, maar Ban Sung is nog erger.""}","Het was al moeilijk om zaken te doen met de slijmerige oude generaal, maar Ban Sung is nog erger.",False,1,0,True,True,False,True,,True,,True,"{""reason"":""detector_match"",""detected"":""nl"",""confidence"":1.0}",True,[],[],True,,"{""errors"":[]}",True,[],True,1,0,True,True,False,100,100,33,39,1508,1022.52,1355,8,1363,1246.91
e5f5aa883b274c54c1a8,350,nova-pro,arn:aws:bedrock:us-west-2:686465264859:prompt/7ZJL56AKIU,subtitle,es,nb,Estamos todos juntos en esto.,Vi er sammen om dette.,"{""c"":""Vi er alle sammen med på dette.""}


",Vi er alle sammen med på dette.,False,1,0,True,True,False,True,,True,,True,"{""reason"":""detector_match"",""detected"":""no"",""confidence"":0.9999}",True,[],[],True,,"{""errors"":[]}",True,[],True,1,0,True,True,False,100,100,12,17,1471,911.83,1294,8,1302,1164.96
b1e9360ceca811538046,351,nova-pro,arn:aws:bedrock:us-west-2:686465264859:prompt/7ZJL56AKIU,subtitle,es,nb,¡Dejaste que papá volviera a casa!,- Du lot pappa komme hjem igjen!,"{""c"":""Du lot far komme hjem igjen!""}",Du lot far komme hjem igjen!,False,1,0,True,True,False,True,,True,,True,"{""reason"":""detector_match"",""detected"":""no"",""confidence"":1.0}",True,[],[],True,,"{""errors"":[{""category"":""terminology"",""severity"":""minor""}]}",True,"[{""category"":""terminology"",""severity"":""minor""}]",True,1,0,True,True,False,97,97,16,15,1475,825.95,1307,17,1324,2283.63
060d9e2145e4907c91c0,352,nova-pro,arn:aws:bedrock:us-west-2:686465264859:prompt/7ZJL56AKIU,subtitle,es,nb,Me equivoqué al decirte eso.,Det var feil av meg å si det.,"{""c"":""Jeg tok feil da jeg sa det. -> nb""}",Jeg tok feil da jeg sa det. -> nb,False,1,0,True,True,False,True,,True,,True,"{""reason"":""detector_match"",""detected"":""no"",""confidence"":1.0}",True,[],[],True,,"{""errors"":[{""category"":""preservation"",""severity"":""critical""}]}",False,"[{""category"":""preservation"",""severity"":""critical""}]",True,1,0,True,True,False,60,60,12,21,1479,758.82,1306,17,1323,1261.2
ab8d1957902ecb8a9265,353,nova-pro,arn:aws:bedrock:us-west-2:686465264859:prompt/7ZJL56AKIU,subtitle,es,nb,Estoy enamorado de mi esposa.,Jeg er forelsket i kona.,"{""c"":""Jeg er forelsket i min kone.""}",Jeg er forelsket i min kone.,False,1,0,True,True,False,True,,True,,True,"{""reason"":""detector_match"",""detected"":""no"",""confidence"":1.0}",True,[],[],True,,"{""errors"":[]}",True,[],True,1,0,True,True,False,100,100,12,16,1470,792.29,1304,8,1312,1150.88
215ec7ac22a3f9682618,354,nova-pro,arn:aws:bedrock:us-west-2:686465264859:prompt/7ZJL56AKIU,subtitle,es,nb,- Déjeme ayudarlo.,-La meg hjeIpe deg.,"{""c"":""La meg hjelpe deg.""}",La meg hjelpe deg.,False,1,0,True,True,False,True,,True,,True,"{""reason"":""detector_match"",""detected"":""no"",""confidence"":1.0}",True,[],[],True,,"{""errors"":[{""category"":""preservation"",""severity"":""minor""}]}",True,"[{""category"":""preservation"",""severity"":""minor""}]",True,1,0,True,True,False,97,97,9,13,1468,748.64,1295,17,1312,1207.41
a0a9249e28ef9c0708e7,355,nova-pro,arn:aws:bedrock:us-west-2:686465264859:prompt/7ZJL56AKIU,subtitle,es,nb,No entiendes.,Du forstår ikke.,"{""c"":""Du forstår ikke. -> nb""}",Du forstår ikke. -> nb,False,1,0,True,True,False,True,,True,,True,"{""reason"":""detector_match"",""detected"":""no"",""confidence"":1.0}",True,[],[],True,,"{""errors"":[{""category"":""preservation"",""severity"":""critical""}]}",False,"[{""category"":""preservation"",""severity"":""critical""}]",True,1,0,True,True,False,60,60,8,14,1466,1275.96,1291,17,1308,1236.48
5b1e839ac9f82589d672,356,nova-pro,arn:aws:bedrock:us-west-2:686465264859:prompt/7ZJL56AKIU,subtitle,es,nb,Parece aterrada.,Hun ser skrekkslagen ut.,"{""c"":""Hun ser ut til \u00e5 v\u00e6re forferdet.""}",Hun ser ut til å være forferdet.,False,1,0,True,True,False,True,,True,,True,"{""reason"":""detector_match"",""detected"":""no"",""confidence"":1.0}",True,[],[],True,,"{""errors"":[]}",True,[],True,1,0,True,True,False,100,100,8,28,1481,927.94,1296,8,1304,1297.89
31fec7aec4e061a3bfc4,357,nova-pro,arn:aws:bedrock:us-west-2:686465264859:prompt/7ZJL56AKIU,subtitle,es,nb,¡Es un hombre!,Det er et menneske!,"{""c"":""Det er en mann!""}",Det er en mann!,False,1,0,True,True,False,True,,True,,True,"{""reason"":""detector_match"",""detected"":""no"",""confidence"":1.0}",True,[],[],True,,"{""errors"":[{""category"":""accuracy"",""severity"":""major""}]}",False,"[{""category"":""accuracy"",""severity"":""major""}]",True,1,0,True,True,False,85,85,11,12,1465,834.68,1289,17,1306,1392.95
e556341a9606d05a121a,358,nova-pro,arn:aws:bedrock:us-west-2:686465264859:prompt/7ZJL56AKIU,subtitle,es,nb,Vamos. ¿Como ayudaste a Gentry?,Slik du hjalp Gentry?,"{""c"":""La oss g\u00e5. Hvordan hjalp du Gentry?""}",La oss gå. Hvordan hjalp du Gentry?,False,1,0,True,True,False,True,,True,,True,"{""reason"":""detector_match"",""detected"":""no"",""confidence"":0.8567}",True,[],[],True,,"{""errors"":[{""category"":""accuracy"",""severity"":""major""}]}",False,"[{""category"":""accuracy"",""severity"":""major""}]",True,1,0,True,True,False,85,85,16,25,1482,1387.09,1317,17,1334,1235.66
564c9c785e47f572514d,359,nova-pro,arn:aws:bedrock:us-west-2:686465264859:prompt/7ZJL56AKIU,subtitle,es,nb,- ¿Todavía tienes el plan dental?,-Har du ennå tannlegeplan og alt mulig?,"{""c"":""Har du fortsatt tannplanen?""}",Har du fortsatt tannplanen?,False,1,0,True,True,False,True,,True,,True,"{""reason"":""detector_match"",""detected"":""no"",""confidence"":1.0}",True,[],[],True,,"{""errors"":[{""category"":""accuracy"",""severity"":""minor""}]}",True,"[{""category"":""accuracy"",""severity"":""minor""}]",True,1,0,True,True,False,97,97,16,14,1472,906.32,1313,17,1330,1230.07
82733081fda5cd9608d0,360,nova-pro,arn:aws:bedrock:us-west-2:686465264859:prompt/7ZJL56AKIU,subtitle,fr,da,"Alex, on peut s'en aller ?","- Alex, lad os smutte.","{""c"":""Alex, m\u00e5 vi v\u00e6re g\u00e5?""}","Alex, må vi være gå?",False,1,0,True,True,False,True,,True,,True,"{""reason"":""detector_match"",""detected"":""da"",""confidence"":1.0}",True,[],[],True,,"{""errors"":[{""category"":""fluency"",""severity"":""critical""}]}",False,"[{""category"":""fluency"",""severity"":""critical""}]",True,1,0,True,True,False,60,60,17,31,1489,1031.64,1301,18,1319,1268.56
67425d85995e813ae297,361,nova-pro,arn:aws:bedrock:us-west-2:686465264859:prompt/7ZJL56AKIU,subtitle,fr,da,Bien sûr que non.,"- Nej, selvfølgelig ikke.","{""c"":""Selvf\u00f8lgelig ikke.""}",Selvfølgelig ikke.,False,1,0,True,True,False,True,,True,,,"{""reason"":""detector_mismatch_uncertain"",""detected"":""no"",""confidence"":1.0}",True,[],[],True,,"{""errors"":[]}",True,[],True,1,0,True,True,False,100,100,11,17,1469,885.54,1299,8,1307,1212.71
85ed3a13e07bb29ee087,362,nova-pro,arn:aws:bedrock:us-west-2:686465264859:prompt/7ZJL56AKIU,subtitle,fr,da,"- Ouais, je reste ici.",- Jeg bliver her.,"{""c"":"" - Ja, jeg bliver her. ->""}"," - Ja, jeg bliver her. ->",False,1,0,True,True,False,True,,True,,,"{""reason"":""detector_mismatch_uncertain"",""detected"":""no"",""confidence"":1.0}",True,[],[],True,,"{""errors"":[{""category"":""preservation"",""severity"":""minor""}]}",True,"[{""category"":""preservation"",""severity"":""minor""}]",True,1,0,True,True,False,97,97,14,15,1471,861.4,1297,17,1314,1188.29
ac0d26dcbc856165f86d,363,nova-pro,arn:aws:bedrock:us-west-2:686465264859:prompt/7ZJL56AKIU,subtitle,fr,da,Quoi?,Hvad?,"{""c"":""Hvad?""}",Hvad?,False,1,0,True,True,False,True,,True,,,"{""reason"":""too_short_for_language_detection"",""detected"":null,""confidence"":null}",True,[],[],True,,"{""errors"":[]}",True,[],True,1,0,True,True,False,100,100,6,8,1458,731.98,1285,8,1293,1282.27
cdc60f6c0d00d781e86d,364,nova-pro,arn:aws:bedrock:us-west-2:686465264859:prompt/7ZJL56AKIU,subtitle,fr,da,"Qu'est-il arrivé à Scott? August, je suis désolée.",Hvad er der sket med Scott?,"{""c"":""Hvad skete der med Scott? August, jeg er ked af det.""}","Hvad skete der med Scott? August, jeg er ked af det.",False,1,0,True,True,False,True,,True,,True,"{""reason"":""detector_match"",""detected"":""da"",""confidence"":1.0}",True,[],[],True,,"{""errors"":[]}",True,[],True,1,0,True,True,False,100,100,26,26,1491,1105.34,1320,8,1328,1216.63
5319b941e3538570ccad,365,nova-pro,arn:aws:bedrock:us-west-2:686465264859:prompt/7ZJL56AKIU,subtitle,fr,da,- Qu'est-ce que j'en fais ?,- Hvad skal jeg gøre med denne her?,"{""c"":""Hvad skal jeg g\u00f8re med det?""}",Hvad skal jeg gøre med det?,False,1,0,True,True,False,True,,True,,True,"{""reason"":""detector_match"",""detected"":""da"",""confidence"":1.0}",True,[],[],True,,"{""errors"":[]}",True,[],True,1,0,True,True,False,100,100,22,22,1482,955.62,1311,8,1319,1172.52
53131776bf65d9d11b9d,366,nova-pro,arn:aws:bedrock:us-west-2:686465264859:prompt/7ZJL56AKIU,subtitle,fr,da,Parfait.,Det her er godt.,"{""c"":""Perfekt.""}",Perfekt.,False,1,0,True,True,False,True,,True,,,"{""reason"":""too_short_for_language_detection"",""detected"":null,""confidence"":null}",True,[],[],True,,"{""errors"":[]}",True,[],True,1,0,True,True,False,100,100,6,9,1459,777.31,1285,8,1293,1371.97
de458b7102fdab7ba680,367,nova-pro,arn:aws:bedrock:us-west-2:686465264859:prompt/7ZJL56AKIU,subtitle,fr,da,Physiquement les Atrians arrivent à maturité plus vite que nous.,"Atrians bliver hurtigere modne, end vi gør..","{""c"":""Fysisk når Atrianerne modenhed hurtigere end os.""}",Fysisk når Atrianerne modenhed hurtigere end os.,False,2,1,True,False,True,True,,True,,True,"{""reason"":""detector_match"",""detected"":""da"",""confidence"":1.0}",True,[],[],True,,"{""errors"":[]}",True,[],True,1,0,True,True,False,100,100,40,130,3058,3088.76,1325,8,1333,1300.14
291c345cf9a7ae2ce2f2,368,nova-pro,arn:aws:bedrock:us-west-2:686465264859:prompt/7ZJL56AKIU,subtitle,fr,da,Je suis ton cadeau.,- Jeg er din fødselsdagsgave.,"{""c"":""Jeg er din gave. -> da""}",Jeg er din gave. -> da,False,1,0,True,True,False,True,,True,,True,"{""reason"":""detector_match"",""detected"":""da"",""confidence"":1.0}",True,[],[],True,,"{""errors"":[{""category"":""fluency"",""severity"":""critical""},{""category"":""accuracy"",""severity"":""major""}]}",False,"[{""category"":""fluency"",""severity"":""critical""},{""category"":""accuracy"",""severity"":""major""}]",True,1,0,True,True,False,45,45,11,13,1466,731.06,1300,27,1327,1346.17
8600b2cc28cd59e0382c,369,nova-pro,arn:aws:bedrock:us-west-2:686465264859:prompt/7ZJL56AKIU,subtitle,fr,da,"Qui, M. Lopez?","Hvem, hr. Lopez?","{""c"":""Hvem, M. Lopez?""}","Hvem, M. Lopez?",False,1,0,True,True,False,True,,True,,,"{""reason"":""detector_mismatch_uncertain"",""detected"":""sl"",""confidence"":1.0}",True,[],[],True,,"{""errors"":[{""category"":""terminology"",""severity"":""minor""}]}",True,"[{""category"":""terminology"",""severity"":""minor""}]",True,1,0,True,True,False,97,97,12,13,1466,817.04,1296,17,1313,1277.73
748cb6745d5ce7fbbbdf,370,nova-pro,arn:aws:bedrock:us-west-2:686465264859:prompt/7ZJL56AKIU,subtitle,fr,de,- Elle a la pierre.,- Sie hat den Stein.,"{""c"":""Sie hat den Stein.""}",Sie hat den Stein.,False,2,1,True,False,True,True,,True,,True,"{""reason"":""detector_match"",""detected"":""de"",""confidence"":1.0}",True,[],[],True,,"{""errors"":[{""category"":""preservation"",""severity"":""minor""}]}",True,"[{""category"":""preservation"",""severity"":""minor""}]",True,1,0,True,True,False,97,97,24,157,3065,3072.08,1292,17,1309,1244.66
fe75e4d6d7bf1e286245,371,nova-pro,arn:aws:bedrock:us-west-2:686465264859:prompt/7ZJL56AKIU,subtitle,fr,de,- Que se passe-t-il ?,"- Hey, was ist hier los?","{""c"":""Was ist los?""}",Was ist los?,False,1,0,True,True,False,True,,True,,,"{""reason"":""detector_inconclusive"",""detected"":""en"",""confidence"":0.8571}",True,[],[],True,,"{""errors"":[]}",True,[],True,1,0,True,True,False,100,100,17,9,1466,684.59,1296,8,1304,1165.85
cbd58dc94341b9a42030,372,nova-pro,arn:aws:bedrock:us-west-2:686465264859:prompt/7ZJL56AKIU,subtitle,fr,de,Je suis le Dr McKay.,Ich bin Dr. McKay.,"{""c"":""Ich bin Dr. McKay.""}",Ich bin Dr. McKay.,False,1,0,True,True,False,True,,True,,True,"{""reason"":""detector_match"",""detected"":""de"",""confidence"":1.0}",True,[],[],True,,"{""errors"":[]}",True,[],True,1,0,True,True,False,100,100,12,11,1464,883.56,1295,8,1303,1254.54
b79ea5ab323ba93e32b8,373,nova-pro,arn:aws:bedrock:us-west-2:686465264859:prompt/7ZJL56AKIU,subtitle,fr,de,je vais juste signer.,Ich unterschreibe einfach.,"{""c"":""Ich werde einfach unterschreiben. ->""}",Ich werde einfach unterschreiben. ->,False,1,0,True,True,False,True,,True,,True,"{""reason"":""detector_match"",""detected"":""de"",""confidence"":1.0}",True,[],[],True,,"{""errors"":[{""category"":""preservation"",""severity"":""minor""}]}",True,"[{""category"":""preservation"",""severity"":""minor""}]",True,1,0,True,True,False,97,97,11,12,1467,839.84,1301,17,1318,1183.53
ad4312ff74fc794ff7ea,374,nova-pro,arn:aws:bedrock:us-west-2:686465264859:prompt/7ZJL56AKIU,subtitle,fr,de,Tu veux voir Lexi ? Je vais t'y emmener.,Du willst Lexi sehen?,"{""c"":""Willst du Lexi sehen? Ich werde dich dorthin bringen.""}",Willst du Lexi sehen? Ich werde dich dorthin bringen.,False,1,0,True,True,False,True,,True,,True,"{""reason"":""detector_match"",""detected"":""de"",""confidence"":0.8571}",True,[],[],True,,"{""errors"":[]}",True,[],True,1,0,True,True,False,100,100,22,17,1482,843.31,1319,8,1327,2985.7
39f68fc2247e9a3110ee,375,nova-pro,arn:aws:bedrock:us-west-2:686465264859:prompt/7ZJL56AKIU,subtitle,fr,de,Keating.,Keating.,"{""c"":""Keating. -> de""}",Keating. -> de,False,1,0,True,True,False,True,,True,,,"{""reason"":""detector_mismatch_uncertain"",""detected"":""id"",""confidence"":1.0}",True,[],[],True,,"{""errors"":[{""category"":""fluency"",""severity"":""critical""}]}",False,"[{""category"":""fluency"",""severity"":""critical""}]",True,1,0,True,True,False,60,60,6,10,1459,827.44,1286,18,1304,1233.19
97a441aab2d9ae4b40a6,376,nova-pro,arn:aws:bedrock:us-west-2:686465264859:prompt/7ZJL56AKIU,subtitle,fr,de,Je viens vous apporter la parole de Dieu.,Ich bringe euch das Wort Gottes.,"{""c"":""Ich komme, um euch das Wort Gottes zu bringen.""}","Ich komme, um euch das Wort Gottes zu bringen.",False,1,0,True,True,False,True,,True,,True,"{""reason"":""detector_match"",""detected"":""de"",""confidence"":1.0}",True,[],[],True,,"{""errors"":[]}",True,[],True,1,0,True,True,False,100,100,17,16,1475,686.6,1318,8,1326,1313.33
87e0997a12d75f438a18,377,nova-pro,arn:aws:bedrock:us-west-2:686465264859:prompt/7ZJL56AKIU,subtitle,fr,de,"Portia avait sur elle une lettre de Sarah, datée de son 21e anniversaire.","Portia trug tatsächlich einen Brief von Sarah bei sich, datiert auf ihren 21. Geburtstag.","{""c"":""Portia hatte einen Brief von Sarah bei sich, datiert auf ihren 21. Geburtstag.""}","Portia hatte einen Brief von Sarah bei sich, datiert auf ihren 21. Geburtstag.",False,1,0,True,True,False,True,,True,,True,"{""reason"":""detector_match"",""detected"":""de"",""confidence"":1.0}",True,[],[],True,,"{""errors"":[]}",True,[],True,1,0,True,True,False,100,100,28,25,1493,1101.56,1349,8,1357,2660.28
8709bfe0f437f525be81,378,nova-pro,arn:aws:bedrock:us-west-2:686465264859:prompt/7ZJL56AKIU,subtitle,fr,de,Tu pourras ramener une télé ?,"Denkst du, du kannst den Fernseher besorgen?","{""c"":""Wirst du einen Fernseher mitbringen k\u00f6nnen?""}",Wirst du einen Fernseher mitbringen können?,False,1,0,True,True,False,True,,True,,True,"{""reason"":""detector_match"",""detected"":""de"",""confidence"":1.0}",True,[],[],True,,"{""errors"":[]}",True,[],True,1,0,True,True,False,100,100,12,22,1478,792.48,1314,8,1322,1235.18
cdac242a1ae258c14806,379,nova-pro,arn:aws:bedrock:us-west-2:686465264859:prompt/7ZJL56AKIU,subtitle,fr,de,"Tu te laisses manipuler par elle, Jack.","Du lässt dich von ihr manipulieren, Jack.","{""c"":""Du l\u00e4sst dich von ihr manipulieren, Jack.""}","Du lässt dich von ihr manipulieren, Jack.",False,1,0,True,True,False,True,,True,,True,"{""reason"":""detector_match"",""detected"":""de"",""confidence"":1.0}",True,[],[],True,,"{""errors"":[]}",True,[],True,1,0,True,True,False,100,100,17,23,1482,800.33,1312,8,1320,1176.19
2f5634f649a33de37617,380,nova-pro,arn:aws:bedrock:us-west-2:686465264859:prompt/7ZJL56AKIU,subtitle,fr,en,Je vais bien.,I'm fine.,"{""c"":""I am fine.""}",I am fine.,False,1,0,True,True,False,True,,True,,,"{""reason"":""too_short_for_language_detection"",""detected"":null,""confidence"":null}",True,[],[],True,,"{""errors"":[]}",True,[],True,1,0,True,True,False,100,100,9,9,1461,702.8,1284,8,1292,1170.5
48bf7c72c3d42cf6061f,381,nova-pro,arn:aws:bedrock:us-west-2:686465264859:prompt/7ZJL56AKIU,subtitle,fr,en,"Georgina, savez-vous où Val est allée ?","Uh... Georgina, do you know where Val was going?","{""c"":""Georgina, do you know where Val went?""}","Georgina, do you know where Val went?",False,1,0,True,True,False,True,,True,,True,"{""reason"":""detector_match"",""detected"":""en"",""confidence"":1.0}",True,[],[],True,,"{""errors"":[]}",True,[],True,1,0,True,True,False,100,100,19,15,1475,719.01,1314,8,1322,1172.02
cbbe39a615a205acf27c,382,nova-pro,arn:aws:bedrock:us-west-2:686465264859:prompt/7ZJL56AKIU,subtitle,fr,en,"Quoi, mon amour ?","- What, my love?","{""c"":""What, my love?""}","What, my love?",False,1,0,True,True,False,True,,True,,True,"{""reason"":""detector_match"",""detected"":""en"",""confidence"":1.0}",True,[],[],True,,"{""errors"":[]}",True,[],True,1,0,True,True,False,100,100,11,10,1465,680.04,1292,8,1300,1228.82
3e2530844c945d5a9296,383,nova-pro,arn:aws:bedrock:us-west-2:686465264859:prompt/7ZJL56AKIU,subtitle,fr,en,On a de plus gros soucis.,We've got bigger concerns.,"{""c"":""We have bigger problems.""}",We have bigger problems.,False,1,0,True,True,False,True,,True,,,"{""reason"":""detector_mismatch_uncertain"",""detected"":""da"",""confidence"":0.9994}",True,[],[],True,,"{""errors"":[]}",True,[],True,1,0,True,True,False,100,100,14,10,1466,867.24,1292,8,1300,1217.36
ad48a4ff68e9697f3d8f,384,nova-pro,arn:aws:bedrock:us-west-2:686465264859:prompt/7ZJL56AKIU,subtitle,fr,en,Ces gars sont les meilleurs.,Those guys are the best.,"{""c"":""These guys are the best.""}",These guys are the best.,False,2,1,True,False,True,True,,True,,True,"{""reason"":""detector_match"",""detected"":""en"",""confidence"":1.0}",True,[],[],True,,"{""errors"":[]}",True,[],True,1,0,True,True,False,100,100,24,139,3047,2357.74,1291,8,1299,1144.03
32156b0b906c7bdb5d19,385,nova-pro,arn:aws:bedrock:us-west-2:686465264859:prompt/7ZJL56AKIU,subtitle,fr,en,- Voilà une concession. - Quoi ?,- That's a concession.,"{""c"":""- Here's a concession. - What? ->""}",- Here's a concession. - What? ->,False,1,0,True,True,False,True,,True,,True,"{""reason"":""detector_match"",""detected"":""en"",""confidence"":1.0}",True,[],[],True,,"{""errors"":[{""category"":""preservation"",""severity"":""major""}]}",False,"[{""category"":""preservation"",""severity"":""major""}]",True,1,0,True,True,False,85,85,16,16,1474,683.8,1305,17,1322,1972.89
76839a9d1f62fa3df23d,386,nova-pro,arn:aws:bedrock:us-west-2:686465264859:prompt/7ZJL56AKIU,subtitle,fr,en,- J'ai suivi Taub.,I followed Taub.,"{""c"":""I followed Taub.""}",I followed Taub.,False,1,0,True,True,False,True,,True,,True,"{""reason"":""detector_match"",""detected"":""en"",""confidence"":1.0}",True,[],[],True,,"{""errors"":[]}",True,[],True,1,0,True,True,False,100,100,14,9,1463,733.62,1293,8,1301,1179.59
511b32971398068ec529,387,nova-pro,arn:aws:bedrock:us-west-2:686465264859:prompt/7ZJL56AKIU,subtitle,fr,en,Salut.,Hi.,"{""c"":""Hi.""}",Hi.,False,1,0,True,True,False,True,,True,,,"{""reason"":""too_short_for_language_detection"",""detected"":null,""confidence"":null}",True,[],[],True,,"{""errors"":[]}",True,[],True,1,0,True,True,False,100,100,6,7,1456,699.82,1279,8,1287,1262.98
9425baa998f693a27b04,388,nova-pro,arn:aws:bedrock:us-west-2:686465264859:prompt/7ZJL56AKIU,subtitle,fr,en,Un Serbe qui a inventé une machine sexuelle pour les femmes.,A serbian man who has invented A sex machine for women.,"{""c"":""A Serbian who invented a sexual machine for women.""}",A Serbian who invented a sexual machine for women.,False,1,0,True,True,False,True,,True,,True,"{""reason"":""detector_match"",""detected"":""en"",""confidence"":1.0}",True,[],[],True,,"{""errors"":[]}",True,[],True,1,0,True,True,False,100,100,22,15,1476,704.58,1310,8,1318,1447.98
f2eaaaa207bd4be47f30,389,nova-pro,arn:aws:bedrock:us-west-2:686465264859:prompt/7ZJL56AKIU,subtitle,fr,en,"J'ai commencé à prier car j'ai souvent trouvé du réconfort dans ma Foi et... un jour, j'ai entendu une voix.","I started to pray because I often find consolation in my faith, and, one day... I heard a voice.","{""c"":""I started praying because I often found comfort in my Faith and... one day, I heard a voice.""}","I started praying because I often found comfort in my Faith and... one day, I heard a voice.",False,1,0,True,True,False,True,,True,,True,"{""reason"":""detector_match"",""detected"":""en"",""confidence"":1.0}",True,[],[],True,,"{""errors"":[]}",True,[],True,1,0,True,True,False,100,100,48,26,1505,843.33,1357,8,1365,1220.04
88ad11fdc23eec5eeca6,390,nova-pro,arn:aws:bedrock:us-west-2:686465264859:prompt/7ZJL56AKIU,subtitle,fr,es,"Mon Dieu, ils boivent beaucoup.","Dios mío, cómo bebe esta gente.","{""c"":""Dios m\u00edo, beben mucho.""}","Dios mío, beben mucho.",False,1,0,True,True,False,True,,True,,,"{""reason"":""detector_inconclusive"",""detected"":""es"",""confidence"":0.7143}",True,[],[],True,,"{""errors"":[]}",True,[],True,1,0,True,True,False,100,100,14,18,1475,702.22,1310,8,1318,1257.57
a51bbfee8af796d914cf,391,nova-pro,arn:aws:bedrock:us-west-2:686465264859:prompt/7ZJL56AKIU,subtitle,fr,es,Tu ne sais rien du tout à propos de Serena.,Tú no sabes nada sobre Serena.,"{""c"":""No sabes nada en absoluto sobre Serena.""}",No sabes nada en absoluto sobre Serena.,False,1,0,True,True,False,True,,True,,True,"{""reason"":""detector_match"",""detected"":""es"",""confidence"":1.0}",True,[],[],True,,"{""errors"":[]}",True,[],True,1,0,True,True,False,100,100,20,13,1471,718.66,1313,8,1321,1155.2
0001cc7b9206e10664f0,392,nova-pro,arn:aws:bedrock:us-west-2:686465264859:prompt/7ZJL56AKIU,subtitle,fr,es,Attends-moi.,Espera.,"{""c"":""Esp\u00e9rame.""}",Espérame.,False,1,0,True,True,False,True,,True,,,"{""reason"":""detector_mismatch_uncertain"",""detected"":""pt"",""confidence"":1.0}",True,[],[],True,,"{""errors"":[]}",True,[],True,1,0,True,True,False,100,100,9,14,1466,727.6,1287,8,1295,1181.52
5924f13afd33a5174124,393,nova-pro,arn:aws:bedrock:us-west-2:686465264859:prompt/7ZJL56AKIU,subtitle,fr,es,"Shelly, téléphone.","Shelly, teléfono.","{""c"":""Shelly, tel\u00e9fono.""}","Shelly, teléfono.",False,1,0,True,True,False,True,,True,,,"{""reason"":""detector_mismatch_uncertain"",""detected"":""en"",""confidence"":1.0}",True,[],[],True,,"{""errors"":[]}",True,[],True,1,0,True,True,False,100,100,9,17,1468,706.04,1297,8,1305,1168.49
ce231ad11b00b5c0f32c,394,nova-pro,arn:aws:bedrock:us-west-2:686465264859:prompt/7ZJL56AKIU,subtitle,fr,es,"Tu quittes Las Vegas à 3h30, tu prends la I-40 sans t'arrêter, tu atteins Oklahoma City en 24 heures, Clinton en 23.","Dejaste Las Vegas a las 3:30, condujiste por la I-40 sin parar, llegaste a Oklahoma City en 24 horas, Clinton en 23.","{""c"":""Saldrás de Las Vegas a las 3:30, tomarás la I-40 sin detenerte, llegarás a Oklahoma City en 24 horas, a Clinton en 23.""}","Saldrás de Las Vegas a las 3:30, tomarás la I-40 sin detenerte, llegarás a Oklahoma City en 24 horas, a Clinton en 23.",False,1,0,True,True,False,True,,True,,True,"{""reason"":""detector_match"",""detected"":""es"",""confidence"":1.0}",True,[],[],True,,"{""errors"":[]}",True,[],True,1,0,True,True,False,100,100,53,48,1540,926.39,1404,8,1412,1186.61
841d222d407c5c6c6d95,395,nova-pro,arn:aws:bedrock:us-west-2:686465264859:prompt/7ZJL56AKIU,subtitle,fr,es,Je avais sept ans.,Yo tenía siete años.,"{""c"":""Ten\u00eda siete a\u00f1os.""}",Tenía siete años.,False,1,0,True,True,False,True,,True,,True,"{""reason"":""detector_match"",""detected"":""es"",""confidence"":1.0}",True,[],[],True,,"{""errors"":[]}",True,[],True,1,0,True,True,False,100,100,11,21,1475,817.83,1292,8,1300,1202.7
48ac60e53c88d26ee5c3,396,nova-pro,arn:aws:bedrock:us-west-2:686465264859:prompt/7ZJL56AKIU,subtitle,fr,es,Mlle Grubach ?,¿La Sra. Grubach?,"{""c"":""\u00bfSrta. Grubach?""}",¿Srta. Grubach?,False,1,0,True,True,False,True,,True,,,"{""reason"":""detector_mismatch_uncertain"",""detected"":""de"",""confidence"":1.0}",True,[],[],True,,"{""errors"":[]}",True,[],True,1,0,True,True,False,100,100,8,16,1469,926.95,1301,8,1309,1240.42
5ef2e4145a6040632cbd,397,nova-pro,arn:aws:bedrock:us-west-2:686465264859:prompt/7ZJL56AKIU,subtitle,fr,es,Je pense que je serai parti pendant quelques jours.,Estaré fuera varios días.,"{""c"":""Creo que estar\u00e9 fuera por unos d\u00edas.""}",Creo que estaré fuera por unos días.,False,1,0,True,True,False,True,,True,,True,"{""reason"":""detector_match"",""detected"":""es"",""confidence"":1.0}",True,[],[],True,,"{""errors"":[]}",True,[],True,1,0,True,True,False,100,100,19,27,1485,794.66,1308,8,1316,1271.44
f2535c6c737b2e5a6431,398,nova-pro,arn:aws:bedrock:us-west-2:686465264859:prompt/7ZJL56AKIU,subtitle,fr,es,C'est Victoria.,Lo ha hecho Victoria.,"{""c"":""Es Victoria.""}",Es Victoria.,False,1,0,True,True,False,True,,True,,True,"{""reason"":""detector_match"",""detected"":""es"",""confidence"":1.0}",True,[],[],True,,"{""errors"":[]}",True,[],True,1,0,True,True,False,100,100,11,8,1460,679.45,1285,8,1293,1218.86
449e9243ffc429f99da4,399,nova-pro,arn:aws:bedrock:us-west-2:686465264859:prompt/7ZJL56AKIU,subtitle,fr,es,Et les tripes d'une femme ne se trompent jamais.,Y tú sabes que las entrañas de una mujer nunca se equivocan.,"{""c"":""Y los instintos de una mujer nunca se equivocan.""}
",Y los instintos de una mujer nunca se equivocan.,False,1,0,True,True,False,True,,True,,True,"{""reason"":""detector_match"",""detected"":""es"",""confidence"":1.0}",True,[],[],True,,"{""errors"":[]}",True,[],True,1,0,True,True,False,100,100,22,19,1480,726.04,1327,8,1335,2050.1
5767ed795d4a0e48caf8,400,nova-pro,arn:aws:bedrock:us-west-2:686465264859:prompt/7ZJL56AKIU,subtitle,fr,it,"Mon dieu, je suis une idiote.","Oh, Dio, Sono un idiota.","{""c"":""Mio Dio, sono un'idiota.""}","Mio Dio, sono un'idiota.",False,1,0,True,True,False,True,,True,,True,"{""reason"":""detector_match"",""detected"":""it"",""confidence"":1.0}",True,[],[],True,,"{""errors"":[]}",True,[],True,1,0,True,True,False,100,100,16,15,1472,756.85,1305,8,1313,1207.85
c9c00229a2f274bb4af6,401,nova-pro,arn:aws:bedrock:us-west-2:686465264859:prompt/7ZJL56AKIU,subtitle,fr,it,Tu surestimes ta capacité à toucher cinq cibles mouvantes.,Sopravvaluti la tua abilita' se dici di poter colpire cinque bersagli in movimento. - Pensi?,"{""c"":""Stai sopravvalutando la tua capacit\u00e0 di colpire cinque bersagli in movimento.""}",Stai sopravvalutando la tua capacità di colpire cinque bersagli in movimento.,False,1,0,True,True,False,True,,True,,True,"{""reason"":""detector_match"",""detected"":""it"",""confidence"":1.0}",True,[],[],True,,"{""errors"":[]}",True,[],True,1,0,True,True,False,100,100,19,31,1495,781.2,1350,8,1358,2485.34
86e8cbb858611ac8fee8,402,nova-pro,arn:aws:bedrock:us-west-2:686465264859:prompt/7ZJL56AKIU,subtitle,fr,it,Je dois m'occuper de ma famille.,"No... no, devo provvedere alla mia famiglia.","{""c"":""Devo occuparmi della mia famiglia.""}",Devo occuparmi della mia famiglia.,False,1,0,True,True,False,True,,True,,True,"{""reason"":""detector_match"",""detected"":""it"",""confidence"":1.0}",True,[],[],True,,"{""errors"":[]}",True,[],True,1,0,True,True,False,100,100,17,13,1471,886.69,1306,8,1314,1243.0
441bd6c47ed751405e2c,403,nova-pro,arn:aws:bedrock:us-west-2:686465264859:prompt/7ZJL56AKIU,subtitle,fr,it,"- Allons-y, Tim.","Forza,andiamo,Tim.","{""c"":""Andiamo, Tim.""}","Andiamo, Tim.",False,1,0,True,True,False,True,,True,,,"{""reason"":""detector_inconclusive"",""detected"":""pt"",""confidence"":0.8571}",True,[],[],True,,"{""errors"":[]}",True,[],True,1,0,True,True,False,100,100,14,10,1465,749.81,1297,8,1305,1494.67
3bde501edf3e57a1b47b,404,nova-pro,arn:aws:bedrock:us-west-2:686465264859:prompt/7ZJL56AKIU,subtitle,fr,it,Allez !,Andiamo!,"{""c"":""Forza!""}",Forza!,False,1,0,True,True,False,True,,True,,,"{""reason"":""too_short_for_language_detection"",""detected"":null,""confidence"":null}",True,[],[],True,,"{""errors"":[]}",True,[],True,1,0,True,True,False,100,100,6,8,1459,755.66,1285,8,1293,1154.17
ed2507190f5021c4fb18,405,nova-pro,arn:aws:bedrock:us-west-2:686465264859:prompt/7ZJL56AKIU,subtitle,fr,it,Si ça ne vous embête pas.,"Quindi, se non le dispiace.","{""c"":""Se non vi dispiace.""}",Se non vi dispiace.,False,1,0,True,True,False,True,,True,,True,"{""reason"":""detector_match"",""detected"":""it"",""confidence"":1.0}",True,[],[],True,,"{""errors"":[]}",True,[],True,1,0,True,True,False,100,100,14,12,1468,722.6,1297,8,1305,1223.85
88e917c5939ab683dd3c,406,nova-pro,arn:aws:bedrock:us-west-2:686465264859:prompt/7ZJL56AKIU,subtitle,fr,it,Pour moi ?,Me?,"{""c"":""Per me?""}",Per me?,False,1,0,True,True,False,True,,True,,,"{""reason"":""too_short_for_language_detection"",""detected"":null,""confidence"":null}",True,[],[],True,,"{""errors"":[]}",True,[],True,1,0,True,True,False,100,100,8,8,1459,770.51,1282,8,1290,1238.65
b3be1b6b668a348c9fbe,407,nova-pro,arn:aws:bedrock:us-west-2:686465264859:prompt/7ZJL56AKIU,subtitle,fr,it,Évidemment que j'aime ma femme.,È chiaro che amo mia moglie.,"{""c"":""Ovviamente amo mia moglie.""}",Ovviamente amo mia moglie.,False,1,0,True,True,False,True,,True,,True,"{""reason"":""detector_match"",""detected"":""it"",""confidence"":1.0}",True,[],[],True,,"{""errors"":[]}",True,[],True,1,0,True,True,False,100,100,16,14,1472,763.91,1307,8,1315,1227.03
9009f3a4d695faeea818,408,nova-pro,arn:aws:bedrock:us-west-2:686465264859:prompt/7ZJL56AKIU,subtitle,fr,it,"Seigneur, ça serait tellement sympa.","Oh Dio, sarebbe fantastico!","{""c"":""Signore, sarebbe davvero bello.""}","Signore, sarebbe davvero bello.",False,1,0,True,True,False,True,,True,,True,"{""reason"":""detector_match"",""detected"":""it"",""confidence"":1.0}",True,[],[],True,,"{""errors"":[]}",True,[],True,1,0,True,True,False,100,100,14,12,1469,725.7,1306,8,1314,1260.17
0b01720caa0f32677db9,409,nova-pro,arn:aws:bedrock:us-west-2:686465264859:prompt/7ZJL56AKIU,subtitle,fr,it,Maintenant... commence... mon propre rêve... qui ne se terminera jamais.,Ma ora un sogno tutto mio. Che non finirà mai.,"{""c"":""Ora... inizia... il mio stesso sogno... che non finir\u00e0 mai.""}",Ora... inizia... il mio stesso sogno... che non finirà mai.,False,1,0,True,True,False,True,,True,,True,"{""reason"":""detector_match"",""detected"":""it"",""confidence"":1.0}",True,[],[],True,,"{""errors"":[]}",True,[],True,1,0,True,True,False,100,100,25,28,1491,881.03,1329,8,1337,1107.69
a4255a5948343dbad1c0,410,nova-pro,arn:aws:bedrock:us-west-2:686465264859:prompt/7ZJL56AKIU,subtitle,fr,jp,"Merci, ma reine.",ありがとうございます,"{""c"":""ありがとう、私の女王。""}",ありがとう、私の女王。,False,1,0,True,True,False,True,,True,,True,"{""reason"":""target_script_present"",""detected"":""ja"",""confidence"":1.0}",True,[],[],True,,"{""errors"":[{""category"":""tone"",""severity"":""minor""}]}",True,"[{""category"":""tone"",""severity"":""minor""}]",True,1,0,True,True,False,97,97,11,13,1466,1212.36,1299,17,1316,1279.36
2329e5e6656dd34e9b4f,411,nova-pro,arn:aws:bedrock:us-west-2:686465264859:prompt/7ZJL56AKIU,subtitle,fr,jp,"Ooh, c'est intéressant.",あらら　これは興味深い,"{""c"":""うわ、それは面白いですね。""}",うわ、それは面白いですね。,False,1,0,True,True,False,True,,True,,True,"{""reason"":""target_script_present"",""detected"":""ja"",""confidence"":1.0}",True,[],[],True,,"{""errors"":[]}",True,[],True,1,0,True,True,False,100,100,14,13,1468,1137.84,1307,8,1315,1214.65
c3e39847e8b73356e547,412,nova-pro,arn:aws:bedrock:us-west-2:686465264859:prompt/7ZJL56AKIU,subtitle,fr,jp,Sortez tous !,- よし、全員降りろ,"{""c"":""みんな出て行け！""}",みんな出て行け！,False,1,0,True,True,False,True,,True,,True,"{""reason"":""target_script_present"",""detected"":""ja"",""confidence"":1.0}",True,[],[],True,,"{""errors"":[]}",True,[],True,1,0,True,True,False,100,100,8,10,1464,834.96,1297,8,1305,1148.21
dff433fac49f7e3b85b0,413,nova-pro,arn:aws:bedrock:us-west-2:686465264859:prompt/7ZJL56AKIU,subtitle,fr,jp,- Bien. - Parfait. - Merci John.,分かった　ありがとう,"{""c"":""- いいね。- 完璧だ。- ありがとう、ジョン。""}",- いいね。- 完璧だ。- ありがとう、ジョン。,False,1,0,True,True,False,True,,True,,True,"{""reason"":""target_script_present"",""detected"":""ja"",""confidence"":1.0}",True,[],[],True,,"{""errors"":[]}",True,[],True,1,0,True,True,False,100,100,19,26,1485,1037.08,1322,8,1330,1233.38
f41ca2d6be9734e191c3,414,nova-pro,arn:aws:bedrock:us-west-2:686465264859:prompt/7ZJL56AKIU,subtitle,fr,jp,Je pense que parfois.,時々だが...,"{""c"":""時々そう思う。""}",時々そう思う。,False,1,0,True,True,False,True,,True,,True,"{""reason"":""target_script_present"",""detected"":""ja"",""confidence"":1.0}",True,[],[],True,,"{""errors"":[]}",True,[],True,1,0,True,True,False,100,100,11,11,1464,792.5,1291,8,1299,1287.46
dc94cba94ba7f447ee4d,415,nova-pro,arn:aws:bedrock:us-west-2:686465264859:prompt/7ZJL56AKIU,subtitle,fr,jp,"Non, c'était une blague.",あれはジョークさ,"{""c"":""いいえ、それは冗談でした。""}",いいえ、それは冗談でした。,False,1,0,True,True,False,True,,True,,True,"{""reason"":""target_script_present"",""detected"":""ja"",""confidence"":1.0}",True,[],[],True,,"{""errors"":[]}",True,[],True,1,0,True,True,False,100,100,16,15,1472,728.73,1303,8,1311,1231.26
c13e437e3d7264b2dff3,416,nova-pro,arn:aws:bedrock:us-west-2:686465264859:prompt/7ZJL56AKIU,subtitle,fr,jp,Il n'y aura que nous et le V.,集合場所に来るのは俺達だけ そこへVが,"{""c"":""そこには私たちとVしかいないでしょう。""}",そこには私たちとVしかいないでしょう。,False,1,0,True,True,False,True,,True,,True,"{""reason"":""target_script_present"",""detected"":""ja"",""confidence"":1.0}",True,[],[],True,,"{""errors"":[]}",True,[],True,1,0,True,True,False,100,100,20,14,1473,732.77,1322,8,1330,1108.61
7e62f0822e0038781d2b,417,nova-pro,arn:aws:bedrock:us-west-2:686465264859:prompt/7ZJL56AKIU,subtitle,fr,jp,Quoi donc ?,何を？,"{""c"":""どうしたの？""}",どうしたの？,False,1,0,True,True,False,True,,True,,True,"{""reason"":""target_script_present"",""detected"":""ja"",""confidence"":1.0}",True,[],[],True,,"{""errors"":[]}",True,[],True,1,0,True,True,False,100,100,8,9,1462,713.25,1288,8,1296,1158.84
8a6fdf16ed5a6c2e0bdb,418,nova-pro,arn:aws:bedrock:us-west-2:686465264859:prompt/7ZJL56AKIU,subtitle,fr,jp,Ça va aller.,大丈夫よ,"{""c"":""大丈夫です。""}",大丈夫です。,False,1,0,True,True,False,True,,True,,True,"{""reason"":""target_script_present"",""detected"":""ja"",""confidence"":1.0}",True,[],[],True,,"{""errors"":[]}",True,[],True,1,0,True,True,False,100,100,9,10,1462,770.79,1294,8,1302,1221.98
59d9e491145113d4bb99,419,nova-pro,arn:aws:bedrock:us-west-2:686465264859:prompt/7ZJL56AKIU,subtitle,fr,jp,"Je suis désolée, Dr Morgan mais je ne vais pas abandonner si vite.",悪いわね　モーガン先生 まだ終わらせないわ,"{""c"":""申し訳ありません、モルガン博士。でも、私はそんなに簡単に諦めるつもりはありません。""}",申し訳ありません、モルガン博士。でも、私はそんなに簡単に諦めるつもりはありません。,False,1,0,True,True,False,True,,True,,True,"{""reason"":""target_script_present"",""detected"":""ja"",""confidence"":1.0}",True,[],[],True,,"{""errors"":[{""category"":""terminology"",""severity"":""minor""},{""category"":""tone"",""severity"":""minor""}]}",True,"[{""category"":""terminology"",""severity"":""minor""},{""category"":""tone"",""severity"":""minor""}]",True,1,0,True,True,False,94,94,26,30,1497,990.29,1356,26,1382,1411.19
708b7ca964262e26f5e8,420,nova-pro,arn:aws:bedrock:us-west-2:686465264859:prompt/7ZJL56AKIU,subtitle,fr,nl,Salut... Dire que ta mère te battait pour que tu mettes une robe.,Ik herinner me dat je moeder je moest slaan voor je een jurk aantrok.,"{""c"":""Salut... Te zeggen dat je moeder je sloeg om een jurk te dragen.""}",Salut... Te zeggen dat je moeder je sloeg om een jurk te dragen.,False,1,0,True,True,False,True,,True,,True,"{""reason"":""detector_match"",""detected"":""nl"",""confidence"":0.8571}",True,[],[],True,,"{""errors"":[{""category"":""accuracy"",""severity"":""major""}]}",False,"[{""category"":""accuracy"",""severity"":""major""}]",True,1,0,True,True,False,85,85,26,29,1495,873.58,1341,17,1358,1233.74
97b860df4dc8d5c707f8,421,nova-pro,arn:aws:bedrock:us-west-2:686465264859:prompt/7ZJL56AKIU,subtitle,fr,nl,Pouvez-vous en dire de même ?,Kun jij dat ook zeggen?,"{""c"":""Kun je hetzelfde zeggen?""}",Kun je hetzelfde zeggen?,False,1,0,True,True,False,True,,True,,True,"{""reason"":""detector_match"",""detected"":""nl"",""confidence"":1.0}",True,[],[],True,,"{""errors"":[]}",True,[],True,1,0,True,True,False,100,100,16,16,1474,711.78,1304,8,1312,1193.96
f9d581d9e144869bf472,422,nova-pro,arn:aws:bedrock:us-west-2:686465264859:prompt/7ZJL56AKIU,subtitle,fr,nl,- De la glace avec un client?,- IJs met een cliënt?,"{""c"":""IJs met een klant?""}


",IJs met een klant?,False,1,0,True,True,False,True,,True,,True,"{""reason"":""detector_match"",""detected"":""nl"",""confidence"":1.0}",False,"[{""code"":""terminology_mismatch"",""source_term"":""Glace"",""expected_target_term"":""IJssculptuur""}]",[],True,,"{""errors"":[{""category"":""preservation"",""severity"":""minor""}]}",True,"[{""category"":""preservation"",""severity"":""minor""}]",True,1,0,True,True,False,97,97,16,13,1469,722.83,1299,17,1316,1201.71
2442e3ca577b3b2c2632,423,nova-pro,arn:aws:bedrock:us-west-2:686465264859:prompt/7ZJL56AKIU,subtitle,fr,nl,Elle trouvera Davina avant que cet homme abuse d'elle.,Ze kan Davina vinden voordat die man haar kwaad doet.,"{""c"":""Ze zal Davina vinden voordat deze man haar misbruikt.""}
",Ze zal Davina vinden voordat deze man haar misbruikt.,False,1,0,True,True,False,True,,True,,True,"{""reason"":""detector_match"",""detected"":""nl"",""confidence"":1.0}",True,[],[],True,,"{""errors"":[]}",True,[],True,1,0,True,True,False,100,100,22,24,1486,808.48,1323,8,1331,1255.65
2e4bd8ec6f1ed1a8500a,424,nova-pro,arn:aws:bedrock:us-west-2:686465264859:prompt/7ZJL56AKIU,subtitle,fr,nl,Je t'ai reconnu d'après une photo.,Ik ken je van een foto.,"{""c"":""Ik heb je herkend van een foto.""}",Ik heb je herkend van een foto.,False,1,0,True,True,False,True,,True,,True,"{""reason"":""detector_match"",""detected"":""nl"",""confidence"":1.0}",True,[],[],True,,"{""errors"":[]}",True,[],True,1,0,True,True,False,100,100,20,17,1477,777.28,1305,8,1313,1182.98
2e14652e0cc0b4312fe4,425,nova-pro,arn:aws:bedrock:us-west-2:686465264859:prompt/7ZJL56AKIU,subtitle,fr,nl,"D'ailleurs, Jackie ne veut pas de nous.",We maken toch geen van beiden kans bij Jackie.,"{""c"":""Bovendien wil Jackie ons niet hebben.""}",Bovendien wil Jackie ons niet hebben.,False,1,0,True,True,False,True,,True,,True,"{""reason"":""detector_match"",""detected"":""nl"",""confidence"":1.0}",True,[],[],True,,"{""errors"":[]}",True,[],True,1,0,True,True,False,100,100,20,17,1476,671.79,1307,8,1315,1152.36
ae45c9dd492b78248315,426,nova-pro,arn:aws:bedrock:us-west-2:686465264859:prompt/7ZJL56AKIU,subtitle,fr,nl,Oui.,Ja.,"{""c"":""Ja.""}",Ja.,False,1,0,True,True,False,True,,True,,,"{""reason"":""too_short_for_language_detection"",""detected"":null,""confidence"":null}",True,[],[],True,,"{""errors"":[]}",True,[],True,1,0,True,True,False,100,100,6,7,1457,887.58,1281,8,1289,1370.66
fd7d534ea242ada7f7c0,427,nova-pro,arn:aws:bedrock:us-west-2:686465264859:prompt/7ZJL56AKIU,subtitle,fr,nl,N'imaginez pas que vous êtes un as de la romance en vous tripotant les mains et en vous donnant la becquée.,"Denk niet dat jij meer van romantiek weet dan ik. Handje vasthouden, elkaar voeren en afvegen is ook maar gelul.","{""c"":""Verbeeld je niet dat je een romance-as bent door aan je handen te scharrelen en jezelf te voeren.""}",Verbeeld je niet dat je een romance-as bent door aan je handen te scharrelen en jezelf te voeren.,False,1,0,True,True,False,True,,True,,True,"{""reason"":""detector_match"",""detected"":""nl"",""confidence"":1.0}",True,[],[],True,,"{""errors"":[{""category"":""accuracy"",""severity"":""major""},{""category"":""fluency"",""severity"":""minor""}]}",False,"[{""category"":""accuracy"",""severity"":""major""},{""category"":""fluency"",""severity"":""minor""}]",True,1,0,True,True,False,82,82,40,37,1517,1047.1,1368,29,1397,2132.34
9f217c790d44dc69f50c,428,nova-pro,arn:aws:bedrock:us-west-2:686465264859:prompt/7ZJL56AKIU,subtitle,fr,nl,Oui.,Ja.,"{""c"":""Ja.""}",Ja.,False,1,0,True,True,False,True,,True,,,"{""reason"":""too_short_for_language_detection"",""detected"":null,""confidence"":null}",True,[],[],True,,"{""errors"":[]}",True,[],True,1,0,True,True,False,100,100,6,7,1457,759.11,1281,8,1289,1297.82
23dd65aad5204590e436,429,nova-pro,arn:aws:bedrock:us-west-2:686465264859:prompt/7ZJL56AKIU,subtitle,fr,nl,"- Nous, Seymour, on n'a rien contre lui.","Wij, Seymour, hebben geen probleem met hem.","{""c"":""Wij, Seymour, hebben niets tegen hem.""}","Wij, Seymour, hebben niets tegen hem.",False,1,0,True,True,False,True,,True,,True,"{""reason"":""detector_match"",""detected"":""nl"",""confidence"":1.0}",True,[],[],True,,"{""errors"":[]}",True,[],True,1,0,True,True,False,100,100,23,20,1481,732.58,1320,8,1328,1227.52
6e7d7ed14120b6707bd1,430,nova-pro,arn:aws:bedrock:us-west-2:686465264859:prompt/7ZJL56AKIU,subtitle,fr,nb,"Chuck, on a un problème sur la 7ème. Unité psychiatrique.","-Problemer på psykiatrisk, Chuck.","{""c"":""Chuck, har et problem på 7. Psykiatrisk enhet.""}","Chuck, har et problem på 7. Psykiatrisk enhet.",False,1,0,True,True,False,True,,True,,True,"{""reason"":""detector_match"",""detected"":""no"",""confidence"":1.0}",True,[],[],True,,"{""errors"":[{""category"":""fluency"",""severity"":""minor""}]}",True,"[{""category"":""fluency"",""severity"":""minor""}]",True,1,0,True,True,False,97,97,25,21,1487,830.59,1321,18,1339,1330.75
5549cb339599ff33c176,431,nova-pro,arn:aws:bedrock:us-west-2:686465264859:prompt/7ZJL56AKIU,subtitle,fr,nb,"Allez, je ferai pas foirer ton plan !",Kom igjen. Jeg skal ikke ødelegge det for deg.,"{""c"":""Kom igjen, jeg kommer ikke til \u00e5 svikte planen din!""}","Kom igjen, jeg kommer ikke til å svikte planen din!",False,1,0,True,True,False,True,,True,,True,"{""reason"":""detector_match"",""detected"":""no"",""confidence"":1.0}",True,[],[],True,,"{""errors"":[]}",True,[],True,1,0,True,True,False,100,100,17,30,1492,897.72,1319,8,1327,1294.11
2dc8c50c8aaf670e0219,432,nova-pro,arn:aws:bedrock:us-west-2:686465264859:prompt/7ZJL56AKIU,subtitle,fr,nb,"Fais gaffe, petit !","Pass deg, gutt!","{""c"":""V\u00e6r forsiktig, liten!""}","Vær forsiktig, liten!",False,1,0,True,True,False,True,,True,,True,"{""reason"":""detector_match"",""detected"":""no"",""confidence"":0.9996}",True,[],[],True,,"{""errors"":[]}",True,[],True,1,0,True,True,False,100,100,11,20,1475,989.62,1296,8,1304,1191.6
af1a7dad17cc88dd8642,433,nova-pro,arn:aws:bedrock:us-west-2:686465264859:prompt/7ZJL56AKIU,subtitle,fr,nb,Amusant ?,Morsomt?,"{""c"":""Morsomt?""}",Morsomt?,False,1,0,True,True,False,True,,True,,,"{""reason"":""too_short_for_language_detection"",""detected"":null,""confidence"":null}",True,[],[],True,,"{""errors"":[]}",True,[],True,1,0,True,True,False,100,100,6,9,1462,739.14,1288,8,1296,1210.78
b6d9871c3dac3d3cd988,434,nova-pro,arn:aws:bedrock:us-west-2:686465264859:prompt/7ZJL56AKIU,subtitle,fr,nb,"Ainsi que le gouverneur, l'archevêque, et des PDG américains et japonais.","Og det gjør guvernøren, erkebiskopen og sjefene for noen amerikanske og japanske firmaer.","{""c"":""Sammen med guvern\u00f8ren, erkebiskopen og amerikanske og japanske administrerende direkt\u00f8rer.""}","Sammen med guvernøren, erkebiskopen og amerikanske og japanske administrerende direktører.",False,1,0,True,True,False,True,,True,,True,"{""reason"":""detector_match"",""detected"":""no"",""confidence"":1.0}",True,[],[],True,,"{""errors"":[]}",True,[],True,1,0,True,True,False,100,100,28,44,1513,1283.85,1347,8,1355,1015.0
db10c0e3e27504a129ed,435,nova-pro,arn:aws:bedrock:us-west-2:686465264859:prompt/7ZJL56AKIU,subtitle,fr,nb,Qu'est-ce que vous voulez qu'on leur donne ?,Hva skal vi liksom gi dem?,"{""c"":""Hva vil du at vi skal gi dem?""}",Hva vil du at vi skal gi dem?,False,1,0,True,True,False,True,,True,,,"{""reason"":""detector_inconclusive"",""detected"":""sl"",""confidence"":0.7143}",True,[],[],True,,"{""errors"":[{""category"":""accuracy"",""severity"":""minor""}]}",True,"[{""category"":""accuracy"",""severity"":""minor""}]",True,1,0,True,True,False,97,97,25,15,1479,952.21,1311,17,1328,1522.57
6218cec93aa43ce05dee,436,nova-pro,arn:aws:bedrock:us-west-2:686465264859:prompt/7ZJL56AKIU,subtitle,fr,nb,Qu'est ce que t'as ?,Hva har du?,"{""c"":""Hva har du?""}",Hva har du?,False,1,0,True,True,False,True,,True,,,"{""reason"":""detector_inconclusive"",""detected"":""tr"",""confidence"":0.5714}",True,[],[],True,,"{""errors"":[]}",True,[],True,1,0,True,True,False,100,100,17,10,1469,785.27,1295,8,1303,1136.59
e78f1df4295d6d0613fe,437,nova-pro,arn:aws:bedrock:us-west-2:686465264859:prompt/7ZJL56AKIU,subtitle,fr,nb,"- À part cela, nous ne savons rien.",-Bortsett fra det vet vi ingenting.,"{""c"":""Bortsett fra det vet vi ingenting.""}",Bortsett fra det vet vi ingenting.,False,1,0,True,True,False,True,,True,,True,"{""reason"":""detector_match"",""detected"":""no"",""confidence"":1.0}",True,[],[],True,,"{""errors"":[]}",True,[],True,1,0,True,True,False,100,100,19,17,1476,979.9,1308,8,1316,1199.14
ab7e35d1a284c6cbdc9e,438,nova-pro,arn:aws:bedrock:us-west-2:686465264859:prompt/7ZJL56AKIU,subtitle,fr,nb,- Mon dieu !,- Herregud.,"{""c"":""Min Gud!""}",Min Gud!,False,1,0,True,True,False,True,,True,,,"{""reason"":""too_short_for_language_detection"",""detected"":null,""confidence"":null}",True,[],[],True,,"{""errors"":[{""category"":""preservation"",""severity"":""minor""}]}",True,"[{""category"":""preservation"",""severity"":""minor""}]",True,1,0,True,True,False,97,97,9,8,1462,666.52,1287,17,1304,1262.3
bf664d894a269036ccb6,439,nova-pro,arn:aws:bedrock:us-west-2:686465264859:prompt/7ZJL56AKIU,subtitle,fr,nb,Je n'en supporterai pas davantage.,Jeg holder ikke ut lenger.,"{""c"":""Jeg vil ikke t\u00f8le mer enn dette.""}
",Jeg vil ikke tøle mer enn dette.,False,1,0,True,True,False,True,,True,,True,"{""reason"":""detector_match"",""detected"":""no"",""confidence"":1.0}",True,[],[],True,,"{""errors"":[{""category"":""accuracy"",""severity"":""minor""}]}",True,"[{""category"":""accuracy"",""severity"":""minor""}]",True,1,0,True,True,False,97,97,16,24,1481,951.14,1303,17,1320,1201.07
eb23d8e093b4d657c417,440,nova-pro,arn:aws:bedrock:us-west-2:686465264859:prompt/7ZJL56AKIU,subtitle,it,da,- Non lo so.,- Det ved jeg ikke.,"{""c"":""Jeg ved det ikke. ""}",Jeg ved det ikke. ,False,1,0,True,True,False,True,,True,,,"{""reason"":""detector_mismatch_uncertain"",""detected"":""no"",""confidence"":1.0}",True,[],[],True,,"{""errors"":[]}",True,[],True,1,0,True,True,False,100,100,11,12,1464,887.11,1289,8,1297,1198.52
5e8212ca2cabb32458ea,441,nova-pro,arn:aws:bedrock:us-west-2:686465264859:prompt/7ZJL56AKIU,subtitle,it,da,Quando glielo diremo?,Hvornår siger vi det til dem?,"{""c"":""Hvorn\u00e5r skal vi fort\u00e6lle ham det?""}",Hvornår skal vi fortælle ham det?,False,1,0,True,True,False,True,,True,,True,"{""reason"":""detector_match"",""detected"":""da"",""confidence"":1.0}",True,[],[],True,,"{""errors"":[{""category"":""accuracy"",""severity"":""major""}]}",False,"[{""category"":""accuracy"",""severity"":""major""}]",True,1,0,True,True,False,85,85,9,30,1483,916.21,1304,17,1321,1220.57
cce1348bec65b95f6d49,442,nova-pro,arn:aws:bedrock:us-west-2:686465264859:prompt/7ZJL56AKIU,subtitle,it,da,"Ma lui è veramente country, si.","Men ja, han spiller ægte country.","{""c"":""Men han er virkelig landlig, ja.""}","Men han er virkelig landlig, ja.",False,1,0,True,True,False,True,,True,,True,"{""reason"":""detector_match"",""detected"":""da"",""confidence"":1.0}",True,[],[],True,,"{""errors"":[{""category"":""terminology"",""severity"":""major""}]}",False,"[{""category"":""terminology"",""severity"":""major""}]",True,1,0,True,True,False,85,85,16,16,1471,931.32,1301,17,1318,1360.53
b372eadf9822db906cb5,443,nova-pro,arn:aws:bedrock:us-west-2:686465264859:prompt/7ZJL56AKIU,subtitle,it,da,C'è qualcuno qui?,Er der nogen her?,"{""c"":""Er der nogen her?""}
",Er der nogen her?,False,1,0,True,True,False,True,,True,,,"{""reason"":""detector_mismatch_uncertain"",""detected"":""de"",""confidence"":1.0}",True,[],[],True,,"{""errors"":[]}",True,[],True,1,0,True,True,False,100,100,12,11,1464,846.63,1293,8,1301,1140.42
d1f2818599adc81b03ec,444,nova-pro,arn:aws:bedrock:us-west-2:686465264859:prompt/7ZJL56AKIU,subtitle,it,da,A dire il vero non abbiamo ancora deciso se prendero' il tuo cognome. Ma sai un cosa?,"Faktisk er jeg ikke sikker på, om jeg vil have dit efternavn.","{""c"":""Faktisk har vi endnu ikke besluttet, om jeg vil tage dit efternavn. Men ved du hvad?""}","Faktisk har vi endnu ikke besluttet, om jeg vil tage dit efternavn. Men ved du hvad?",False,1,0,True,True,False,True,,True,,True,"{""reason"":""detector_match"",""detected"":""da"",""confidence"":1.0}",True,[],[],True,,"{""errors"":[]}",True,[],True,1,0,True,True,False,100,100,34,35,1505,1360.66,1349,8,1357,1143.07
84038620a8b90e34441a,445,nova-pro,arn:aws:bedrock:us-west-2:686465264859:prompt/7ZJL56AKIU,subtitle,it,da,"No, non lo fara'.","Nej, du gør ikke.","{""c"":""Nej, det vil han ikke. ""}","Nej, det vil han ikke. ",False,1,0,True,True,False,True,,True,,True,"{""reason"":""detector_match"",""detected"":""da"",""confidence"":1.0}",True,[],[],True,,"{""errors"":[{""category"":""accuracy"",""severity"":""major""}]}",False,"[{""category"":""accuracy"",""severity"":""major""}]",True,1,0,True,True,False,85,85,12,14,1469,1062.21,1298,17,1315,1284.93
2b9e35008967996582d7,446,nova-pro,arn:aws:bedrock:us-west-2:686465264859:prompt/7ZJL56AKIU,subtitle,it,da,E' reale.,Det er virkeligt.,"{""c"":""Det er virkeligt.""}
",Det er virkeligt.,False,2,1,True,False,True,True,,True,,True,"{""reason"":""detector_match"",""detected"":""da"",""confidence"":1.0}",True,[],[],True,,"{""errors"":[]}",True,[],True,1,0,True,True,False,100,100,18,159,3063,3247.53,1288,8,1296,1161.73
b43dfe4199d61d70013f,447,nova-pro,arn:aws:bedrock:us-west-2:686465264859:prompt/7ZJL56AKIU,subtitle,it,da,Quindi credi che sia a lui che Zhang passa la roba?,"Tror du, han er Zhangs bagmand?","{""c"":""S\u00e5 du tror, at det er ham, Zhang giver tingene til? -> da""}","Så du tror, at det er ham, Zhang giver tingene til? -> da",False,1,0,True,True,False,True,,True,,True,"{""reason"":""detector_match"",""detected"":""da"",""confidence"":1.0}",True,[],[],True,,"{""errors"":[{""category"":""preservation"",""severity"":""critical""}]}",False,"[{""category"":""preservation"",""severity"":""critical""}]",True,1,0,True,True,False,60,60,22,31,1492,983.2,1323,17,1340,1292.11
9986c852f419ca0a486e,448,nova-pro,arn:aws:bedrock:us-west-2:686465264859:prompt/7ZJL56AKIU,subtitle,it,da,Forse se ci arrampichiamo possiamo salvarci.,"Klatrer vi op, bliver vi måske reddet.","{""c"":""M\u00e5ske hvis vi klatrer op, kan vi redde os.""}
","Måske hvis vi klatrer op, kan vi redde os.",False,1,0,True,True,False,True,,True,,True,"{""reason"":""detector_match"",""detected"":""da"",""confidence"":1.0}",True,[],[],True,,"{""errors"":[]}",True,[],True,1,0,True,True,False,100,100,14,27,1486,991.45,1318,8,1326,1206.3
0c24687766b8d8aced4a,449,nova-pro,arn:aws:bedrock:us-west-2:686465264859:prompt/7ZJL56AKIU,subtitle,it,da,Lo apprezzi? Davvero? Si'.,- Gør du det?,"{""c"":""S\u00e5 du s\u00e6tter pris p\u00e5 det? Virkelig? Ja. ->""}",Så du sætter pris på det? Virkelig? Ja. ->,False,1,0,True,True,False,True,,True,,True,"{""reason"":""detector_match"",""detected"":""da"",""confidence"":1.0}",True,[],[],True,,"{""errors"":[{""category"":""preservation"",""severity"":""minor""}]}",True,"[{""category"":""preservation"",""severity"":""minor""}]",True,1,0,True,True,False,97,97,14,40,1498,1125.42,1312,17,1329,1230.22
3b8daa297b5aa6920b23,450,nova-pro,arn:aws:bedrock:us-west-2:686465264859:prompt/7ZJL56AKIU,subtitle,it,de,"Tu, torna da dove sei venuto!","Du, zurück, wo du hingehörst!","{""c"":""Du, kehre dorthin zur\u00fcck, woher du gekommen bist!""}","Du, kehre dorthin zurück, woher du gekommen bist!",False,1,0,True,True,False,True,,True,,True,"{""reason"":""detector_match"",""detected"":""de"",""confidence"":1.0}",True,[],[],True,,"{""errors"":[]}",True,[],True,1,0,True,True,False,100,100,16,25,1481,909.98,1311,8,1319,1240.15
fcd22ca645c213180abb,451,nova-pro,arn:aws:bedrock:us-west-2:686465264859:prompt/7ZJL56AKIU,subtitle,it,de,"Ehi, Foster.","- Hey, Foster?","{""c"":""Ehi, Foster.""}","Ehi, Foster.",False,1,0,True,True,False,True,,True,,True,"{""reason"":""detector_match"",""detected"":""de"",""confidence"":1.0}",True,[],"[{""code"":""source_copy_suspected""}]",True,,"{""errors"":[]}",True,[],True,1,0,True,True,False,97,97,9,10,1462,685.67,1288,8,1296,2114.42
96f206aa27b8a0b4a8c0,452,nova-pro,arn:aws:bedrock:us-west-2:686465264859:prompt/7ZJL56AKIU,subtitle,it,de,"Anni dopo, finalmente mori', e la sua vita torturata, cesso'.",Jahre später starb er endlich. Und die Qual seines Lebens war vorbei.,"{""c"":""Jahre sp\u00e4ter starb er schlie\u00dflich, und sein gequ\u00e4ltes Leben h\u00f6rte auf.""}","Jahre später starb er schließlich, und sein gequältes Leben hörte auf.",False,1,0,True,True,False,True,,True,,True,"{""reason"":""detector_match"",""detected"":""de"",""confidence"":1.0}",True,[],[],True,,"{""errors"":[]}",True,[],True,1,0,True,True,False,100,100,25,48,1514,1097.46,1336,8,1344,1220.54
5a60cc3b6313bd71037f,453,nova-pro,arn:aws:bedrock:us-west-2:686465264859:prompt/7ZJL56AKIU,subtitle,it,de,"Tu sei la prossima, ragazza. Siediti, vado a prepararti il colore.","Setz dich, ich gehe deine Farbe mischen.","{""c"":""Du bist die N\u00e4chste, M\u00e4dchen. Setz dich, ich gehe dir die Farbe vorbereiten.""}","Du bist die Nächste, Mädchen. Setz dich, ich gehe dir die Farbe vorbereiten.",False,1,0,True,True,False,True,,True,,True,"{""reason"":""detector_match"",""detected"":""de"",""confidence"":1.0}",True,[],[],True,,"{""errors"":[{""category"":""fluency"",""severity"":""minor""}]}",True,"[{""category"":""fluency"",""severity"":""minor""}]",True,1,0,True,True,False,97,97,26,41,1508,1330.89,1345,18,1363,1292.86
eb8c330aad442e422081,454,nova-pro,arn:aws:bedrock:us-west-2:686465264859:prompt/7ZJL56AKIU,subtitle,it,de,Vattene! (urla),Verschwinde!,"{""c"":""Verschwinde! (schreien)""}",Verschwinde! (schreien),False,1,0,True,True,False,True,,True,,True,"{""reason"":""detector_match"",""detected"":""de"",""confidence"":1.0}",True,[],[],True,,"{""errors"":[{""category"":""preservation"",""severity"":""minor""}]}",True,"[{""category"":""preservation"",""severity"":""minor""}]",True,1,0,True,True,False,97,97,11,13,1468,792.34,1295,17,1312,1320.8
8cdb833dcc5490cf6dbf,455,nova-pro,arn:aws:bedrock:us-west-2:686465264859:prompt/7ZJL56AKIU,subtitle,it,de,"Ouò prestarmi la sua penna, per favore? Orego, signora.","Darf ich mir Ihren Stift ausleihen, bitte?","{""c"":""K\u00f6nnen Sie mir bitte Ihren Stift ausleihen? Ich bitte Sie, Madame.""}","Können Sie mir bitte Ihren Stift ausleihen? Ich bitte Sie, Madame.",False,1,0,True,True,False,True,,True,,True,"{""reason"":""detector_match"",""detected"":""de"",""confidence"":1.0}",True,[],[],True,,"{""errors"":[{""category"":""accuracy"",""severity"":""minor""},{""category"":""fluency"",""severity"":""minor""}]}",True,"[{""category"":""accuracy"",""severity"":""minor""},{""category"":""fluency"",""severity"":""minor""}]",True,1,0,True,True,False,94,94,23,28,1493,1161.03,1339,27,1366,1337.79
eea22b7ef9cffa69de6a,456,nova-pro,arn:aws:bedrock:us-west-2:686465264859:prompt/7ZJL56AKIU,subtitle,it,de,"Per te, figlio mio, questa è tutta una prova di fede.","Für Sie, mein Sohn, ist dies alles eine Glaubensprüfung.","{""c"":""Für dich, mein Sohn, ist das alles ein Glaubenstest.""}","Für dich, mein Sohn, ist das alles ein Glaubenstest.",False,1,0,True,True,False,True,,True,,True,"{""reason"":""detector_match"",""detected"":""de"",""confidence"":1.0}",True,[],[],True,,"{""errors"":[{""category"":""tone"",""severity"":""minor""}]}",True,"[{""category"":""tone"",""severity"":""minor""}]",True,1,0,True,True,False,97,97,25,19,1481,722.0,1336,17,1353,1263.53
65dd083b0310f88981fc,457,nova-pro,arn:aws:bedrock:us-west-2:686465264859:prompt/7ZJL56AKIU,subtitle,it,de,I suoi genitori hanno perso il loro unico figlio alle 3:07 di questa mattina.,Seine Eltern verloren ihr einziges Kind um 3: 07Uhr heute morgen.,"{""c"":""Seine Eltern haben ihren einzigen Sohn um 3:07 Uhr heute Morgen verloren.""}",Seine Eltern haben ihren einzigen Sohn um 3:07 Uhr heute Morgen verloren.,False,1,0,True,True,False,True,,True,,True,"{""reason"":""detector_match"",""detected"":""de"",""confidence"":1.0}",True,[],[],True,,"{""errors"":[]}",True,[],True,1,0,True,True,False,100,100,29,22,1488,740.63,1348,8,1356,1321.79
68762c6baac634952749,458,nova-pro,arn:aws:bedrock:us-west-2:686465264859:prompt/7ZJL56AKIU,subtitle,it,de,Mi scusi!,Entschuldigen Sie!,"{""c"":""Entschuldigung!""}",Entschuldigung!,False,1,0,True,True,False,True,,True,,True,"{""reason"":""detector_match"",""detected"":""de"",""confidence"":1.0}",True,[],[],True,,"{""errors"":[]}",True,[],True,1,0,True,True,False,100,100,8,9,1460,775.36,1288,8,1296,1271.39
64f60ce299cd3335daea,459,nova-pro,arn:aws:bedrock:us-west-2:686465264859:prompt/7ZJL56AKIU,subtitle,it,de,"- Forza, dai, dai!","- Los, los, los!","{""c"":""Kom schon, mach, mach!""}","Kom schon, mach, mach!",False,1,0,True,True,False,True,,True,,,"{""reason"":""detector_inconclusive"",""detected"":""de"",""confidence"":0.7143}",True,[],[],True,,"{""errors"":[{""category"":""fluency"",""severity"":""minor""}]}",True,"[{""category"":""fluency"",""severity"":""minor""}]",True,1,0,True,True,False,97,97,14,12,1466,1098.82,1298,18,1316,1386.32
e4679aa366e4d66c42a4,460,nova-pro,arn:aws:bedrock:us-west-2:686465264859:prompt/7ZJL56AKIU,subtitle,it,en,- Chiamate un'ambulanza!,Get an ambulance!,"{""c"":""Call an ambulance!""}",Call an ambulance!,False,1,0,True,True,False,True,,True,,,"{""reason"":""detector_inconclusive"",""detected"":""ca"",""confidence"":0.8571}",True,[],[],True,,"{""errors"":[]}",True,[],True,1,0,True,True,False,100,100,12,9,1464,698.2,1290,8,1298,1199.8
7d33de32539d57b0c5d7,461,nova-pro,arn:aws:bedrock:us-west-2:686465264859:prompt/7ZJL56AKIU,subtitle,it,en,Forza!,- C'mon!,"{""c"":""Go for it!""}",Go for it!,False,1,0,True,True,False,True,,True,,,"{""reason"":""too_short_for_language_detection"",""detected"":null,""confidence"":null}",True,[],[],True,,"{""errors"":[]}",True,[],True,1,0,True,True,False,100,100,6,9,1458,791.7,1284,8,1292,2056.87
cfa50d21e1c37cf56798,462,nova-pro,arn:aws:bedrock:us-west-2:686465264859:prompt/7ZJL56AKIU,subtitle,it,en,- I suoi membri vogliono migliorare?,Your members want to be better?,"{""c"":""Do its members want to improve?""}",Do its members want to improve?,False,1,0,True,True,False,True,,True,,True,"{""reason"":""detector_match"",""detected"":""en"",""confidence"":1.0}",True,[],[],True,,"{""errors"":[]}",True,[],True,1,0,True,True,False,100,100,14,12,1466,748.22,1299,8,1307,1210.6
dc09854ea6b14249592f,463,nova-pro,arn:aws:bedrock:us-west-2:686465264859:prompt/7ZJL56AKIU,subtitle,it,en,Il tuo amico mi sta insultando.,"Your friend, he insults me.","{""c"":""Your friend is insulting me.""}",Your friend is insulting me.,False,1,0,True,True,False,True,,True,,True,"{""reason"":""detector_match"",""detected"":""en"",""confidence"":1.0}",True,[],[],True,,"{""errors"":[]}",True,[],True,1,0,True,True,False,100,100,14,11,1467,720.05,1297,8,1305,1246.25
b8bde2c3f15802f36d2f,464,nova-pro,arn:aws:bedrock:us-west-2:686465264859:prompt/7ZJL56AKIU,subtitle,it,en,Era Carrie.,Carrie was.,"{""c"":""Era Carrie.""}",Era Carrie.,False,1,0,True,True,False,True,,True,,,"{""reason"":""detector_mismatch_uncertain"",""detected"":""ca"",""confidence"":1.0}",True,[],"[{""code"":""source_copy_suspected""}]",True,,"{""errors"":[]}",True,[],True,1,0,True,True,False,97,97,8,8,1458,682.86,1286,8,1294,1288.45
e67a36c2fe7b5dfd0bbd,465,nova-pro,arn:aws:bedrock:us-west-2:686465264859:prompt/7ZJL56AKIU,subtitle,it,en,E' decisamente Solano.,"Well, it's definitely Solano.","{""c"":""It's definitely Solano.""}",It's definitely Solano.,False,1,0,True,True,False,True,,True,,True,"{""reason"":""detector_match"",""detected"":""en"",""confidence"":1.0}",True,[],[],True,,"{""errors"":[]}",True,[],True,1,0,True,True,False,100,100,11,11,1465,711.5,1295,8,1303,1243.54
1b939ac60e5e7ac4e3c7,466,nova-pro,arn:aws:bedrock:us-west-2:686465264859:prompt/7ZJL56AKIU,subtitle,it,en,Ho appena sentito per caso parlare Victor e Rocco. Hanno ucciso veramente quel bambino vent'anni fa.,"I just overheard Victor and Rocco talking, and they actually killed that kid two decades ago.","{""c"":""I just overheard Victor and Rocco talking. They really did kill that kid twenty years ago.""}",I just overheard Victor and Rocco talking. They really did kill that kid twenty years ago.,False,1,0,True,True,False,True,,True,,True,"{""reason"":""detector_match"",""detected"":""en"",""confidence"":1.0}",True,[],[],True,,"{""errors"":[]}",True,[],True,1,0,True,True,False,100,100,34,23,1494,1144.62,1347,8,1355,1150.39
458c1db426a904b9764e,467,nova-pro,arn:aws:bedrock:us-west-2:686465264859:prompt/7ZJL56AKIU,subtitle,it,en,"Cellulite, chirurgia plastica e animali eroici non sono da copertina.","Cellulite, plastic surgery, hero pets, those are not covers.","{""c"":""Cellulite, plastic surgery, and heroic animals are not cover material.""}","Cellulite, plastic surgery, and heroic animals are not cover material.",False,1,0,True,True,False,True,,True,,True,"{""reason"":""detector_match"",""detected"":""en"",""confidence"":0.8571}",True,[],[],True,,"{""errors"":[]}",True,[],True,1,0,True,True,False,100,100,22,20,1486,872.39,1327,8,1335,1285.88
f81e36f88967962f9e76,468,nova-pro,arn:aws:bedrock:us-west-2:686465264859:prompt/7ZJL56AKIU,subtitle,it,en,Possiamo capirlo man mano che andiamo avanti.,We can figure this out as we go along.,"{""c"":""We can figure it out as we go along.""}",We can figure it out as we go along.,False,1,0,True,True,False,True,,True,,True,"{""reason"":""detector_match"",""detected"":""en"",""confidence"":1.0}",True,[],[],True,,"{""errors"":[]}",True,[],True,1,0,True,True,False,100,100,16,15,1476,846.85,1308,8,1316,1155.12
7022e5619b3c85c880e6,469,nova-pro,arn:aws:bedrock:us-west-2:686465264859:prompt/7ZJL56AKIU,subtitle,it,en,Sei.,YOU ARE.,"{""c"":""Six.""}",Six.,False,1,0,True,True,False,True,,True,,,"{""reason"":""too_short_for_language_detection"",""detected"":null,""confidence"":null}",True,[],[],True,,"{""errors"":[{""category"":""accuracy"",""severity"":""critical""}]}",False,"[{""category"":""accuracy"",""severity"":""critical""}]",True,1,0,True,True,False,60,60,6,7,1456,763.08,1279,17,1296,1187.53
88b9bbe0dccc8aace57d,470,nova-pro,arn:aws:bedrock:us-west-2:686465264859:prompt/7ZJL56AKIU,subtitle,it,es,"- Sono io, Mac.","- Soy yo, Mac.","{""c"":""Soy yo, Mac.""}","Soy yo, Mac.",False,1,0,True,True,False,True,,True,,,"{""reason"":""detector_mismatch_uncertain"",""detected"":""so"",""confidence"":1.0}",True,[],[],True,,"{""errors"":[{""category"":""preservation"",""severity"":""minor""}]}",True,"[{""category"":""preservation"",""severity"":""minor""}]",True,1,0,True,True,False,97,97,12,11,1465,806.19,1293,17,1310,1174.25
83fcf84b098c50237098,471,nova-pro,arn:aws:bedrock:us-west-2:686465264859:prompt/7ZJL56AKIU,subtitle,it,es,Scommetto che alcune persone sono fuggite in Tasmania.,Apuesto a que algunos huirían a Tasmania.,"{""c"":""Apuesto a que algunas personas huyeron a Tasmania.""}",Apuesto a que algunas personas huyeron a Tasmania.,False,1,0,True,True,False,True,,True,,True,"{""reason"":""detector_match"",""detected"":""es"",""confidence"":1.0}",True,[],[],True,,"{""errors"":[]}",True,[],True,1,0,True,True,False,100,100,17,16,1476,842.71,1314,8,1322,1245.67
bf24a68844367dad90b9,472,nova-pro,arn:aws:bedrock:us-west-2:686465264859:prompt/7ZJL56AKIU,subtitle,it,es,"Jackson e' diventato capitano della squadra di calcio, la caviglia di Dale va meglio.",Jackson fue nombrado capitán del equipo de futbol. Y el tobillo de Dale está mejor.,"{""c"":""Jackson se ha convertido en el capit\u00e1n del equipo de f\u00fatbol, el tobillo de Dale est\u00e1 mejorando.""}","Jackson se ha convertido en el capitán del equipo de fútbol, el tobillo de Dale está mejorando.",False,1,0,True,True,False,True,,True,,True,"{""reason"":""detector_match"",""detected"":""es"",""confidence"":1.0}",True,[],[],True,,"{""errors"":[]}",True,[],True,1,0,True,True,False,100,100,29,47,1514,992.61,1344,8,1352,1221.86
ee378c1bfca9b4b76fdc,473,nova-pro,arn:aws:bedrock:us-west-2:686465264859:prompt/7ZJL56AKIU,subtitle,it,es,- E da quando lo sai?,- ¿Desde cuándo lo sabes?,"{""c"":""Y desde cuando lo sabes?""}",Y desde cuando lo sabes?,False,1,0,True,True,False,True,,True,,True,"{""reason"":""detector_match"",""detected"":""es"",""confidence"":1.0}",True,[],[],True,,"{""errors"":[{""category"":""fluency"",""severity"":""minor""}]}",True,"[{""category"":""fluency"",""severity"":""minor""}]",True,1,0,True,True,False,97,97,14,11,1466,720.8,1301,18,1319,1230.67
f6d6670bac7b03964645,474,nova-pro,arn:aws:bedrock:us-west-2:686465264859:prompt/7ZJL56AKIU,subtitle,it,es,-No! Brillante!,"-No, perfecto!","{""c"":""-\u00a1No! \u00a1Brillante!""}",-¡No! ¡Brillante!,False,1,0,True,True,False,True,,True,,,"{""reason"":""detector_mismatch_uncertain"",""detected"":""it"",""confidence"":1.0}",True,[],[],True,,"{""errors"":[]}",True,[],True,1,0,True,True,False,100,100,11,24,1477,984.04,1293,8,1301,1140.05
69593ef3f7fd72efc582,475,nova-pro,arn:aws:bedrock:us-west-2:686465264859:prompt/7ZJL56AKIU,subtitle,it,es,Di che parli?,- ¿De qué hablas?,"{""c"":""\u00bfDe qu\u00e9 hablas?""}",¿De qué hablas?,False,1,0,True,True,False,True,,True,,True,"{""reason"":""detector_match"",""detected"":""es"",""confidence"":0.8571}",True,[],[],True,,"{""errors"":[]}",True,[],True,1,0,True,True,False,100,100,9,21,1473,976.75,1296,8,1304,1274.74
655314f35201430dbd29,476,nova-pro,arn:aws:bedrock:us-west-2:686465264859:prompt/7ZJL56AKIU,subtitle,it,es,"Senti, e' solo che non voglio vederti deluso quando non nevichera'.","Mira, sólo quiero que no te sientas decepcionado cuando no nieve.","{""c"":""Senti, es solo que no quiero verte decepcionado cuando no nieve.""}","Senti, es solo que no quiero verte decepcionado cuando no nieve.",False,1,0,True,True,False,True,,True,,True,"{""reason"":""detector_match"",""detected"":""es"",""confidence"":1.0}",True,[],[],True,,"{""errors"":[]}",True,[],True,1,0,True,True,False,100,100,25,22,1489,954.87,1339,8,1347,1121.0
d1e6531ec2e6e908275e,477,nova-pro,arn:aws:bedrock:us-west-2:686465264859:prompt/7ZJL56AKIU,subtitle,it,es,La distanza.,La distancia,"{""c"":""La distancia. -> es""}",La distancia. -> es,False,1,0,True,True,False,True,,True,,True,"{""reason"":""detector_match"",""detected"":""es"",""confidence"":1.0}",True,[],[],True,,"{""errors"":[{""category"":""preservation"",""severity"":""critical""}]}",False,"[{""category"":""preservation"",""severity"":""critical""}]",True,1,0,True,True,False,60,60,8,10,1460,722.57,1286,17,1303,1193.21
72610b9c24ab6de447f1,478,nova-pro,arn:aws:bedrock:us-west-2:686465264859:prompt/7ZJL56AKIU,subtitle,it,es,Che cosa buffa.,Qué chistoso.,"{""c"":""Qué cosa tan divertida.""}",Qué cosa tan divertida.,False,1,0,True,True,False,True,,True,,,"{""reason"":""detector_mismatch_uncertain"",""detected"":""pt"",""confidence"":1.0}",True,[],[],True,,"{""errors"":[]}",True,[],True,1,0,True,True,False,100,100,9,10,1462,725.66,1293,8,1301,1242.85
c940857fb03ecac4f068,479,nova-pro,arn:aws:bedrock:us-west-2:686465264859:prompt/7ZJL56AKIU,subtitle,it,es,Quanto cazzo stupida sei a volte?,- ¿Cuán estúpida puedes ser?,"{""c"":""Qu\u00e1n est\u00fapida eres a veces?""}",Quán estúpida eres a veces?,False,1,0,True,True,False,True,,True,,True,"{""reason"":""detector_match"",""detected"":""es"",""confidence"":1.0}",True,[],[],True,,"{""errors"":[{""category"":""accuracy"",""severity"":""minor""},{""category"":""fluency"",""severity"":""major""},{""category"":""preservation"",""severity"":""minor""}]}",False,"[{""category"":""accuracy"",""severity"":""minor""},{""category"":""fluency"",""severity"":""major""},{""category"":""preservation"",""severity"":""minor""}]",True,1,0,True,True,False,79,79,14,24,1479,928.01,1312,36,1348,1462.38
9239e72cb9e6492dfd64,480,nova-pro,arn:aws:bedrock:us-west-2:686465264859:prompt/7ZJL56AKIU,subtitle,it,fr,"Oh, Dio, Sono un idiota.","Mon dieu, je suis une idiote.","{""c"":""Oh, Dieu, je suis un idiot.""}","Oh, Dieu, je suis un idiot.",False,1,0,True,True,False,True,,True,,,"{""reason"":""detector_inconclusive"",""detected"":""fr"",""confidence"":0.5714}",True,[],[],True,,"{""errors"":[]}",True,[],True,1,0,True,True,False,100,100,16,14,1470,751.35,1306,8,1314,1168.18
0c70f94ebab656f7b370,481,nova-pro,arn:aws:bedrock:us-west-2:686465264859:prompt/7ZJL56AKIU,subtitle,it,fr,Sopravvaluti la tua abilita' se dici di poter colpire cinque bersagli in movimento. - Pensi?,Tu surestimes ta capacité à toucher cinq cibles mouvantes.,"{""c"":""Tu surestimes tes capacités si tu dis pouvoir toucher cinq cibles en mouvement. - Tu penses?""}",Tu surestimes tes capacités si tu dis pouvoir toucher cinq cibles en mouvement. - Tu penses?,False,1,0,True,True,False,True,,True,,True,"{""reason"":""detector_match"",""detected"":""fr"",""confidence"":1.0}",True,[],[],True,,"{""errors"":[]}",True,[],True,1,0,True,True,False,100,100,31,32,1506,823.49,1354,8,1362,1294.24
16405eb5ec76a80b37bd,482,nova-pro,arn:aws:bedrock:us-west-2:686465264859:prompt/7ZJL56AKIU,subtitle,it,fr,"No... no, devo provvedere alla mia famiglia.",Je dois m'occuper de ma famille.,"{""c"":""Non... non, je dois subvenir aux besoins de ma famille.""}","Non... non, je dois subvenir aux besoins de ma famille.",False,1,0,True,True,False,True,,True,,True,"{""reason"":""detector_match"",""detected"":""fr"",""confidence"":1.0}",True,[],[],True,,"{""errors"":[]}",True,[],True,1,0,True,True,False,100,100,19,20,1479,889.57,1312,8,1320,1252.83
be28f859c3f257b04f83,483,nova-pro,arn:aws:bedrock:us-west-2:686465264859:prompt/7ZJL56AKIU,subtitle,it,fr,"Forza,andiamo,Tim.","- Allons-y, Tim.","{""c"":""Allez, on y va, Tim.""}","Allez, on y va, Tim.",False,1,0,True,True,False,True,,True,,,"{""reason"":""detector_mismatch_uncertain"",""detected"":""tr"",""confidence"":1.0}",True,[],[],True,,"{""errors"":[]}",True,[],True,1,0,True,True,False,100,100,12,14,1468,811.29,1300,8,1308,1277.83
848da694d019512f528e,484,nova-pro,arn:aws:bedrock:us-west-2:686465264859:prompt/7ZJL56AKIU,subtitle,it,fr,Andiamo!,Allez !,"{""c"":""Allons-y!""}",Allons-y!,False,1,0,True,True,False,True,,True,,,"{""reason"":""too_short_for_language_detection"",""detected"":null,""confidence"":null}",True,[],[],True,,"{""errors"":[]}",True,[],True,1,0,True,True,False,100,100,6,10,1460,746.8,1287,8,1295,1231.29
63fbf143c1c8b2182e87,485,nova-pro,arn:aws:bedrock:us-west-2:686465264859:prompt/7ZJL56AKIU,subtitle,it,fr,"Quindi, se non le dispiace.",Si ça ne vous embête pas.,"{""c"":""Alors, si cela ne vous d\u00e9range pas. -> fr""}","Alors, si cela ne vous dérange pas. -> fr",False,1,0,True,True,False,True,,True,,True,"{""reason"":""detector_match"",""detected"":""fr"",""confidence"":1.0}",True,[],[],True,,"{""errors"":[{""category"":""preservation"",""severity"":""major""}]}",False,"[{""category"":""preservation"",""severity"":""major""}]",True,1,0,True,True,False,85,85,14,24,1480,922.88,1305,17,1322,1323.62
a5546a2fa9e23db615c4,486,nova-pro,arn:aws:bedrock:us-west-2:686465264859:prompt/7ZJL56AKIU,subtitle,it,fr,Me?,Pour moi ?,"{""c"":""Moi?""}",Moi?,False,1,0,True,True,False,True,,True,,,"{""reason"":""too_short_for_language_detection"",""detected"":null,""confidence"":null}",True,[],[],True,,"{""errors"":[]}",True,[],True,1,0,True,True,False,100,100,6,8,1457,782.21,1284,8,1292,1126.89
149ce231ac5964d9e71c,487,nova-pro,arn:aws:bedrock:us-west-2:686465264859:prompt/7ZJL56AKIU,subtitle,it,fr,È chiaro che amo mia moglie.,Évidemment que j'aime ma femme.,"{""c"":""Il est clair que j'aime ma femme.""}",Il est clair que j'aime ma femme.,False,1,0,True,True,False,True,,True,,True,"{""reason"":""detector_match"",""detected"":""fr"",""confidence"":1.0}",True,[],[],True,,"{""errors"":[]}",True,[],True,1,0,True,True,False,100,100,14,16,1471,704.96,1309,8,1317,2337.66
027e80ac2c72578f8b93,488,nova-pro,arn:aws:bedrock:us-west-2:686465264859:prompt/7ZJL56AKIU,subtitle,it,fr,"Oh Dio, sarebbe fantastico!","Seigneur, ça serait tellement sympa.","{""c"":""Oh Dieu, ce serait fantastique!""}","Oh Dieu, ce serait fantastique!",False,1,0,True,True,False,True,,True,,True,"{""reason"":""detector_match"",""detected"":""fr"",""confidence"":1.0}",True,[],[],True,,"{""errors"":[]}",True,[],True,1,0,True,True,False,100,100,12,13,1467,774.67,1306,8,1314,1213.15
127962b3730297bf7cb3,489,nova-pro,arn:aws:bedrock:us-west-2:686465264859:prompt/7ZJL56AKIU,subtitle,it,fr,Ma ora un sogno tutto mio. Che non finirà mai.,Maintenant... commence... mon propre rêve... qui ne se terminera jamais.,"{""c"":""Et maintenant un r\u00eave tout \u00e0 moi. Qui ne finira jamais.""}",Et maintenant un rêve tout à moi. Qui ne finira jamais.,False,1,0,True,True,False,True,,True,,True,"{""reason"":""detector_match"",""detected"":""fr"",""confidence"":1.0}",True,[],[],True,,"{""errors"":[{""category"":""accuracy"",""severity"":""minor""}]}",True,"[{""category"":""accuracy"",""severity"":""minor""}]",True,1,0,True,True,False,97,97,22,31,1493,854.63,1329,17,1346,1299.66
fbcdccf4d6026aa80ef1,490,nova-pro,arn:aws:bedrock:us-west-2:686465264859:prompt/7ZJL56AKIU,subtitle,it,jp,Non scordare mai...,決して忘れるな マルセル,"{""c"":""決して忘れないで...""}",決して忘れないで...,False,1,0,True,True,False,True,,True,,True,"{""reason"":""target_script_present"",""detected"":""ja"",""confidence"":1.0}",True,[],[],True,,"{""errors"":[]}",True,[],True,1,0,True,True,False,100,100,9,11,1464,795.95,1299,8,1307,1323.29
51780e6b1dc80d6447fe,491,nova-pro,arn:aws:bedrock:us-west-2:686465264859:prompt/7ZJL56AKIU,subtitle,it,jp,Questo sono io e questo sei tu. Cioè tu sei questo e io sono questo.,これが俺でこっちがお前 いや これがお前でこれが俺,"{""c"":""これが私で、これがあなたです。つまりあなたはこれで、私はこれです。""}",これが私で、これがあなたです。つまりあなたはこれで、私はこれです。,False,1,0,True,True,False,True,,True,,True,"{""reason"":""target_script_present"",""detected"":""ja"",""confidence"":1.0}",True,[],[],True,,"{""errors"":[{""category"":""tone"",""severity"":""minor""}]}",True,"[{""category"":""tone"",""severity"":""minor""}]",True,1,0,True,True,False,97,97,30,23,1492,907.67,1347,17,1364,1385.77
a8fb9f4d78e30dd2f774,492,nova-pro,arn:aws:bedrock:us-west-2:686465264859:prompt/7ZJL56AKIU,subtitle,it,jp,Papà!,パパ！,"{""c"":""パパ！""}",パパ！,False,1,0,True,True,False,True,,True,,True,"{""reason"":""target_script_present"",""detected"":""ja"",""confidence"":1.0}",True,[],[],True,,"{""errors"":[]}",True,[],True,1,0,True,True,False,100,100,6,8,1459,716.9,1285,8,1293,1223.21
c81db0c868aa98eb2f08,493,nova-pro,arn:aws:bedrock:us-west-2:686465264859:prompt/7ZJL56AKIU,subtitle,it,jp,Sissignore.,わかりました！,"{""c"":""\u3057\u3057\u3061\u308a\u306e\u3067\u3059\u3002""}",ししちりのです。,False,1,0,True,True,False,True,,True,,True,"{""reason"":""target_script_present"",""detected"":""ja"",""confidence"":1.0}",True,[],[],True,,"{""errors"":[{""category"":""accuracy"",""severity"":""critical""},{""category"":""fluency"",""severity"":""critical""}]}",False,"[{""category"":""accuracy"",""severity"":""critical""},{""category"":""fluency"",""severity"":""critical""}]",True,1,0,True,True,False,20,20,6,53,1506,1035.15,1291,27,1318,1364.03
02345eb9263db2aa8c64,494,nova-pro,arn:aws:bedrock:us-west-2:686465264859:prompt/7ZJL56AKIU,subtitle,it,jp,Scofield di nuovo in penitenziario.,スコフィールドがまた刑務所に行く 正直いうと、,"{""c"":""スコフィールドが再び刑務所にいる。""}",スコフィールドが再び刑務所にいる。,False,1,0,True,True,False,True,,True,,True,"{""reason"":""target_script_present"",""detected"":""ja"",""confidence"":1.0}",True,[],[],True,,"{""errors"":[]}",True,[],True,1,0,True,True,False,100,100,12,16,1473,815.96,1326,8,1334,2539.62
b3e18dea9a9073e4250f,495,nova-pro,arn:aws:bedrock:us-west-2:686465264859:prompt/7ZJL56AKIU,subtitle,it,jp,"Una volta alle superiori, perche'?",高校の時に一度だけ なぜ？,"{""c"":""一度高校で、なぜ？""}",一度高校で、なぜ？,False,1,0,True,True,False,True,,True,,True,"{""reason"":""target_script_present"",""detected"":""ja"",""confidence"":1.0}",True,[],[],True,,"{""errors"":[]}",True,[],True,1,0,True,True,False,100,100,14,13,1470,756.86,1310,8,1318,1104.3
ba507dda0384d62630e6,496,nova-pro,arn:aws:bedrock:us-west-2:686465264859:prompt/7ZJL56AKIU,subtitle,it,jp,Quindi... indovina chi non e' piu' l'ultima persona sulla terra?,地球上で最後の人は 他に誰もいない,"{""c"":""それでは... 推測してみてください、誰がもう地球上で最後の人物ではなくなっているか？""}",それでは... 推測してみてください、誰がもう地球上で最後の人物ではなくなっているか？,False,1,0,True,True,False,True,,True,,True,"{""reason"":""target_script_present"",""detected"":""ja"",""confidence"":1.0}",True,[],[],True,,"{""errors"":[{""category"":""accuracy"",""severity"":""major""},{""category"":""fluency"",""severity"":""minor""}]}",False,"[{""category"":""accuracy"",""severity"":""major""},{""category"":""fluency"",""severity"":""minor""}]",True,1,0,True,True,False,82,82,28,27,1494,799.32,1345,27,1372,2031.73
2fb0e4bd9ea256b66bc9,497,nova-pro,arn:aws:bedrock:us-west-2:686465264859:prompt/7ZJL56AKIU,subtitle,it,jp,Da dove arriva?,どこから流してる？,"{""c"":""どこから来たの？""}",どこから来たの？,False,1,0,True,True,False,True,,True,,True,"{""reason"":""target_script_present"",""detected"":""ja"",""confidence"":1.0}",True,[],[],True,,"{""errors"":[]}",True,[],True,1,0,True,True,False,100,100,9,10,1462,806.0,1293,8,1301,1267.95
a692f4a2e8e8273fa9ab,498,nova-pro,arn:aws:bedrock:us-west-2:686465264859:prompt/7ZJL56AKIU,subtitle,it,jp,Tutti cosi' perfetti...,完璧です,"{""c"":""みんなこんなに完璧で...""}",みんなこんなに完璧で...,False,1,0,True,True,False,True,,True,,True,"{""reason"":""target_script_present"",""detected"":""ja"",""confidence"":1.0}",True,[],[],True,,"{""errors"":[]}",True,[],True,1,0,True,True,False,100,100,11,14,1469,884.92,1298,8,1306,1128.21
5920afe53d8bdad3312b,499,nova-pro,arn:aws:bedrock:us-west-2:686465264859:prompt/7ZJL56AKIU,subtitle,it,jp,"- Se ti ordina di dare fuoco ai bambini, il tuo Signore e' diabolico.",子供を焼けと命じたなら あんたの主は悪だ,"{""c"":""あなたの主君が子供たちに火を放つよう命じているなら、その主君は悪魔的です。""}",あなたの主君が子供たちに火を放つよう命じているなら、その主君は悪魔的です。,False,1,0,True,True,False,True,,True,,True,"{""reason"":""target_script_present"",""detected"":""ja"",""confidence"":1.0}",True,[],[],True,,"{""errors"":[]}",True,[],True,1,0,True,True,False,100,100,30,31,1500,952.03,1355,8,1363,1167.97
452300904b569510534d,500,nova-pro,arn:aws:bedrock:us-west-2:686465264859:prompt/7ZJL56AKIU,subtitle,it,nl,"Grazie, signore.","Bedankt, meneer.","{""c"":""Dank u, meneer.""}","Dank u, meneer.",False,1,0,True,True,False,True,,True,,,"{""reason"":""detector_mismatch_uncertain"",""detected"":""af"",""confidence"":1.0}",True,[],[],True,,"{""errors"":[]}",True,[],True,1,0,True,True,False,100,100,9,12,1466,741.1,1294,8,1302,2502.94
004fb6fb3dfe4a456927,501,nova-pro,arn:aws:bedrock:us-west-2:686465264859:prompt/7ZJL56AKIU,subtitle,it,nl,- Guardate che sento tutto.,- Ik kan alles horen wat jullie zeggen.,"{""c"":""Let op, ik hoor alles.""}","Let op, ik hoor alles.",False,1,0,True,True,False,True,,True,,,"{""reason"":""detector_inconclusive"",""detected"":""af"",""confidence"":0.7119}",True,[],[],True,,"{""errors"":[]}",True,[],True,1,0,True,True,False,100,100,12,14,1470,689.89,1306,8,1314,1206.4
e99577370565b5b27611,502,nova-pro,arn:aws:bedrock:us-west-2:686465264859:prompt/7ZJL56AKIU,subtitle,it,nl,Siediti.,Ga gewoon zitten.,"{""c"":""Ga zitten.""}",Ga zitten.,False,1,0,True,True,False,True,,True,,,"{""reason"":""detector_mismatch_uncertain"",""detected"":""de"",""confidence"":1.0}",True,[],[],True,,"{""errors"":[]}",True,[],True,1,0,True,True,False,100,100,6,9,1461,635.41,1287,8,1295,1293.15
e6af8f62231d92943822,503,nova-pro,arn:aws:bedrock:us-west-2:686465264859:prompt/7ZJL56AKIU,subtitle,it,nl,Aveva dei dipendenti?,Had hij werknemers?,"{""c"":""Had hij werknemers?""}",Had hij werknemers?,False,1,0,True,True,False,True,,True,,True,"{""reason"":""detector_match"",""detected"":""nl"",""confidence"":1.0}",True,[],[],True,,"{""errors"":[]}",True,[],True,1,0,True,True,False,100,100,9,12,1465,736.8,1292,8,1300,1257.77
44113bfc049e711555f2,504,nova-pro,arn:aws:bedrock:us-west-2:686465264859:prompt/7ZJL56AKIU,subtitle,it,nl,"Lascia stare, Harold.","- Geen punt, Harold.","{""c"":""Laat het, Harold.""}","Laat het, Harold.",False,1,0,True,True,False,True,,True,,True,"{""reason"":""detector_match"",""detected"":""nl"",""confidence"":1.0}",True,[],[],True,,"{""errors"":[]}",True,[],True,1,0,True,True,False,100,100,11,12,1466,746.25,1293,8,1301,1294.45
00ebbe79f817315a768c,505,nova-pro,arn:aws:bedrock:us-west-2:686465264859:prompt/7ZJL56AKIU,subtitle,it,nl,"Gente, ora partiamo perché l'ho detto io, va bene?","Oké, we vertrekken. Wanneer ik het zeg, oké?","{""c"":""Mensen, we vertrekken nu omdat ik het gezegd heb, ok\u00e9?""}","Mensen, we vertrekken nu omdat ik het gezegd heb, oké?",False,1,0,True,True,False,True,,True,,True,"{""reason"":""detector_match"",""detected"":""nl"",""confidence"":1.0}",True,[],[],True,,"{""errors"":[]}",True,[],True,1,0,True,True,False,100,100,25,34,1499,1204.28,1335,8,1343,1070.09
9f40d07d9c051d860630,506,nova-pro,arn:aws:bedrock:us-west-2:686465264859:prompt/7ZJL56AKIU,subtitle,it,nl,- Grazie.,-Dank je.,"{""c"":""Bedankt.""}",Bedankt.,False,1,0,True,True,False,True,,True,,,"{""reason"":""too_short_for_language_detection"",""detected"":null,""confidence"":null}",True,[],[],True,,"{""errors"":[{""category"":""preservation"",""severity"":""minor""}]}",True,"[{""category"":""preservation"",""severity"":""minor""}]",True,1,0,True,True,False,97,97,8,9,1460,777.82,1286,17,1303,1256.06
9c70e6c673067e0cc69c,507,nova-pro,arn:aws:bedrock:us-west-2:686465264859:prompt/7ZJL56AKIU,subtitle,it,nl,Magari... torneremo un'altra volta.,Misschien kunnen we beter een andere keer komen.,"{""c"":""Misschien... komen we een andere keer terug.""}",Misschien... komen we een andere keer terug.,False,1,0,True,True,False,True,,True,,True,"{""reason"":""detector_match"",""detected"":""nl"",""confidence"":1.0}",True,[],[],True,,"{""errors"":[]}",True,[],True,1,0,True,True,False,100,100,16,19,1478,766.68,1311,8,1319,1136.54
8e43df991a17939ead0e,508,nova-pro,arn:aws:bedrock:us-west-2:686465264859:prompt/7ZJL56AKIU,subtitle,it,nl,Ci sono nuove prove.,Er is nieuw bewijs.,"{""c"":""Er is nieuw bewijs.""}",Er is nieuw bewijs.,False,1,0,True,True,False,True,,True,,True,"{""reason"":""detector_match"",""detected"":""nl"",""confidence"":1.0}",True,[],[],True,,"{""errors"":[]}",True,[],True,1,0,True,True,False,100,100,11,13,1466,780.19,1292,8,1300,1223.64
fa2abaf384dd70bd5bf1,509,nova-pro,arn:aws:bedrock:us-west-2:686465264859:prompt/7ZJL56AKIU,subtitle,it,nl,Non c'è alcun dubbio.,Er bestaat geen twijfel.,"{""c"":""Er is geen twijfel mogelijk.""}",Er is geen twijfel mogelijk.,False,1,0,True,True,False,True,,True,,True,"{""reason"":""detector_match"",""detected"":""nl"",""confidence"":1.0}",True,[],[],True,,"{""errors"":[]}",True,[],True,1,0,True,True,False,100,100,14,16,1472,755.84,1296,8,1304,1216.33
6f4d9bb8d75334130e9c,510,nova-pro,arn:aws:bedrock:us-west-2:686465264859:prompt/7ZJL56AKIU,subtitle,it,nb,"Questo no, si, no.","- Den? Nei, jo, vel...","{""c"":""Dette nei, ja, nei. ->""}","Dette nei, ja, nei. ->",False,1,0,True,True,False,True,,True,,,"{""reason"":""detector_inconclusive"",""detected"":""fi"",""confidence"":0.8571}",True,[],[],True,,"{""errors"":[{""category"":""preservation"",""severity"":""minor""},{""category"":""fluency"",""severity"":""minor""}]}",True,"[{""category"":""preservation"",""severity"":""minor""},{""category"":""fluency"",""severity"":""minor""}]",True,1,0,True,True,False,94,94,14,14,1469,818.19,1298,27,1325,1412.77
8881b25825b7c05d4ee8,511,nova-pro,arn:aws:bedrock:us-west-2:686465264859:prompt/7ZJL56AKIU,subtitle,it,nb,La polizia non chiede aiuto ai dilettanti.,Politiet konsulterer ikke amatører.,"{""c"":""Politiet ber ikke amatører om hjelp.""}",Politiet ber ikke amatører om hjelp.,False,1,0,True,True,False,True,,True,,True,"{""reason"":""detector_match"",""detected"":""no"",""confidence"":1.0}",True,[],[],True,,"{""errors"":[]}",True,[],True,1,0,True,True,False,100,100,16,20,1480,749.77,1310,8,1318,1178.94
0020f3b2b04043815839,512,nova-pro,arn:aws:bedrock:us-west-2:686465264859:prompt/7ZJL56AKIU,subtitle,it,nb,- Non vuoi ricordarlo.,- Du vil ikke huske det.,"{""c"":""Du vil ikke huske det.""}
",Du vil ikke huske det.,False,1,0,True,True,False,True,,True,,,"{""reason"":""detector_mismatch_uncertain"",""detected"":""da"",""confidence"":1.0}",True,[],[],True,,"{""errors"":[{""category"":""preservation"",""severity"":""minor""}]}",True,"[{""category"":""preservation"",""severity"":""minor""}]",True,1,0,True,True,False,97,97,11,13,1467,772.26,1294,17,1311,1258.52
f68d702fa002d24936d9,513,nova-pro,arn:aws:bedrock:us-west-2:686465264859:prompt/7ZJL56AKIU,subtitle,it,nb,- Com'e' possibile?,Hvordan er det mulig?,"{""c"":""Hvordan er det mulig?""}",Hvordan er det mulig?,False,1,0,True,True,False,True,,True,,,"{""reason"":""detector_mismatch_uncertain"",""detected"":""da"",""confidence"":1.0}",True,[],[],True,,"{""errors"":[]}",True,[],True,1,0,True,True,False,100,100,14,14,1469,875.53,1297,8,1305,1281.84
7ae3e455c3082ec84f19,514,nova-pro,arn:aws:bedrock:us-west-2:686465264859:prompt/7ZJL56AKIU,subtitle,it,nb,- La verità su Terry Lennox.,- Sannheten om Terry Lennox.,"{""c"":""Sannheten om Terry Lennox.""}",Sannheten om Terry Lennox.,False,1,0,True,True,False,True,,True,,True,"{""reason"":""detector_match"",""detected"":""no"",""confidence"":1.0}",True,[],[],True,,"{""errors"":[{""category"":""preservation"",""severity"":""minor""}]}",True,"[{""category"":""preservation"",""severity"":""minor""}]",True,1,0,True,True,False,97,97,14,12,1467,940.74,1304,17,1321,1232.0
8169eebd4820d9e8b84c,515,nova-pro,arn:aws:bedrock:us-west-2:686465264859:prompt/7ZJL56AKIU,subtitle,it,nb,"Signore, per continuare le ricerche dovremo usare tutto il carburante.",Hvis vi fortsetter ettersøkningen så vil vi bruke opp alt drivstoffet vårt.,"{""c"":""Herr, for \u00e5 fortsette s\u00f8ket m\u00e5 vi bruke all drivstoff.""}","Herr, for å fortsette søket må vi bruke all drivstoff.",False,1,0,True,True,False,True,,True,,True,"{""reason"":""detector_match"",""detected"":""no"",""confidence"":1.0}",True,[],[],True,,"{""errors"":[{""category"":""fluency"",""severity"":""minor""}]}",True,"[{""category"":""fluency"",""severity"":""minor""}]",True,1,0,True,True,False,97,97,22,40,1507,1135.37,1338,18,1356,1246.82
16e16bb80c50b4c78faa,516,nova-pro,arn:aws:bedrock:us-west-2:686465264859:prompt/7ZJL56AKIU,subtitle,it,nb,"Secondo te, sono morti?",Tror du de er døde?,"{""c"":""Tror du de er døde?""}",Tror du de er døde?,False,1,0,True,True,False,True,,True,,,"{""reason"":""detector_inconclusive"",""detected"":""no"",""confidence"":0.4836}",True,[],[],True,,"{""errors"":[]}",True,[],True,1,0,True,True,False,100,100,12,14,1468,857.95,1298,8,1306,1164.44
e848dc4b03d0903b2a89,517,nova-pro,arn:aws:bedrock:us-west-2:686465264859:prompt/7ZJL56AKIU,subtitle,it,nb,Cos'è successo?,Hva skjedde?,"{""c"":""Hva skjedde?""}",Hva skjedde?,False,1,0,True,True,False,True,,True,,True,"{""reason"":""detector_match"",""detected"":""no"",""confidence"":0.8571}",True,[],[],True,,"{""errors"":[]}",True,[],True,1,0,True,True,False,100,100,11,11,1464,826.6,1294,8,1302,1199.43
e37c25abc868a624a82d,518,nova-pro,arn:aws:bedrock:us-west-2:686465264859:prompt/7ZJL56AKIU,subtitle,it,nb,Certo.,Ja visst.,"{""c"":""Selvf\u00f8lgelig. -> nb""}",Selvfølgelig. -> nb,False,1,0,True,True,False,True,,True,,,"{""reason"":""detector_inconclusive"",""detected"":""da"",""confidence"":0.54}",True,[],[],True,,"{""errors"":[{""category"":""fluency"",""severity"":""critical""}]}",False,"[{""category"":""fluency"",""severity"":""critical""}]",True,1,0,True,True,False,60,60,6,20,1471,878.75,1290,18,1308,1220.95
056e4e36afe82a46ad8c,519,nova-pro,arn:aws:bedrock:us-west-2:686465264859:prompt/7ZJL56AKIU,subtitle,it,nb,Praticamente sono sposata con un Buzz Lightyear sexy.,Jeg er gift med en sexy Buzz Lightyear.,"{""c"":""Jeg er praktisk talt gift med en sexy Buzz Lightyear.""}
",Jeg er praktisk talt gift med en sexy Buzz Lightyear.,False,1,0,True,True,False,True,,True,,True,"{""reason"":""detector_match"",""detected"":""no"",""confidence"":1.0}",True,[],[],True,,"{""errors"":[]}",True,[],True,1,0,True,True,False,100,100,17,21,1481,894.69,1319,8,1327,1234.39
4aa10574f86e311552f5,520,nova-pro,arn:aws:bedrock:us-west-2:686465264859:prompt/7ZJL56AKIU,subtitle,jp,da,サラによると、深夜零時までだと言った。,"Hun sagde, det var som om vi fik indtil midnat.","{""c"":""If\u00f8lge Sara sagde han, at det var til midnat.""}
","Ifølge Sara sagde han, at det var til midnat.",False,1,0,True,True,False,True,,True,,True,"{""reason"":""detector_match"",""detected"":""da"",""confidence"":1.0}",True,[],[],True,,"{""errors"":[{""category"":""accuracy"",""severity"":""major""},{""category"":""accuracy"",""severity"":""minor""}]}",False,"[{""category"":""accuracy"",""severity"":""major""},{""category"":""accuracy"",""severity"":""minor""}]",True,1,0,True,True,False,82,82,9,27,1490,874.11,1319,26,1345,1242.34
4c63c41e2caf92db3c9f,521,nova-pro,arn:aws:bedrock:us-west-2:686465264859:prompt/7ZJL56AKIU,subtitle,jp,da,何でも無い,- Hvad? Intet.,"{""c"":""ingenting""}",ingenting,False,1,0,True,True,False,True,,True,,,"{""reason"":""detector_mismatch_uncertain"",""detected"":""nl"",""confidence"":1.0}",True,[],[],True,,"{""errors"":[{""category"":""accuracy"",""severity"":""minor""},{""category"":""fluency"",""severity"":""minor""}]}",True,"[{""category"":""accuracy"",""severity"":""minor""},{""category"":""fluency"",""severity"":""minor""}]",True,1,0,True,True,False,94,94,5,7,1459,971.93,1289,27,1316,1316.95
3f6fa91c8274b8109649,522,nova-pro,arn:aws:bedrock:us-west-2:686465264859:prompt/7ZJL56AKIU,subtitle,jp,da,前にドアがある それを使って,– Brug døren foran dig.,"{""c"":""Der er en d\u00f8r foran, brug den ->""}","Der er en dør foran, brug den ->",False,1,0,True,True,False,True,,True,,True,"{""reason"":""detector_match"",""detected"":""da"",""confidence"":1.0}",True,[],[],True,,"{""errors"":[{""category"":""preservation"",""severity"":""minor""}]}",True,"[{""category"":""preservation"",""severity"":""minor""}]",True,1,0,True,True,False,97,97,6,23,1477,1031.8,1305,17,1322,1318.66
cfcd36091c7300effc90,523,nova-pro,arn:aws:bedrock:us-west-2:686465264859:prompt/7ZJL56AKIU,subtitle,jp,da,それを表す 言葉があるわ,Ja og det er der et ord for:,"{""c"":""Der er et ord, der beskriver det.""}","Der er et ord, der beskriver det.",False,1,0,True,True,False,True,,True,,True,"{""reason"":""detector_match"",""detected"":""da"",""confidence"":1.0}",True,[],[],True,,"{""errors"":[]}",True,[],True,1,0,True,True,False,100,100,6,18,1473,1060.64,1304,8,1312,1139.92
86a21619080134a47fce,524,nova-pro,arn:aws:bedrock:us-west-2:686465264859:prompt/7ZJL56AKIU,subtitle,jp,da,魚には一種の 身ぶり言語がある,"Jeg tror, at fisk har en slags tegnsprog.","{""c"":""Fisk har en slags kropssprog""}",Fisk har en slags kropssprog,False,1,0,True,True,False,True,,True,,,"{""reason"":""detector_mismatch_uncertain"",""detected"":""sv"",""confidence"":1.0}",True,[],[],True,,"{""errors"":[]}",True,[],True,1,0,True,True,False,100,100,6,15,1474,910.9,1316,8,1324,1152.81
b0db1f032761947fd1f8,525,nova-pro,arn:aws:bedrock:us-west-2:686465264859:prompt/7ZJL56AKIU,subtitle,jp,da,こんにちは、チェスター,"Goddag, Chester.","{""c"":""Hej, Chester""}","Hej, Chester",False,1,0,True,True,False,True,,True,,,"{""reason"":""detector_mismatch_uncertain"",""detected"":""nl"",""confidence"":1.0}",True,[],[],True,,"{""errors"":[]}",True,[],True,1,0,True,True,False,100,100,8,9,1461,852.9,1294,8,1302,1220.84
066a528b66eb2b778fcd,526,nova-pro,arn:aws:bedrock:us-west-2:686465264859:prompt/7ZJL56AKIU,subtitle,jp,da,ちっきしょう,Fandens også.,"{""c"":""forbandet""}",forbandet,False,1,0,True,True,False,True,,True,,True,"{""reason"":""detector_match"",""detected"":""da"",""confidence"":1.0}",True,[],[],True,,"{""errors"":[]}",True,[],True,1,0,True,True,False,100,100,5,8,1460,944.65,1287,8,1295,1223.76
363088039d2fa7b3643a,527,nova-pro,arn:aws:bedrock:us-west-2:686465264859:prompt/7ZJL56AKIU,subtitle,jp,da,何故ですか?,Hvorfor?,"{""c"":""Hvorfor er det?""}",Hvorfor er det?,False,1,0,True,True,False,True,,True,,True,"{""reason"":""detector_match"",""detected"":""da"",""confidence"":1.0}",True,[],[],True,,"{""errors"":[]}",True,[],True,1,0,True,True,False,100,100,6,12,1464,800.29,1289,8,1297,1270.01
89e2f5ef10c887b4d289,528,nova-pro,arn:aws:bedrock:us-west-2:686465264859:prompt/7ZJL56AKIU,subtitle,jp,da,- いや,Nej.,"{""c"":""n\u00e5h""}",nåh,False,1,0,True,True,False,True,,True,,,"{""reason"":""too_short_for_language_detection"",""detected"":null,""confidence"":null}",True,[],[],True,,"{""errors"":[]}",True,[],True,1,0,True,True,False,100,100,6,13,1463,765.72,1283,8,1291,1203.08
da8d659feec83c43112c,529,nova-pro,arn:aws:bedrock:us-west-2:686465264859:prompt/7ZJL56AKIU,subtitle,jp,da,- こんにちは - やぁ,"Hej, skatter.","{""c"":""hej - hej""}",hej - hej,False,1,0,True,True,False,True,,True,,,"{""reason"":""too_short_for_language_detection"",""detected"":null,""confidence"":null}",True,[],[],True,,"{""errors"":[{""category"":""preservation"",""severity"":""major""}]}",False,"[{""category"":""preservation"",""severity"":""major""}]",True,1,0,True,True,False,85,85,9,10,1464,769.21,1296,17,1313,1247.72
b370a950a1664d7cc64f,530,nova-pro,arn:aws:bedrock:us-west-2:686465264859:prompt/7ZJL56AKIU,subtitle,jp,de,人間の感情は 祖先からの贈り物だ,Menschliche Gefühle sind eine Gabe unserer tierischen Vorfahren.,"{""c"":""Menschliche Emotionen sind ein Geschenk unserer Vorfahren""}",Menschliche Emotionen sind ein Geschenk unserer Vorfahren,False,1,0,True,True,False,True,,True,,True,"{""reason"":""detector_match"",""detected"":""de"",""confidence"":1.0}",True,[],[],True,,"{""errors"":[]}",True,[],True,1,0,True,True,False,100,100,6,16,1477,756.84,1332,8,1340,1247.79
4ca7ad0b3379064d5951,531,nova-pro,arn:aws:bedrock:us-west-2:686465264859:prompt/7ZJL56AKIU,subtitle,jp,de,なんだ？,Was ist das?,"{""c"":""Was ist denn?\u00a0""}",Was ist denn? ,False,1,0,True,True,False,True,,True,,True,"{""reason"":""detector_match"",""detected"":""de"",""confidence"":1.0}",True,[],[],True,,"{""errors"":[]}",True,[],True,1,0,True,True,False,100,100,6,14,1464,723.58,1287,8,1295,1303.67
6ffadccf9922892c44fe,532,nova-pro,arn:aws:bedrock:us-west-2:686465264859:prompt/7ZJL56AKIU,subtitle,jp,de,「今まで何処に」 どうもね,- Wo bist du gewesen?,"{""c"":""\""Wo warst du die ganze Zeit?\"" Na ja, danke, aber...""}","""Wo warst du die ganze Zeit?"" Na ja, danke, aber...",False,1,0,True,True,False,True,,True,,True,"{""reason"":""detector_match"",""detected"":""de"",""confidence"":0.8571}",True,[],[],True,,"{""errors"":[{""category"":""accuracy"",""severity"":""major""},{""category"":""fluency"",""severity"":""minor""}]}",False,"[{""category"":""accuracy"",""severity"":""major""},{""category"":""fluency"",""severity"":""minor""}]",True,1,0,True,True,False,82,82,9,22,1480,823.19,1315,27,1342,1423.59
07e677605cc7e076e37b,533,nova-pro,arn:aws:bedrock:us-west-2:686465264859:prompt/7ZJL56AKIU,subtitle,jp,de,何してるの？,Was machst du hier?,"{""c"":""Was machst du?""}",Was machst du?,False,1,0,True,True,False,True,,True,,True,"{""reason"":""detector_match"",""detected"":""de"",""confidence"":0.8571}",True,[],[],True,,"{""errors"":[]}",True,[],True,1,0,True,True,False,100,100,6,10,1462,679.66,1289,8,1297,1240.63
8e7f9b7a2f569fac98d0,534,nova-pro,arn:aws:bedrock:us-west-2:686465264859:prompt/7ZJL56AKIU,subtitle,jp,de,手榴弾は 何らかの毒物を 放ったに違いない,Die Granate muss eine Art Gift freigesetzt haben.,"{""c"":""Die Handgranate muss irgendeine Art von Gift freigesetzt haben.""}",Die Handgranate muss irgendeine Art von Gift freigesetzt haben.,False,1,0,True,True,False,True,,True,,True,"{""reason"":""detector_match"",""detected"":""de"",""confidence"":1.0}",True,[],[],True,,"{""errors"":[]}",True,[],True,1,0,True,True,False,100,100,8,18,1484,862.85,1331,8,1339,3234.18
3c2d55b8e26b1de79905,535,nova-pro,arn:aws:bedrock:us-west-2:686465264859:prompt/7ZJL56AKIU,subtitle,jp,de,この３月で３０歳,Sie wäre diesen März 30 geworden.,"{""c"":""Ich werde im M\u00e4rz 30 Jahre alt.""}",Ich werde im März 30 Jahre alt.,False,1,0,True,True,False,True,,True,,True,"{""reason"":""detector_match"",""detected"":""de"",""confidence"":1.0}",True,[],"[{""code"":""number_not_exact"",""expected"":{""３"":1,""３０"":1},""actual"":{""30"":1}}]",True,,"{""errors"":[{""category"":""accuracy"",""severity"":""major""}]}",False,"[{""category"":""accuracy"",""severity"":""major""}]",True,1,0,True,True,False,82,82,11,22,1476,886.83,1305,17,1322,1327.99
4937c6e9b085a6d41567,536,nova-pro,arn:aws:bedrock:us-west-2:686465264859:prompt/7ZJL56AKIU,subtitle,jp,de,リストに入ってるんだ、ジュリエット,"Sie stehen auf der Liste, Juliet.","{""c"":""Er ist auf der Liste, Juliet.\n\nWenn du m\u00f6chtest, kann ich dir mehr dar\u00fcber erz\u00e4hlen, wie ich die Liste f\u00fchre und welche Kriterien ich verwende, um zu entscheiden, wer aufgenommen wird und wer nicht. Es gibt viele Faktoren, die ich ber\u00fccksichtige, wie zum Beispiel die Leistung des Spielers, seine Einstellung und seine F\u00e4higkeit, mit anderen Spielern zusammenzuarbeiten.\n\nIch w\u00fcrde auch gerne mehr \u00fcber deine Gedanken und Meinungen zu diesem Thema h\u00f6ren. F\u00fchl dich frei, deine eigenen Ideen und Vorschl\u00e4ge zu teilen, wie wir die Liste verbessern k\u00f6nnen, um sie f\u00fcr alle Spieler fairer und gerechter zu gestalten.\n\nIn der Zwischenzeit w\u00fcrde ich dir empfehlen, dich auf deine eigenen F\u00e4higkeiten und Leistungen zu konzentrieren und dein Bestes zu geben, um dich zu verbessern und deine Ziele zu erreichen. Denke daran, dass Erfolg nicht nur davon abh\u00e4ngt, auf einer Liste zu stehen, sondern auch davon, wie du dich als Spieler und als Teil der Gemeinschaft engagierst und beitr\u00e4gst.\n\nViel Erfolg und viel Spa\u00df beim Spielen! Wenn du Fragen hast oder weitere Unterst\u00fctzung ben\u00f6tigst, z\u00f6gere nicht, mich zu kontaktieren. Ich bin hier, um zu helfen und zu unterst\u00fctzen, wo ich kann.\n\nLiebe Gr\u00fc\u00dfe,\n[Your Name]""}","Er ist auf der Liste, Juliet.

Wenn du möchtest, kann ich dir mehr darüber erzählen, wie ich die Liste führe und welche Kriterien ich verwende, um zu entscheiden, wer aufgenommen wird und wer nicht. Es gibt viele Faktoren, die ich berücksichtige, wie zum Beispiel die Leistung des Spielers, seine Einstellung und seine Fähigkeit, mit anderen Spielern zusammenzuarbeiten.

Ich würde auch gerne mehr über deine Gedanken und Meinungen zu diesem Thema hören. Fühl dich frei, deine eigenen Ideen und Vorschläge zu teilen, wie wir die Liste verbessern können, um sie für alle Spieler fairer und gerechter zu gestalten.

In der Zwischenzeit würde ich dir empfehlen, dich auf deine eigenen Fähigkeiten und Leistungen zu konzentrieren und dein Bestes zu geben, um dich zu verbessern und deine Ziele zu erreichen. Denke daran, dass Erfolg nicht nur davon abhängt, auf einer Liste zu stehen, sondern auch davon, wie du dich als Spieler und als Teil der Gemeinschaft engagierst und beiträgst.

Viel Erfolg und viel Spaß beim Spielen! Wenn du Fragen hast oder weitere Unterstützung benötigst, zögere nicht, mich zu kontaktieren. Ich bin hier, um zu helfen und zu unterstützen, wo ich kann.

Liebe Grüße,
[Your Name]",False,1,0,True,True,False,True,,True,,True,"{""reason"":""detector_match"",""detected"":""de"",""confidence"":1.0}",True,[],[],True,,"{""errors"":[{""category"":""accuracy"",""severity"":""critical""},{""category"":""preservation"",""severity"":""major""}]}",False,"[{""category"":""accuracy"",""severity"":""critical""},{""category"":""preservation"",""severity"":""major""}]",True,1,0,True,True,False,45,45,8,441,1897,4854.05,1719,26,1745,1344.14
bd16c5e69014fa88d35d,537,nova-pro,arn:aws:bedrock:us-west-2:686465264859:prompt/7ZJL56AKIU,subtitle,jp,de,彼を庇護するものは 一体.,Eine um ihn zu beschützen.,"{""c"":""Was ihn besch\u00fctzt, zum Teufel.""}","Was ihn beschützt, zum Teufel.",False,1,0,True,True,False,True,,True,,True,"{""reason"":""detector_match"",""detected"":""de"",""confidence"":1.0}",True,[],[],True,,"{""errors"":[{""category"":""accuracy"",""severity"":""major""}]}",False,"[{""category"":""accuracy"",""severity"":""major""}]",True,1,0,True,True,False,85,85,8,20,1480,880.33,1306,17,1323,1213.34
33442dc4d17854348e2e,538,nova-pro,arn:aws:bedrock:us-west-2:686465264859:prompt/7ZJL56AKIU,subtitle,jp,de,アメリカを取り戻そう！,Und Amerika wieder funktionstüchtig machen!,"{""c"":""Lasst uns Amerika zur\u00fcckholen!""}",Lasst uns Amerika zurückholen!,False,1,0,True,True,False,True,,True,,True,"{""reason"":""detector_match"",""detected"":""de"",""confidence"":1.0}",True,[],[],True,,"{""errors"":[]}",True,[],True,1,0,True,True,False,100,100,6,18,1471,950.63,1307,8,1315,1499.16
5995238b335a3535d20e,539,nova-pro,arn:aws:bedrock:us-west-2:686465264859:prompt/7ZJL56AKIU,subtitle,jp,de,貴方の為でも　警察の為でもないの いいわね？,Nicht wegen dir und nicht wegen der Polizei.,"{""c"":""Es ist weder f\u00fcr dich noch f\u00fcr die Polizei, okay?""}","Es ist weder für dich noch für die Polizei, okay?",False,1,0,True,True,False,True,,True,,True,"{""reason"":""detector_match"",""detected"":""de"",""confidence"":1.0}",True,[],[],True,,"{""errors"":[]}",True,[],True,1,0,True,True,False,100,100,11,29,1494,1058.03,1326,8,1334,1223.95
68e5e0591be0925d8075,540,nova-pro,arn:aws:bedrock:us-west-2:686465264859:prompt/7ZJL56AKIU,subtitle,jp,en,チャーリー！ チャーリー！,Charlie!,"{""c"":""Charlie! Charlie!""}",Charlie! Charlie!,False,1,0,True,True,False,True,,True,,,"{""reason"":""detector_mismatch_uncertain"",""detected"":""nl"",""confidence"":1.0}",True,[],[],True,,"{""errors"":[]}",True,[],True,1,0,True,True,False,100,100,9,9,1464,847.12,1291,8,1299,1082.02
10d53d548fa690a9d41e,541,nova-pro,arn:aws:bedrock:us-west-2:686465264859:prompt/7ZJL56AKIU,subtitle,jp,en,どのように2会うたのですか？,How did you two meet?,"{""c"":""How did you two meet?""}",How did you two meet?,False,1,0,True,True,False,True,,True,,,"{""reason"":""detector_inconclusive"",""detected"":""af"",""confidence"":0.7143}",True,[],"[{""code"":""number_not_exact"",""expected"":{""2"":1},""actual"":{}}]",True,,"{""errors"":[]}",True,[],True,1,0,True,True,False,97,97,9,11,1466,760.78,1296,8,1304,1234.57
2d5b3c0fac680bf24004,542,nova-pro,arn:aws:bedrock:us-west-2:686465264859:prompt/7ZJL56AKIU,subtitle,jp,en,パパ！,Dad.,"{""c"":""Dad!""}",Dad!,False,1,0,True,True,False,True,,True,,,"{""reason"":""too_short_for_language_detection"",""detected"":null,""confidence"":null}",True,[],[],True,,"{""errors"":[]}",True,[],True,1,0,True,True,False,100,100,6,7,1458,692.54,1280,8,1288,1222.13
546d15240d8531ce811f,543,nova-pro,arn:aws:bedrock:us-west-2:686465264859:prompt/7ZJL56AKIU,subtitle,jp,en,前回までの Z Nation は,Previously on Z Nation.,"{""c"":""Previous episodes of Z Nation are""}",Previous episodes of Z Nation are,False,1,0,True,True,False,True,,True,,True,"{""reason"":""detector_match"",""detected"":""en"",""confidence"":1.0}",True,[],[],True,,"{""errors"":[{""category"":""accuracy"",""severity"":""minor""}]}",True,"[{""category"":""accuracy"",""severity"":""minor""}]",True,1,0,True,True,False,97,97,9,11,1466,802.75,1291,17,1308,1329.38
c90ee93793692b99c7ff,544,nova-pro,arn:aws:bedrock:us-west-2:686465264859:prompt/7ZJL56AKIU,subtitle,jp,en,君が正しかったよ,"You know, you were right.","{""c"":""You were right.""}
",You were right.,False,1,0,True,True,False,True,,True,,True,"{""reason"":""detector_match"",""detected"":""en"",""confidence"":0.8571}",True,[],[],True,,"{""errors"":[]}",True,[],True,1,0,True,True,False,100,100,5,9,1463,704.07,1291,8,1299,1198.16
ff486311b1a5985e78af,545,nova-pro,arn:aws:bedrock:us-west-2:686465264859:prompt/7ZJL56AKIU,subtitle,jp,en,（ありさ） 多分 寝てないんだね 昨日,He probably didn't sleep. -Yesterday? -Yesterday.,"{""c"":""Arisaaaa, you probably didn't sleep yesterday""}","Arisaaaa, you probably didn't sleep yesterday",False,1,0,True,True,False,True,,True,,,"{""reason"":""detector_inconclusive"",""detected"":""id"",""confidence"":0.5714}",True,[],[],True,,"{""errors"":[{""category"":""accuracy"",""severity"":""major""},{""category"":""preservation"",""severity"":""minor""}]}",False,"[{""category"":""accuracy"",""severity"":""major""},{""category"":""preservation"",""severity"":""minor""}]",True,1,0,True,True,False,82,82,13,16,1479,1017.63,1318,26,1344,1329.83
bb83d98cb29929497033,546,nova-pro,arn:aws:bedrock:us-west-2:686465264859:prompt/7ZJL56AKIU,subtitle,jp,en,あなたが...,You're...,"{""c"":""you...""}",you...,False,1,0,True,True,False,True,,True,,,"{""reason"":""too_short_for_language_detection"",""detected"":null,""confidence"":null}",True,[],[],True,,"{""errors"":[]}",True,[],True,1,0,True,True,False,100,100,6,7,1457,715.85,1283,8,1291,1125.88
a7e6d6d71819e0e23ae4,547,nova-pro,arn:aws:bedrock:us-west-2:686465264859:prompt/7ZJL56AKIU,subtitle,jp,en,乗る前に　私を殺さないって 約束してよね,"Ehi, before you get in the car, you have to promise not to kill me. Why? What did you do?","{""c"":""Promise you won't kill me before we get on, okay?""}","Promise you won't kill me before we get on, okay?",False,1,0,True,True,False,True,,True,,,"{""reason"":""detector_inconclusive"",""detected"":""en"",""confidence"":0.5714}",True,[],[],True,,"{""errors"":[]}",True,[],True,1,0,True,True,False,100,100,9,19,1482,833.15,1332,8,1340,1214.76
a0f6c64fb3ad73a3e897,548,nova-pro,arn:aws:bedrock:us-west-2:686465264859:prompt/7ZJL56AKIU,subtitle,jp,en,彼等は命令に従う,They follow orders.,"{""c"":""They follow orders.""}",They follow orders.,False,1,0,True,True,False,True,,True,,True,"{""reason"":""detector_match"",""detected"":""en"",""confidence"":1.0}",True,[],[],True,,"{""errors"":[]}",True,[],True,1,0,True,True,False,100,100,5,9,1465,676.59,1289,8,1297,1199.77
7e383773c1d224dbabb1,549,nova-pro,arn:aws:bedrock:us-west-2:686465264859:prompt/7ZJL56AKIU,subtitle,jp,en,何?,What?,"{""c"":""What?""}",What?,False,1,0,True,True,False,True,,True,,,"{""reason"":""too_short_for_language_detection"",""detected"":null,""confidence"":null}",True,[],[],True,,"{""errors"":[]}",True,[],True,1,0,True,True,False,100,100,6,7,1457,767.75,1279,8,1287,2619.7
d133feb117288d496622,550,nova-pro,arn:aws:bedrock:us-west-2:686465264859:prompt/7ZJL56AKIU,subtitle,jp,es,おい どうしてだよ 俺が好きだろ？,¿Qué sucede cariño ¿No te gusto?,"{""c"":""Oye, ¿por qué? ¿No te gusto, verdad?""}","Oye, ¿por qué? ¿No te gusto, verdad?",False,1,0,True,True,False,True,,True,,,"{""reason"":""detector_inconclusive"",""detected"":""es"",""confidence"":0.5714}",True,[],[],True,,"{""errors"":[{""category"":""accuracy"",""severity"":""major""}]}",False,"[{""category"":""accuracy"",""severity"":""major""}]",True,1,0,True,True,False,85,85,9,19,1480,692.07,1332,17,1349,1301.25
4f98a11181ac1f8e55d6,551,nova-pro,arn:aws:bedrock:us-west-2:686465264859:prompt/7ZJL56AKIU,subtitle,jp,es,私も会いたいわ,Yo también quiero verte.,"{""c"":""Yo tambi\u00e9n quiero verte.""}",Yo también quiero verte.,False,1,0,True,True,False,True,,True,,True,"{""reason"":""detector_match"",""detected"":""es"",""confidence"":1.0}",True,[],[],True,,"{""errors"":[]}",True,[],True,1,0,True,True,False,100,100,5,18,1471,880.81,1296,8,1304,1299.82
667a44d15e69b69e1886,552,nova-pro,arn:aws:bedrock:us-west-2:686465264859:prompt/7ZJL56AKIU,subtitle,jp,es,ＣＡＡは　ＡＰＰ遺伝子の突然変異で 発生します,La AAC viene de una mutación del gen APP.,"{""c"":""La enfermedad de Alzheimer temprana es causada por una mutaci\u00f3n en el gen APP""}",La enfermedad de Alzheimer temprana es causada por una mutación en el gen APP,False,1,0,True,True,False,True,,True,,True,"{""reason"":""detector_match"",""detected"":""es"",""confidence"":1.0}",True,[],[],True,,"{""errors"":[{""category"":""accuracy"",""severity"":""critical""}]}",False,"[{""category"":""accuracy"",""severity"":""critical""}]",True,1,0,True,True,False,60,60,9,27,1494,874.73,1344,17,1361,1245.57
8e6942c1ed31e86558f4,553,nova-pro,arn:aws:bedrock:us-west-2:686465264859:prompt/7ZJL56AKIU,subtitle,jp,es,私も,Yo también.,"{""c"":""yo tambi\u00e9n""}",yo también,False,1,0,True,True,False,True,,True,,True,"{""reason"":""detector_match"",""detected"":""es"",""confidence"":1.0}",True,[],[],True,,"{""errors"":[]}",True,[],True,1,0,True,True,False,100,100,5,15,1465,648.6,1281,8,1289,1161.27
84d1b69c75a49447c6bd,554,nova-pro,arn:aws:bedrock:us-west-2:686465264859:prompt/7ZJL56AKIU,subtitle,jp,es,彼女はそこだ！,¡Ella está dentro!,"{""c"":""\u00a1All\u00ed est\u00e1 ella!""}",¡Allí está ella!,False,1,0,True,True,False,True,,True,,True,"{""reason"":""detector_match"",""detected"":""es"",""confidence"":1.0}",True,[],[],True,,"{""errors"":[]}",True,[],True,1,0,True,True,False,100,100,6,26,1479,1067.86,1296,8,1304,2505.08
2f96576665e499868267,555,nova-pro,arn:aws:bedrock:us-west-2:686465264859:prompt/7ZJL56AKIU,subtitle,jp,es,お会いできて　光栄です！,Es un placer conocerlo.,"{""c"":""\u00a1Es un honor conocerte!""}",¡Es un honor conocerte!,False,1,0,True,True,False,True,,True,,True,"{""reason"":""detector_match"",""detected"":""es"",""confidence"":1.0}",True,[],[],True,,"{""errors"":[]}",True,[],True,1,0,True,True,False,100,100,9,17,1473,748.24,1299,8,1307,1239.04
128d651b18de2811b060,556,nova-pro,arn:aws:bedrock:us-west-2:686465264859:prompt/7ZJL56AKIU,subtitle,jp,es,第３位,En tercer lugar:,"{""c"":""tercero""}",tercero,False,1,0,True,True,False,True,,True,,,"{""reason"":""too_short_for_language_detection"",""detected"":null,""confidence"":null}",True,[],"[{""code"":""number_not_exact"",""expected"":{""３"":1},""actual"":{}}]",True,,"{""errors"":[{""category"":""accuracy"",""severity"":""major""},{""category"":""preservation"",""severity"":""minor""}]}",False,"[{""category"":""accuracy"",""severity"":""major""},{""category"":""preservation"",""severity"":""minor""}]",True,1,0,True,True,False,79,79,8,7,1457,661.21,1283,26,1309,1279.08
3c481b49c999e2f5d928,557,nova-pro,arn:aws:bedrock:us-west-2:686465264859:prompt/7ZJL56AKIU,subtitle,jp,es,彼らはずっと以前にあんたを監禁した 多分　あんたに代償を払わせた,"Debieron encerrarte hace mucho tiempo, para que pagaras por lo que has hecho.","{""c"":""Ellos te encerraron hace mucho tiempo, probablemente te hicieron pagar un precio.""}","Ellos te encerraron hace mucho tiempo, probablemente te hicieron pagar un precio.",False,1,0,True,True,False,True,,True,,True,"{""reason"":""detector_match"",""detected"":""es"",""confidence"":1.0}",True,[],[],True,,"{""errors"":[{""category"":""accuracy"",""severity"":""major""}]}",False,"[{""category"":""accuracy"",""severity"":""major""}]",True,1,0,True,True,False,85,85,9,21,1495,901.11,1354,17,1371,1198.48
67670fa188433a4aead3,558,nova-pro,arn:aws:bedrock:us-west-2:686465264859:prompt/7ZJL56AKIU,subtitle,jp,es,ケイティは　時折ワインを飲みましたが なぜ　ですか？,¿Por qué- - Kati tomaba vino de vez en cuando.,"{""c"":""Katie ocasionalmente beb\u00eda vino, pero \u00bfpor qu\u00e9?""}","Katie ocasionalmente bebía vino, pero ¿por qué?",False,1,0,True,True,False,True,,True,,True,"{""reason"":""detector_match"",""detected"":""es"",""confidence"":0.8571}",True,[],[],True,,"{""errors"":[]}",True,[],True,1,0,True,True,False,100,100,14,33,1500,1166.58,1336,8,1344,1126.16
820240f5e2b400b412f6,559,nova-pro,arn:aws:bedrock:us-west-2:686465264859:prompt/7ZJL56AKIU,subtitle,jp,es,- 痛むよ。,Duele.,"{""c"":""Duele.""}",Duele.,False,1,0,True,True,False,True,,True,,,"{""reason"":""too_short_for_language_detection"",""detected"":null,""confidence"":null}",True,[],[],True,,"{""errors"":[]}",True,[],True,1,0,True,True,False,100,100,8,8,1461,743.67,1288,8,1296,1154.14
e1e7539aa5bcd8a91d40,560,nova-pro,arn:aws:bedrock:us-west-2:686465264859:prompt/7ZJL56AKIU,subtitle,jp,fr,ありがとうございます,"Merci, ma reine.","{""c"":""Merci beaucoup""}",Merci beaucoup,False,1,0,True,True,False,True,,True,,,"{""reason"":""detector_inconclusive"",""detected"":""fr"",""confidence"":0.5714}",True,[],[],True,,"{""errors"":[]}",True,[],True,1,0,True,True,False,100,100,5,8,1457,766.54,1294,8,1302,1205.39
1cb6b1bc8a0d6ecc8e6a,561,nova-pro,arn:aws:bedrock:us-west-2:686465264859:prompt/7ZJL56AKIU,subtitle,jp,fr,あらら　これは興味深い,"Ooh, c'est intéressant.","{""c"":""Oh là là, c'est intéressant""}","Oh là là, c'est intéressant",False,1,0,True,True,False,True,,True,,,"{""reason"":""detector_inconclusive"",""detected"":""fr"",""confidence"":0.5714}",True,[],[],True,,"{""errors"":[]}",True,[],True,1,0,True,True,False,100,100,8,13,1469,936.21,1306,8,1314,1315.73
c471683efe906100f5b6,562,nova-pro,arn:aws:bedrock:us-west-2:686465264859:prompt/7ZJL56AKIU,subtitle,jp,fr,- よし、全員降りろ,Sortez tous !,"{""c"":""Bon, tout le monde descend.""}","Bon, tout le monde descend.",False,1,0,True,True,False,True,,True,,True,"{""reason"":""detector_match"",""detected"":""fr"",""confidence"":1.0}",True,[],[],True,,"{""errors"":[]}",True,[],True,1,0,True,True,False,100,100,9,12,1469,897.71,1297,8,1305,1273.2
2463408f49609d424966,563,nova-pro,arn:aws:bedrock:us-west-2:686465264859:prompt/7ZJL56AKIU,subtitle,jp,fr,分かった　ありがとう,- Bien. - Parfait. - Merci John.,"{""c"":""D'accord merci""}",D'accord merci,False,1,0,True,True,False,True,,True,,,"{""reason"":""detector_mismatch_uncertain"",""detected"":""it"",""confidence"":1.0}",True,[],[],True,,"{""errors"":[]}",True,[],True,1,0,True,True,False,100,100,8,10,1464,742.86,1302,8,1310,1128.21
05a216249893d49d0d41,564,nova-pro,arn:aws:bedrock:us-west-2:686465264859:prompt/7ZJL56AKIU,subtitle,jp,fr,時々だが...,Je pense que parfois.,"{""c"":""Parfois, mais...""}","Parfois, mais...",False,1,0,True,True,False,True,,True,,,"{""reason"":""detector_inconclusive"",""detected"":""fr"",""confidence"":0.5713}",True,[],[],True,,"{""errors"":[]}",True,[],True,1,0,True,True,False,100,100,6,11,1463,715.41,1291,8,1299,1152.0
5da5a9927df3ad986987,565,nova-pro,arn:aws:bedrock:us-west-2:686465264859:prompt/7ZJL56AKIU,subtitle,jp,fr,あれはジョークさ,"Non, c'était une blague.","{""c"":""Ce n'\u00e9tait qu'une blague.""}",Ce n'était qu'une blague.,False,1,0,True,True,False,True,,True,,True,"{""reason"":""detector_match"",""detected"":""fr"",""confidence"":1.0}",True,[],[],True,,"{""errors"":[{""category"":""accuracy"",""severity"":""minor""}]}",True,"[{""category"":""accuracy"",""severity"":""minor""}]",True,1,0,True,True,False,97,97,5,22,1475,1092.18,1299,17,1316,1225.14
2ba028b75a141b14668e,566,nova-pro,arn:aws:bedrock:us-west-2:686465264859:prompt/7ZJL56AKIU,subtitle,jp,fr,集合場所に来るのは俺達だけ そこへVが,Il n'y aura que nous et le V.,"{""c"":""Seuls nous arrivons au point de rassemblement, et l\u00e0 V arrive ->""}","Seuls nous arrivons au point de rassemblement, et là V arrive ->",False,1,0,True,True,False,True,,True,,True,"{""reason"":""detector_match"",""detected"":""fr"",""confidence"":1.0}",True,[],[],True,,"{""errors"":[{""category"":""preservation"",""severity"":""minor""}]}",True,"[{""category"":""preservation"",""severity"":""minor""}]",True,1,0,True,True,False,97,97,6,29,1491,910.53,1325,17,1342,1154.58
61db801256473a3610ee,567,nova-pro,arn:aws:bedrock:us-west-2:686465264859:prompt/7ZJL56AKIU,subtitle,jp,fr,何を？,Quoi donc ?,"{""c"":""Quoi\u00a0?\u00a0->""}",Quoi ? ->,False,1,0,True,True,False,True,,True,,,"{""reason"":""too_short_for_language_detection"",""detected"":null,""confidence"":null}",True,[],[],True,,"{""errors"":[{""category"":""preservation"",""severity"":""major""}]}",False,"[{""category"":""preservation"",""severity"":""major""}]",True,1,0,True,True,False,85,85,6,20,1471,973.73,1287,17,1304,1233.96
37c171c5ae3a3c6c19e8,568,nova-pro,arn:aws:bedrock:us-west-2:686465264859:prompt/7ZJL56AKIU,subtitle,jp,fr,大丈夫よ,Ça va aller.,"{""c"":""Tout va bien.""}",Tout va bien.,False,1,0,True,True,False,True,,True,,,"{""reason"":""detector_mismatch_uncertain"",""detected"":""nl"",""confidence"":1.0}",True,[],[],True,,"{""errors"":[]}",True,[],True,1,0,True,True,False,100,100,5,10,1461,725.47,1291,8,1299,1304.17
d8c42760f489154dc096,569,nova-pro,arn:aws:bedrock:us-west-2:686465264859:prompt/7ZJL56AKIU,subtitle,jp,fr,悪いわね　モーガン先生 まだ終わらせないわ,"Je suis désolée, Dr Morgan mais je ne vais pas abandonner si vite.","{""c"":""D\u00e9sol\u00e9e, Professeur Morgan, je ne vais pas encore terminer.\u00a0-> fr""}","Désolée, Professeur Morgan, je ne vais pas encore terminer. -> fr",False,1,0,True,True,False,True,,True,,True,"{""reason"":""detector_match"",""detected"":""fr"",""confidence"":1.0}",True,[],[],True,,"{""errors"":[{""category"":""preservation"",""severity"":""major""},{""category"":""accuracy"",""severity"":""major""}]}",False,"[{""category"":""preservation"",""severity"":""major""},{""category"":""accuracy"",""severity"":""major""}]",True,1,0,True,True,False,70,70,9,43,1504,965.52,1338,26,1364,1492.21
0784c2f902a39864c47e,570,nova-pro,arn:aws:bedrock:us-west-2:686465264859:prompt/7ZJL56AKIU,subtitle,jp,it,決して忘れるな マルセル,Non scordare mai...,"{""c"":""Non dimenticare mai Marcel""}",Non dimenticare mai Marcel,False,1,0,True,True,False,True,,True,,,"{""reason"":""detector_mismatch_uncertain"",""detected"":""ro"",""confidence"":1.0}",True,[],[],True,,"{""errors"":[]}",True,[],True,1,0,True,True,False,100,100,6,11,1467,689.12,1296,8,1304,1150.35
e10759d6749958a7aa44,571,nova-pro,arn:aws:bedrock:us-west-2:686465264859:prompt/7ZJL56AKIU,subtitle,jp,it,これが俺でこっちがお前 いや これがお前でこれが俺,Questo sono io e questo sei tu. Cioè tu sei questo e io sono questo.,"{""c"":""Questo sono io e questo sei tu  no, tu sei questo e io sono questo""}","Questo sono io e questo sei tu  no, tu sei questo e io sono questo",False,1,0,True,True,False,True,,True,,True,"{""reason"":""detector_match"",""detected"":""it"",""confidence"":1.0}",True,[],[],True,,"{""errors"":[{""category"":""fluency"",""severity"":""minor""}]}",True,"[{""category"":""fluency"",""severity"":""minor""}]",True,1,0,True,True,False,97,97,8,25,1489,695.86,1336,18,1354,1212.98
8b143a3146aedbc1ef8f,572,nova-pro,arn:aws:bedrock:us-west-2:686465264859:prompt/7ZJL56AKIU,subtitle,jp,it,パパ！,Papà!,"{""c"":""Pap\u00e0!""}",Papà!,False,1,0,True,True,False,True,,True,,,"{""reason"":""too_short_for_language_detection"",""detected"":null,""confidence"":null}",True,[],[],True,,"{""errors"":[]}",True,[],True,1,0,True,True,False,100,100,6,13,1464,862.5,1284,8,1292,1237.56
33eab0efb396cad56c74,573,nova-pro,arn:aws:bedrock:us-west-2:686465264859:prompt/7ZJL56AKIU,subtitle,jp,it,わかりました！,Sissignore.,"{""c"":""Capito!""}",Capito!,False,1,0,True,True,False,True,,True,,,"{""reason"":""too_short_for_language_detection"",""detected"":null,""confidence"":null}",True,[],[],True,,"{""errors"":[]}",True,[],True,1,0,True,True,False,100,100,6,8,1459,847.94,1287,8,1295,1221.13
3b3b4ba114d6fd120266,574,nova-pro,arn:aws:bedrock:us-west-2:686465264859:prompt/7ZJL56AKIU,subtitle,jp,it,スコフィールドがまた刑務所に行く 正直いうと、,Scofield di nuovo in penitenziario.,"{""c"":""Scofield sta andando di nuovo in prigione, ad essere onesti,""}","Scofield sta andando di nuovo in prigione, ad essere onesti,",False,1,0,True,True,False,True,,True,,True,"{""reason"":""detector_match"",""detected"":""it"",""confidence"":1.0}",True,[],[],True,,"{""errors"":[]}",True,[],True,1,0,True,True,False,100,100,8,23,1486,792.16,1328,8,1336,1126.7
a7e941d5d8bd7ba2b0fb,575,nova-pro,arn:aws:bedrock:us-west-2:686465264859:prompt/7ZJL56AKIU,subtitle,jp,it,高校の時に一度だけ なぜ？,"Una volta alle superiori, perche'?","{""c"":""Una volta sola al college, perche'?""}","Una volta sola al college, perche'?",False,1,0,True,True,False,True,,True,,True,"{""reason"":""detector_match"",""detected"":""it"",""confidence"":1.0}",True,[],[],True,,"{""errors"":[{""category"":""accuracy"",""severity"":""major""}]}",False,"[{""category"":""accuracy"",""severity"":""major""}]",True,1,0,True,True,False,85,85,8,14,1472,838.36,1309,17,1326,1159.39
819f823ca0a04443f855,576,nova-pro,arn:aws:bedrock:us-west-2:686465264859:prompt/7ZJL56AKIU,subtitle,jp,it,地球上で最後の人は 他に誰もいない,Quindi... indovina chi non e' piu' l'ultima persona sulla terra?,"{""c"":""L'ultima persona sulla Terra \u00e8 senza nessun altro""}",L'ultima persona sulla Terra è senza nessun altro,False,1,0,True,True,False,True,,True,,True,"{""reason"":""detector_match"",""detected"":""it"",""confidence"":1.0}",True,[],[],True,,"{""errors"":[{""category"":""accuracy"",""severity"":""major""}]}",False,"[{""category"":""accuracy"",""severity"":""major""}]",True,1,0,True,True,False,85,85,6,20,1479,798.66,1322,17,1339,1232.77
3e42f44734a0794f5168,577,nova-pro,arn:aws:bedrock:us-west-2:686465264859:prompt/7ZJL56AKIU,subtitle,jp,it,どこから流してる？,Da dove arriva?,"{""c"":""Da dove lo stai trasmettendo?""}",Da dove lo stai trasmettendo?,False,1,0,True,True,False,True,,True,,True,"{""reason"":""detector_match"",""detected"":""it"",""confidence"":1.0}",True,[],[],True,,"{""errors"":[]}",True,[],True,1,0,True,True,False,100,100,6,13,1467,698.81,1295,8,1303,1199.45
bf47043bb4e9e16222b0,578,nova-pro,arn:aws:bedrock:us-west-2:686465264859:prompt/7ZJL56AKIU,subtitle,jp,it,完璧です,Tutti cosi' perfetti...,"{""c"":""Perfetto""}",Perfetto,False,1,0,True,True,False,True,,True,,True,"{""reason"":""detector_match"",""detected"":""it"",""confidence"":1.0}",True,[],[],True,,"{""errors"":[]}",True,[],True,1,0,True,True,False,100,100,5,7,1460,650.41,1288,8,1296,1215.45
e79c8c142173b2981463,579,nova-pro,arn:aws:bedrock:us-west-2:686465264859:prompt/7ZJL56AKIU,subtitle,jp,it,子供を焼けと命じたなら あんたの主は悪だ,"- Se ti ordina di dare fuoco ai bambini, il tuo Signore e' diabolico.","{""c"":""Se il tuo signore ti ha ordinato di bruciare un bambino, allora il tuo signore \u00e8 malvagio""}","Se il tuo signore ti ha ordinato di bruciare un bambino, allora il tuo signore è malvagio",False,1,0,True,True,False,True,,True,,True,"{""reason"":""detector_match"",""detected"":""it"",""confidence"":1.0}",True,[],[],True,,"{""errors"":[]}",True,[],True,1,0,True,True,False,100,100,6,38,1503,980.48,1349,8,1357,1166.94
6ee138c45b6cae7dd762,580,nova-pro,arn:aws:bedrock:us-west-2:686465264859:prompt/7ZJL56AKIU,subtitle,jp,nl,- 何が起きたんだ！ - なんだそれ？,- Wat gebeurt er?,"{""c"":""Wat is er gebeurd! - Wat is dat? -> nl""}",Wat is er gebeurd! - Wat is dat? -> nl,False,1,0,True,True,False,True,,True,,,"{""reason"":""detector_inconclusive"",""detected"":""af"",""confidence"":0.7143}",True,[],[],True,,"{""errors"":[{""category"":""preservation"",""severity"":""critical""},{""category"":""accuracy"",""severity"":""major""}]}",False,"[{""category"":""preservation"",""severity"":""critical""},{""category"":""accuracy"",""severity"":""major""}]",True,1,0,True,True,False,45,45,13,21,1482,978.74,1315,26,1341,2686.92
d6e01c668485a2b65d6d,581,nova-pro,arn:aws:bedrock:us-west-2:686465264859:prompt/7ZJL56AKIU,subtitle,jp,nl,ぉ前の魂を食らつてやる,Ik ga me tegoed doen aan je ziel.,"{""c"":""Ik zal je ziel verslinden""}",Ik zal je ziel verslinden,False,1,0,True,True,False,True,,True,,,"{""reason"":""detector_inconclusive"",""detected"":""nl"",""confidence"":0.7143}",True,[],[],True,,"{""errors"":[]}",True,[],True,1,0,True,True,False,100,100,5,15,1476,911.77,1313,8,1321,1272.91
293f65131b3c066fc242,582,nova-pro,arn:aws:bedrock:us-west-2:686465264859:prompt/7ZJL56AKIU,subtitle,jp,nl,ありがとう,Dankjewel.,"{""c"":""bedankt""}",bedankt,False,1,0,True,True,False,True,,True,,,"{""reason"":""too_short_for_language_detection"",""detected"":null,""confidence"":null}",True,[],[],True,,"{""errors"":[]}",True,[],True,1,0,True,True,False,100,100,5,8,1460,791.44,1288,8,1296,1244.58
b75a6babd4c36e761f66,583,nova-pro,arn:aws:bedrock:us-west-2:686465264859:prompt/7ZJL56AKIU,subtitle,jp,nl,したいが それには対価が要る,Dat zou ik graag willen. Maar er zit een prijskaartje aan.,"{""c"":""Ik wil het wel doen, maar daar is een prijs voor.""}","Ik wil het wel doen, maar daar is een prijs voor.",False,1,0,True,True,False,True,,True,,True,"{""reason"":""detector_match"",""detected"":""nl"",""confidence"":1.0}",True,[],[],True,,"{""errors"":[]}",True,[],True,1,0,True,True,False,100,100,6,25,1484,1057.2,1323,8,1331,1407.51
b8a9f9227c56e2f50194,584,nova-pro,arn:aws:bedrock:us-west-2:686465264859:prompt/7ZJL56AKIU,subtitle,jp,nl,いいえ、サー。,"Nee, meneer.","{""c"":""Nee, meneer.""}","Nee, meneer.",False,1,0,True,True,False,True,,True,,True,"{""reason"":""detector_match"",""detected"":""nl"",""confidence"":1.0}",True,[],[],True,,"{""errors"":[]}",True,[],True,1,0,True,True,False,100,100,9,11,1465,792.67,1294,8,1302,1196.13
a9de2bfa4cbb4ce27fa0,585,nova-pro,arn:aws:bedrock:us-west-2:686465264859:prompt/7ZJL56AKIU,subtitle,jp,nl,さあどうぞ カウボーイ　プリンセス,"Hé, jongens. Pak maar.","{""c"":""Ga je gang Cowboy Prinses""}",Ga je gang Cowboy Prinses,False,1,0,True,True,False,True,,True,,,"{""reason"":""detector_inconclusive"",""detected"":""tl"",""confidence"":0.8571}",True,[],[],True,,"{""errors"":[{""category"":""accuracy"",""severity"":""minor""}]}",True,"[{""category"":""accuracy"",""severity"":""minor""}]",True,1,0,True,True,False,97,97,9,12,1474,824.75,1313,17,1330,1373.58
4604713df4e7b84a9fd9,586,nova-pro,arn:aws:bedrock:us-west-2:686465264859:prompt/7ZJL56AKIU,subtitle,jp,nl,- 私の家族は？,M'n familie?,"{""c"":""En mijn familie?""}",En mijn familie?,False,1,0,True,True,False,True,,True,,True,"{""reason"":""detector_match"",""detected"":""nl"",""confidence"":1.0}",True,[],[],True,,"{""errors"":[]}",True,[],True,1,0,True,True,False,100,100,8,11,1465,737.23,1291,8,1299,1167.1
596d4da1244f19246d48,587,nova-pro,arn:aws:bedrock:us-west-2:686465264859:prompt/7ZJL56AKIU,subtitle,jp,nl,それが塩や金や 油であろうとなかろうと,"Of het nou zout, goud of olie is.","{""c"":""Of het nu zout, goud of olie is, of niet,""}","Of het nu zout, goud of olie is, of niet,",False,1,0,True,True,False,True,,True,,True,"{""reason"":""detector_match"",""detected"":""nl"",""confidence"":0.8571}",True,[],[],True,,"{""errors"":[]}",True,[],True,1,0,True,True,False,100,100,6,22,1484,804.88,1320,8,1328,1257.02
03545a6c182834348177,588,nova-pro,arn:aws:bedrock:us-west-2:686465264859:prompt/7ZJL56AKIU,subtitle,jp,nl,- そうなの　わたし、ピューターが大好きなの,Daar ben ik gek op.,"{""c"":""Zo is het, ik hou heel veel van pewter.""}","Zo is het, ik hou heel veel van pewter.",False,1,0,True,True,False,True,,True,,True,"{""reason"":""detector_match"",""detected"":""nl"",""confidence"":1.0}",True,[],[],True,,"{""errors"":[{""category"":""accuracy"",""severity"":""major""},{""category"":""terminology"",""severity"":""major""}]}",False,"[{""category"":""accuracy"",""severity"":""major""},{""category"":""terminology"",""severity"":""major""}]",True,1,0,True,True,False,70,70,13,23,1485,845.06,1316,26,1342,2265.52
d337f3cc9b490f3779b8,589,nova-pro,arn:aws:bedrock:us-west-2:686465264859:prompt/7ZJL56AKIU,subtitle,jp,nl,メイソン　今週はどうだった？,"Mason, hoe was je week?","{""c"":""Mason, hoe was je week?""}","Mason, hoe was je week?",False,1,0,True,True,False,True,,True,,,"{""reason"":""detector_mismatch_uncertain"",""detected"":""af"",""confidence"":1.0}",True,[],[],True,,"{""errors"":[]}",True,[],True,1,0,True,True,False,100,100,9,13,1471,993.93,1302,8,1310,1150.54
6cce89ed800c61e859e5,590,nova-pro,arn:aws:bedrock:us-west-2:686465264859:prompt/7ZJL56AKIU,subtitle,jp,nb,父さんは殺ろされたんじゃない,"Min far ble ikke drept, han...","{""c"":""Faren ble ikke drept. Han begikk selvmord.""}",Faren ble ikke drept. Han begikk selvmord.,False,1,0,True,True,False,True,,True,,True,"{""reason"":""detector_match"",""detected"":""no"",""confidence"":1.0}",True,[],[],True,,"{""errors"":[{""category"":""accuracy"",""severity"":""critical""}]}",False,"[{""category"":""accuracy"",""severity"":""critical""}]",True,1,0,True,True,False,60,60,5,20,1476,902.59,1314,17,1331,1300.29
5691e2afa89930ab74c3,591,nova-pro,arn:aws:bedrock:us-west-2:686465264859:prompt/7ZJL56AKIU,subtitle,jp,nb,- いや,- Nei.,"{""c"":""nei""}",nei,False,1,0,True,True,False,True,,True,,,"{""reason"":""too_short_for_language_detection"",""detected"":null,""confidence"":null}",True,[],[],True,,"{""errors"":[{""category"":""preservation"",""severity"":""minor""}]}",True,"[{""category"":""preservation"",""severity"":""minor""}]",True,1,0,True,True,False,97,97,6,6,1457,701.27,1281,17,1298,1251.04
a7abbad7620ebb2edc11,592,nova-pro,arn:aws:bedrock:us-west-2:686465264859:prompt/7ZJL56AKIU,subtitle,jp,nb,もう大丈夫,Det går bra nå.,"{""c"":""Alt er greit n\u00e5""}",Alt er greit nå,False,1,0,True,True,False,True,,True,,,"{""reason"":""detector_inconclusive"",""detected"":""de"",""confidence"":0.5714}",True,[],[],True,,"{""errors"":[]}",True,[],True,1,0,True,True,False,100,100,5,16,1469,788.12,1293,8,1301,1504.27
a754930dfdc8e4e480a5,593,nova-pro,arn:aws:bedrock:us-west-2:686465264859:prompt/7ZJL56AKIU,subtitle,jp,nb,私のようにね 私はアルメニア人だ,Som meg Jeg er armener.,"{""c"":""Jeg er som deg, jeg er armener.""}","Jeg er som deg, jeg er armener.",False,1,0,True,True,False,True,,True,,True,"{""reason"":""detector_match"",""detected"":""no"",""confidence"":1.0}",True,[],[],True,,"{""errors"":[{""category"":""accuracy"",""severity"":""major""}]}",False,"[{""category"":""accuracy"",""severity"":""major""}]",True,1,0,True,True,False,85,85,6,18,1477,748.08,1307,17,1324,1256.11
1534f5064983e7c55ac0,594,nova-pro,arn:aws:bedrock:us-west-2:686465264859:prompt/7ZJL56AKIU,subtitle,jp,nb,君の番号を聞いてない,-Kom igjen. Jeg fikk ikke nummeret ditt!,"{""c"":""Jeg har ikke spurt om nummeret ditt""}",Jeg har ikke spurt om nummeret ditt,False,1,0,True,True,False,True,,True,,,"{""reason"":""detector_inconclusive"",""detected"":""no"",""confidence"":0.7143}",True,[],[],True,,"{""errors"":[]}",True,[],True,1,0,True,True,False,100,100,5,16,1472,697.69,1312,8,1320,1249.38
ba1b287665dc45ee36d8,595,nova-pro,arn:aws:bedrock:us-west-2:686465264859:prompt/7ZJL56AKIU,subtitle,jp,nb,準備は出来てる,Og jeg er klar for det.,"{""c"":""Forberedt""}",Forberedt,False,1,0,True,True,False,True,,True,,,"{""reason"":""detector_mismatch_uncertain"",""detected"":""da"",""confidence"":1.0}",True,[],[],True,,"{""errors"":[{""category"":""accuracy"",""severity"":""major""}]}",False,"[{""category"":""accuracy"",""severity"":""major""}]",True,1,0,True,True,False,85,85,5,9,1462,764.1,1293,17,1310,1166.09
5a385822cf5ee1f067be,596,nova-pro,arn:aws:bedrock:us-west-2:686465264859:prompt/7ZJL56AKIU,subtitle,jp,nb,続けろ,Stå på.,"{""c"":""Fortsett""}",Fortsett,False,1,0,True,True,False,True,,True,,True,"{""reason"":""detector_match"",""detected"":""no"",""confidence"":1.0}",True,[],[],True,,"{""errors"":[]}",True,[],True,1,0,True,True,False,100,100,5,7,1458,691.67,1285,8,1293,1171.36
1e7da04c9d4f23c889fc,597,nova-pro,arn:aws:bedrock:us-west-2:686465264859:prompt/7ZJL56AKIU,subtitle,jp,nb,礼ならいいよ,Bare hyggelig.,"{""c"":""Hvis det er en gave, er det greit.""}","Hvis det er en gave, er det greit.",False,1,0,True,True,False,True,,True,,,"{""reason"":""detector_mismatch_uncertain"",""detected"":""da"",""confidence"":1.0}",True,[],[],True,,"{""errors"":[]}",True,[],True,1,0,True,True,False,100,100,5,19,1472,959.33,1298,8,1306,1209.75
55f9bb46c47742dfed5e,598,nova-pro,arn:aws:bedrock:us-west-2:686465264859:prompt/7ZJL56AKIU,subtitle,jp,nb,何も！,Ingenting!,"{""c"":""Ingenting!""}",Ingenting!,False,1,0,True,True,False,True,,True,,,"{""reason"":""detector_mismatch_uncertain"",""detected"":""tl"",""confidence"":1.0}",True,[],[],True,,"{""errors"":[]}",True,[],True,1,0,True,True,False,100,100,6,9,1461,771.74,1283,8,1291,1058.37
d1a3e5617df43dddc3ae,599,nova-pro,arn:aws:bedrock:us-west-2:686465264859:prompt/7ZJL56AKIU,subtitle,jp,nb,全く予想しなかった 15年前の失敗と同じくらい... 君と共に働くのが 好きになった,"Jeg forutså ikke hvor vanskelig de siste 15 årene har vært for meg, hvor mye jeg ville komme til å elske å arbeide sammen med deg.","{""c"":""Jeg begynte \u00e5 like \u00e5 jobbe med deg nesten like mye som den uforutsette fiaskoen for 15 \u00e5r siden...""}",Jeg begynte å like å jobbe med deg nesten like mye som den uforutsette fiaskoen for 15 år siden...,False,1,0,True,True,False,True,,True,,True,"{""reason"":""detector_match"",""detected"":""no"",""confidence"":1.0}",True,[],[],True,,"{""errors"":[{""category"":""accuracy"",""severity"":""major""},{""category"":""fluency"",""severity"":""minor""}]}",False,"[{""category"":""accuracy"",""severity"":""major""},{""category"":""fluency"",""severity"":""minor""}]",True,1,0,True,True,False,82,82,13,58,1532,1340.67,1386,27,1413,1463.65
7f505357e7bec1643460,600,nova-pro,arn:aws:bedrock:us-west-2:686465264859:prompt/7ZJL56AKIU,subtitle,nl,da,Heb je een rotdag?,Har du en dårlig dag?,"{""c"":""Har du en d\u00e5rlig dag?""}",Har du en dårlig dag?,False,1,0,True,True,False,True,,True,,,"{""reason"":""detector_mismatch_uncertain"",""detected"":""sv"",""confidence"":0.9942}",True,[],[],True,,"{""errors"":[]}",True,[],True,1,0,True,True,False,100,100,11,20,1473,992.88,1299,8,1307,1302.69
0c53b1f31b36269890c3,601,nova-pro,arn:aws:bedrock:us-west-2:686465264859:prompt/7ZJL56AKIU,subtitle,nl,da,- Sinds ik jou ken.,"- Ja, siden jeg mødte dig.","{""c"":""Siden jeg kendte dig.""}",Siden jeg kendte dig.,False,1,0,True,True,False,True,,True,,True,"{""reason"":""detector_match"",""detected"":""da"",""confidence"":1.0}",True,[],[],True,,"{""errors"":[{""category"":""accuracy"",""severity"":""minor""}]}",True,"[{""category"":""accuracy"",""severity"":""minor""}]",True,1,0,True,True,False,97,97,12,14,1469,953.04,1297,17,1314,2579.89
7b1a5e287559a5153ddf,602,nova-pro,arn:aws:bedrock:us-west-2:686465264859:prompt/7ZJL56AKIU,subtitle,nl,da,- Hemeltje. Haak. - Haak?,Klo.,"{""c"":""Hemeltje. Krog. - Krog?""}",Hemeltje. Krog. - Krog?,False,1,0,True,True,False,True,,True,,,"{""reason"":""detector_inconclusive"",""detected"":""no"",""confidence"":0.6259}",True,[],[],True,,"{""errors"":[{""category"":""accuracy"",""severity"":""major""}]}",False,"[{""category"":""accuracy"",""severity"":""major""}]",True,1,0,True,True,False,85,85,16,16,1475,799.6,1306,17,1323,1344.47
3e16f6f3aa3044661920,603,nova-pro,arn:aws:bedrock:us-west-2:686465264859:prompt/7ZJL56AKIU,subtitle,nl,da,Ik wilde niet dat er iemand gearresteerd werd.,Jeg... ville ikke have nogen arresteret.,"{""c"":""Jeg ville ikke have nogen arresteret.""}",Jeg ville ikke have nogen arresteret.,False,1,0,True,True,False,True,,True,,,"{""reason"":""detector_inconclusive"",""detected"":""no"",""confidence"":0.5097}",True,[],[],True,,"{""errors"":[]}",True,[],True,1,0,True,True,False,100,100,17,16,1479,847.2,1308,8,1316,1150.73
61ae525d2e70941f9eb4,604,nova-pro,arn:aws:bedrock:us-west-2:686465264859:prompt/7ZJL56AKIU,subtitle,nl,da,Helemaal niet slecht.,Ikke dårligt.,"{""c"":""Slet ikke dårligt.""}",Slet ikke dårligt.,False,2,1,True,False,True,True,,True,,True,"{""reason"":""detector_match"",""detected"":""da"",""confidence"":1.0}",True,[],[],True,,"{""errors"":[]}",True,[],True,1,0,True,True,False,100,100,18,198,3108,3344.36,1293,8,1301,1193.97
c8a67e5f3e7e54c7ffef,605,nova-pro,arn:aws:bedrock:us-west-2:686465264859:prompt/7ZJL56AKIU,subtitle,nl,da,Daar komt Grey.,Grey kommer!,"{""c"":""Der kommer Grey.""}",Der kommer Grey.,False,1,0,True,True,False,True,,True,,,"{""reason"":""detector_mismatch_uncertain"",""detected"":""no"",""confidence"":1.0}",True,[],[],True,,"{""errors"":[]}",True,[],True,1,0,True,True,False,100,100,9,10,1463,1031.86,1283,8,1291,1243.15
e8313d2cffe8557fe148,606,nova-pro,arn:aws:bedrock:us-west-2:686465264859:prompt/7ZJL56AKIU,subtitle,nl,da,Een condoom?,Et kondom?,"{""c"":""En kondom?""}",En kondom?,False,1,0,True,True,False,True,,True,,,"{""reason"":""detector_mismatch_uncertain"",""detected"":""no"",""confidence"":1.0}",True,[],[],True,,"{""errors"":[{""category"":""fluency"",""severity"":""major""}]}",False,"[{""category"":""fluency"",""severity"":""major""}]",True,1,0,True,True,False,85,85,8,9,1461,920.82,1285,18,1303,1222.02
06602e2c8154f4527043,607,nova-pro,arn:aws:bedrock:us-west-2:686465264859:prompt/7ZJL56AKIU,subtitle,nl,da,Dr Stella.,- Dr. Stella.,"{""c"":""Dr. Stella. -> da""}",Dr. Stella. -> da,False,1,0,True,True,False,True,,True,,,"{""reason"":""detector_inconclusive"",""detected"":""it"",""confidence"":0.8571}",True,[],[],True,,"{""errors"":[{""category"":""accuracy"",""severity"":""critical""}]}",False,"[{""category"":""accuracy"",""severity"":""critical""}]",True,1,0,True,True,False,60,60,8,11,1461,902.72,1289,17,1306,1328.14
cc22c0ff2b38b6e8242a,608,nova-pro,arn:aws:bedrock:us-west-2:686465264859:prompt/7ZJL56AKIU,subtitle,nl,da,Ik heb een lang weekend tegoed.,Jeg har en lang weekend til gode.,"{""c"":""Jeg har en lang weekend skyldt. -> da""}",Jeg har en lang weekend skyldt. -> da,False,2,1,True,False,True,True,,True,,,"{""reason"":""detector_mismatch_uncertain"",""detected"":""af"",""confidence"":1.0}",True,[],[],True,,"{""errors"":[{""category"":""accuracy"",""severity"":""major""},{""category"":""fluency"",""severity"":""major""},{""category"":""preservation"",""severity"":""critical""}]}",False,"[{""category"":""accuracy"",""severity"":""major""},{""category"":""fluency"",""severity"":""major""},{""category"":""preservation"",""severity"":""critical""}]",True,1,0,True,True,False,30,30,28,105,3021,2537.24,1304,36,1340,1301.6
de5e242b10de9b161edd,609,nova-pro,arn:aws:bedrock:us-west-2:686465264859:prompt/7ZJL56AKIU,subtitle,nl,da,Dat zijn de regels.,Sådan er reglernes.,"{""c"":""Det er reglerne.""}",Det er reglerne.,False,1,0,True,True,False,True,,True,,True,"{""reason"":""detector_match"",""detected"":""da"",""confidence"":1.0}",True,[],[],True,,"{""errors"":[]}",True,[],True,1,0,True,True,False,100,100,11,12,1465,1007.65,1292,8,1300,1206.72
86b4829ffffee0e3e4dd,610,nova-pro,arn:aws:bedrock:us-west-2:686465264859:prompt/7ZJL56AKIU,subtitle,nl,de,"Dat je het koud hebt, en rillerig bent.",Uns wird kalt und wir frösteln.,"{""c"":""Dass dir kalt ist und du zitterst. -> de""}",Dass dir kalt ist und du zitterst. -> de,False,1,0,True,True,False,True,,True,,True,"{""reason"":""detector_match"",""detected"":""de"",""confidence"":1.0}",True,[],[],True,,"{""errors"":[{""category"":""preservation"",""severity"":""critical""}]}",False,"[{""category"":""preservation"",""severity"":""critical""}]",True,1,0,True,True,False,60,60,19,19,1481,856.69,1314,17,1331,1253.67
c674e078e640e9c0e4e8,611,nova-pro,arn:aws:bedrock:us-west-2:686465264859:prompt/7ZJL56AKIU,subtitle,nl,de,Mijn vader laat me constant bewaken.,Mein Vater hält mich unter ständiger Beobachtung.,"{""c"":""Mein Vater l\u00e4sst mich st\u00e4ndig bewachen.""}",Mein Vater lässt mich ständig bewachen.,False,1,0,True,True,False,True,,True,,True,"{""reason"":""detector_match"",""detected"":""de"",""confidence"":1.0}",True,[],[],True,,"{""errors"":[]}",True,[],True,1,0,True,True,False,100,100,14,31,1490,971.21,1319,8,1327,1227.0
3b20026157e8125a829b,612,nova-pro,arn:aws:bedrock:us-west-2:686465264859:prompt/7ZJL56AKIU,subtitle,nl,de,"Dit klinkt vast een beetje... of heel erg vreemd, maar we zijn je broers.",Es wird dir vielleicht ein wenig... Vielleicht sogar sehr verrückt vorkommen. Aber wir sind deine Brüder.,"{""c"":""Das klingt bestimmt ein bisschen... oder sehr seltsam, aber wir sind deine Br\u00fcder.""}","Das klingt bestimmt ein bisschen... oder sehr seltsam, aber wir sind deine Brüder.",False,1,0,True,True,False,True,,True,,True,"{""reason"":""detector_match"",""detected"":""de"",""confidence"":1.0}",True,[],[],True,,"{""errors"":[]}",True,[],True,1,0,True,True,False,100,100,30,27,1500,906.89,1362,8,1370,1186.67
2cbe2a927ea86f75b0ac,613,nova-pro,arn:aws:bedrock:us-west-2:686465264859:prompt/7ZJL56AKIU,subtitle,nl,de,- Anderhalf.,-Anderthalb.,"{""c"":""Und ein halb. -> de""}",Und ein halb. -> de,False,1,0,True,True,False,True,,True,,True,"{""reason"":""detector_match"",""detected"":""de"",""confidence"":1.0}",True,[],[],True,,"{""errors"":[{""category"":""preservation"",""severity"":""critical""},{""category"":""fluency"",""severity"":""major""}]}",False,"[{""category"":""preservation"",""severity"":""critical""},{""category"":""fluency"",""severity"":""major""}]",True,1,0,True,True,False,45,45,8,12,1464,769.2,1291,27,1318,1440.81
6b37ed0edbb404b1fcdc,614,nova-pro,arn:aws:bedrock:us-west-2:686465264859:prompt/7ZJL56AKIU,subtitle,nl,de,"- Wacht, ik heb hulp nodig.",Ich brauche... - Ich brauche eure Hilfe.,"{""c"":""Warte, ich brauche Hilfe.""}","Warte, ich brauche Hilfe.",False,2,1,True,False,True,True,,True,,True,"{""reason"":""detector_match"",""detected"":""de"",""confidence"":1.0}",True,[],[],True,,"{""errors"":[]}",True,[],True,1,0,True,True,False,100,100,32,24,2946,1624.01,1315,8,1323,1254.34
b6a46b118ebca28968c8,615,nova-pro,arn:aws:bedrock:us-west-2:686465264859:prompt/7ZJL56AKIU,subtitle,nl,de,Einstein is twee keer van school weggestuurd.,Einstein flog auch zweimal von der Schule.,"{""c"":""Einstein wurde zweimal von der Schule verwiesen.""}",Einstein wurde zweimal von der Schule verwiesen.,False,1,0,True,True,False,True,,True,,True,"{""reason"":""detector_match"",""detected"":""de"",""confidence"":1.0}",True,[],[],True,,"{""errors"":[]}",True,[],True,1,0,True,True,False,100,100,16,14,1476,728.08,1308,8,1316,1207.99
31fb1bf7872c959ab141,616,nova-pro,arn:aws:bedrock:us-west-2:686465264859:prompt/7ZJL56AKIU,subtitle,nl,de,Geef me de zaklamp.,Die Taschenlampe.,"{""c"":""Gib mir die Taschenlampe.""}",Gib mir die Taschenlampe.,False,1,0,True,True,False,True,,True,,True,"{""reason"":""detector_match"",""detected"":""de"",""confidence"":1.0}",True,[],[],True,,"{""errors"":[]}",True,[],True,1,0,True,True,False,100,100,11,12,1467,673.64,1300,8,1308,1239.75
00e9d87eb248af4d0862,617,nova-pro,arn:aws:bedrock:us-west-2:686465264859:prompt/7ZJL56AKIU,subtitle,nl,de,Jij bent in staat tot medeleven... en vriendelijkheid en vrijgevigheid.,"Du bist imstande, sympathisch, freundlich und großzügig zu sein.","{""c"":""Du bist in der Lage zu Mitgefühl... und Freundlichkeit und Großzügigkeit.""}",Du bist in der Lage zu Mitgefühl... und Freundlichkeit und Großzügigkeit.,False,1,0,True,True,False,True,,True,,True,"{""reason"":""detector_match"",""detected"":""de"",""confidence"":1.0}",True,[],[],True,,"{""errors"":[]}",True,[],True,1,0,True,True,False,100,100,22,22,1493,699.91,1343,8,1351,1159.41
493bd70e43ca5f615578,618,nova-pro,arn:aws:bedrock:us-west-2:686465264859:prompt/7ZJL56AKIU,subtitle,nl,de,Veel mensen kwamen naar me toe en vroegen:,Viele Leute haben mich gefragt:,"{""c"":""Viele Leute kamen zu mir und fragten:""}",Viele Leute kamen zu mir und fragten:,False,1,0,True,True,False,True,,True,,True,"{""reason"":""detector_match"",""detected"":""de"",""confidence"":1.0}",True,[],[],True,,"{""errors"":[]}",True,[],True,1,0,True,True,False,100,100,17,15,1477,852.98,1310,8,1318,1197.96
eb148d1616640118e581,619,nova-pro,arn:aws:bedrock:us-west-2:686465264859:prompt/7ZJL56AKIU,subtitle,nl,de,- Waarom niet?,- Nein. - Warum nicht?,"{""c"":""Warum nicht?""}",Warum nicht?,False,1,0,True,True,False,True,,True,,True,"{""reason"":""detector_match"",""detected"":""de"",""confidence"":1.0}",True,[],[],True,,"{""errors"":[{""category"":""preservation"",""severity"":""major""}]}",False,"[{""category"":""preservation"",""severity"":""major""}]",True,1,0,True,True,False,85,85,9,9,1461,750.53,1295,17,1312,1217.54
38a1dac227bd3c49b884,620,nova-pro,arn:aws:bedrock:us-west-2:686465264859:prompt/7ZJL56AKIU,subtitle,nl,en,Misschien omdat ze allemaal dood zijn!,- Maybe they're not because they're all dead!,"{""c"":""Maybe because they are all dead!""}",Maybe because they are all dead!,False,1,0,True,True,False,True,,True,,True,"{""reason"":""detector_match"",""detected"":""en"",""confidence"":1.0}",True,[],[],True,,"{""errors"":[]}",True,[],True,1,0,True,True,False,100,100,14,12,1472,724.09,1301,8,1309,1247.14
ae90f260faf6df0ce24f,621,nova-pro,arn:aws:bedrock:us-west-2:686465264859:prompt/7ZJL56AKIU,subtitle,nl,en,"Heeft u de ratten gezien, of heeft u ze horen krabben?",Have you seen the rats or have you just heard scratching?,"{""c"":""Have you seen the rats, or have you heard them scratching?""}","Have you seen the rats, or have you heard them scratching?",False,1,0,True,True,False,True,,True,,True,"{""reason"":""detector_match"",""detected"":""en"",""confidence"":1.0}",True,[],[],True,,"{""errors"":[]}",True,[],True,1,0,True,True,False,100,100,23,18,1485,726.03,1319,8,1327,1353.73
461581f47ac6d79e97dd,622,nova-pro,arn:aws:bedrock:us-west-2:686465264859:prompt/7ZJL56AKIU,subtitle,nl,en,"Genetische manipulatie, maar hoe?","Genetic manipulation, obviously, but what kind?","{""c"":""Genetic manipulation, but how?""}","Genetic manipulation, but how?",False,1,0,True,True,False,True,,True,,True,"{""reason"":""detector_match"",""detected"":""en"",""confidence"":1.0}",True,[],[],True,,"{""errors"":[]}",True,[],True,1,0,True,True,False,100,100,12,11,1468,775.64,1301,8,1309,1211.77
cc0782bdf31b7606f1a8,623,nova-pro,arn:aws:bedrock:us-west-2:686465264859:prompt/7ZJL56AKIU,subtitle,nl,en,Vond u het erg dat hij populairder was?,Didn't it bother you that he was more popular?,"{""c"":""Did you mind that he was more popular?""}",Did you mind that he was more popular?,False,1,0,True,True,False,True,,True,,True,"{""reason"":""detector_match"",""detected"":""en"",""confidence"":1.0}",True,[],[],True,,"{""errors"":[]}",True,[],True,1,0,True,True,False,100,100,17,14,1475,699.62,1309,8,1317,1232.09
f65a2615ef2fe32a38af,624,nova-pro,arn:aws:bedrock:us-west-2:686465264859:prompt/7ZJL56AKIU,subtitle,nl,en,Die man vroeg mij om vreselijke dingen te doen.,This man asked me to do terrible things.,"{""c"":""The man asked me to do terrible things.""}",The man asked me to do terrible things.,False,1,0,True,True,False,True,,True,,True,"{""reason"":""detector_match"",""detected"":""en"",""confidence"":1.0}",True,[],[],True,,"{""errors"":[]}",True,[],True,1,0,True,True,False,100,100,19,14,1478,729.47,1305,8,1313,1165.36
e4eb9ea43f9f01434b45,625,nova-pro,arn:aws:bedrock:us-west-2:686465264859:prompt/7ZJL56AKIU,subtitle,nl,en,Laat me je eens bekijken!,Just let me get a look at you!,"{""c"":""Let me take a look at you!""}",Let me take a look at you!,False,1,0,True,True,False,True,,True,,,"{""reason"":""detector_inconclusive"",""detected"":""af"",""confidence"":0.7143}",True,[],[],True,,"{""errors"":[]}",True,[],True,1,0,True,True,False,100,100,12,13,1471,735.86,1299,8,1307,1105.44
4681df2d2913bdb7cdb3,626,nova-pro,arn:aws:bedrock:us-west-2:686465264859:prompt/7ZJL56AKIU,subtitle,nl,en,"O Jesus, Sam.","Jesus, Sam.","{""c"":""Oh Jesus, Sam.""}","Oh Jesus, Sam.",False,1,0,True,True,False,True,,True,,,"{""reason"":""detector_mismatch_uncertain"",""detected"":""id"",""confidence"":1.0}",True,[],[],True,,"{""errors"":[]}",True,[],True,1,0,True,True,False,100,100,11,10,1462,864.65,1285,8,1293,1242.63
15e756e0442debb2e085,627,nova-pro,arn:aws:bedrock:us-west-2:686465264859:prompt/7ZJL56AKIU,subtitle,nl,en,De boom is te zwaar.,The tree's too heavy.,"{""c"":""The tree is too heavy.""}",The tree is too heavy.,False,1,0,True,True,False,True,,True,,True,"{""reason"":""detector_match"",""detected"":""en"",""confidence"":1.0}",True,[],[],True,,"{""errors"":[]}",True,[],True,1,0,True,True,False,100,100,12,11,1466,702.2,1290,8,1298,3078.25
18aca7e3337619b14d71,628,nova-pro,arn:aws:bedrock:us-west-2:686465264859:prompt/7ZJL56AKIU,subtitle,nl,en,"Mama, stop.","Mama, stop.","{""c"":""Mom, stop.""}","Mom, stop.",False,1,0,True,True,False,True,,True,,,"{""reason"":""too_short_for_language_detection"",""detected"":null,""confidence"":null}",True,[],[],True,,"{""errors"":[]}",True,[],True,1,0,True,True,False,100,100,9,9,1460,733.41,1285,8,1293,1279.42
00602cb9f51176fb2c77,629,nova-pro,arn:aws:bedrock:us-west-2:686465264859:prompt/7ZJL56AKIU,subtitle,nl,en,Grace is echt van streek omdat ze dit stadsfoto projekt niet kan doen.,"Aw, Grace is pretty upset about not being able to do this town photo.","{""c"":""Grace is really upset because she can't do this city photo project.""}",Grace is really upset because she can't do this city photo project.,False,1,0,True,True,False,True,,True,,True,"{""reason"":""detector_match"",""detected"":""en"",""confidence"":1.0}",True,[],[],True,,"{""errors"":[]}",True,[],True,1,0,True,True,False,100,100,25,20,1488,742.71,1322,8,1330,1217.01
3ede8d88894a5d24e30d,630,nova-pro,arn:aws:bedrock:us-west-2:686465264859:prompt/7ZJL56AKIU,subtitle,nl,es,Wilt u dat ik ermee ophoud?,- ¿Quiere que pare?,"{""c"":""\u00bfQuieres que deje de hacerlo?""}",¿Quieres que deje de hacerlo?,False,1,0,True,True,False,True,,True,,True,"{""reason"":""detector_match"",""detected"":""es"",""confidence"":1.0}",True,[],[],True,,"{""errors"":[{""category"":""tone"",""severity"":""minor""}]}",True,"[{""category"":""tone"",""severity"":""minor""}]",True,1,0,True,True,False,97,97,14,17,1474,809.96,1309,17,1326,1223.5
ea9ae58467cae62abeef,631,nova-pro,arn:aws:bedrock:us-west-2:686465264859:prompt/7ZJL56AKIU,subtitle,nl,es,Hoe was de film van gisteren?,¿Qué tal la película de anoche?,"{""c"":""\u00bfC\u00f3mo fue la pel\u00edcula de ayer?""}",¿Cómo fue la película de ayer?,False,1,0,True,True,False,True,,True,,True,"{""reason"":""detector_match"",""detected"":""es"",""confidence"":1.0}",True,[],[],True,,"{""errors"":[]}",True,[],True,1,0,True,True,False,100,100,14,31,1487,889.1,1309,8,1317,1192.82
200ab8405ca53fe7bc01,632,nova-pro,arn:aws:bedrock:us-west-2:686465264859:prompt/7ZJL56AKIU,subtitle,nl,es,Gundars. Mr.,Sr. Gundars. ¿Ves?,"{""c"":""Gundars. Sr. ->""}",Gundars. Sr. ->,False,1,0,True,True,False,True,,True,,,"{""reason"":""detector_mismatch_uncertain"",""detected"":""sv"",""confidence"":1.0}",True,[],[],True,,"{""errors"":[{""category"":""preservation"",""severity"":""major""},{""category"":""accuracy"",""severity"":""major""}]}",False,"[{""category"":""preservation"",""severity"":""major""},{""category"":""accuracy"",""severity"":""major""}]",True,1,0,True,True,False,70,70,9,12,1464,757.28,1301,26,1327,1521.94
fa0709e0594b1a090bd5,633,nova-pro,arn:aws:bedrock:us-west-2:686465264859:prompt/7ZJL56AKIU,subtitle,nl,es,"Alstublieft, iedereen... Vandaag vieren we de aankomst van El Murfi in de Stad van de Zero's.","Por favor, todos vosotros, hoy celebramos la llegada de El Murfi a la ciudad de los zeros.","{""c"":""Por favor, todos... Hoy celebramos la llegada de El Murfi a la Ciudad de los Ceros.""}","Por favor, todos... Hoy celebramos la llegada de El Murfi a la Ciudad de los Ceros.",False,2,1,True,False,True,True,,True,,True,"{""reason"":""detector_match"",""detected"":""es"",""confidence"":1.0}",True,[],[],True,,"{""errors"":[]}",True,[],True,1,0,True,True,False,100,100,72,54,3016,1689.76,1364,8,1372,1168.8
18eed7fedf28b36d93ff,634,nova-pro,arn:aws:bedrock:us-west-2:686465264859:prompt/7ZJL56AKIU,subtitle,nl,es,Je loopt een gevaarlijk pad af en je trekt mij met je mee.,Estás yendo por un camino peligroso y me estás arrastrando contigo.,"{""c"":""Estás caminando por un camino peligroso y me arrastras contigo.""}",Estás caminando por un camino peligroso y me arrastras contigo.,False,1,0,True,True,False,True,,True,,True,"{""reason"":""detector_match"",""detected"":""es"",""confidence"":1.0}",True,[],[],True,,"{""errors"":[]}",True,[],True,1,0,True,True,False,100,100,25,19,1488,756.91,1336,8,1344,1161.36
35189bf1d73a987f3d46,635,nova-pro,arn:aws:bedrock:us-west-2:686465264859:prompt/7ZJL56AKIU,subtitle,nl,es,Vergeet dit alles hier.,Olvida todo esto.,"{""c"":""Olvida todo esto aquí.""}",Olvida todo esto aquí.,False,1,0,True,True,False,True,,True,,,"{""reason"":""detector_mismatch_uncertain"",""detected"":""pt"",""confidence"":1.0}",True,[],[],True,,"{""errors"":[{""category"":""accuracy"",""severity"":""minor""}]}",True,"[{""category"":""accuracy"",""severity"":""minor""}]",True,1,0,True,True,False,97,97,11,11,1464,667.49,1295,17,1312,1245.65
ccb4e79e8ac69a75f143,636,nova-pro,arn:aws:bedrock:us-west-2:686465264859:prompt/7ZJL56AKIU,subtitle,nl,es,"Ik houd ook van jou, Lois.","Yo también te quiero, Lois.","{""c"":""Yo tambi\u00e9n te quiero, Lois.""}


","Yo también te quiero, Lois.",False,1,0,True,True,False,True,,True,,True,"{""reason"":""detector_match"",""detected"":""es"",""confidence"":1.0}",True,[],[],True,,"{""errors"":[]}",True,[],True,1,0,True,True,False,100,100,16,21,1479,804.19,1307,8,1315,1737.08
4e3d57b1847a6c9b57cd,637,nova-pro,arn:aws:bedrock:us-west-2:686465264859:prompt/7ZJL56AKIU,subtitle,nl,es,"Nee, het was iemand anders.","No. No, se trataba de otro tipo.","{""c"":""No, era otra persona.""}","No, era otra persona.",False,1,0,True,True,False,True,,True,,True,"{""reason"":""detector_match"",""detected"":""es"",""confidence"":0.9947}",True,[],[],True,,"{""errors"":[]}",True,[],True,1,0,True,True,False,100,100,14,11,1469,656.99,1299,8,1307,1322.93
2546751ea984b8eb2c6b,638,nova-pro,arn:aws:bedrock:us-west-2:686465264859:prompt/7ZJL56AKIU,subtitle,nl,es,Dat is het goede aan hertenvlees.,Eso es lo bueno de la carne de ciervo.,"{""c"":""Esa es la ventaja de la carne de venado.""}",Esa es la ventaja de la carne de venado.,False,1,0,True,True,False,True,,True,,True,"{""reason"":""detector_match"",""detected"":""es"",""confidence"":1.0}",True,[],[],True,,"{""errors"":[]}",True,[],True,1,0,True,True,False,100,100,14,17,1478,652.62,1314,8,1322,1244.96
8286eceab5342daae995,639,nova-pro,arn:aws:bedrock:us-west-2:686465264859:prompt/7ZJL56AKIU,subtitle,nl,es,"Die vorige generaal was al een vreselijke viespeuk, maar Ban Sung is erger.","Ya era difícil hacer negocios con el baboso del viejo general, pero Ban Sung es todavía peor.","{""c"":""El general anterior ya era un terrible cerdo sucio, pero Ban Sung es peor.""}","El general anterior ya era un terrible cerdo sucio, pero Ban Sung es peor.",False,1,0,True,True,False,True,,True,,True,"{""reason"":""detector_match"",""detected"":""es"",""confidence"":1.0}",True,[],[],True,,"{""errors"":[]}",True,[],True,1,0,True,True,False,100,100,26,22,1492,893.06,1344,8,1352,1145.82
38cff194062934574ecf,640,nova-pro,arn:aws:bedrock:us-west-2:686465264859:prompt/7ZJL56AKIU,subtitle,nl,fr,Ik herinner me dat je moeder je moest slaan voor je een jurk aantrok.,Salut... Dire que ta mère te battait pour que tu mettes une robe.,"{""c"":""Je me souviens que ta m\u00e8re a d\u00fb te frapper pour que tu portes une robe.""}",Je me souviens que ta mère a dû te frapper pour que tu portes une robe.,False,1,0,True,True,False,True,,True,,True,"{""reason"":""detector_match"",""detected"":""fr"",""confidence"":1.0}",True,[],[],True,,"{""errors"":[]}",True,[],True,1,0,True,True,False,100,100,27,38,1510,1017.36,1341,8,1349,1165.42
9fcc34621cf43b6d0753,641,nova-pro,arn:aws:bedrock:us-west-2:686465264859:prompt/7ZJL56AKIU,subtitle,nl,fr,Kun jij dat ook zeggen?,Pouvez-vous en dire de même ?,"{""c"":""Peux-tu dire cela aussi?""}",Peux-tu dire cela aussi?,False,1,0,True,True,False,True,,True,,True,"{""reason"":""detector_match"",""detected"":""fr"",""confidence"":1.0}",True,[],[],True,,"{""errors"":[]}",True,[],True,1,0,True,True,False,100,100,12,13,1470,719.9,1305,8,1313,1483.1
510ad29ba48e68a2df31,642,nova-pro,arn:aws:bedrock:us-west-2:686465264859:prompt/7ZJL56AKIU,subtitle,nl,fr,- IJs met een cliënt?,- De la glace avec un client?,"{""c"":""Une glace avec un client?""}",Une glace avec un client?,False,1,0,True,True,False,True,,True,,True,"{""reason"":""detector_match"",""detected"":""fr"",""confidence"":1.0}",True,[],[],True,,"{""errors"":[]}",True,[],True,1,0,True,True,False,100,100,12,12,1470,646.81,1299,8,1307,1279.48
f87279e8a70bb9178406,643,nova-pro,arn:aws:bedrock:us-west-2:686465264859:prompt/7ZJL56AKIU,subtitle,nl,fr,Ze kan Davina vinden voordat die man haar kwaad doet.,Elle trouvera Davina avant que cet homme abuse d'elle.,"{""c"":""Elle peut trouver Davina avant que cet homme ne lui fasse du mal.""}",Elle peut trouver Davina avant que cet homme ne lui fasse du mal.,False,1,0,True,True,False,True,,True,,True,"{""reason"":""detector_match"",""detected"":""fr"",""confidence"":1.0}",True,[],[],True,,"{""errors"":[]}",True,[],True,1,0,True,True,False,100,100,20,22,1486,841.14,1326,8,1334,1174.01
6420c34d0c6b84db53e9,644,nova-pro,arn:aws:bedrock:us-west-2:686465264859:prompt/7ZJL56AKIU,subtitle,nl,fr,Ik ken je van een foto.,Je t'ai reconnu d'après une photo.,"{""c"":""Je te connais d'une photo.""}",Je te connais d'une photo.,False,1,0,True,True,False,True,,True,,True,"{""reason"":""detector_match"",""detected"":""fr"",""confidence"":1.0}",True,[],[],True,,"{""errors"":[]}",True,[],True,1,0,True,True,False,100,100,14,14,1469,765.1,1301,8,1309,1145.82
561209c196b02255f6e7,645,nova-pro,arn:aws:bedrock:us-west-2:686465264859:prompt/7ZJL56AKIU,subtitle,nl,fr,We maken toch geen van beiden kans bij Jackie.,"D'ailleurs, Jackie ne veut pas de nous.","{""c"":""Nous n'avons aucune chance tous les deux avec Jackie.""}",Nous n'avons aucune chance tous les deux avec Jackie.,False,1,0,True,True,False,True,,True,,True,"{""reason"":""detector_match"",""detected"":""fr"",""confidence"":1.0}",True,[],[],True,,"{""errors"":[]}",True,[],True,1,0,True,True,False,100,100,19,20,1481,631.2,1311,8,1319,1264.15
4969e0845016e9000c42,646,nova-pro,arn:aws:bedrock:us-west-2:686465264859:prompt/7ZJL56AKIU,subtitle,nl,fr,Ja.,Oui.,"{""c"":""Oui.""}",Oui.,False,1,0,True,True,False,True,,True,,,"{""reason"":""too_short_for_language_detection"",""detected"":null,""confidence"":null}",True,[],[],True,,"{""errors"":[]}",True,[],True,1,0,True,True,False,100,100,6,8,1457,761.9,1282,8,1290,1214.07
d0c0f948cef77ff07f78,647,nova-pro,arn:aws:bedrock:us-west-2:686465264859:prompt/7ZJL56AKIU,subtitle,nl,fr,"Denk niet dat jij meer van romantiek weet dan ik. Handje vasthouden, elkaar voeren en afvegen is ook maar gelul.",N'imaginez pas que vous êtes un as de la romance en vous tripotant les mains et en vous donnant la becquée.,"{""c"":""Ne pense pas que tu en sais plus que moi sur la romance. Se tenir la main, se nourrir mutuellement et s'essuyer, ce n'est que du blabla.""}","Ne pense pas que tu en sais plus que moi sur la romance. Se tenir la main, se nourrir mutuellement et s'essuyer, ce n'est que du blabla.",False,1,0,True,True,False,True,,True,,True,"{""reason"":""detector_match"",""detected"":""fr"",""confidence"":1.0}",True,[],[],True,,"{""errors"":[{""category"":""tone"",""severity"":""major""},{""category"":""accuracy"",""severity"":""minor""}]}",False,"[{""category"":""tone"",""severity"":""major""},{""category"":""accuracy"",""severity"":""minor""}]",True,1,0,True,True,False,82,82,39,47,1535,1076.38,1386,26,1412,1302.57
868e6b3e53e1ddcae1e2,648,nova-pro,arn:aws:bedrock:us-west-2:686465264859:prompt/7ZJL56AKIU,subtitle,nl,fr,Ja.,Oui.,"{""c"":""Ja.""}",Ja.,False,1,0,True,True,False,True,,True,,,"{""reason"":""too_short_for_language_detection"",""detected"":null,""confidence"":null}",True,[],"[{""code"":""source_copy_suspected""}]",True,,"{""errors"":[{""category"":""accuracy"",""severity"":""critical""}]}",False,"[{""category"":""accuracy"",""severity"":""critical""}]",True,1,0,True,True,False,57,57,6,7,1456,629.85,1281,17,1298,1237.59
444a8e4bf9edcf7f4c4b,649,nova-pro,arn:aws:bedrock:us-west-2:686465264859:prompt/7ZJL56AKIU,subtitle,nl,fr,"Wij, Seymour, hebben geen probleem met hem.","- Nous, Seymour, on n'a rien contre lui.","{""c"":""Nous, Seymour, n'avons aucun probl\u00e8me avec lui.""}","Nous, Seymour, n'avons aucun problème avec lui.",False,1,0,True,True,False,True,,True,,True,"{""reason"":""detector_match"",""detected"":""fr"",""confidence"":1.0}",True,[],[],True,,"{""errors"":[]}",True,[],True,1,0,True,True,False,100,100,19,27,1490,802.63,1325,8,1333,1178.33
dd2d8f420cacd75008b0,650,nova-pro,arn:aws:bedrock:us-west-2:686465264859:prompt/7ZJL56AKIU,subtitle,nl,it,"Bedankt, meneer.","Grazie, signore.","{""c"":""Grazie, signore.""}","Grazie, signore.",False,1,0,True,True,False,True,,True,,True,"{""reason"":""detector_match"",""detected"":""it"",""confidence"":1.0}",True,[],[],True,,"{""errors"":[]}",True,[],True,1,0,True,True,False,100,100,9,12,1466,684.19,1293,8,1301,1204.68
bb307c17dbd7855c50f9,651,nova-pro,arn:aws:bedrock:us-west-2:686465264859:prompt/7ZJL56AKIU,subtitle,nl,it,- Ik kan alles horen wat jullie zeggen.,- Guardate che sento tutto.,"{""c"":""Posso sentire tutto quello che dite. -> it""}",Posso sentire tutto quello che dite. -> it,False,1,0,True,True,False,True,,True,,True,"{""reason"":""detector_match"",""detected"":""it"",""confidence"":1.0}",True,[],[],True,,"{""errors"":[{""category"":""preservation"",""severity"":""major""}]}",False,"[{""category"":""preservation"",""severity"":""major""}]",True,1,0,True,True,False,85,85,17,17,1479,732.36,1310,17,1327,1204.07
a3f6276c8dc702e6fc33,652,nova-pro,arn:aws:bedrock:us-west-2:686465264859:prompt/7ZJL56AKIU,subtitle,nl,it,Ga gewoon zitten.,Siediti.,"{""c"":""Sedetevi e basta.""}",Sedetevi e basta.,False,1,0,True,True,False,True,,True,,,"{""reason"":""detector_inconclusive"",""detected"":""it"",""confidence"":0.7143}",True,[],[],True,,"{""errors"":[{""category"":""accuracy"",""severity"":""minor""}]}",True,"[{""category"":""accuracy"",""severity"":""minor""}]",True,1,0,True,True,False,97,97,9,11,1464,731.31,1290,17,1307,1945.11
c4929bae6cffaef706f6,653,nova-pro,arn:aws:bedrock:us-west-2:686465264859:prompt/7ZJL56AKIU,subtitle,nl,it,Had hij werknemers?,Aveva dei dipendenti?,"{""c"":""Aveva dei dipendenti?""}",Aveva dei dipendenti?,False,1,0,True,True,False,True,,True,,True,"{""reason"":""detector_match"",""detected"":""it"",""confidence"":1.0}",True,[],[],True,,"{""errors"":[]}",True,[],True,1,0,True,True,False,100,100,9,10,1464,729.13,1293,8,1301,1290.71
67779427d19f4a9300d7,654,nova-pro,arn:aws:bedrock:us-west-2:686465264859:prompt/7ZJL56AKIU,subtitle,nl,it,"- Geen punt, Harold.","Lascia stare, Harold.","{""c"":""Nessun problema, Harold.""}","Nessun problema, Harold.",False,1,0,True,True,False,True,,True,,,"{""reason"":""detector_inconclusive"",""detected"":""en"",""confidence"":0.5714}",True,[],[],True,,"{""errors"":[]}",True,[],True,1,0,True,True,False,100,100,12,12,1466,620.23,1294,8,1302,1255.85
5f146afbaf428c60fb4f,655,nova-pro,arn:aws:bedrock:us-west-2:686465264859:prompt/7ZJL56AKIU,subtitle,nl,it,"Oké, we vertrekken. Wanneer ik het zeg, oké?","Gente, ora partiamo perché l'ho detto io, va bene?","{""c"":""Ok, partiamo. Quando dico io, ok?""}","Ok, partiamo. Quando dico io, ok?",False,1,0,True,True,False,True,,True,,,"{""reason"":""detector_inconclusive"",""detected"":""it"",""confidence"":0.5714}",True,[],[],True,,"{""errors"":[]}",True,[],True,1,0,True,True,False,100,100,22,18,1486,798.07,1329,8,1337,1065.42
4465ae02cd9763f9e118,656,nova-pro,arn:aws:bedrock:us-west-2:686465264859:prompt/7ZJL56AKIU,subtitle,nl,it,-Dank je.,- Grazie.,"{""c"":""Grazie.""}


",Grazie.,False,1,0,True,True,False,True,,True,,,"{""reason"":""too_short_for_language_detection"",""detected"":null,""confidence"":null}",True,[],[],True,,"{""errors"":[]}",True,[],True,1,0,True,True,False,100,100,9,9,1461,746.6,1285,8,1293,1133.62
f804b396d9ac36c1fd6a,657,nova-pro,arn:aws:bedrock:us-west-2:686465264859:prompt/7ZJL56AKIU,subtitle,nl,it,Misschien kunnen we beter een andere keer komen.,Magari... torneremo un'altra volta.,"{""c"":""Forse dovremmo venire un'altra volta.""}",Forse dovremmo venire un'altra volta.,False,1,0,True,True,False,True,,True,,True,"{""reason"":""detector_match"",""detected"":""it"",""confidence"":1.0}",True,[],[],True,,"{""errors"":[]}",True,[],True,1,0,True,True,False,100,100,17,18,1479,742.72,1310,8,1318,1342.03
e463571ffca4e72f3eb5,658,nova-pro,arn:aws:bedrock:us-west-2:686465264859:prompt/7ZJL56AKIU,subtitle,nl,it,Er is nieuw bewijs.,Ci sono nuove prove.,"{""c"":""Ci sono nuove prove.""}",Ci sono nuove prove.,False,1,0,True,True,False,True,,True,,True,"{""reason"":""detector_match"",""detected"":""it"",""confidence"":1.0}",True,[],[],True,,"{""errors"":[]}",True,[],True,1,0,True,True,False,100,100,11,10,1465,807.47,1292,8,1300,1216.97
e151d339a3f0ed5b21a7,659,nova-pro,arn:aws:bedrock:us-west-2:686465264859:prompt/7ZJL56AKIU,subtitle,nl,it,Er bestaat geen twijfel.,Non c'è alcun dubbio.,"{""c"":""Non c'\u00e8 alcun dubbio.""}",Non c'è alcun dubbio.,False,1,0,True,True,False,True,,True,,True,"{""reason"":""detector_match"",""detected"":""it"",""confidence"":1.0}",True,[],[],True,,"{""errors"":[]}",True,[],True,1,0,True,True,False,100,100,11,18,1475,872.09,1298,8,1306,1240.22
b0d2204a7fbacaa3596b,660,nova-pro,arn:aws:bedrock:us-west-2:686465264859:prompt/7ZJL56AKIU,subtitle,nl,jp,- Wat gebeurt er?,- 何が起きたんだ！ - なんだそれ？,"{""c"":""何が起こっているのですか？""}",何が起こっているのですか？,False,1,0,True,True,False,True,,True,,True,"{""reason"":""target_script_present"",""detected"":""ja"",""confidence"":1.0}",True,[],[],True,,"{""errors"":[]}",True,[],True,1,0,True,True,False,100,100,11,12,1466,815.91,1311,8,1319,1186.32
8422df8144581e1ec682,661,nova-pro,arn:aws:bedrock:us-west-2:686465264859:prompt/7ZJL56AKIU,subtitle,nl,jp,Ik ga me tegoed doen aan je ziel.,ぉ前の魂を食らつてやる,"{""c"":""私はあなたの魂をむさぼり食うつもりです。""}",私はあなたの魂をむさぼり食うつもりです。,False,1,0,True,True,False,True,,True,,True,"{""reason"":""target_script_present"",""detected"":""ja"",""confidence"":1.0}",True,[],[],True,,"{""errors"":[{""category"":""tone"",""severity"":""major""}]}",False,"[{""category"":""tone"",""severity"":""major""}]",True,1,0,True,True,False,85,85,17,19,1482,904.4,1323,17,1340,1216.31
79a805637f54e3eb55d6,662,nova-pro,arn:aws:bedrock:us-west-2:686465264859:prompt/7ZJL56AKIU,subtitle,nl,jp,Dankjewel.,ありがとう,"{""c"":""ありがとう。""}",ありがとう。,False,1,0,True,True,False,True,,True,,True,"{""reason"":""target_script_present"",""detected"":""ja"",""confidence"":1.0}",True,[],[],True,,"{""errors"":[]}",True,[],True,1,0,True,True,False,100,100,6,9,1460,644.92,1291,8,1299,1240.84
5139c0ffc656d4ffb448,663,nova-pro,arn:aws:bedrock:us-west-2:686465264859:prompt/7ZJL56AKIU,subtitle,nl,jp,Dat zou ik graag willen. Maar er zit een prijskaartje aan.,したいが それには対価が要る,"{""c"":""それはしたいですね。でも値段が付いています。""}",それはしたいですね。でも値段が付いています。,False,1,0,True,True,False,True,,True,,True,"{""reason"":""target_script_present"",""detected"":""ja"",""confidence"":1.0}",True,[],[],True,,"{""errors"":[{""category"":""accuracy"",""severity"":""major""}]}",False,"[{""category"":""accuracy"",""severity"":""major""}]",True,1,0,True,True,False,85,85,23,17,1487,872.77,1323,17,1340,1143.54
7dbb5da44f29e7843d48,664,nova-pro,arn:aws:bedrock:us-west-2:686465264859:prompt/7ZJL56AKIU,subtitle,nl,jp,"Nee, meneer.",いいえ、サー。,"{""c"":""いいえ、先生。""}",いいえ、先生。,False,1,0,True,True,False,True,,True,,True,"{""reason"":""target_script_present"",""detected"":""ja"",""confidence"":1.0}",True,[],[],True,,"{""errors"":[{""category"":""terminology"",""severity"":""minor""}]}",True,"[{""category"":""terminology"",""severity"":""minor""}]",True,1,0,True,True,False,97,97,9,10,1463,829.6,1296,17,1313,1165.74
6fc871ce72344061be4a,665,nova-pro,arn:aws:bedrock:us-west-2:686465264859:prompt/7ZJL56AKIU,subtitle,nl,jp,"Hé, jongens. Pak maar.",さあどうぞ カウボーイ　プリンセス,"{""c"":""ねえ、みんな。どうぞ。""}",ねえ、みんな。どうぞ。,False,2,1,True,False,True,True,,True,,True,"{""reason"":""target_script_present"",""detected"":""ja"",""confidence"":1.0}",True,[],[],True,,"{""errors"":[]}",True,[],True,1,0,True,True,False,100,100,28,2013,4927,9221.32,1318,8,1326,1230.82
b3812d02faca723ab730,666,nova-pro,arn:aws:bedrock:us-west-2:686465264859:prompt/7ZJL56AKIU,subtitle,nl,jp,M'n familie?,- 私の家族は？,"{""c"":""私の家族？""}",私の家族？,False,1,0,True,True,False,True,,True,,True,"{""reason"":""target_script_present"",""detected"":""ja"",""confidence"":1.0}",True,[],[],True,,"{""errors"":[]}",True,[],True,1,0,True,True,False,100,100,11,8,1462,797.73,1292,8,1300,1214.84
f076a8adfb5a063175cb,667,nova-pro,arn:aws:bedrock:us-west-2:686465264859:prompt/7ZJL56AKIU,subtitle,nl,jp,"Of het nou zout, goud of olie is.",それが塩や金や 油であろうとなかろうと,"{""c"":""それが塩、金、または石油であっても。""}",それが塩、金、または石油であっても。,False,1,0,True,True,False,True,,True,,True,"{""reason"":""target_script_present"",""detected"":""ja"",""confidence"":1.0}",True,[],[],True,,"{""errors"":[{""category"":""accuracy"",""severity"":""minor""}]}",True,"[{""category"":""accuracy"",""severity"":""minor""}]",True,1,0,True,True,False,97,97,19,16,1479,774.55,1318,17,1335,1242.0
12aee416cdb1837dd87e,668,nova-pro,arn:aws:bedrock:us-west-2:686465264859:prompt/7ZJL56AKIU,subtitle,nl,jp,Daar ben ik gek op.,- そうなの　わたし、ピューターが大好きなの,"{""c"":""それ、大好きです。""}",それ、大好きです。,False,1,0,True,True,False,True,,True,,True,"{""reason"":""target_script_present"",""detected"":""ja"",""confidence"":1.0}",True,[],[],True,,"{""errors"":[]}",True,[],True,1,0,True,True,False,100,100,12,11,1468,645.89,1310,8,1318,1138.48
6364e8ae2d6dea1669ab,669,nova-pro,arn:aws:bedrock:us-west-2:686465264859:prompt/7ZJL56AKIU,subtitle,nl,jp,"Mason, hoe was je week?",メイソン　今週はどうだった？,"{""c"":""メーソン、今週はどうだった？""}",メーソン、今週はどうだった？,False,1,0,True,True,False,True,,True,,True,"{""reason"":""target_script_present"",""detected"":""ja"",""confidence"":1.0}",True,[],[],True,,"{""errors"":[{""category"":""preservation"",""severity"":""minor""}]}",True,"[{""category"":""preservation"",""severity"":""minor""}]",True,1,0,True,True,False,97,97,14,14,1470,909.27,1308,17,1325,1223.99
be08663ec6d9a1d683e8,670,nova-pro,arn:aws:bedrock:us-west-2:686465264859:prompt/7ZJL56AKIU,subtitle,nl,nb,Ik zeg het alleen maar.,Jeg bare sier det.,"{""c"":""Jeg sier det bare.""}",Jeg sier det bare.,False,1,0,True,True,False,True,,True,,True,"{""reason"":""detector_match"",""detected"":""no"",""confidence"":0.9378}",True,[],[],True,,"{""errors"":[]}",True,[],True,1,0,True,True,False,100,100,12,13,1472,1007.21,1294,8,1302,1205.37
7b8b7b36e42b6a8a94d2,671,nova-pro,arn:aws:bedrock:us-west-2:686465264859:prompt/7ZJL56AKIU,subtitle,nl,nb,Oké... oké.,Ok.,"{""c"":""Ok\u00e9... ok\u00e9.""}",Oké... oké.,False,1,0,True,True,False,True,,True,,,"{""reason"":""too_short_for_language_detection"",""detected"":null,""confidence"":null}",True,[],"[{""code"":""source_copy_suspected""}]",True,,"{""errors"":[]}",True,[],True,1,0,True,True,False,97,97,9,21,1475,1061.39,1287,8,1295,1242.04
d5bb50a256b30fdc0341,672,nova-pro,arn:aws:bedrock:us-west-2:686465264859:prompt/7ZJL56AKIU,subtitle,nl,nb,Denk je nu dat je het antwoord hebt?,Tror du at du har et svar nå?,"{""c"":""Tror du n\u00e5 at du har svaret?""}",Tror du nå at du har svaret?,False,1,0,True,True,False,True,,True,,,"{""reason"":""detector_inconclusive"",""detected"":""sv"",""confidence"":0.8571}",True,[],[],True,,"{""errors"":[]}",True,[],True,1,0,True,True,False,100,100,17,23,1484,977.9,1312,8,1320,1184.2
24911658b1d8cb92ef9a,673,nova-pro,arn:aws:bedrock:us-west-2:686465264859:prompt/7ZJL56AKIU,subtitle,nl,nb,"Op mijn scheiding, ja.",For skilsmissen min!,"{""c"":""P\u00e5 min separasjon, ja. -> nb""}","På min separasjon, ja. -> nb",False,1,0,True,True,False,True,,True,,,"{""reason"":""detector_inconclusive"",""detected"":""no"",""confidence"":0.4286}",True,[],[],True,,"{""errors"":[{""category"":""fluency"",""severity"":""critical""},{""category"":""preservation"",""severity"":""major""}]}",False,"[{""category"":""fluency"",""severity"":""critical""},{""category"":""preservation"",""severity"":""major""}]",True,1,0,True,True,False,45,45,12,22,1479,818.76,1296,27,1323,1368.4
af56cb40db01eca8b167,674,nova-pro,arn:aws:bedrock:us-west-2:686465264859:prompt/7ZJL56AKIU,subtitle,nl,nb,Voel je je goed?,Føles det bra?,"{""c"":""F\u00f8ler du deg bra?""}",Føler du deg bra?,False,1,0,True,True,False,True,,True,,True,"{""reason"":""detector_match"",""detected"":""no"",""confidence"":0.897}",True,[],[],True,,"{""errors"":[]}",True,[],True,1,0,True,True,False,100,100,11,18,1473,774.16,1296,8,1304,1267.57
f5036b5ad65373e478ff,675,nova-pro,arn:aws:bedrock:us-west-2:686465264859:prompt/7ZJL56AKIU,subtitle,nl,nb,Enige tijd geleden was er een beloning uit voor Bill San Antonio.,For en tid siden ble det satt en belønning på Bill San Antonio.,"{""c"":""For en tid siden var det en bel\u00f8nning ut for Bill San Antonio.""}",For en tid siden var det en belønning ut for Bill San Antonio.,False,1,0,True,True,False,True,,True,,True,"{""reason"":""detector_match"",""detected"":""no"",""confidence"":0.9988}",True,[],[],True,,"{""errors"":[{""category"":""fluency"",""severity"":""major""}]}",False,"[{""category"":""fluency"",""severity"":""major""}]",True,1,0,True,True,False,85,85,23,30,1497,998.99,1322,18,1340,1248.58
1ec623640f77a2e4c03c,676,nova-pro,arn:aws:bedrock:us-west-2:686465264859:prompt/7ZJL56AKIU,subtitle,nl,nb,"Kom, dan gaan we.",Kom.,"{""c"":""Kom, da går vi.""}","Kom, da går vi.",False,1,0,True,True,False,True,,True,,,"{""reason"":""detector_inconclusive"",""detected"":""sv"",""confidence"":0.8927}",True,[],[],True,,"{""errors"":[]}",True,[],True,1,0,True,True,False,100,100,12,12,1467,726.44,1289,8,1297,2681.83
7381d308fb583980f58d,677,nova-pro,arn:aws:bedrock:us-west-2:686465264859:prompt/7ZJL56AKIU,subtitle,nl,nb,Het gebeurt.,Det skjer.,"{""c"":""Det skjer. -> nb""}",Det skjer. -> nb,False,1,0,True,True,False,True,,True,,True,"{""reason"":""detector_match"",""detected"":""no"",""confidence"":1.0}",True,[],[],True,,"{""errors"":[{""category"":""preservation"",""severity"":""critical""}]}",False,"[{""category"":""preservation"",""severity"":""critical""}]",True,1,0,True,True,False,60,60,8,13,1466,673.0,1286,17,1303,1335.01
4393547f22997ad4c490,678,nova-pro,arn:aws:bedrock:us-west-2:686465264859:prompt/7ZJL56AKIU,subtitle,nl,nb,- Jamey.,- Jamey?,"{""c"":""Jamey. -> nb""}",Jamey. -> nb,False,1,0,True,True,False,True,,True,,,"{""reason"":""too_short_for_language_detection"",""detected"":null,""confidence"":null}",True,[],[],True,,"{""errors"":[{""category"":""fluency"",""severity"":""critical""}]}",False,"[{""category"":""fluency"",""severity"":""critical""}]",True,1,0,True,True,False,60,60,8,11,1463,769.71,1288,18,1306,1340.45
fbcb1ebdcab3ff9b0f3a,679,nova-pro,arn:aws:bedrock:us-west-2:686465264859:prompt/7ZJL56AKIU,subtitle,nl,nb,Niemand rust!,Ingen må hvile!,"{""c"":""Ingen hvile!""}",Ingen hvile!,False,1,0,True,True,False,True,,True,,,"{""reason"":""detector_mismatch_uncertain"",""detected"":""da"",""confidence"":1.0}",True,[],[],True,,"{""errors"":[{""category"":""accuracy"",""severity"":""major""}]}",False,"[{""category"":""accuracy"",""severity"":""major""}]",True,1,0,True,True,False,85,85,8,10,1463,882.31,1287,17,1304,1276.9
c9de68a27b20dc66f4e7,680,nova-pro,arn:aws:bedrock:us-west-2:686465264859:prompt/7ZJL56AKIU,subtitle,nb,da,Barna har ikke sagt ja til noe.,Børnene har ikke sagt ja til noget.,"{""c"":""Barna har ikke sagt ja til noget.""}",Barna har ikke sagt ja til noget.,False,1,0,True,True,False,True,,True,,,"{""reason"":""detector_inconclusive"",""detected"":""no"",""confidence"":0.9127}",True,[],[],True,,"{""errors"":[{""category"":""fluency"",""severity"":""major""}]}",False,"[{""category"":""fluency"",""severity"":""major""}]",True,1,0,True,True,False,85,85,16,15,1472,1021.61,1308,18,1326,1185.91
91097dbed2a28b5ddc82,681,nova-pro,arn:aws:bedrock:us-west-2:686465264859:prompt/7ZJL56AKIU,subtitle,nb,da,La oss ta en drink før vi går.,"Lad os tage en drink, før vi går.","{""c"":""Lad os tage en drink, f\u00f8r vi g\u00e5r.""}","Lad os tage en drink, før vi går.",False,1,0,True,True,False,True,,True,,True,"{""reason"":""detector_match"",""detected"":""da"",""confidence"":0.9233}",True,[],[],True,,"{""errors"":[]}",True,[],True,1,0,True,True,False,100,100,17,31,1490,1023.91,1307,8,1315,1263.29
840b13bb27dff1053695,682,nova-pro,arn:aws:bedrock:us-west-2:686465264859:prompt/7ZJL56AKIU,subtitle,nb,da,Her er nummeret mitt.,Her er mit nummer.,"{""c"":""Her er mit nummer.""}",Her er mit nummer.,False,1,0,True,True,False,True,,True,,True,"{""reason"":""detector_match"",""detected"":""da"",""confidence"":0.8571}",True,[],[],True,,"{""errors"":[]}",True,[],True,1,0,True,True,False,100,100,11,11,1466,758.82,1288,8,1296,1198.26
a92928bbe033a149d499,683,nova-pro,arn:aws:bedrock:us-west-2:686465264859:prompt/7ZJL56AKIU,subtitle,nb,da,Men en gang i tiden var jeg svært forelsket i ham.,Men en gang var jeg meget forelsket i ham.,"{""c"":""Men en gang i tiden var jeg s\u00f8rt forelsket i ham.""}",Men en gang i tiden var jeg sørt forelsket i ham.,False,1,0,True,True,False,True,,True,,,"{""reason"":""detector_mismatch_uncertain"",""detected"":""no"",""confidence"":1.0}",True,[],[],True,,"{""errors"":[{""category"":""fluency"",""severity"":""major""}]}",False,"[{""category"":""fluency"",""severity"":""major""}]",True,1,0,True,True,False,85,85,22,29,1495,939.76,1313,18,1331,1202.11
e1ee05dce511418079e6,684,nova-pro,arn:aws:bedrock:us-west-2:686465264859:prompt/7ZJL56AKIU,subtitle,nb,da,-Jeg vet.,- Ja.,"{""c"":""Jeg ved det.""}",Jeg ved det.,False,1,0,True,True,False,True,,True,,True,"{""reason"":""detector_match"",""detected"":""da"",""confidence"":1.0}",True,[],[],True,,"{""errors"":[]}",True,[],True,1,0,True,True,False,100,100,9,11,1463,736.18,1285,8,1293,1196.91
d46894f71f04a1de45ec,685,nova-pro,arn:aws:bedrock:us-west-2:686465264859:prompt/7ZJL56AKIU,subtitle,nb,da,Og jeg har kameraet. Hva nå?,Jeg har kameraet i mit.,"{""c"":""Og jeg har kameraet. Hvad nu?""}",Og jeg har kameraet. Hvad nu?,False,1,0,True,True,False,True,,True,,,"{""reason"":""detector_inconclusive"",""detected"":""hr"",""confidence"":0.8571}",True,[],[],True,,"{""errors"":[]}",True,[],True,1,0,True,True,False,100,100,16,18,1477,748.32,1309,8,1317,1192.11
973b20729bffb9807919,686,nova-pro,arn:aws:bedrock:us-west-2:686465264859:prompt/7ZJL56AKIU,subtitle,nb,da,"Ok, folkens.","Okay, venner.","{""c"":""Ok, folkens.""}


","Ok, folkens.",False,1,0,True,True,False,True,,True,,,"{""reason"":""detector_mismatch_uncertain"",""detected"":""no"",""confidence"":1.0}",True,[],"[{""code"":""source_copy_suspected""}]",True,,"{""errors"":[]}",True,[],True,1,0,True,True,False,97,97,9,12,1465,836.6,1287,8,1295,1189.22
2646c20da3c0bbc17f80,687,nova-pro,arn:aws:bedrock:us-west-2:686465264859:prompt/7ZJL56AKIU,subtitle,nb,da,De fortalte meg aldri.,De har aldrig fortalt mig det.,"{""c"":""De fortalte mig aldrig.""}
",De fortalte mig aldrig.,False,1,0,True,True,False,True,,True,,True,"{""reason"":""detector_match"",""detected"":""da"",""confidence"":1.0}",True,[],[],True,,"{""errors"":[]}",True,[],True,1,0,True,True,False,100,100,11,15,1470,841.17,1298,8,1306,1225.95
8a98459fef84c01f4f3f,688,nova-pro,arn:aws:bedrock:us-west-2:686465264859:prompt/7ZJL56AKIU,subtitle,nb,da,Retter om kameraet mot nord-nordøst.,"Retter kameraet nord, nordøst.","{""c"":""Ret kameraet mod nord-nord\u00f8st.""}


",Ret kameraet mod nord-nordøst.,False,1,0,True,True,False,True,,True,,,"{""reason"":""detector_mismatch_uncertain"",""detected"":""no"",""confidence"":1.0}",True,[],[],True,,"{""errors"":[]}",True,[],True,1,0,True,True,False,100,100,16,22,1482,798.31,1309,8,1317,1174.57
d813be9e2ff082e426ca,689,nova-pro,arn:aws:bedrock:us-west-2:686465264859:prompt/7ZJL56AKIU,subtitle,nb,da,- Du bekjemper kriminalitet.,- Du er noget af en kriminalknuser.,"{""c"":""Du bek\u00e6mper kriminalitet.""}",Du bekæmper kriminalitet.,False,1,0,True,True,False,True,,True,,,"{""reason"":""detector_inconclusive"",""detected"":""da"",""confidence"":0.5714}",True,[],[],True,,"{""errors"":[]}",True,[],True,1,0,True,True,False,100,100,11,20,1477,847.06,1305,8,1313,1157.9
d1da678032629c4e6924,690,nova-pro,arn:aws:bedrock:us-west-2:686465264859:prompt/7ZJL56AKIU,subtitle,nb,de,Det er mer.,Und noch mehr.,"{""c"":""Es gibt mehr.""}",Es gibt mehr.,False,1,0,True,True,False,True,,True,,True,"{""reason"":""detector_match"",""detected"":""de"",""confidence"":1.0}",True,[],[],True,,"{""errors"":[]}",True,[],True,1,0,True,True,False,100,100,9,9,1460,637.63,1284,8,1292,1203.28
d3a95598b69b36e1f78e,691,nova-pro,arn:aws:bedrock:us-west-2:686465264859:prompt/7ZJL56AKIU,subtitle,nb,de,Du kommer til meg først.,Du kommst also zuerst zu mir.,"{""c"":""Du kommst zuerst zu mir.""}",Du kommst zuerst zu mir.,False,1,0,True,True,False,True,,True,,True,"{""reason"":""detector_match"",""detected"":""de"",""confidence"":1.0}",True,[],[],True,,"{""errors"":[]}",True,[],True,1,0,True,True,False,100,100,12,12,1468,894.77,1296,8,1304,1779.11
c7f0ffe8709ec49a5acf,692,nova-pro,arn:aws:bedrock:us-west-2:686465264859:prompt/7ZJL56AKIU,subtitle,nb,de,Det er helt feil. Og Nikki ville ikke like det.,Das ist falsch und würde Nikki nicht gefallen.,"{""c"":""Das ist völlig falsch. Und Nikki w\u00fcrde es nicht m\u00f6gen.""}",Das ist völlig falsch. Und Nikki würde es nicht mögen.,False,1,0,True,True,False,True,,True,,True,"{""reason"":""detector_match"",""detected"":""de"",""confidence"":1.0}",True,[],[],True,,"{""errors"":[]}",True,[],True,1,0,True,True,False,100,100,22,31,1493,929.42,1320,8,1328,1260.05
1b6d3e86c98249d3d5e5,693,nova-pro,arn:aws:bedrock:us-west-2:686465264859:prompt/7ZJL56AKIU,subtitle,nb,de,Teorien min var riktig.,Meine Theorie war richtig.,"{""c"":""Meine Theorie war richtig.""}",Meine Theorie war richtig.,False,1,0,True,True,False,True,,True,,True,"{""reason"":""detector_match"",""detected"":""de"",""confidence"":1.0}",True,[],[],True,,"{""errors"":[]}",True,[],True,1,0,True,True,False,100,100,11,11,1466,938.78,1300,8,1308,1252.74
03441753eaaac40268d5,694,nova-pro,arn:aws:bedrock:us-west-2:686465264859:prompt/7ZJL56AKIU,subtitle,nb,de,Si det om de som døde.,"Wiederhole das über die Leute, die gestorben sind.","{""c"":""Erz\u00e4hl es denen, die gestorben sind.""}","Erzähl es denen, die gestorben sind.",False,1,0,True,True,False,True,,True,,True,"{""reason"":""detector_match"",""detected"":""de"",""confidence"":1.0}",True,[],[],True,,"{""errors"":[]}",True,[],True,1,0,True,True,False,100,100,14,22,1479,1007.45,1311,8,1319,1236.02
a7f3c5b6fa9879528191,695,nova-pro,arn:aws:bedrock:us-west-2:686465264859:prompt/7ZJL56AKIU,subtitle,nb,de,Osmund.,Osmund! Osmund!,"{""c"":""Osmund.""}",Osmund.,False,1,0,True,True,False,True,,True,,,"{""reason"":""too_short_for_language_detection"",""detected"":null,""confidence"":null}",True,[],"[{""code"":""source_copy_suspected""}]",True,,"{""errors"":[]}",True,[],True,1,0,True,True,False,97,97,6,8,1458,799.16,1287,8,1295,1451.84
87be44935c7398659d2a,696,nova-pro,arn:aws:bedrock:us-west-2:686465264859:prompt/7ZJL56AKIU,subtitle,nb,de,- Hvorfor ikke?,- Wieso nicht?,"{""c"":""Warum nicht?""}",Warum nicht?,False,1,0,True,True,False,True,,True,,True,"{""reason"":""detector_match"",""detected"":""de"",""confidence"":1.0}",True,[],[],True,,"{""errors"":[]}",True,[],True,1,0,True,True,False,100,100,9,9,1462,847.68,1290,8,1298,1190.26
47e9cd70ac0941dfad80,697,nova-pro,arn:aws:bedrock:us-west-2:686465264859:prompt/7ZJL56AKIU,subtitle,nb,de,Kom igjen! Kom igjen! Fortsett!,"Los, vorwärts.","{""c"":""Komm schon! Komm schon! Mach weiter!""}",Komm schon! Komm schon! Mach weiter!,False,1,0,True,True,False,True,,True,,True,"{""reason"":""detector_match"",""detected"":""de"",""confidence"":1.0}",True,[],[],True,,"{""errors"":[]}",True,[],True,1,0,True,True,False,100,100,16,15,1475,777.89,1310,8,1318,1273.71
7560f5c4c31312b35576,698,nova-pro,arn:aws:bedrock:us-west-2:686465264859:prompt/7ZJL56AKIU,subtitle,nb,de,Dette er bare begynnelsen.,Das ist erst der Anfang. - Alles klar.,"{""c"":""Dies ist nur der Anfang.""}",Dies ist nur der Anfang.,False,1,0,True,True,False,True,,True,,True,"{""reason"":""detector_match"",""detected"":""de"",""confidence"":1.0}",True,[],[],True,,"{""errors"":[]}",True,[],True,1,0,True,True,False,100,100,11,12,1468,662.44,1302,8,1310,1237.4
ba51c432321a37331513,699,nova-pro,arn:aws:bedrock:us-west-2:686465264859:prompt/7ZJL56AKIU,subtitle,nb,de,Mamma? Er pappa der?,Mom... ist Dad da?,"{""c"":""Mama? Ist Papa da?""}",Mama? Ist Papa da?,False,1,0,True,True,False,True,,True,,,"{""reason"":""detector_mismatch_uncertain"",""detected"":""id"",""confidence"":1.0}",True,[],[],True,,"{""errors"":[]}",True,[],True,1,0,True,True,False,100,100,12,11,1465,757.47,1296,8,1304,1091.74
88480847cac6ce780c0d,700,nova-pro,arn:aws:bedrock:us-west-2:686465264859:prompt/7ZJL56AKIU,subtitle,nb,en,Hvordan vet vi hvem som vinner?,How... How do we know who's won?,"{""c"":""How do we know who wins?""}",How do we know who wins?,False,1,0,True,True,False,True,,True,,True,"{""reason"":""detector_match"",""detected"":""en"",""confidence"":1.0}",True,[],[],True,,"{""errors"":[]}",True,[],True,1,0,True,True,False,100,100,14,12,1471,724.47,1302,8,1310,1281.12
da88c06532aaf73d8b90,701,nova-pro,arn:aws:bedrock:us-west-2:686465264859:prompt/7ZJL56AKIU,subtitle,nb,en,"Kom, Sonja!","Come, Sonja!","{""c"":""Come, Sonja!""}","Come, Sonja!",False,1,0,True,True,False,True,,True,,,"{""reason"":""detector_mismatch_uncertain"",""detected"":""hr"",""confidence"":1.0}",True,[],[],True,,"{""errors"":[]}",True,[],True,1,0,True,True,False,100,100,9,9,1460,734.41,1290,8,1298,1207.39
afb5eb014ed3891bdc3e,702,nova-pro,arn:aws:bedrock:us-west-2:686465264859:prompt/7ZJL56AKIU,subtitle,nb,en,"Pappa, når du kommer tilbake fra forretningsreisen, er jeg i Sør-Afrika.","Dad, by the time you get back from your business trip, I'll be in South Africa.","{""c"":""Dad, when you return from the business trip, I am in South Africa.""}","Dad, when you return from the business trip, I am in South Africa.",False,1,0,True,True,False,True,,True,,True,"{""reason"":""detector_match"",""detected"":""en"",""confidence"":1.0}",True,[],[],True,,"{""errors"":[{""category"":""accuracy"",""severity"":""minor""},{""category"":""fluency"",""severity"":""minor""}]}",True,"[{""category"":""accuracy"",""severity"":""minor""},{""category"":""fluency"",""severity"":""minor""}]",True,1,0,True,True,False,94,94,28,21,1492,771.36,1333,27,1360,1434.35
1934e9e4b8b01eab53c5,703,nova-pro,arn:aws:bedrock:us-west-2:686465264859:prompt/7ZJL56AKIU,subtitle,nb,en,- Med oss alle fanget under denne tingen?,With all of us trapped under this thing? Isn't it? You don't know that.,"{""c"":""With all of us trapped under this thing?""}",With all of us trapped under this thing?,False,1,0,True,True,False,True,,True,,True,"{""reason"":""detector_match"",""detected"":""en"",""confidence"":1.0}",True,[],[],True,,"{""errors"":[]}",True,[],True,1,0,True,True,False,100,100,17,14,1475,726.03,1314,8,1322,1294.5
3abc40faa151939805e4,704,nova-pro,arn:aws:bedrock:us-west-2:686465264859:prompt/7ZJL56AKIU,subtitle,nb,en,De udøde omgir meg.,The undead surround me.,"{""c"":""The undead are surrounding me.""}",The undead are surrounding me.,False,1,0,True,True,False,True,,True,,True,"{""reason"":""detector_match"",""detected"":""en"",""confidence"":1.0}",True,[],[],True,,"{""errors"":[]}",True,[],True,1,0,True,True,False,100,100,11,11,1467,683.18,1294,8,1302,1208.69
398492f06c4e9ed81cef,705,nova-pro,arn:aws:bedrock:us-west-2:686465264859:prompt/7ZJL56AKIU,subtitle,nb,en,Hjelp meg med å finne henne.,Please help me find her.,"{""c"":""Help me find her.""}",Help me find her.,False,1,0,True,True,False,True,,True,,,"{""reason"":""detector_mismatch_uncertain"",""detected"":""da"",""confidence"":1.0}",True,[],[],True,,"{""errors"":[]}",True,[],True,1,0,True,True,False,100,100,14,10,1468,685.12,1294,8,1302,1057.87
81776c86b098a9c17b2b,706,nova-pro,arn:aws:bedrock:us-west-2:686465264859:prompt/7ZJL56AKIU,subtitle,nb,en,Noen har vokset litt siden sist.,Some have grown a bit since last time.,"{""c"":""Someone has grown a bit since last time.""}",Someone has grown a bit since last time.,False,1,0,True,True,False,True,,True,,True,"{""reason"":""detector_match"",""detected"":""en"",""confidence"":1.0}",True,[],[],True,,"{""errors"":[]}",True,[],True,1,0,True,True,False,100,100,14,14,1475,735.16,1302,8,1310,1244.54
48e2438cb55b5e69df1c,707,nova-pro,arn:aws:bedrock:us-west-2:686465264859:prompt/7ZJL56AKIU,subtitle,nb,en,Så hvis noen vet hva som skjedde med Ronnie...,So if anybody knows what happened to ronnie...,"{""c"":""So if anyone knows what happened to Ronnie...""}",So if anyone knows what happened to Ronnie...,False,1,0,True,True,False,True,,True,,True,"{""reason"":""detector_match"",""detected"":""en"",""confidence"":1.0}",True,[],[],True,,"{""errors"":[]}",True,[],True,1,0,True,True,False,100,100,19,14,1477,647.26,1312,8,1320,1152.22
0fc34b62210ce5bfb443,708,nova-pro,arn:aws:bedrock:us-west-2:686465264859:prompt/7ZJL56AKIU,subtitle,nb,en,Beklager.,- I'm sorry.,"{""c"":""Sorry.""}",Sorry.,False,1,0,True,True,False,True,,True,,,"{""reason"":""too_short_for_language_detection"",""detected"":null,""confidence"":null}",True,[],[],True,,"{""errors"":[]}",True,[],True,1,0,True,True,False,100,100,6,7,1457,716.15,1283,8,1291,1222.16
beb7576327d4c38ec975,709,nova-pro,arn:aws:bedrock:us-west-2:686465264859:prompt/7ZJL56AKIU,subtitle,nb,en,"Nei , Inspector .","No, Inspector.","{""c"":""No, Inspector.""}","No, Inspector.",False,1,0,True,True,False,True,,True,,True,"{""reason"":""detector_match"",""detected"":""en"",""confidence"":1.0}",True,[],[],True,,"{""errors"":[]}",True,[],True,1,0,True,True,False,100,100,9,9,1461,688.55,1285,8,1293,1234.24
bf109dcded3056534e31,710,nova-pro,arn:aws:bedrock:us-west-2:686465264859:prompt/7ZJL56AKIU,subtitle,nb,es,Vi er sammen om dette.,Estamos todos juntos en esto.,"{""c"":""Estamos en esto juntos.""}",Estamos en esto juntos.,False,1,0,True,True,False,True,,True,,True,"{""reason"":""detector_match"",""detected"":""es"",""confidence"":1.0}",True,[],[],True,,"{""errors"":[]}",True,[],True,1,0,True,True,False,100,100,12,10,1466,835.38,1294,8,1302,1104.97
ec56003686e8f02e8704,711,nova-pro,arn:aws:bedrock:us-west-2:686465264859:prompt/7ZJL56AKIU,subtitle,nb,es,- Du lot pappa komme hjem igjen!,¡Dejaste que papá volviera a casa!,"{""c"":""¡De repente papá vuelve a casa!""}",¡De repente papá vuelve a casa!,False,1,0,True,True,False,True,,True,,True,"{""reason"":""detector_match"",""detected"":""es"",""confidence"":1.0}",True,[],[],True,,"{""errors"":[{""category"":""accuracy"",""severity"":""major""}]}",False,"[{""category"":""accuracy"",""severity"":""major""}]",True,1,0,True,True,False,85,85,16,13,1472,759.59,1310,19,1329,1429.13
545d19432c7970ec347f,712,nova-pro,arn:aws:bedrock:us-west-2:686465264859:prompt/7ZJL56AKIU,subtitle,nb,es,Det var feil av meg å si det.,Me equivoqué al decirte eso.,"{""c"":""Fue un error de mi parte decir eso.""}",Fue un error de mi parte decir eso.,False,1,0,True,True,False,True,,True,,True,"{""reason"":""detector_match"",""detected"":""es"",""confidence"":1.0}",True,[],[],True,,"{""errors"":[]}",True,[],True,1,0,True,True,False,100,100,17,15,1473,764.28,1305,8,1313,1150.29
8d6d6491a1fc5b3244e7,713,nova-pro,arn:aws:bedrock:us-west-2:686465264859:prompt/7ZJL56AKIU,subtitle,nb,es,Jeg er forelsket i kona.,Estoy enamorado de mi esposa.,"{""c"":""Estoy enamorado de mi esposa.""}",Estoy enamorado de mi esposa.,False,1,0,True,True,False,True,,True,,True,"{""reason"":""detector_match"",""detected"":""es"",""confidence"":1.0}",True,[],[],True,,"{""errors"":[]}",True,[],True,1,0,True,True,False,100,100,12,12,1468,814.27,1305,8,1313,1212.45
c0ae582fb0b1f7eb2628,714,nova-pro,arn:aws:bedrock:us-west-2:686465264859:prompt/7ZJL56AKIU,subtitle,nb,es,-La meg hjeIpe deg.,- Déjeme ayudarlo.,"{""c"":""D\u00e9jame ayudarte.""}",Déjame ayudarte.,False,1,0,True,True,False,True,,True,,,"{""reason"":""detector_inconclusive"",""detected"":""hu"",""confidence"":0.4286}",True,[],[],True,,"{""errors"":[]}",True,[],True,1,0,True,True,False,100,100,12,16,1473,796.17,1296,8,1304,1183.57
038168e6514692f68269,715,nova-pro,arn:aws:bedrock:us-west-2:686465264859:prompt/7ZJL56AKIU,subtitle,nb,es,Du forstår ikke.,No entiendes.,"{""c"":""No lo entiendes. -> es""}",No lo entiendes. -> es,False,1,0,True,True,False,True,,True,,True,"{""reason"":""detector_match"",""detected"":""es"",""confidence"":1.0}",True,[],[],True,,"{""errors"":[{""category"":""preservation"",""severity"":""major""}]}",False,"[{""category"":""preservation"",""severity"":""major""}]",True,1,0,True,True,False,85,85,9,12,1465,900.59,1291,17,1308,1285.94
b3fe9c613fcaadbbd66e,716,nova-pro,arn:aws:bedrock:us-west-2:686465264859:prompt/7ZJL56AKIU,subtitle,nb,es,Hun ser skrekkslagen ut.,Parece aterrada.,"{""c"":""Ella se ve aterrorizada.""}
",Ella se ve aterrorizada.,False,1,0,True,True,False,True,,True,,True,"{""reason"":""detector_match"",""detected"":""es"",""confidence"":1.0}",True,[],[],True,,"{""errors"":[]}",True,[],True,1,0,True,True,False,100,100,11,14,1469,825.97,1295,8,1303,1319.07
1d01937467fc3e70ab53,717,nova-pro,arn:aws:bedrock:us-west-2:686465264859:prompt/7ZJL56AKIU,subtitle,nb,es,Det er et menneske!,¡Es un hombre!,"{""c"":""\u00a1Es una persona!""}",¡Es una persona!,False,1,0,True,True,False,True,,True,,True,"{""reason"":""detector_match"",""detected"":""es"",""confidence"":1.0}",True,[],[],True,,"{""errors"":[]}",True,[],True,1,0,True,True,False,100,100,11,15,1469,739.29,1290,8,1298,1162.42
817f32a37f58fbd0a4f2,718,nova-pro,arn:aws:bedrock:us-west-2:686465264859:prompt/7ZJL56AKIU,subtitle,nb,es,Slik du hjalp Gentry?,Vamos. ¿Como ayudaste a Gentry?,"{""c"":""Como ayudaste a Gentry?""}",Como ayudaste a Gentry?,False,1,0,True,True,False,True,,True,,True,"{""reason"":""detector_match"",""detected"":""es"",""confidence"":0.8571}",True,[],[],True,,"{""errors"":[{""category"":""fluency"",""severity"":""minor""}]}",True,"[{""category"":""fluency"",""severity"":""minor""}]",True,1,0,True,True,False,97,97,11,11,1466,688.78,1309,18,1327,1384.25
ccfed1ba5a774469f623,719,nova-pro,arn:aws:bedrock:us-west-2:686465264859:prompt/7ZJL56AKIU,subtitle,nb,es,-Har du ennå tannlegeplan og alt mulig?,- ¿Todavía tienes el plan dental?,"{""c"":""\u00bfTodav\u00eda tienes plan dental y todo eso?""}",¿Todavía tienes plan dental y todo eso?,False,1,0,True,True,False,True,,True,,True,"{""reason"":""detector_match"",""detected"":""es"",""confidence"":1.0}",True,[],[],True,,"{""errors"":[]}",True,[],True,1,0,True,True,False,100,100,17,24,1486,870.79,1318,8,1326,1262.43
e3af9c8e1c6ec0615c45,720,nova-pro,arn:aws:bedrock:us-west-2:686465264859:prompt/7ZJL56AKIU,subtitle,nb,fr,"-Problemer på psykiatrisk, Chuck.","Chuck, on a un problème sur la 7ème. Unité psychiatrique.","{""c"":""Probl\u00e8mes psychiatriques, Chuck.""}","Problèmes psychiatriques, Chuck.",False,1,0,True,True,False,True,,True,,True,"{""reason"":""detector_match"",""detected"":""fr"",""confidence"":1.0}",True,[],[],True,,"{""errors"":[{""category"":""accuracy"",""severity"":""major""}]}",False,"[{""category"":""accuracy"",""severity"":""major""}]",True,1,0,True,True,False,85,85,14,20,1479,922.9,1313,17,1330,1292.09
88b1f2d44ae3bc639571,721,nova-pro,arn:aws:bedrock:us-west-2:686465264859:prompt/7ZJL56AKIU,subtitle,nb,fr,Kom igjen. Jeg skal ikke ødelegge det for deg.,"Allez, je ferai pas foirer ton plan !","{""c"":""Allez. Je ne vais pas tout g\u00e2cher pour toi.""}",Allez. Je ne vais pas tout gâcher pour toi.,False,1,0,True,True,False,True,,True,,True,"{""reason"":""detector_match"",""detected"":""fr"",""confidence"":1.0}",True,[],[],True,,"{""errors"":[]}",True,[],True,1,0,True,True,False,100,100,20,26,1491,1370.79,1319,8,1327,1197.38
7ccf4cce67326b53b697,722,nova-pro,arn:aws:bedrock:us-west-2:686465264859:prompt/7ZJL56AKIU,subtitle,nb,fr,"Pass deg, gutt!","Fais gaffe, petit !","{""c"":""Passe ton chemin, mon pote!""}","Passe ton chemin, mon pote!",False,1,0,True,True,False,True,,True,,,"{""reason"":""detector_mismatch_uncertain"",""detected"":""en"",""confidence"":1.0}",True,[],[],True,,"{""errors"":[{""category"":""accuracy"",""severity"":""major""}]}",False,"[{""category"":""accuracy"",""severity"":""major""}]",True,1,0,True,True,False,85,85,11,15,1469,834.62,1297,17,1314,1259.03
caf18a9cfb9400548fa8,723,nova-pro,arn:aws:bedrock:us-west-2:686465264859:prompt/7ZJL56AKIU,subtitle,nb,fr,Morsomt?,Amusant ?,"{""c"":""Amusant?""}",Amusant?,False,1,0,True,True,False,True,,True,,,"{""reason"":""too_short_for_language_detection"",""detected"":null,""confidence"":null}",True,[],[],True,,"{""errors"":[]}",True,[],True,1,0,True,True,False,100,100,6,9,1460,664.73,1289,8,1297,1200.04
c8592f3baa210682f624,724,nova-pro,arn:aws:bedrock:us-west-2:686465264859:prompt/7ZJL56AKIU,subtitle,nb,fr,"Og det gjør guvernøren, erkebiskopen og sjefene for noen amerikanske og japanske firmaer.","Ainsi que le gouverneur, l'archevêque, et des PDG américains et japonais.","{""c"":""Et cela, le font le gouverneur, l'archev\u00eaque et les dirigeants de certaines entreprises am\u00e9ricaines et japonaises.""}","Et cela, le font le gouverneur, l'archevêque et les dirigeants de certaines entreprises américaines et japonaises.",False,1,0,True,True,False,True,,True,,True,"{""reason"":""detector_match"",""detected"":""fr"",""confidence"":1.0}",True,[],[],True,,"{""errors"":[]}",True,[],True,1,0,True,True,False,100,100,27,45,1526,1571.36,1356,8,1364,4032.18
30d577cc4a14df7b471e,725,nova-pro,arn:aws:bedrock:us-west-2:686465264859:prompt/7ZJL56AKIU,subtitle,nb,fr,Hva skal vi liksom gi dem?,Qu'est-ce que vous voulez qu'on leur donne ?,"{""c"":""Qu'est-ce qu'on va leur donner en gros?""}",Qu'est-ce qu'on va leur donner en gros?,False,1,0,True,True,False,True,,True,,True,"{""reason"":""detector_match"",""detected"":""fr"",""confidence"":1.0}",True,[],[],True,,"{""errors"":[]}",True,[],True,1,0,True,True,False,100,100,14,19,1476,769.32,1318,8,1326,1120.53
37eea2b4197388c1f37f,726,nova-pro,arn:aws:bedrock:us-west-2:686465264859:prompt/7ZJL56AKIU,subtitle,nb,fr,Hva har du?,Qu'est ce que t'as ?,"{""c"":""Qu'as-tu?""}",Qu'as-tu?,False,1,0,True,True,False,True,,True,,,"{""reason"":""too_short_for_language_detection"",""detected"":null,""confidence"":null}",True,[],[],True,,"{""errors"":[]}",True,[],True,1,0,True,True,False,100,100,9,11,1463,615.87,1297,8,1305,1227.77
b3998b33215a45b2047c,727,nova-pro,arn:aws:bedrock:us-west-2:686465264859:prompt/7ZJL56AKIU,subtitle,nb,fr,-Bortsett fra det vet vi ingenting.,"- À part cela, nous ne savons rien.","{""c"":""Mis \u00e0 part cela, nous ne savons rien.""}","Mis à part cela, nous ne savons rien.",False,1,0,True,True,False,True,,True,,True,"{""reason"":""detector_match"",""detected"":""fr"",""confidence"":1.0}",True,[],[],True,,"{""errors"":[]}",True,[],True,1,0,True,True,False,100,100,16,21,1481,1009.07,1310,8,1318,1255.88
f06319bb315f3828518e,728,nova-pro,arn:aws:bedrock:us-west-2:686465264859:prompt/7ZJL56AKIU,subtitle,nb,fr,- Herregud.,- Mon dieu !,"{""c"":""Oh mon Dieu.""}",Oh mon Dieu.,False,1,0,True,True,False,True,,True,,,"{""reason"":""detector_inconclusive"",""detected"":""af"",""confidence"":0.8571}",True,[],[],True,,"{""errors"":[{""category"":""preservation"",""severity"":""minor""}]}",True,"[{""category"":""preservation"",""severity"":""minor""}]",True,1,0,True,True,False,97,97,8,9,1461,906.4,1289,17,1306,1180.05
d7a06de9e15186fb7274,729,nova-pro,arn:aws:bedrock:us-west-2:686465264859:prompt/7ZJL56AKIU,subtitle,nb,fr,Jeg holder ikke ut lenger.,Je n'en supporterai pas davantage.,"{""c"":""Je n'en peux plus.""}",Je n'en peux plus.,False,1,0,True,True,False,True,,True,,True,"{""reason"":""detector_match"",""detected"":""fr"",""confidence"":1.0}",True,[],[],True,,"{""errors"":[]}",True,[],True,1,0,True,True,False,100,100,12,13,1467,710.19,1299,8,1307,1143.79
cfa1eaea01deb359e069,730,nova-pro,arn:aws:bedrock:us-west-2:686465264859:prompt/7ZJL56AKIU,subtitle,nb,it,"- Den? Nei, jo, vel...","Questo no, si, no.","{""c"":""Den? No, beh, s\u00ec, beh...""}","Den? No, beh, sì, beh...",False,1,0,True,True,False,True,,True,,,"{""reason"":""detector_inconclusive"",""detected"":""id"",""confidence"":0.7143}",True,[],[],True,,"{""errors"":[]}",True,[],True,1,0,True,True,False,100,100,17,23,1479,1055.94,1304,8,1312,1293.88
3727780363820b6067dc,731,nova-pro,arn:aws:bedrock:us-west-2:686465264859:prompt/7ZJL56AKIU,subtitle,nb,it,Politiet konsulterer ikke amatører.,La polizia non chiede aiuto ai dilettanti.,"{""c"":""La polizia non consulta dilettanti.""}",La polizia non consulta dilettanti.,False,1,0,True,True,False,True,,True,,True,"{""reason"":""detector_match"",""detected"":""it"",""confidence"":1.0}",True,[],[],True,,"{""errors"":[]}",True,[],True,1,0,True,True,False,100,100,11,13,1473,729.45,1307,8,1315,1230.58
dd0f8e108ce3e4ebd164,732,nova-pro,arn:aws:bedrock:us-west-2:686465264859:prompt/7ZJL56AKIU,subtitle,nb,it,- Du vil ikke huske det.,- Non vuoi ricordarlo.,"{""c"":""Non te lo ricorderai.""}",Non te lo ricorderai.,False,1,0,True,True,False,True,,True,,True,"{""reason"":""detector_match"",""detected"":""it"",""confidence"":1.0}",True,[],[],True,,"{""errors"":[{""category"":""accuracy"",""severity"":""major""}]}",False,"[{""category"":""accuracy"",""severity"":""major""}]",True,1,0,True,True,False,85,85,14,13,1469,660.16,1294,17,1311,1221.56
d9a0265971b455adcf87,733,nova-pro,arn:aws:bedrock:us-west-2:686465264859:prompt/7ZJL56AKIU,subtitle,nb,it,Hvordan er det mulig?,- Com'e' possibile?,"{""c"":""Come \u00e8 possibile?""}",Come è possibile?,False,1,0,True,True,False,True,,True,,True,"{""reason"":""detector_match"",""detected"":""it"",""confidence"":1.0}",True,[],[],True,,"{""errors"":[]}",True,[],True,1,0,True,True,False,100,100,11,14,1470,964.96,1294,8,1302,2724.37
9af530bc96a686aa539c,734,nova-pro,arn:aws:bedrock:us-west-2:686465264859:prompt/7ZJL56AKIU,subtitle,nb,it,- Sannheten om Terry Lennox.,- La verità su Terry Lennox.,"{""c"":""La verit\u00e0 su Terry Lennox.""}",La verità su Terry Lennox.,False,1,0,True,True,False,True,,True,,True,"{""reason"":""detector_match"",""detected"":""it"",""confidence"":1.0}",True,[],[],True,,"{""errors"":[{""category"":""preservation"",""severity"":""minor""}]}",True,"[{""category"":""preservation"",""severity"":""minor""}]",True,1,0,True,True,False,97,97,12,18,1473,821.47,1302,17,1319,1369.33
ce94b06a6dba78e3178c,735,nova-pro,arn:aws:bedrock:us-west-2:686465264859:prompt/7ZJL56AKIU,subtitle,nb,it,Hvis vi fortsetter ettersøkningen så vil vi bruke opp alt drivstoffet vårt.,"Signore, per continuare le ricerche dovremo usare tutto il carburante.","{""c"":""Se continuiamo la ricerca, consumeremo tutto il nostro carburante.""}","Se continuiamo la ricerca, consumeremo tutto il nostro carburante.",False,1,0,True,True,False,True,,True,,True,"{""reason"":""detector_match"",""detected"":""it"",""confidence"":1.0}",True,[],[],True,,"{""errors"":[]}",True,[],True,1,0,True,True,False,100,100,23,21,1495,943.62,1337,8,1345,1155.98
017589cdaf57105da4c2,736,nova-pro,arn:aws:bedrock:us-west-2:686465264859:prompt/7ZJL56AKIU,subtitle,nb,it,Tror du de er døde?,"Secondo te, sono morti?","{""c"":""Pensi che siano morti?""}",Pensi che siano morti?,False,1,0,True,True,False,True,,True,,True,"{""reason"":""detector_match"",""detected"":""it"",""confidence"":1.0}",True,[],[],True,,"{""errors"":[]}",True,[],True,1,0,True,True,False,100,100,12,11,1467,899.2,1297,8,1305,1328.73
bef73ad043759f6f4562,737,nova-pro,arn:aws:bedrock:us-west-2:686465264859:prompt/7ZJL56AKIU,subtitle,nb,it,Hva skjedde?,Cos'è successo?,"{""c"":""Cosa \u00e8 successo?""}",Cosa è successo?,False,1,0,True,True,False,True,,True,,True,"{""reason"":""detector_match"",""detected"":""it"",""confidence"":1.0}",True,[],[],True,,"{""errors"":[]}",True,[],True,1,0,True,True,False,100,100,8,15,1468,864.77,1293,8,1301,1154.52
beab473f5eca8e9cee8f,738,nova-pro,arn:aws:bedrock:us-west-2:686465264859:prompt/7ZJL56AKIU,subtitle,nb,it,Ja visst.,Certo.,"{""c"":""Certo.""}",Certo.,False,1,0,True,True,False,True,,True,,,"{""reason"":""too_short_for_language_detection"",""detected"":null,""confidence"":null}",True,[],[],True,,"{""errors"":[]}",True,[],True,1,0,True,True,False,100,100,8,8,1459,750.5,1284,8,1292,1191.61
c35689bdb09f308d5006,739,nova-pro,arn:aws:bedrock:us-west-2:686465264859:prompt/7ZJL56AKIU,subtitle,nb,it,Jeg er gift med en sexy Buzz Lightyear.,Praticamente sono sposata con un Buzz Lightyear sexy.,"{""c"":""Sono sposato con un sexy Buzz Lightyear.""}",Sono sposato con un sexy Buzz Lightyear.,False,1,0,True,True,False,True,,True,,,"{""reason"":""detector_inconclusive"",""detected"":""it"",""confidence"":0.7143}",True,[],[],True,,"{""errors"":[]}",True,[],True,1,0,True,True,False,100,100,17,16,1473,697.38,1315,8,1323,1255.44
fbc7b278d04f48930c12,740,nova-pro,arn:aws:bedrock:us-west-2:686465264859:prompt/7ZJL56AKIU,subtitle,nb,jp,"Min far ble ikke drept, han...",父さんは殺ろされたんじゃない,"{""c"":""私の父は殺されませんでした、彼は...""}",私の父は殺されませんでした、彼は...,False,1,0,True,True,False,True,,True,,True,"{""reason"":""target_script_present"",""detected"":""ja"",""confidence"":1.0}",True,[],[],True,,"{""errors"":[{""category"":""fluency"",""severity"":""minor""},{""category"":""tone"",""severity"":""minor""}]}",True,"[{""category"":""fluency"",""severity"":""minor""},{""category"":""tone"",""severity"":""minor""}]",True,1,0,True,True,False,94,94,16,15,1473,885.4,1315,27,1342,1502.88
6f1c0b30aad4297ea719,741,nova-pro,arn:aws:bedrock:us-west-2:686465264859:prompt/7ZJL56AKIU,subtitle,nb,jp,- Nei.,- いや,"{""c"":""いいえ。""}",いいえ。,False,1,0,True,True,False,True,,True,,True,"{""reason"":""target_script_present"",""detected"":""ja"",""confidence"":1.0}",True,[],[],True,,"{""errors"":[]}",True,[],True,1,0,True,True,False,100,100,8,8,1459,789.29,1285,8,1293,1116.04
ce41150d4ef35f22c8e2,742,nova-pro,arn:aws:bedrock:us-west-2:686465264859:prompt/7ZJL56AKIU,subtitle,nb,jp,Det går bra nå.,もう大丈夫,"{""c"":""今は大丈夫です。""}",今は大丈夫です。,False,1,0,True,True,False,True,,True,,True,"{""reason"":""target_script_present"",""detected"":""ja"",""confidence"":1.0}",True,[],[],True,,"{""errors"":[]}",True,[],True,1,0,True,True,False,100,100,11,11,1465,800.21,1296,8,1304,2469.69
3e577a78cf1da9fc39b6,743,nova-pro,arn:aws:bedrock:us-west-2:686465264859:prompt/7ZJL56AKIU,subtitle,nb,jp,Som meg Jeg er armener.,私のようにね 私はアルメニア人だ,"{""c"":""私のように、私はアルメニア人です。""}",私のように、私はアルメニア人です。,False,1,0,True,True,False,True,,True,,True,"{""reason"":""target_script_present"",""detected"":""ja"",""confidence"":1.0}",True,[],[],True,,"{""errors"":[{""category"":""tone"",""severity"":""minor""}]}",True,"[{""category"":""tone"",""severity"":""minor""}]",True,1,0,True,True,False,97,97,12,15,1470,785.48,1311,17,1328,1180.37
b86dc047268fa7dac012,744,nova-pro,arn:aws:bedrock:us-west-2:686465264859:prompt/7ZJL56AKIU,subtitle,nb,jp,-Kom igjen. Jeg fikk ikke nummeret ditt!,君の番号を聞いてない,"{""c"":""さあ、あなたの番号をもらえなかった！""}",さあ、あなたの番号をもらえなかった！,False,1,0,True,True,False,True,,True,,True,"{""reason"":""target_script_present"",""detected"":""ja"",""confidence"":1.0}",True,[],[],True,,"{""errors"":[{""category"":""fluency"",""severity"":""minor""},{""category"":""tone"",""severity"":""minor""}]}",True,"[{""category"":""fluency"",""severity"":""minor""},{""category"":""tone"",""severity"":""minor""}]",True,1,0,True,True,False,94,94,19,15,1479,801.77,1318,27,1345,1299.16
22faab3e6b4d18d599d9,745,nova-pro,arn:aws:bedrock:us-west-2:686465264859:prompt/7ZJL56AKIU,subtitle,nb,jp,Og jeg er klar for det.,準備は出来てる,"{""c"":""そして、私はそのための準備ができています。""}",そして、私はそのための準備ができています。,False,1,0,True,True,False,True,,True,,True,"{""reason"":""target_script_present"",""detected"":""ja"",""confidence"":1.0}",True,[],[],True,,"{""errors"":[]}",True,[],True,1,0,True,True,False,100,100,14,14,1471,881.65,1303,8,1311,1154.67
78ced820c250dca8309e,746,nova-pro,arn:aws:bedrock:us-west-2:686465264859:prompt/7ZJL56AKIU,subtitle,nb,jp,Stå på.,続けろ,"{""c"":""立ち上がれ。""}",立ち上がれ。,False,1,0,True,True,False,True,,True,,True,"{""reason"":""target_script_present"",""detected"":""ja"",""confidence"":1.0}",True,[],[],True,,"{""errors"":[{""category"":""accuracy"",""severity"":""major""}]}",False,"[{""category"":""accuracy"",""severity"":""major""}]",True,1,0,True,True,False,85,85,8,9,1461,726.31,1290,17,1307,1320.24
7bbd9e280060e28fc709,747,nova-pro,arn:aws:bedrock:us-west-2:686465264859:prompt/7ZJL56AKIU,subtitle,nb,jp,Bare hyggelig.,礼ならいいよ,"{""c"":""ただ楽しんで。""}",ただ楽しんで。,False,1,0,True,True,False,True,,True,,True,"{""reason"":""target_script_present"",""detected"":""ja"",""confidence"":1.0}",True,[],[],True,,"{""errors"":[{""category"":""accuracy"",""severity"":""major""}]}",False,"[{""category"":""accuracy"",""severity"":""major""}]",True,1,0,True,True,False,85,85,8,9,1462,699.08,1296,17,1313,1373.26
a76b6a1f78837c3248e9,748,nova-pro,arn:aws:bedrock:us-west-2:686465264859:prompt/7ZJL56AKIU,subtitle,nb,jp,Ingenting!,何も！,"{""c"":""何もない！""}",何もない！,False,1,0,True,True,False,True,,True,,True,"{""reason"":""target_script_present"",""detected"":""ja"",""confidence"":1.0}",True,[],[],True,,"{""errors"":[]}",True,[],True,1,0,True,True,False,100,100,6,8,1460,725.34,1284,8,1292,1213.43
527bf14df1cd166fafda,749,nova-pro,arn:aws:bedrock:us-west-2:686465264859:prompt/7ZJL56AKIU,subtitle,nb,jp,"Jeg forutså ikke hvor vanskelig de siste 15 årene har vært for meg, hvor mye jeg ville komme til å elske å arbeide sammen med deg.",全く予想しなかった 15年前の失敗と同じくらい... 君と共に働くのが 好きになった,"{""c"":""私は、この15年間が私にとってどれほど難しいものになるか、あなたと一緒に働くことをどれほど愛するようになるか予想していませんでした。""}",私は、この15年間が私にとってどれほど難しいものになるか、あなたと一緒に働くことをどれほど愛するようになるか予想していませんでした。,False,1,0,True,True,False,True,,True,,True,"{""reason"":""target_script_present"",""detected"":""ja"",""confidence"":1.0}",True,[],[],True,,"{""errors"":[]}",True,[],True,1,0,True,True,False,100,100,47,41,1539,864.04,1407,8,1415,1241.5
1da7ba54404189c677cf,750,nova-pro,arn:aws:bedrock:us-west-2:686465264859:prompt/7ZJL56AKIU,subtitle,nb,nl,Jeg bare sier det.,Ik zeg het alleen maar.,"{""c"":""Ik zeg het gewoon.""}",Ik zeg het gewoon.,False,1,0,True,True,False,True,,True,,True,"{""reason"":""detector_match"",""detected"":""nl"",""confidence"":1.0}",True,[],[],True,,"{""errors"":[]}",True,[],True,1,0,True,True,False,100,100,11,14,1469,778.04,1296,8,1304,1193.64
f0482f4c25223cc1374d,751,nova-pro,arn:aws:bedrock:us-west-2:686465264859:prompt/7ZJL56AKIU,subtitle,nb,nl,Ok.,Oké... oké.,"{""c"":""Ok.""}",Ok.,False,1,0,True,True,False,True,,True,,,"{""reason"":""too_short_for_language_detection"",""detected"":null,""confidence"":null}",True,[],"[{""code"":""source_copy_suspected""}]",True,,"{""errors"":[]}",True,[],True,1,0,True,True,False,97,97,6,7,1457,717.91,1282,8,1290,1185.41
a2669af8ed7f2c26af60,752,nova-pro,arn:aws:bedrock:us-west-2:686465264859:prompt/7ZJL56AKIU,subtitle,nb,nl,Tror du at du har et svar nå?,Denk je nu dat je het antwoord hebt?,"{""c"":""Denk je nu dat je een antwoord hebt?""}",Denk je nu dat je een antwoord hebt?,False,1,0,True,True,False,True,,True,,True,"{""reason"":""detector_match"",""detected"":""nl"",""confidence"":1.0}",True,[],[],True,,"{""errors"":[]}",True,[],True,1,0,True,True,False,100,100,17,18,1478,708.11,1314,8,1322,1115.51
346cc96255813d4fcc58,753,nova-pro,arn:aws:bedrock:us-west-2:686465264859:prompt/7ZJL56AKIU,subtitle,nb,nl,For skilsmissen min!,"Op mijn scheiding, ja.","{""c"":""Voor mijn scheiding!""}",Voor mijn scheiding!,False,1,0,True,True,False,True,,True,,True,"{""reason"":""detector_match"",""detected"":""nl"",""confidence"":1.0}",True,[],[],True,,"{""errors"":[]}",True,[],True,1,0,True,True,False,100,100,9,13,1468,823.77,1291,8,1299,1194.34
c6b4226c07576545d43e,754,nova-pro,arn:aws:bedrock:us-west-2:686465264859:prompt/7ZJL56AKIU,subtitle,nb,nl,Føles det bra?,Voel je je goed?,"{""c"":""Voelt het goed?""}",Voelt het goed?,False,1,0,True,True,False,True,,True,,True,"{""reason"":""detector_match"",""detected"":""nl"",""confidence"":1.0}",True,[],[],True,,"{""errors"":[]}",True,[],True,1,0,True,True,False,100,100,9,12,1467,667.89,1295,8,1303,1183.63
811797c59e7636a5ff61,755,nova-pro,arn:aws:bedrock:us-west-2:686465264859:prompt/7ZJL56AKIU,subtitle,nb,nl,For en tid siden ble det satt en belønning på Bill San Antonio.,Enige tijd geleden was er een beloning uit voor Bill San Antonio.,"{""c"":""Enige tijd geleden werd er een beloning uitgeloofd voor Bill San Antonio.""}",Enige tijd geleden werd er een beloning uitgeloofd voor Bill San Antonio.,False,1,0,True,True,False,True,,True,,True,"{""reason"":""detector_match"",""detected"":""nl"",""confidence"":1.0}",True,[],[],True,,"{""errors"":[]}",True,[],True,1,0,True,True,False,100,100,25,28,1497,657.23,1326,8,1334,1197.74
514ab6fded849ba78fed,756,nova-pro,arn:aws:bedrock:us-west-2:686465264859:prompt/7ZJL56AKIU,subtitle,nb,nl,Kom.,"Kom, dan gaan we.","{""c"":""Kom.""}",Kom.,False,1,0,True,True,False,True,,True,,,"{""reason"":""too_short_for_language_detection"",""detected"":null,""confidence"":null}",True,[],"[{""code"":""source_copy_suspected""}]",True,,"{""errors"":[]}",True,[],True,1,0,True,True,False,97,97,6,7,1457,723.3,1285,8,1293,1235.0
3b3e833bd062a9cb57aa,757,nova-pro,arn:aws:bedrock:us-west-2:686465264859:prompt/7ZJL56AKIU,subtitle,nb,nl,Det skjer.,Het gebeurt.,"{""c"":""Het gebeurt.""}",Het gebeurt.,False,1,0,True,True,False,True,,True,,True,"{""reason"":""detector_match"",""detected"":""nl"",""confidence"":1.0}",True,[],[],True,,"{""errors"":[]}",True,[],True,1,0,True,True,False,100,100,8,10,1462,734.06,1283,8,1291,1292.98
826982c2f9e10fa5912b,758,nova-pro,arn:aws:bedrock:us-west-2:686465264859:prompt/7ZJL56AKIU,subtitle,nb,nl,- Jamey?,- Jamey.,"{""c"":""Jamey?""}",Jamey?,False,1,0,True,True,False,True,,True,,,"{""reason"":""too_short_for_language_detection"",""detected"":null,""confidence"":null}",True,[],[],True,,"{""errors"":[{""category"":""preservation"",""severity"":""minor""}]}",True,"[{""category"":""preservation"",""severity"":""minor""}]",True,1,0,True,True,False,97,97,8,8,1460,804.21,1287,17,1304,1231.19
b910567e0c3dea13206d,759,nova-pro,arn:aws:bedrock:us-west-2:686465264859:prompt/7ZJL56AKIU,subtitle,nb,nl,Ingen må hvile!,Niemand rust!,"{""c"":""Niemand mag rusten!""}",Niemand mag rusten!,False,1,0,True,True,False,True,,True,,True,"{""reason"":""detector_match"",""detected"":""nl"",""confidence"":0.8571}",True,[],[],True,,"{""errors"":[]}",True,[],True,1,0,True,True,False,100,100,9,12,1466,729.28,1289,8,1297,1293.48
5327c4dc0652e9247ab6,760,nova-pro,arn:aws:bedrock:us-west-2:686465264859:prompt/7ZJL56AKIU,tatoeba,da,de,Anden Verdenskrig begyndte i 1939.,Der Zweite Weltkrieg begann 1939.,"{""c"":""Der Zweite Weltkrieg begann 1939.""}",Der Zweite Weltkrieg begann 1939.,False,1,0,True,True,False,True,,True,,True,"{""reason"":""detector_match"",""detected"":""de"",""confidence"":1.0}",True,[],[],True,,"{""errors"":[]}",True,[],True,1,0,True,True,False,100,100,14,15,1478,671.42,1313,8,1321,1195.89
3eadbaee044e722b38d0,761,nova-pro,arn:aws:bedrock:us-west-2:686465264859:prompt/7ZJL56AKIU,tatoeba,da,de,På havet herskede der i går en voldsom søgang.,Auf dem Meer herrschte gestern starker Seegang.,"{""c"":""Auf dem Meer herrschte gestern eine heftige Seegang.""}",Auf dem Meer herrschte gestern eine heftige Seegang.,False,1,0,True,True,False,True,,True,,True,"{""reason"":""detector_match"",""detected"":""de"",""confidence"":1.0}",True,[],[],True,,"{""errors"":[{""category"":""fluency"",""severity"":""minor""}]}",True,"[{""category"":""fluency"",""severity"":""minor""}]",True,1,0,True,True,False,97,97,19,17,1484,692.57,1322,18,1340,1288.71
d3e9d8c75dcd71e7c817,762,nova-pro,arn:aws:bedrock:us-west-2:686465264859:prompt/7ZJL56AKIU,tatoeba,da,de,Det er ingen hemmelighed at Tom ikke kan lide Maria.,"Es ist kein Geheimnis, dass Tom Mary nicht mag.","{""c"":""Es ist kein Geheimnis, dass Tom Maria nicht mag.""}","Es ist kein Geheimnis, dass Tom Maria nicht mag.",False,1,0,True,True,False,True,,True,,True,"{""reason"":""detector_match"",""detected"":""de"",""confidence"":1.0}",True,[],[],True,,"{""errors"":[]}",True,[],True,1,0,True,True,False,100,100,20,16,1479,930.53,1317,8,1325,1181.3
4d34a4d0f451f9612309,763,nova-pro,arn:aws:bedrock:us-west-2:686465264859:prompt/7ZJL56AKIU,tatoeba,da,de,Han fik kørekort til lastbil mens han var inde som soldat.,Er hat bei der Bundeswehr seinen LKW-Führerschein gemacht.,"{""c"":""Er hat den F\u00fchrerschein f\u00fcr Lastwagen gemacht, w\u00e4hrend er als Soldat diente.""}","Er hat den Führerschein für Lastwagen gemacht, während er als Soldat diente.",False,1,0,True,True,False,True,,True,,True,"{""reason"":""detector_match"",""detected"":""de"",""confidence"":1.0}",True,[],[],True,,"{""errors"":[]}",True,[],True,1,0,True,True,False,100,100,22,42,1509,1015.71,1333,8,1341,1198.96
d91e396002ef301ec698,764,nova-pro,arn:aws:bedrock:us-west-2:686465264859:prompt/7ZJL56AKIU,tatoeba,da,de,Fransk er ikke mit modersmål.,Französisch ist nicht meine Muttersprache.,"{""c"":""Franz\u00f6sisch ist nicht meine Muttersprache.""}",Französisch ist nicht meine Muttersprache.,False,1,0,True,True,False,True,,True,,True,"{""reason"":""detector_match"",""detected"":""de"",""confidence"":1.0}",True,[],[],True,,"{""errors"":[]}",True,[],True,1,0,True,True,False,100,100,12,20,1476,940.94,1306,8,1314,1110.57
12941a84d0f2a3a34d20,765,nova-pro,arn:aws:bedrock:us-west-2:686465264859:prompt/7ZJL56AKIU,tatoeba,da,de,Vi har opdaget en hemmelig gang.,Wir haben einen Geheimgang entdeckt.,"{""c"":""Wir haben einen geheimen Gang entdeckt.""}",Wir haben einen geheimen Gang entdeckt.,False,1,0,True,True,False,True,,True,,True,"{""reason"":""detector_match"",""detected"":""de"",""confidence"":1.0}",True,[],[],True,,"{""errors"":[]}",True,[],True,1,0,True,True,False,100,100,14,14,1472,954.9,1308,8,1316,1181.2
3b1a51d8a2e3a64f5fba,766,nova-pro,arn:aws:bedrock:us-west-2:686465264859:prompt/7ZJL56AKIU,tatoeba,da,de,Tom kunne ikke beslutte sig for om hans hund skulle hedde Cookie eller Pochi.,"Tom konnte sich nicht entscheiden, ob er seinen Hund Cookie oder Pochi nennen sollte.","{""c"":""Tom konnte sich nicht entscheiden, ob sein Hund Cookie oder Pochi hei\u00dfen sollte.""}","Tom konnte sich nicht entscheiden, ob sein Hund Cookie oder Pochi heißen sollte.",False,1,0,True,True,False,True,,True,,True,"{""reason"":""detector_match"",""detected"":""de"",""confidence"":1.0}",True,[],[],True,,"{""errors"":[]}",True,[],True,1,0,True,True,False,100,100,27,28,1500,1000.58,1342,8,1350,1246.39
45b428c4e32d3477b424,767,nova-pro,arn:aws:bedrock:us-west-2:686465264859:prompt/7ZJL56AKIU,tatoeba,da,de,Jeg har plantet et æbletræ i min have.,Ich habe einen Apfelbaum in meinen Garten gepflanzt.,"{""c"":""Ich habe einen Apfelbaum in meinem Garten gepflanzt.""}",Ich habe einen Apfelbaum in meinem Garten gepflanzt.,False,1,0,True,True,False,True,,True,,True,"{""reason"":""detector_match"",""detected"":""de"",""confidence"":1.0}",True,[],[],True,,"{""errors"":[]}",True,[],True,1,0,True,True,False,100,100,17,18,1479,717.89,1328,8,1336,1132.37
46622804ba5af92e7fac,768,nova-pro,arn:aws:bedrock:us-west-2:686465264859:prompt/7ZJL56AKIU,tatoeba,da,de,"Ved du hvad, Tom, du har ret!","Weißt du was, Tom? Du hast recht!","{""c"":""Weißt du was, Tom, du hast recht!""}","Weißt du was, Tom, du hast recht!",False,1,0,True,True,False,True,,True,,True,"{""reason"":""detector_match"",""detected"":""de"",""confidence"":1.0}",True,[],[],True,,"{""errors"":[]}",True,[],True,1,0,True,True,False,100,100,19,17,1475,725.84,1312,8,1320,1173.85
f06d7f57d82badd4918d,769,nova-pro,arn:aws:bedrock:us-west-2:686465264859:prompt/7ZJL56AKIU,tatoeba,da,de,Maria kom sidst.,Maria kam zuletzt.,"{""c"":""Maria kam als Letzte.""}",Maria kam als Letzte.,False,1,0,True,True,False,True,,True,,,"{""reason"":""detector_inconclusive"",""detected"":""de"",""confidence"":0.7143}",True,[],[],True,,"{""errors"":[]}",True,[],True,1,0,True,True,False,100,100,9,10,1462,743.69,1289,8,1297,1166.1
436c03a14a17411f3b8f,770,nova-pro,arn:aws:bedrock:us-west-2:686465264859:prompt/7ZJL56AKIU,tatoeba,da,en,I Amerika er der højrekørsel.,In America traffic keeps to the right.,"{""c"":""In America, there is right-hand traffic.""}","In America, there is right-hand traffic.",False,1,0,True,True,False,True,,True,,True,"{""reason"":""detector_match"",""detected"":""en"",""confidence"":1.0}",True,[],[],True,,"{""errors"":[]}",True,[],True,1,0,True,True,False,100,100,12,15,1473,798.43,1298,8,1306,1303.44
93e5831bbf92a9a48de9,771,nova-pro,arn:aws:bedrock:us-west-2:686465264859:prompt/7ZJL56AKIU,tatoeba,da,en,Tom tog imod udfordringen.,Tom accepted the challenge.,"{""c"":""Tom took on the challenge.""}",Tom took on the challenge.,False,1,0,True,True,False,True,,True,,True,"{""reason"":""detector_match"",""detected"":""en"",""confidence"":1.0}",True,[],[],True,,"{""errors"":[]}",True,[],True,1,0,True,True,False,100,100,11,11,1468,731.3,1290,8,1298,1233.53
d7b16b84ccdb0818e906,772,nova-pro,arn:aws:bedrock:us-west-2:686465264859:prompt/7ZJL56AKIU,tatoeba,da,en,Tom har små hænder.,Tom has tiny hands.,"{""c"":""Tom has small hands.""}",Tom has small hands.,False,1,0,True,True,False,True,,True,,True,"{""reason"":""detector_match"",""detected"":""en"",""confidence"":1.0}",True,[],[],True,,"{""errors"":[]}",True,[],True,1,0,True,True,False,100,100,11,10,1465,729.28,1288,8,1296,1291.41
8d7f64e570d290816ecc,773,nova-pro,arn:aws:bedrock:us-west-2:686465264859:prompt/7ZJL56AKIU,tatoeba,da,en,Hvad tid starter rodeoen?,What time does the rodeo start?,"{""c"":""What time does the rodeo start?""}",What time does the rodeo start?,False,1,0,True,True,False,True,,True,,True,"{""reason"":""detector_match"",""detected"":""en"",""confidence"":1.0}",True,[],[],True,,"{""errors"":[]}",True,[],True,1,0,True,True,False,100,100,11,12,1466,687.22,1298,8,1306,2471.78
25cfc4c5edabafb32187,774,nova-pro,arn:aws:bedrock:us-west-2:686465264859:prompt/7ZJL56AKIU,tatoeba,da,en,Jeg troede at Tom var rig.,I thought that Tom was rich.,"{""c"":""I thought Tom was rich.""}",I thought Tom was rich.,False,1,0,True,True,False,True,,True,,True,"{""reason"":""detector_match"",""detected"":""en"",""confidence"":1.0}",True,[],[],True,,"{""errors"":[]}",True,[],True,1,0,True,True,False,100,100,14,11,1466,653.73,1294,8,1302,1192.02
f4c47090151bb826fc20,775,nova-pro,arn:aws:bedrock:us-west-2:686465264859:prompt/7ZJL56AKIU,tatoeba,da,en,Er jeg i sikkerhed nu?,Am I safe now?,"{""c"":""Am I safe now?""}",Am I safe now?,False,1,0,True,True,False,True,,True,,True,"{""reason"":""detector_match"",""detected"":""en"",""confidence"":1.0}",True,[],[],True,,"{""errors"":[]}",True,[],True,1,0,True,True,False,100,100,12,10,1466,792.21,1291,8,1299,1180.43
5cac1c6290cfe2b466ac,776,nova-pro,arn:aws:bedrock:us-west-2:686465264859:prompt/7ZJL56AKIU,tatoeba,da,en,Kan I ikke gøre det?,Can't you do that?,"{""c"":""Can't I do it?""}",Can't I do it?,False,1,0,True,True,False,True,,True,,True,"{""reason"":""detector_match"",""detected"":""en"",""confidence"":0.8571}",True,[],[],True,,"{""errors"":[{""category"":""accuracy"",""severity"":""major""}]}",False,"[{""category"":""accuracy"",""severity"":""major""}]",True,1,0,True,True,False,85,85,12,12,1468,697.73,1294,17,1311,1415.87
6ce16e5c7050fa7d3b20,777,nova-pro,arn:aws:bedrock:us-west-2:686465264859:prompt/7ZJL56AKIU,tatoeba,da,en,Åbn døren.,Open the door.,"{""c"":""Open the door.""}",Open the door.,False,1,0,True,True,False,True,,True,,,"{""reason"":""detector_mismatch_uncertain"",""detected"":""nl"",""confidence"":1.0}",True,[],[],True,,"{""errors"":[]}",True,[],True,1,0,True,True,False,100,100,8,9,1462,731.66,1285,8,1293,1166.04
d8fc7ca45840dcfc7074,778,nova-pro,arn:aws:bedrock:us-west-2:686465264859:prompt/7ZJL56AKIU,tatoeba,da,en,Har du besluttet hvor du vil holde juleaften?,Have you decided where you're going to celebrate Christmas Eve?,"{""c"":""Have you decided where you want to hold Christmas Eve?""}",Have you decided where you want to hold Christmas Eve?,False,1,0,True,True,False,True,,True,,True,"{""reason"":""detector_match"",""detected"":""en"",""confidence"":1.0}",True,[],[],True,,"{""errors"":[]}",True,[],True,1,0,True,True,False,100,100,17,16,1479,733.59,1311,8,1319,1316.32
4d359ecf42d4baa41af8,779,nova-pro,arn:aws:bedrock:us-west-2:686465264859:prompt/7ZJL56AKIU,tatoeba,da,en,Alle har stemt.,Everyone has voted.,"{""c"":""Everyone has voted.""}",Everyone has voted.,False,1,0,True,True,False,True,,True,,True,"{""reason"":""detector_match"",""detected"":""en"",""confidence"":1.0}",True,[],[],True,,"{""errors"":[]}",True,[],True,1,0,True,True,False,100,100,9,9,1461,793.52,1285,8,1293,1157.27
4f617d76e14eb1ef58ea,780,nova-pro,arn:aws:bedrock:us-west-2:686465264859:prompt/7ZJL56AKIU,tatoeba,da,es,Han har oversat Homer fra græsk til engelsk.,Él tradujo a Homero del griego al inglés.,"{""c"":""\u00c9l ha traducido a Homero del griego al ingl\u00e9s.""}",Él ha traducido a Homero del griego al inglés.,False,1,0,True,True,False,True,,True,,True,"{""reason"":""detector_match"",""detected"":""es"",""confidence"":1.0}",True,[],[],True,,"{""errors"":[]}",True,[],True,1,0,True,True,False,100,100,17,31,1492,1145.65,1313,8,1321,1128.38
d07e72df87e6b064b708,781,nova-pro,arn:aws:bedrock:us-west-2:686465264859:prompt/7ZJL56AKIU,tatoeba,da,es,Katten sover på en stol.,El gato duerme en una silla.,"{""c"":""El gato duerme en una silla.""}",El gato duerme en una silla.,False,1,0,True,True,False,True,,True,,True,"{""reason"":""detector_match"",""detected"":""es"",""confidence"":1.0}",True,[],[],True,,"{""errors"":[]}",True,[],True,1,0,True,True,False,100,100,12,13,1470,734.45,1303,8,1311,1185.67
9fbd728b8feadc5f5264,782,nova-pro,arn:aws:bedrock:us-west-2:686465264859:prompt/7ZJL56AKIU,tatoeba,da,es,Du kan spise morgenmaden mellem klokken syv og klokken ni.,Se puede desayunar entre las siete y las nueve.,"{""c"":""Puedes desayunar entre las siete y las nueve de la ma\u00f1ana.""}",Puedes desayunar entre las siete y las nueve de la mañana.,False,1,0,True,True,False,True,,True,,True,"{""reason"":""detector_match"",""detected"":""es"",""confidence"":1.0}",True,[],[],True,,"{""errors"":[]}",True,[],True,1,0,True,True,False,100,100,20,28,1496,1025.55,1326,8,1334,1124.66
5db70a59173d5de6d9f3,783,nova-pro,arn:aws:bedrock:us-west-2:686465264859:prompt/7ZJL56AKIU,tatoeba,da,es,Vand består af brint og ilt.,El agua está compuesta de hidrógeno y oxígeno.,"{""c"":""El agua est\u00e1 compuesta de hidr\u00f3geno y ox\u00edgeno.""}",El agua está compuesta de hidrógeno y oxígeno.,False,1,0,True,True,False,True,,True,,True,"{""reason"":""detector_match"",""detected"":""es"",""confidence"":1.0}",True,[],[],True,,"{""errors"":[]}",True,[],True,1,0,True,True,False,100,100,14,34,1493,1167.05,1312,8,1320,1106.05
648740d4ff6a773ca988,784,nova-pro,arn:aws:bedrock:us-west-2:686465264859:prompt/7ZJL56AKIU,tatoeba,da,es,Vi mødes her en gang om ugen.,Nos reunimos aquí una vez por semana.,"{""c"":""Nos reunimos aquí una vez a la semana.""}",Nos reunimos aquí una vez a la semana.,False,1,0,True,True,False,True,,True,,,"{""reason"":""detector_mismatch_uncertain"",""detected"":""ca"",""confidence"":1.0}",True,[],[],True,,"{""errors"":[]}",True,[],True,1,0,True,True,False,100,100,16,16,1474,903.09,1306,8,1314,1198.9
8de01c7afe783eeb4969,785,nova-pro,arn:aws:bedrock:us-west-2:686465264859:prompt/7ZJL56AKIU,tatoeba,da,es,Der blæste en kold vind.,Soplaba un viento frío.,"{""c"":""Sopl\u00f3 un viento fr\u00edo.""}


",Sopló un viento frío.,False,1,0,True,True,False,True,,True,,True,"{""reason"":""detector_match"",""detected"":""es"",""confidence"":1.0}",True,[],[],True,,"{""errors"":[]}",True,[],True,1,0,True,True,False,100,100,12,23,1480,938.57,1300,8,1308,1161.19
a703729c1f583d51f308,786,nova-pro,arn:aws:bedrock:us-west-2:686465264859:prompt/7ZJL56AKIU,tatoeba,da,es,"Det er dig hun elsker, ikke mig.","Es a ti a quien ella ama, no a mí.","{""c"":""Eres t\u00fa a quien ella ama, no a m\u00ed.""}","Eres tú a quien ella ama, no a mí.",False,1,0,True,True,False,True,,True,,,"{""reason"":""detector_mismatch_uncertain"",""detected"":""ca"",""confidence"":1.0}",True,[],[],True,,"{""errors"":[]}",True,[],True,1,0,True,True,False,100,100,17,29,1489,942.23,1312,8,1320,1219.69
3acdf9365b5ee1d55cd4,787,nova-pro,arn:aws:bedrock:us-west-2:686465264859:prompt/7ZJL56AKIU,tatoeba,da,es,Du er meget modig.,Eres muy valiente.,"{""c"":""Eres muy valiente.""}",Eres muy valiente.,False,1,0,True,True,False,True,,True,,,"{""reason"":""detector_inconclusive"",""detected"":""es"",""confidence"":0.7143}",True,[],[],True,,"{""errors"":[]}",True,[],True,1,0,True,True,False,100,100,11,10,1464,704.45,1291,8,1299,1208.68
3c5e86de1aa6256f1a26,788,nova-pro,arn:aws:bedrock:us-west-2:686465264859:prompt/7ZJL56AKIU,tatoeba,da,es,Han stod med hænderne i lommen.,Él estaba parado con las manos en los bolsillos.,"{""c"":""\u00c9l estaba con las manos en los bolsillos.""}",Él estaba con las manos en los bolsillos.,False,1,0,True,True,False,True,,True,,True,"{""reason"":""detector_match"",""detected"":""es"",""confidence"":1.0}",True,[],[],True,,"{""errors"":[]}",True,[],True,1,0,True,True,False,100,100,14,21,1480,663.46,1312,8,1320,1144.83
0073091707b6c420e65f,789,nova-pro,arn:aws:bedrock:us-west-2:686465264859:prompt/7ZJL56AKIU,tatoeba,da,es,Tag kniven og skær spidsen af.,Toma el cuchillo y córtale la punta.,"{""c"":""Coge el cuchillo y corta la punta. ->""}",Coge el cuchillo y corta la punta. ->,False,1,0,True,True,False,True,,True,,True,"{""reason"":""detector_match"",""detected"":""es"",""confidence"":1.0}",True,[],[],True,,"{""errors"":[{""category"":""preservation"",""severity"":""minor""},{""category"":""fluency"",""severity"":""minor""}]}",True,"[{""category"":""preservation"",""severity"":""minor""},{""category"":""fluency"",""severity"":""minor""}]",True,1,0,True,True,False,94,94,14,17,1477,775.19,1313,27,1340,1330.24
cc892488fc28196a1686,790,nova-pro,arn:aws:bedrock:us-west-2:686465264859:prompt/7ZJL56AKIU,tatoeba,da,fr,Det er ikke nødvendigt.,Ce n'est pas nécessaire.,"{""c"":""Ce n'est pas n\u00e9cessaire.""}",Ce n'est pas nécessaire.,False,1,0,True,True,False,True,,True,,True,"{""reason"":""detector_match"",""detected"":""fr"",""confidence"":1.0}",True,[],[],True,,"{""errors"":[]}",True,[],True,1,0,True,True,False,100,100,11,20,1476,1001.84,1297,8,1305,1186.19
f6b18694fa65843a3c58,791,nova-pro,arn:aws:bedrock:us-west-2:686465264859:prompt/7ZJL56AKIU,tatoeba,da,fr,Det er for varmt.,Il fait trop chaud.,"{""c"":""Il fait trop chaud.""}",Il fait trop chaud.,False,1,0,True,True,False,True,,True,,True,"{""reason"":""detector_match"",""detected"":""fr"",""confidence"":1.0}",True,[],[],True,,"{""errors"":[]}",True,[],True,1,0,True,True,False,100,100,11,10,1464,689.03,1291,8,1299,1309.91
f7f813b216429309ecf4,792,nova-pro,arn:aws:bedrock:us-west-2:686465264859:prompt/7ZJL56AKIU,tatoeba,da,fr,Der er syv dage i en uge.,Il y a sept jours dans une semaine.,"{""c"":""Il y a sept jours dans une semaine.""}",Il y a sept jours dans une semaine.,False,1,0,True,True,False,True,,True,,True,"{""reason"":""detector_match"",""detected"":""fr"",""confidence"":1.0}",True,[],[],True,,"{""errors"":[]}",True,[],True,1,0,True,True,False,100,100,16,14,1472,1106.72,1304,8,1312,1225.33
a4c7c6c1469648cd55ba,793,nova-pro,arn:aws:bedrock:us-west-2:686465264859:prompt/7ZJL56AKIU,tatoeba,da,fr,I dag er himlen blå og skyfri.,"Aujourd'hui, le ciel est bleu et sans nuages.","{""c"":""Aujourd'hui, le ciel est bleu et sans nuages.""}","Aujourd'hui, le ciel est bleu et sans nuages.",False,1,0,True,True,False,True,,True,,True,"{""reason"":""detector_match"",""detected"":""fr"",""confidence"":1.0}",True,[],[],True,,"{""errors"":[]}",True,[],True,1,0,True,True,False,100,100,16,21,1480,681.93,1315,8,1323,1201.24
5f9a25cd95fda06b8dae,794,nova-pro,arn:aws:bedrock:us-west-2:686465264859:prompt/7ZJL56AKIU,tatoeba,da,fr,Hvorfor stiller du spørgsmål som du allerede kender svaret på?,Pourquoi poses-tu cette question alors que tu connais déjà la réponse ?,"{""c"":""Pourquoi poses-tu des questions dont tu connais d\u00e9j\u00e0 les r\u00e9ponses?""}",Pourquoi poses-tu des questions dont tu connais déjà les réponses?,False,1,0,True,True,False,True,,True,,True,"{""reason"":""detector_match"",""detected"":""fr"",""confidence"":1.0}",True,[],[],True,,"{""errors"":[]}",True,[],True,1,0,True,True,False,100,100,20,42,1512,1139.18,1338,8,1346,1095.77
5702b177f2ed4790fdb3,795,nova-pro,arn:aws:bedrock:us-west-2:686465264859:prompt/7ZJL56AKIU,tatoeba,da,fr,"Den Europæiske Union oprettes med det formål at gøre en ende på de mange blodige nabokrige, der kulminerede med den anden verdenskrig.",L'Union européenne a été créée dans le but de mettre fin aux guerres qui ont régulièrement ensanglanté le continent pour aboutir à la Seconde guerre mondiale.,"{""c"":""L'Union Europ\u00e9enne est cr\u00e9\u00e9e dans le but de mettre fin aux nombreuses guerres sanglantes entre voisins, qui ont culmin\u00e9 avec la Seconde Guerre mondiale.""}","L'Union Européenne est créée dans le but de mettre fin aux nombreuses guerres sanglantes entre voisins, qui ont culminé avec la Seconde Guerre mondiale.",False,1,0,True,True,False,True,,True,,True,"{""reason"":""detector_match"",""detected"":""fr"",""confidence"":1.0}",True,[],[],True,,"{""errors"":[]}",True,[],True,1,0,True,True,False,100,100,41,66,1557,1358.34,1394,8,1402,1283.87
2dea9190748bc35ff5b6,796,nova-pro,arn:aws:bedrock:us-west-2:686465264859:prompt/7ZJL56AKIU,tatoeba,da,fr,Hun har en hund og seks katte.,Elle a un chien et six chats.,"{""c"":""Elle a un chien et six chats.""}",Elle a un chien et six chats.,False,1,0,True,True,False,True,,True,,True,"{""reason"":""detector_match"",""detected"":""fr"",""confidence"":1.0}",True,[],[],True,,"{""errors"":[]}",True,[],True,1,0,True,True,False,100,100,16,14,1472,837.95,1302,8,1310,1225.63
e23084722c7699dee792,797,nova-pro,arn:aws:bedrock:us-west-2:686465264859:prompt/7ZJL56AKIU,tatoeba,da,fr,Selvfølgelig husker jeg dig.,Bien sûr que je me souviens de toi.,"{""c"":""Bien s\u00fbr que je me souviens de toi.""}",Bien sûr que je me souviens de toi.,False,1,0,True,True,False,True,,True,,True,"{""reason"":""detector_match"",""detected"":""fr"",""confidence"":1.0}",True,[],[],True,,"{""errors"":[]}",True,[],True,1,0,True,True,False,100,100,11,24,1482,762.16,1312,8,1320,1262.9
6d5f72da41eb4faa7a87,798,nova-pro,arn:aws:bedrock:us-west-2:686465264859:prompt/7ZJL56AKIU,tatoeba,da,fr,Der er en klar forskel mellem de to.,Il y a une nette différence entre ces deux-là.,"{""c"":""Il y a une nette diff\u00e9rence entre les deux.""}",Il y a une nette différence entre les deux.,False,1,0,True,True,False,True,,True,,True,"{""reason"":""detector_match"",""detected"":""fr"",""confidence"":1.0}",True,[],[],True,,"{""errors"":[]}",True,[],True,1,0,True,True,False,100,100,17,24,1484,809.1,1308,8,1316,1224.33
99d94cb74de9a64594b0,799,nova-pro,arn:aws:bedrock:us-west-2:686465264859:prompt/7ZJL56AKIU,tatoeba,da,fr,Katten leger med en levende mus.,Le chat joue avec une souris vivante.,"{""c"":""Le chat joue avec une souris vivante.""}",Le chat joue avec une souris vivante.,False,1,0,True,True,False,True,,True,,True,"{""reason"":""detector_match"",""detected"":""fr"",""confidence"":1.0}",True,[],[],True,,"{""errors"":[]}",True,[],True,1,0,True,True,False,100,100,14,15,1472,708.36,1304,8,1312,1172.5
186727213001390e7dc7,800,nova-pro,arn:aws:bedrock:us-west-2:686465264859:prompt/7ZJL56AKIU,tatoeba,da,it,Ja.,Sì.,"{""c"":""S\u00ec.""}",Sì.,False,1,0,True,True,False,True,,True,,,"{""reason"":""too_short_for_language_detection"",""detected"":null,""confidence"":null}",True,[],[],True,,"{""errors"":[]}",True,[],True,1,0,True,True,False,100,100,6,12,1461,785.03,1282,8,1290,1260.3
f8ba782e14c0cc65d09a,801,nova-pro,arn:aws:bedrock:us-west-2:686465264859:prompt/7ZJL56AKIU,tatoeba,da,it,Han er bøsse.,È gay.,"{""c"":""Lui \u00e8 gay.""}
",Lui è gay.,False,1,0,True,True,False,True,,True,,,"{""reason"":""too_short_for_language_detection"",""detected"":null,""confidence"":null}",True,[],[],True,,"{""errors"":[]}",True,[],True,1,0,True,True,False,100,100,9,15,1468,692.68,1285,8,1293,1275.19
0099ac8d4abfc0071166,802,nova-pro,arn:aws:bedrock:us-west-2:686465264859:prompt/7ZJL56AKIU,tatoeba,da,it,"De snakker ikke om det, men du kan se det.","Essi non ne parlano, ma si può vedere.","{""c"":""Non ne parlano, ma puoi vederlo.""}","Non ne parlano, ma puoi vederlo.",False,1,0,True,True,False,True,,True,,True,"{""reason"":""detector_match"",""detected"":""it"",""confidence"":1.0}",True,[],[],True,,"{""errors"":[]}",True,[],True,1,0,True,True,False,100,100,22,15,1479,684.5,1310,8,1318,1165.58
d86ac7b236cf0c116064,803,nova-pro,arn:aws:bedrock:us-west-2:686465264859:prompt/7ZJL56AKIU,tatoeba,da,it,Jeg er et menneske.,Sono una persona.,"{""c"":""Sono un essere umano.""}",Sono un essere umano.,False,1,0,True,True,False,True,,True,,,"{""reason"":""detector_inconclusive"",""detected"":""pt"",""confidence"":0.7143}",True,[],[],True,,"{""errors"":[]}",True,[],True,1,0,True,True,False,100,100,11,12,1466,723.45,1290,8,1298,1294.57
4884db2a5b5325f2ff1c,804,nova-pro,arn:aws:bedrock:us-west-2:686465264859:prompt/7ZJL56AKIU,tatoeba,da,it,Han studerer fransk og webdesign.,Studia francese e web design.,"{""c"":""Sta studiando francese e web design.""}",Sta studiando francese e web design.,False,1,0,True,True,False,True,,True,,True,"{""reason"":""detector_match"",""detected"":""it"",""confidence"":1.0}",True,[],[],True,,"{""errors"":[{""category"":""accuracy"",""severity"":""minor""}]}",True,"[{""category"":""accuracy"",""severity"":""minor""}]",True,1,0,True,True,False,97,97,12,13,1470,723.78,1299,17,1316,1383.67
112f160045a70c12ee14,805,nova-pro,arn:aws:bedrock:us-west-2:686465264859:prompt/7ZJL56AKIU,tatoeba,da,it,"Det er min skyld, ikke din.","È colpa mia, non vostra.","{""c"":""\u00c8 colpa mia, non tua.""}","È colpa mia, non tua.",False,1,0,True,True,False,True,,True,,True,"{""reason"":""detector_match"",""detected"":""it"",""confidence"":1.0}",True,[],[],True,,"{""errors"":[]}",True,[],True,1,0,True,True,False,100,100,16,18,1474,1099.91,1300,8,1308,1190.2
d585f039fc7c0846d68b,806,nova-pro,arn:aws:bedrock:us-west-2:686465264859:prompt/7ZJL56AKIU,tatoeba,da,it,Dette er et varsel som vi må tage alvorligt.,Questo è un avvertimento che dobbiamo prendere sul serio.,"{""c"":""Questo \u00e8 un avviso che dobbiamo prendere sul serio.""}",Questo è un avviso che dobbiamo prendere sul serio.,False,1,0,True,True,False,True,,True,,True,"{""reason"":""detector_match"",""detected"":""it"",""confidence"":1.0}",True,[],[],True,,"{""errors"":[]}",True,[],True,1,0,True,True,False,100,100,19,24,1486,975.22,1321,8,1329,1166.74
79f17a58016291935200,807,nova-pro,arn:aws:bedrock:us-west-2:686465264859:prompt/7ZJL56AKIU,tatoeba,da,it,Vaccinen er særdeles effektiv.,Il vaccino è estremamente efficace.,"{""c"":""Il vaccino \u00e8 estremamente efficace.""}",Il vaccino è estremamente efficace.,False,1,0,True,True,False,True,,True,,True,"{""reason"":""detector_match"",""detected"":""it"",""confidence"":1.0}",True,[],[],True,,"{""errors"":[]}",True,[],True,1,0,True,True,False,100,100,11,18,1475,790.39,1302,8,1310,1144.74
e5e5958af7d6e3f15760,808,nova-pro,arn:aws:bedrock:us-west-2:686465264859:prompt/7ZJL56AKIU,tatoeba,da,it,Auckland er en by i New Zealand.,Auckland è una città della Nuova Zelanda.,"{""c"":""Auckland \u00e8 una citt\u00e0 in Nuova Zelanda.""}",Auckland è una città in Nuova Zelanda.,False,1,0,True,True,False,True,,True,,True,"{""reason"":""detector_match"",""detected"":""it"",""confidence"":1.0}",True,[],[],True,,"{""errors"":[]}",True,[],True,1,0,True,True,False,100,100,16,27,1482,726.91,1303,8,1311,1148.34
ab3bb75e0cd5c413b7b9,809,nova-pro,arn:aws:bedrock:us-west-2:686465264859:prompt/7ZJL56AKIU,tatoeba,da,it,Hun er for gammel til ham.,Lei è troppo vecchia per lui.,"{""c"":""Lei \u00e8 troppo vecchia per lui.""}",Lei è troppo vecchia per lui.,False,1,0,True,True,False,True,,True,,True,"{""reason"":""detector_match"",""detected"":""it"",""confidence"":1.0}",True,[],[],True,,"{""errors"":[]}",True,[],True,1,0,True,True,False,100,100,14,18,1473,838.45,1297,8,1305,1367.39
23f52811a13d39ee18b2,810,nova-pro,arn:aws:bedrock:us-west-2:686465264859:prompt/7ZJL56AKIU,tatoeba,da,jp,Må jeg bruge denne ordbog?,この辞書を使っても良いですか。,"{""c"":""この辞書を使用してもいいですか？""}",この辞書を使用してもいいですか？,False,1,0,True,True,False,True,,True,,True,"{""reason"":""target_script_present"",""detected"":""ja"",""confidence"":1.0}",True,[],[],True,,"{""errors"":[]}",True,[],True,1,0,True,True,False,100,100,12,12,1472,590.25,1311,8,1319,1168.71
0434962595a24c6213f8,811,nova-pro,arn:aws:bedrock:us-west-2:686465264859:prompt/7ZJL56AKIU,tatoeba,da,jp,Jeg kan ikke svare på så mange spørgsmål på én gang.,一度にそんなにたくさんの質問には答えられない。,"{""c"":""一度にそんなに多くの質問に答えることはできません。""}",一度にそんなに多くの質問に答えることはできません。,False,1,0,True,True,False,True,,True,,True,"{""reason"":""target_script_present"",""detected"":""ja"",""confidence"":1.0}",True,[],[],True,,"{""errors"":[]}",True,[],True,1,0,True,True,False,100,100,22,18,1487,684.87,1331,8,1339,1197.85
c08fcd62570a0b2d6006,812,nova-pro,arn:aws:bedrock:us-west-2:686465264859:prompt/7ZJL56AKIU,tatoeba,da,jp,Dette er et billede af min mor.,これが私の母の写真です。,"{""c"":""これは私の母の写真です。""}",これは私の母の写真です。,False,1,0,True,True,False,True,,True,,True,"{""reason"":""target_script_present"",""detected"":""ja"",""confidence"":1.0}",True,[],[],True,,"{""errors"":[]}",True,[],True,1,0,True,True,False,100,100,16,11,1470,655.11,1302,8,1310,1144.1
0d1975a6e08d3d124c45,813,nova-pro,arn:aws:bedrock:us-west-2:686465264859:prompt/7ZJL56AKIU,tatoeba,da,jp,Det er ikke os alle der kan tale engelsk.,我々全員が英語を話せるわけではない。,"{""c"":""私たち全員が英語を話せるわけではありません。""}",私たち全員が英語を話せるわけではありません。,False,1,0,True,True,False,True,,True,,True,"{""reason"":""target_script_present"",""detected"":""ja"",""confidence"":1.0}",True,[],[],True,,"{""errors"":[]}",True,[],True,1,0,True,True,False,100,100,19,16,1476,616.72,1317,8,1325,1153.46
01121de9b1172ba4f92b,814,nova-pro,arn:aws:bedrock:us-west-2:686465264859:prompt/7ZJL56AKIU,tatoeba,da,jp,Luk dine øjne.,目を閉じて。,"{""c"":""目を閉じて。""}",目を閉じて。,False,1,0,True,True,False,True,,True,,True,"{""reason"":""target_script_present"",""detected"":""ja"",""confidence"":1.0}",True,[],[],True,,"{""errors"":[]}",True,[],True,1,0,True,True,False,100,100,9,10,1465,1146.68,1296,8,1304,1198.21
651d71b07f7a2b0cb97d,815,nova-pro,arn:aws:bedrock:us-west-2:686465264859:prompt/7ZJL56AKIU,tatoeba,da,jp,Jeg købte en masse bøger.,本をたくさん買った。,"{""c"":""たくさんの本を買いました。""}",たくさんの本を買いました。,False,1,0,True,True,False,True,,True,,True,"{""reason"":""target_script_present"",""detected"":""ja"",""confidence"":1.0}",True,[],[],True,,"{""errors"":[]}",True,[],True,1,0,True,True,False,100,100,12,12,1471,734.08,1303,8,1311,1187.16
ce1eabc28a53a8a5f0d0,816,nova-pro,arn:aws:bedrock:us-west-2:686465264859:prompt/7ZJL56AKIU,tatoeba,da,jp,En dag mødte jeg ham.,ある日、私は彼に会った。,"{""c"":""ある日、彼に出会いました。""}",ある日、彼に出会いました。,False,1,0,True,True,False,True,,True,,True,"{""reason"":""target_script_present"",""detected"":""ja"",""confidence"":1.0}",True,[],[],True,,"{""errors"":[]}",True,[],True,1,0,True,True,False,100,100,12,13,1471,802.39,1304,8,1312,1225.49
4f88a127d1a64a8fe955,817,nova-pro,arn:aws:bedrock:us-west-2:686465264859:prompt/7ZJL56AKIU,tatoeba,da,jp,I går var det torsdag.,昨日は木曜日だった。,"{""c"":""昨日は木曜日でした。""}",昨日は木曜日でした。,False,1,0,True,True,False,True,,True,,True,"{""reason"":""target_script_present"",""detected"":""ja"",""confidence"":1.0}",True,[],[],True,,"{""errors"":[]}",True,[],True,1,0,True,True,False,100,100,12,11,1469,970.79,1303,8,1311,1351.83
56e1f2aa161b2d1372a8,818,nova-pro,arn:aws:bedrock:us-west-2:686465264859:prompt/7ZJL56AKIU,tatoeba,da,jp,Fugle lægger æg.,鳥は卵を産む。,"{""c"":""鳥は卵を産みます。""}",鳥は卵を産みます。,False,1,0,True,True,False,True,,True,,True,"{""reason"":""target_script_present"",""detected"":""ja"",""confidence"":1.0}",True,[],[],True,,"{""errors"":[{""category"":""tone"",""severity"":""minor""}]}",True,"[{""category"":""tone"",""severity"":""minor""}]",True,1,0,True,True,False,97,97,9,13,1470,860.96,1303,17,1320,1314.84
6b0acffee2cc4ad25a89,819,nova-pro,arn:aws:bedrock:us-west-2:686465264859:prompt/7ZJL56AKIU,tatoeba,da,jp,Han leder efter et job.,彼は職を探している。,"{""c"":""彼は仕事を探しています。""}",彼は仕事を探しています。,False,1,0,True,True,False,True,,True,,True,"{""reason"":""target_script_present"",""detected"":""ja"",""confidence"":1.0}",True,[],[],True,,"{""errors"":[]}",True,[],True,1,0,True,True,False,100,100,12,11,1466,754.34,1299,8,1307,1194.1
a914de610beae2c77b29,820,nova-pro,arn:aws:bedrock:us-west-2:686465264859:prompt/7ZJL56AKIU,tatoeba,da,nl,Stop!,Stop!,"{""c"":""Stop!""}",Stop!,False,1,0,True,True,False,True,,True,,,"{""reason"":""too_short_for_language_detection"",""detected"":null,""confidence"":null}",True,[],[],True,,"{""errors"":[]}",True,[],True,1,0,True,True,False,100,100,6,7,1457,706.87,1277,8,1285,1125.41
71ca04326ebe2e31ce4f,821,nova-pro,arn:aws:bedrock:us-west-2:686465264859:prompt/7ZJL56AKIU,tatoeba,da,nl,"Han lader altid vinduet være åbent, når han sover.",Hij laat altijd het venster open als hij slaapt.,"{""c"":""Hij laat altijd het raam open als hij slaapt.""}",Hij laat altijd het raam open als hij slaapt.,False,1,0,True,True,False,True,,True,,True,"{""reason"":""detector_match"",""detected"":""nl"",""confidence"":1.0}",True,[],[],True,,"{""errors"":[]}",True,[],True,1,0,True,True,False,100,100,20,23,1489,859.51,1319,8,1327,1235.22
b1d26c7dc97273870cef,822,nova-pro,arn:aws:bedrock:us-west-2:686465264859:prompt/7ZJL56AKIU,tatoeba,da,nl,De respekterer ham.,Ze respecteren hem.,"{""c"":""Ze respecteren hem.""}",Ze respecteren hem.,False,1,0,True,True,False,True,,True,,True,"{""reason"":""detector_match"",""detected"":""nl"",""confidence"":1.0}",True,[],[],True,,"{""errors"":[]}",True,[],True,1,0,True,True,False,100,100,9,11,1466,701.19,1287,8,1295,1326.63
7cfcd04a3a849f967a24,823,nova-pro,arn:aws:bedrock:us-west-2:686465264859:prompt/7ZJL56AKIU,tatoeba,da,nl,Tom tager ikke sit arbejde ret alvorligt.,Tom neemt zijn baan niet erg serieus.,"{""c"":""Tom neemt zijn werk niet erg serieus.""}",Tom neemt zijn werk niet erg serieus.,False,1,0,True,True,False,True,,True,,True,"{""reason"":""detector_match"",""detected"":""nl"",""confidence"":1.0}",True,[],[],True,,"{""errors"":[]}",True,[],True,1,0,True,True,False,100,100,16,18,1480,886.45,1308,8,1316,1273.28
9481f7775922e2f00bf3,824,nova-pro,arn:aws:bedrock:us-west-2:686465264859:prompt/7ZJL56AKIU,tatoeba,da,nl,Hun ryger 20 cigaretter om dagen.,Ze rookt twintig sigaretten per dag.,"{""c"":""Ze rookt 20 sigaretten per dag.""}",Ze rookt 20 sigaretten per dag.,False,1,0,True,True,False,True,,True,,,"{""reason"":""detector_inconclusive"",""detected"":""sv"",""confidence"":0.5714}",True,[],[],True,,"{""errors"":[]}",True,[],True,1,0,True,True,False,100,100,14,19,1480,785.64,1307,8,1315,1176.61
66939d960d7cd2be205a,825,nova-pro,arn:aws:bedrock:us-west-2:686465264859:prompt/7ZJL56AKIU,tatoeba,da,nl,Hvor er nærmeste bank?,Waar is de dichtstbijzijnde bank?,"{""c"":""Waar is de dichtstbijzijnde bank?""}",Waar is de dichtstbijzijnde bank?,False,1,0,True,True,False,True,,True,,True,"{""reason"":""detector_match"",""detected"":""nl"",""confidence"":1.0}",True,[],[],True,,"{""errors"":[]}",True,[],True,1,0,True,True,False,100,100,11,17,1474,738.95,1307,8,1315,1158.15
9dc7ff6f9698387d7fb9,826,nova-pro,arn:aws:bedrock:us-west-2:686465264859:prompt/7ZJL56AKIU,tatoeba,da,nl,Jeg kan godt lide at skrive digte.,Ik schrijf graag gedichten.,"{""c"":""Ik vind het leuk om gedichten te schrijven.""}",Ik vind het leuk om gedichten te schrijven.,False,1,0,True,True,False,True,,True,,True,"{""reason"":""detector_match"",""detected"":""nl"",""confidence"":1.0}",True,[],[],True,,"{""errors"":[]}",True,[],True,1,0,True,True,False,100,100,16,22,1483,748.39,1309,8,1317,1174.76
143c98599f0d52b32b3e,827,nova-pro,arn:aws:bedrock:us-west-2:686465264859:prompt/7ZJL56AKIU,tatoeba,da,nl,Jeg har hovedpine.,Ik heb hoofdpijn.,"{""c"":""Ik heb hoofdpijn.""}",Ik heb hoofdpijn.,False,1,0,True,True,False,True,,True,,True,"{""reason"":""detector_match"",""detected"":""nl"",""confidence"":1.0}",True,[],[],True,,"{""errors"":[]}",True,[],True,1,0,True,True,False,100,100,9,13,1467,804.31,1296,8,1304,1221.48
e524190fed15acad1362,828,nova-pro,arn:aws:bedrock:us-west-2:686465264859:prompt/7ZJL56AKIU,tatoeba,da,nl,Hvordan har din kone det?,Hoe gaat het met je vrouw?,"{""c"":""Hoe gaat het met je vrouw?""}",Hoe gaat het met je vrouw?,False,1,0,True,True,False,True,,True,,True,"{""reason"":""detector_match"",""detected"":""nl"",""confidence"":1.0}",True,[],[],True,,"{""errors"":[]}",True,[],True,1,0,True,True,False,100,100,12,17,1475,741.26,1304,8,1312,1253.29
dfd60d7e99a330418543,829,nova-pro,arn:aws:bedrock:us-west-2:686465264859:prompt/7ZJL56AKIU,tatoeba,da,nl,Han lovede mig at komme tidligt.,Hij beloofde me om vroeg te komen.,"{""c"":""Hij beloofde me vroeg te komen.""}",Hij beloofde me vroeg te komen.,False,1,0,True,True,False,True,,True,,True,"{""reason"":""detector_match"",""detected"":""nl"",""confidence"":1.0}",True,[],[],True,,"{""errors"":[]}",True,[],True,1,0,True,True,False,100,100,14,19,1477,1304.75,1305,8,1313,2613.08
3c9a7e5cee93a3b4b990,830,nova-pro,arn:aws:bedrock:us-west-2:686465264859:prompt/7ZJL56AKIU,tatoeba,da,nb,Han stiller hele tiden dumme spørgsmål.,Han spør stadig dumme spørsmål.,"{""c"":""Han stiller hele tiden dumme sp\u00f8rsm\u00e5l.""}",Han stiller hele tiden dumme spørsmål.,False,1,0,True,True,False,True,,True,,,"{""reason"":""detector_mismatch_uncertain"",""detected"":""da"",""confidence"":1.0}",True,[],[],True,,"{""errors"":[]}",True,[],True,1,0,True,True,False,100,100,14,31,1494,1610.93,1308,8,1316,1159.77
7fdf5356c53cbb373acc,831,nova-pro,arn:aws:bedrock:us-west-2:686465264859:prompt/7ZJL56AKIU,tatoeba,da,nb,Hun begyndte at synge.,Hun begynte å synge.,"{""c"":""Hun begynte \u00e5 synge.""}",Hun begynte å synge.,False,1,0,True,True,False,True,,True,,True,"{""reason"":""detector_match"",""detected"":""no"",""confidence"":1.0}",True,[],[],True,,"{""errors"":[]}",True,[],True,1,0,True,True,False,100,100,11,19,1476,1157.71,1295,8,1303,1225.66
8b7348ed7afd19acde60,832,nova-pro,arn:aws:bedrock:us-west-2:686465264859:prompt/7ZJL56AKIU,tatoeba,da,nb,Dette er et varsel som vi må tage alvorligt.,Dette er et varsel som vi må ta på alvor.,"{""c"":""Dette er et varsel som vi m\u00e5 ta p\u00e5 alvor. -> nb""}",Dette er et varsel som vi må ta på alvor. -> nb,False,1,0,True,True,False,True,,True,,True,"{""reason"":""detector_match"",""detected"":""no"",""confidence"":1.0}",True,[],[],True,,"{""errors"":[{""category"":""preservation"",""severity"":""major""}]}",False,"[{""category"":""preservation"",""severity"":""major""}]",True,1,0,True,True,False,85,85,19,34,1497,1317.2,1314,17,1331,1296.75
bd08814a42fc44e61a34,833,nova-pro,arn:aws:bedrock:us-west-2:686465264859:prompt/7ZJL56AKIU,tatoeba,da,nb,Hans barnlige latter er charmerende.,Hans barnslige latter er sjarmerende.,"{""c"":""Hans barnslige latter er charmerende.""}
",Hans barnslige latter er charmerende.,False,1,0,True,True,False,True,,True,,,"{""reason"":""detector_inconclusive"",""detected"":""da"",""confidence"":0.8608}",True,[],[],True,,"{""errors"":[{""category"":""accuracy"",""severity"":""minor""}]}",True,"[{""category"":""accuracy"",""severity"":""minor""}]",True,1,0,True,True,False,97,97,12,15,1472,845.28,1300,17,1317,1181.3
02a327c255af83d02e94,834,nova-pro,arn:aws:bedrock:us-west-2:686465264859:prompt/7ZJL56AKIU,tatoeba,da,nb,Denne by er kold og ensom uden dig.,Denne byen er kald og ensom uten deg.,"{""c"":""Denne byen er kald og ensom uten deg.""}",Denne byen er kald og ensom uten deg.,False,1,0,True,True,False,True,,True,,True,"{""reason"":""detector_match"",""detected"":""no"",""confidence"":1.0}",True,[],[],True,,"{""errors"":[]}",True,[],True,1,0,True,True,False,100,100,17,20,1481,1068.21,1309,8,1317,1183.71
14d84e0de3d6d52fbddd,835,nova-pro,arn:aws:bedrock:us-west-2:686465264859:prompt/7ZJL56AKIU,tatoeba,da,nb,Jeg stod sent op i dag til morgen.,Jeg sto opp sent i dag morges.,"{""c"":""Jeg stod sent opp i dag til morgen.""}",Jeg stod sent opp i dag til morgen.,False,1,0,True,True,False,True,,True,,True,"{""reason"":""detector_match"",""detected"":""no"",""confidence"":1.0}",True,[],[],True,,"{""errors"":[]}",True,[],True,1,0,True,True,False,100,100,17,17,1476,791.49,1308,8,1316,1332.23
0394db6117aa31c393a9,836,nova-pro,arn:aws:bedrock:us-west-2:686465264859:prompt/7ZJL56AKIU,tatoeba,da,nb,Jeg har altid ønsket at møde dig.,Jeg har alltid ville møte deg.,"{""c"":""Jeg har alltid \u00f8nsket \u00e5 m\u00f8te deg.""}",Jeg har alltid ønsket å møte deg.,False,1,0,True,True,False,True,,True,,True,"{""reason"":""detector_match"",""detected"":""no"",""confidence"":1.0}",True,[],[],True,,"{""errors"":[]}",True,[],True,1,0,True,True,False,100,100,16,36,1498,1212.21,1307,8,1315,1241.65
f7eb03e62c829504ce5e,837,nova-pro,arn:aws:bedrock:us-west-2:686465264859:prompt/7ZJL56AKIU,tatoeba,da,nb,Du hjalp mig ikke.,Du hjalp meg ikke.,"{""c"":""Du hjalp meg ikke.""}",Du hjalp meg ikke.,False,1,0,True,True,False,True,,True,,,"{""reason"":""detector_inconclusive"",""detected"":""no"",""confidence"":0.5714}",True,[],[],True,,"{""errors"":[]}",True,[],True,1,0,True,True,False,100,100,11,12,1468,1010.29,1293,8,1301,1111.45
29b8102460e09efcbd50,838,nova-pro,arn:aws:bedrock:us-west-2:686465264859:prompt/7ZJL56AKIU,tatoeba,da,nb,Ankommer de klokken seks eller klokken syv?,Kommer du klokken seks eller klokken syv?,"{""c"":""Ankommer de klokken seks eller klokken syv?""}",Ankommer de klokken seks eller klokken syv?,False,1,0,True,True,False,True,,True,,True,"{""reason"":""detector_match"",""detected"":""no"",""confidence"":1.0}",False,"[{""code"":""source_copied""}]",[],True,,"{""errors"":[]}",True,[],True,1,0,True,True,False,100,100,16,21,1485,981.91,1320,8,1328,1229.06
14c10ca363f12bbb50a5,839,nova-pro,arn:aws:bedrock:us-west-2:686465264859:prompt/7ZJL56AKIU,tatoeba,da,nb,"Tag den du bedst kan lide, lige meget hvilken det er.","Ta den du liker best, samme hvilken det er.","{""c"":""Tag den du best kan lide, uansett hvilken det er.""}","Tag den du best kan lide, uansett hvilken det er.",False,1,0,True,True,False,True,,True,,,"{""reason"":""detector_inconclusive"",""detected"":""da"",""confidence"":0.5889}",True,[],[],True,,"{""errors"":[{""category"":""accuracy"",""severity"":""major""},{""category"":""fluency"",""severity"":""major""}]}",False,"[{""category"":""accuracy"",""severity"":""major""},{""category"":""fluency"",""severity"":""major""}]",True,1,0,True,True,False,70,70,23,23,1491,1250.73,1316,27,1343,1284.04
5bc107f2e672e146cd24,840,nova-pro,arn:aws:bedrock:us-west-2:686465264859:prompt/7ZJL56AKIU,tatoeba,de,da,Der Zweite Weltkrieg begann 1939.,Anden Verdenskrig begyndte i 1939.,"{""c"":""Den Anden Verdenskrig begyndte i 1939.""}",Den Anden Verdenskrig begyndte i 1939.,False,1,0,True,True,False,True,,True,,True,"{""reason"":""detector_match"",""detected"":""da"",""confidence"":1.0}",True,[],[],True,,"{""errors"":[]}",True,[],True,1,0,True,True,False,100,100,14,22,1479,820.81,1314,8,1322,1174.87
9f823aff9b5218ed6b16,841,nova-pro,arn:aws:bedrock:us-west-2:686465264859:prompt/7ZJL56AKIU,tatoeba,de,da,Auf dem Meer herrschte gestern starker Seegang.,På havet herskede der i går en voldsom søgang.,"{""c"":""P\u00e5 havet var der stor s\u00f8gang i går.""}
",På havet var der stor søgang i går.,False,1,0,True,True,False,True,,True,,,"{""reason"":""detector_mismatch_uncertain"",""detected"":""no"",""confidence"":1.0}",True,[],[],True,,"{""errors"":[]}",True,[],True,1,0,True,True,False,100,100,16,30,1488,1063.2,1315,8,1323,1188.81
a99948a416a960c898b1,842,nova-pro,arn:aws:bedrock:us-west-2:686465264859:prompt/7ZJL56AKIU,tatoeba,de,da,"Es ist kein Geheimnis, dass Tom Mary nicht mag.",Det er ingen hemmelighed at Tom ikke kan lide Maria.,"{""c"":""Det er ingen hemmelighed, at Tom ikke kan lide Mary.""}","Det er ingen hemmelighed, at Tom ikke kan lide Mary.",False,1,0,True,True,False,True,,True,,True,"{""reason"":""detector_match"",""detected"":""da"",""confidence"":1.0}",True,[],[],True,,"{""errors"":[]}",True,[],True,1,0,True,True,False,100,100,20,23,1481,821.39,1316,8,1324,1248.49
4481c01d82eb187c8694,843,nova-pro,arn:aws:bedrock:us-west-2:686465264859:prompt/7ZJL56AKIU,tatoeba,de,da,Er hat bei der Bundeswehr seinen LKW-Führerschein gemacht.,Han fik kørekort til lastbil mens han var inde som soldat.,"{""c"":""Han fik sit lastbilk\u00f8rekort i Bundeswehr.""}",Han fik sit lastbilkørekort i Bundeswehr.,False,1,0,True,True,False,True,,True,,,"{""reason"":""detector_inconclusive"",""detected"":""no"",""confidence"":0.5728}",True,[],[],True,,"{""errors"":[]}",True,[],True,1,0,True,True,False,100,100,20,23,1486,858.89,1325,8,1333,1194.35
c976a3fc8b11a3b29d8a,844,nova-pro,arn:aws:bedrock:us-west-2:686465264859:prompt/7ZJL56AKIU,tatoeba,de,da,Französisch ist nicht meine Muttersprache.,Fransk er ikke mit modersmål.,"{""c"":""Fransk er ikke mit modersm\u00e5l.""}",Fransk er ikke mit modersmål.,False,1,0,True,True,False,True,,True,,True,"{""reason"":""detector_match"",""detected"":""da"",""confidence"":1.0}",True,[],[],True,,"{""errors"":[]}",True,[],True,1,0,True,True,False,100,100,12,21,1475,815.19,1302,8,1310,1225.75
8e223ca139f9a3ed5455,845,nova-pro,arn:aws:bedrock:us-west-2:686465264859:prompt/7ZJL56AKIU,tatoeba,de,da,Wir haben einen Geheimgang entdeckt.,Vi har opdaget en hemmelig gang.,"{""c"":""Vi har opdaget en hemmelig passage.""}


",Vi har opdaget en hemmelig passage.,False,1,0,True,True,False,True,,True,,True,"{""reason"":""detector_match"",""detected"":""da"",""confidence"":1.0}",True,[],[],True,,"{""errors"":[]}",True,[],True,1,0,True,True,False,100,100,12,17,1471,980.16,1305,8,1313,1196.21
0c2940f0dc33b56a8d2c,846,nova-pro,arn:aws:bedrock:us-west-2:686465264859:prompt/7ZJL56AKIU,tatoeba,de,da,"Tom konnte sich nicht entscheiden, ob er seinen Hund Cookie oder Pochi nennen sollte.",Tom kunne ikke beslutte sig for om hans hund skulle hedde Cookie eller Pochi.,"{""c"":""Tom kunne ikke beslutte, om han skulle kalde sin hund Cookie eller Pochi.""}","Tom kunne ikke beslutte, om han skulle kalde sin hund Cookie eller Pochi.",False,1,0,True,True,False,True,,True,,,"{""reason"":""detector_mismatch_uncertain"",""detected"":""no"",""confidence"":1.0}",True,[],[],True,,"{""errors"":[]}",True,[],True,1,0,True,True,False,100,100,28,28,1492,1014.19,1338,8,1346,1198.92
677995c4f158d3821da0,847,nova-pro,arn:aws:bedrock:us-west-2:686465264859:prompt/7ZJL56AKIU,tatoeba,de,da,Ich habe einen Apfelbaum in meinen Garten gepflanzt.,Jeg har plantet et æbletræ i min have.,"{""c"":""Jeg har plantet et æbletr\u00e6 i min have.""}",Jeg har plantet et æbletræ i min have.,False,1,0,True,True,False,True,,True,,True,"{""reason"":""detector_match"",""detected"":""da"",""confidence"":1.0}",True,[],[],True,,"{""errors"":[]}",True,[],True,1,0,True,True,False,100,100,17,25,1485,988.46,1322,8,1330,1135.31
21782847ee9ed2231836,848,nova-pro,arn:aws:bedrock:us-west-2:686465264859:prompt/7ZJL56AKIU,tatoeba,de,da,"Weißt du was, Tom? Du hast recht!","Ved du hvad, Tom, du har ret!","{""c"":""Ved du hvad, Tom? Du har ret!""}","Ved du hvad, Tom? Du har ret!",False,1,0,True,True,False,True,,True,,,"{""reason"":""detector_inconclusive"",""detected"":""da"",""confidence"":0.5977}",True,[],[],True,,"{""errors"":[]}",True,[],True,1,0,True,True,False,100,100,19,17,1476,799.13,1308,8,1316,1369.21
e6eca2defed4244a20fb,849,nova-pro,arn:aws:bedrock:us-west-2:686465264859:prompt/7ZJL56AKIU,tatoeba,de,da,Maria kam zuletzt.,Maria kom sidst.,"{""c"":""Maria kom sidst.""}",Maria kom sidst.,False,1,0,True,True,False,True,,True,,,"{""reason"":""detector_mismatch_uncertain"",""detected"":""sv"",""confidence"":1.0}",True,[],[],True,,"{""errors"":[]}",True,[],True,1,0,True,True,False,100,100,9,10,1461,806.23,1287,8,1295,1214.24
60bb4236484af9897a88,850,nova-pro,arn:aws:bedrock:us-west-2:686465264859:prompt/7ZJL56AKIU,tatoeba,de,en,"Ich verstehe nicht, warum er sie nicht einfach fragt, ob sie mit ihm ausgeht.",I don't see why he doesn't just ask her out.,"{""c"":""I don't understand why he doesn't just ask her out on a date. -> en""}",I don't understand why he doesn't just ask her out on a date. -> en,False,1,0,True,True,False,True,,True,,True,"{""reason"":""detector_match"",""detected"":""en"",""confidence"":1.0}",True,[],[],True,,"{""errors"":[{""category"":""preservation"",""severity"":""major""}]}",False,"[{""category"":""preservation"",""severity"":""major""}]",True,1,0,True,True,False,85,85,29,25,1493,824.43,1328,17,1345,1281.14
b935a3cce66dacef017c,851,nova-pro,arn:aws:bedrock:us-west-2:686465264859:prompt/7ZJL56AKIU,tatoeba,de,en,Wir haben dort niemanden gesehen.,We didn't see anybody there.,"{""c"":""We didn't see anyone there.""}",We didn't see anyone there.,False,1,0,True,True,False,True,,True,,True,"{""reason"":""detector_match"",""detected"":""en"",""confidence"":1.0}",True,[],[],True,,"{""errors"":[]}",True,[],True,1,0,True,True,False,100,100,12,13,1467,697.6,1295,8,1303,1155.36
cd37d72bc8ad09f553a2,852,nova-pro,arn:aws:bedrock:us-west-2:686465264859:prompt/7ZJL56AKIU,tatoeba,de,en,Die Lebensqualität in München ist sehr hoch.,The quality of life in Munich is very high.,"{""c"":""The quality of life in Munich is very high.""}",The quality of life in Munich is very high.,False,1,0,True,True,False,True,,True,,True,"{""reason"":""detector_match"",""detected"":""en"",""confidence"":1.0}",True,[],[],True,,"{""errors"":[]}",True,[],True,1,0,True,True,False,100,100,16,15,1471,696.89,1304,8,1312,1199.29
e2d45ba623e341931004,853,nova-pro,arn:aws:bedrock:us-west-2:686465264859:prompt/7ZJL56AKIU,tatoeba,de,en,Wir mussten unsere Schulden abschreiben.,We had to write off the debt.,"{""c"":""We had to write off our debts.""}",We had to write off our debts.,False,1,0,True,True,False,True,,True,,True,"{""reason"":""detector_match"",""detected"":""en"",""confidence"":1.0}",True,[],[],True,,"{""errors"":[]}",True,[],True,1,0,True,True,False,100,100,12,13,1468,726.91,1303,8,1311,1201.06
a0aba4a0df0de6afcc4c,854,nova-pro,arn:aws:bedrock:us-west-2:686465264859:prompt/7ZJL56AKIU,tatoeba,de,en,Tom ist letztlich doch nicht nach Boston gefahren.,Tom didn't go to Boston after all.,"{""c"":""Tom didn't go to Boston after all.""}",Tom didn't go to Boston after all.,False,1,0,True,True,False,True,,True,,True,"{""reason"":""detector_match"",""detected"":""en"",""confidence"":0.8571}",True,[],[],True,,"{""errors"":[]}",True,[],True,1,0,True,True,False,100,100,17,15,1472,810.21,1303,8,1311,1266.66
d7eefd0d3f11222efedd,855,nova-pro,arn:aws:bedrock:us-west-2:686465264859:prompt/7ZJL56AKIU,tatoeba,de,en,Ich arbeite als Busfahrerin.,I work as a bus driver.,"{""c"":""I work as a bus driver.""}",I work as a bus driver.,False,1,0,True,True,False,True,,True,,True,"{""reason"":""detector_match"",""detected"":""en"",""confidence"":0.8571}",True,[],[],True,,"{""errors"":[]}",True,[],True,1,0,True,True,False,100,100,11,12,1466,752.03,1296,8,1304,1279.68
2ba1edcf12e9a653f8fe,856,nova-pro,arn:aws:bedrock:us-west-2:686465264859:prompt/7ZJL56AKIU,tatoeba,de,en,In dieser Straße kannst du deinen Wagen nicht parken.,You can't park your car in this road.,"{""c"":""You cannot park your car on this street.""}",You cannot park your car on this street.,False,1,0,True,True,False,True,,True,,True,"{""reason"":""detector_match"",""detected"":""en"",""confidence"":1.0}",True,[],[],True,,"{""errors"":[]}",True,[],True,1,0,True,True,False,100,100,19,14,1472,889.42,1307,8,1315,1237.97
77f6107ba87566582bf1,857,nova-pro,arn:aws:bedrock:us-west-2:686465264859:prompt/7ZJL56AKIU,tatoeba,de,en,"Ich glaube Naomi nicht. Ich glaube, sie lügt.",I don't believe Naomi. I think she's lying.,"{""c"":""I don't believe Naomi. I think she's lying.""}",I don't believe Naomi. I think she's lying.,False,1,0,True,True,False,True,,True,,True,"{""reason"":""detector_match"",""detected"":""en"",""confidence"":1.0}",True,[],[],True,,"{""errors"":[]}",True,[],True,1,0,True,True,False,100,100,20,19,1479,694.23,1320,8,1328,1243.37
e70b99b46c552b46a7b7,858,nova-pro,arn:aws:bedrock:us-west-2:686465264859:prompt/7ZJL56AKIU,tatoeba,de,en,Dienstliche Angelegenheiten sind niemals dringend.,Official business is never urgent.,"{""c"":""Official matters are never urgent.""}",Official matters are never urgent.,False,1,0,True,True,False,True,,True,,True,"{""reason"":""detector_match"",""detected"":""en"",""confidence"":1.0}",True,[],[],True,,"{""errors"":[]}",True,[],True,1,0,True,True,False,100,100,12,11,1466,750.62,1300,8,1308,1651.33
829a429fd44d4093a895,859,nova-pro,arn:aws:bedrock:us-west-2:686465264859:prompt/7ZJL56AKIU,tatoeba,de,en,Halt die Klappe und küss mich.,Shut up and kiss me.,"{""c"":""Shut up and kiss me.""}",Shut up and kiss me.,False,1,0,True,True,False,True,,True,,True,"{""reason"":""detector_match"",""detected"":""en"",""confidence"":1.0}",True,[],[],True,,"{""errors"":[]}",True,[],True,1,0,True,True,False,100,100,14,11,1469,649.49,1298,8,1306,1140.86
a91e2e6ef6638374587a,860,nova-pro,arn:aws:bedrock:us-west-2:686465264859:prompt/7ZJL56AKIU,tatoeba,de,es,"Wie kann ich einem Freund helfen, mit dem Rauchen aufzuhören?",¿Cómo puedo ayudar a un amigo a dejar de fumar?,"{""c"":""\u00bfC\u00f3mo puedo ayudar a un amigo a dejar de fumar?""}",¿Cómo puedo ayudar a un amigo a dejar de fumar?,False,1,0,True,True,False,True,,True,,True,"{""reason"":""detector_match"",""detected"":""es"",""confidence"":1.0}",True,[],[],True,,"{""errors"":[]}",True,[],True,1,0,True,True,False,100,100,22,28,1489,1026.77,1339,8,1347,1138.28
2dbecd2f0578903a64e9,861,nova-pro,arn:aws:bedrock:us-west-2:686465264859:prompt/7ZJL56AKIU,tatoeba,de,es,Wie viele Bücher liest du pro Monat?,¿Cuántos libros lees al mes?,"{""c"":""\u00bfCu\u00e1ntos libros lees por mes?""}",¿Cuántos libros lees por mes?,False,1,0,True,True,False,True,,True,,True,"{""reason"":""detector_match"",""detected"":""es"",""confidence"":1.0}",True,[],[],True,,"{""errors"":[]}",True,[],True,1,0,True,True,False,100,100,16,27,1483,851.23,1314,8,1322,1247.47
a5ec18d4efd352885ced,862,nova-pro,arn:aws:bedrock:us-west-2:686465264859:prompt/7ZJL56AKIU,tatoeba,de,es,Wir sind nicht jung.,No somos jóvenes.,"{""c"":""No somos jóvenes.""}",No somos jóvenes.,False,1,0,True,True,False,True,,True,,True,"{""reason"":""detector_match"",""detected"":""es"",""confidence"":1.0}",True,[],[],True,,"{""errors"":[]}",True,[],True,1,0,True,True,False,100,100,11,9,1462,745.29,1294,8,1302,1152.34
3ff88d0f675e2dbb4ad3,863,nova-pro,arn:aws:bedrock:us-west-2:686465264859:prompt/7ZJL56AKIU,tatoeba,de,es,Damals waren wir reich.,Entonces éramos ricos.,"{""c"":""En aquellos tiempos \u00e9ramos ricos.""}",En aquellos tiempos éramos ricos.,False,1,0,True,True,False,True,,True,,True,"{""reason"":""detector_match"",""detected"":""es"",""confidence"":1.0}",True,[],[],True,,"{""errors"":[]}",True,[],True,1,0,True,True,False,100,100,11,17,1471,822.05,1298,8,1306,1270.76
8fd8ba60b97b5f1438fb,864,nova-pro,arn:aws:bedrock:us-west-2:686465264859:prompt/7ZJL56AKIU,tatoeba,de,es,"Der Mann, den ich besuchte, war Herr Doi.",El hombre que visité era el señor Doi.,"{""c"":""El hombre al que visit\u00e9 era el Se\u00f1or Doi.""}",El hombre al que visité era el Señor Doi.,False,1,0,True,True,False,True,,True,,True,"{""reason"":""detector_match"",""detected"":""es"",""confidence"":1.0}",True,[],[],True,,"{""errors"":[{""category"":""fluency"",""severity"":""minor""}]}",True,"[{""category"":""fluency"",""severity"":""minor""}]",True,1,0,True,True,False,97,97,20,29,1488,998.06,1315,18,1333,1331.69
dedce3af8c203ce22d94,865,nova-pro,arn:aws:bedrock:us-west-2:686465264859:prompt/7ZJL56AKIU,tatoeba,de,es,Hast du den Hund heute Morgen gefüttert?,¿Alimentaste al perro esta mañana?,"{""c"":""¿Has alimentado al perro esta mañana?""}",¿Has alimentado al perro esta mañana?,False,1,0,True,True,False,True,,True,,True,"{""reason"":""detector_match"",""detected"":""es"",""confidence"":1.0}",True,[],[],True,,"{""errors"":[]}",True,[],True,1,0,True,True,False,100,100,16,14,1472,801.89,1316,8,1324,1138.79
10638cf80b0b433f47da,866,nova-pro,arn:aws:bedrock:us-west-2:686465264859:prompt/7ZJL56AKIU,tatoeba,de,es,Mein Hobby ist Gitarre spielen.,Mi pasatiempo es tocar la guitarra.,"{""c"":""Mi pasatiempo es tocar la guitarra.""}",Mi pasatiempo es tocar la guitarra.,False,1,0,True,True,False,True,,True,,True,"{""reason"":""detector_match"",""detected"":""es"",""confidence"":0.8571}",True,[],[],True,,"{""errors"":[]}",True,[],True,1,0,True,True,False,100,100,12,14,1468,801.8,1305,8,1313,1227.86
8e882df20293056b3b30,867,nova-pro,arn:aws:bedrock:us-west-2:686465264859:prompt/7ZJL56AKIU,tatoeba,de,es,Ändere bitte die Flagge.,"Por favor, cambia la bandera.","{""c"":""Por favor, cambia la bandera.""}","Por favor, cambia la bandera.",False,1,0,True,True,False,True,,True,,True,"{""reason"":""detector_match"",""detected"":""es"",""confidence"":1.0}",True,[],[],True,,"{""errors"":[]}",True,[],True,1,0,True,True,False,100,100,11,12,1467,613.55,1300,8,1308,1200.62
7100275da4689022b486,868,nova-pro,arn:aws:bedrock:us-west-2:686465264859:prompt/7ZJL56AKIU,tatoeba,de,es,Ich kenne hier niemanden.,Aquí no conozco a nadie.,"{""c"":""No conozco a nadie aqu\u00ed.""}",No conozco a nadie aquí.,False,1,0,True,True,False,True,,True,,True,"{""reason"":""detector_match"",""detected"":""es"",""confidence"":0.9971}",True,[],[],True,,"{""errors"":[]}",True,[],True,1,0,True,True,False,100,100,11,19,1472,731.31,1300,8,1308,1133.36
1a659a54c481f4f4962d,869,nova-pro,arn:aws:bedrock:us-west-2:686465264859:prompt/7ZJL56AKIU,tatoeba,de,es,Sie wurde rot vor Scham.,Ella se ruborizó de vergüenza.,"{""c"":""Se sonrojó de vergüenza.""}",Se sonrojó de vergüenza.,False,1,0,True,True,False,True,,True,,True,"{""reason"":""detector_match"",""detected"":""es"",""confidence"":0.8571}",True,[],[],True,,"{""errors"":[]}",True,[],True,1,0,True,True,False,100,100,12,12,1465,889.76,1299,8,1307,1093.32
9f81e8e94ccfc6b36448,870,nova-pro,arn:aws:bedrock:us-west-2:686465264859:prompt/7ZJL56AKIU,tatoeba,de,fr,Tom hat mir nicht zugehört.,Tom ne m'a pas écouté.,"{""c"":""Tom ne m'a pas \u00e9cout\u00e9.""}",Tom ne m'a pas écouté.,False,1,0,True,True,False,True,,True,,True,"{""reason"":""detector_match"",""detected"":""fr"",""confidence"":1.0}",True,[],[],True,,"{""errors"":[]}",True,[],True,1,0,True,True,False,100,100,12,25,1479,900.07,1299,8,1307,1221.92
a3f605cd858687c47502,871,nova-pro,arn:aws:bedrock:us-west-2:686465264859:prompt/7ZJL56AKIU,tatoeba,de,fr,Ihr könnt genauso gut Ski fahren wie euer Bruder.,Vous pouvez skier aussi bien que votre frère.,"{""c"":""Vous pouvez skier aussi bien que votre frère.""}",Vous pouvez skier aussi bien que votre frère.,False,1,0,True,True,False,True,,True,,True,"{""reason"":""detector_match"",""detected"":""fr"",""confidence"":1.0}",True,[],[],True,,"{""errors"":[]}",True,[],True,1,0,True,True,False,100,100,19,15,1473,787.44,1320,8,1328,1116.65
4fafda977081dd08732d,872,nova-pro,arn:aws:bedrock:us-west-2:686465264859:prompt/7ZJL56AKIU,tatoeba,de,fr,Wie wird ein weiches Ei anständig gegessen?,Comment mange-t-on un œuf à la coque convenablement ?,"{""c"":""Comment manger correctement un œuf mollet?""}",Comment manger correctement un œuf mollet?,False,1,0,True,True,False,True,,True,,True,"{""reason"":""detector_match"",""detected"":""fr"",""confidence"":1.0}",True,[],[],True,,"{""errors"":[{""category"":""accuracy"",""severity"":""major""}]}",False,"[{""category"":""accuracy"",""severity"":""major""}]",True,1,0,True,True,False,85,85,16,16,1476,828.47,1317,17,1334,1300.06
bea5486cdf2a1d499804,873,nova-pro,arn:aws:bedrock:us-west-2:686465264859:prompt/7ZJL56AKIU,tatoeba,de,fr,Wann kommt ihr?,Quand viendrez-vous ?,"{""c"":""Quand arrivez-vous?""}",Quand arrivez-vous?,False,1,0,True,True,False,True,,True,,True,"{""reason"":""detector_match"",""detected"":""fr"",""confidence"":0.8571}",True,[],[],True,,"{""errors"":[]}",True,[],True,1,0,True,True,False,100,100,9,12,1463,728.51,1299,8,1307,1295.9
5214ab29c02a3ab378ca,874,nova-pro,arn:aws:bedrock:us-west-2:686465264859:prompt/7ZJL56AKIU,tatoeba,de,fr,Haben Sie schon mal etwas von dieser Person gehört?,Avez-vous déjà entendu parler de cette personne ?,"{""c"":""Avez-vous d\u00e9j\u00e0 entendu parler de cette personne?""}",Avez-vous déjà entendu parler de cette personne?,False,1,0,True,True,False,True,,True,,True,"{""reason"":""detector_match"",""detected"":""fr"",""confidence"":1.0}",True,[],[],True,,"{""errors"":[]}",True,[],True,1,0,True,True,False,100,100,19,30,1487,956.02,1325,8,1333,1150.12
59d5e67e0d39cb92abab,875,nova-pro,arn:aws:bedrock:us-west-2:686465264859:prompt/7ZJL56AKIU,tatoeba,de,fr,Die Innenstadt ist laut.,Le centre-ville est bruyant.,"{""c"":""Le centre-ville est bruyant.""}",Le centre-ville est bruyant.,False,1,0,True,True,False,True,,True,,True,"{""reason"":""detector_match"",""detected"":""fr"",""confidence"":1.0}",True,[],[],True,,"{""errors"":[]}",True,[],True,1,0,True,True,False,100,100,11,14,1466,739.08,1298,8,1306,1143.29
fcc588668933e0d6497f,876,nova-pro,arn:aws:bedrock:us-west-2:686465264859:prompt/7ZJL56AKIU,tatoeba,de,fr,Ihr gebt selten Zucker in euren Kaffee.,Vous mettez rarement du sucre dans votre café.,"{""c"":""Vous mettez rarement du sucre dans votre caf\u00e9.""}",Vous mettez rarement du sucre dans votre café.,False,1,0,True,True,False,True,,True,,True,"{""reason"":""detector_match"",""detected"":""fr"",""confidence"":1.0}",True,[],[],True,,"{""errors"":[]}",True,[],True,1,0,True,True,False,100,100,16,25,1482,819.29,1318,8,1326,3267.34
c14cdd53daa4a0c870b8,877,nova-pro,arn:aws:bedrock:us-west-2:686465264859:prompt/7ZJL56AKIU,tatoeba,de,fr,Sie wissen es noch nicht.,Elles l'ignorent encore.,"{""c"":""Vous ne le savez pas encore.""}",Vous ne le savez pas encore.,False,1,0,True,True,False,True,,True,,True,"{""reason"":""detector_match"",""detected"":""fr"",""confidence"":1.0}",True,[],[],True,,"{""errors"":[]}",True,[],True,1,0,True,True,False,100,100,12,14,1467,808.48,1296,8,1304,1182.18
45bade454ce5e17fa1fb,878,nova-pro,arn:aws:bedrock:us-west-2:686465264859:prompt/7ZJL56AKIU,tatoeba,de,fr,Bitte rauchen Sie nicht drinnen.,Veuillez ne pas fumer à l'intérieur.,"{""c"":""S'il vous pla\u00eet, ne fumez pas \u00e0 l'int\u00e9rieur.""}","S'il vous plaît, ne fumez pas à l'intérieur.",False,1,0,True,True,False,True,,True,,True,"{""reason"":""detector_match"",""detected"":""fr"",""confidence"":1.0}",True,[],[],True,,"{""errors"":[]}",True,[],True,1,0,True,True,False,100,100,12,39,1495,965.42,1316,8,1324,1251.19
0d75bbb9cf6b02af4af0,879,nova-pro,arn:aws:bedrock:us-west-2:686465264859:prompt/7ZJL56AKIU,tatoeba,de,fr,Ich will ihn nicht verärgern.,Je ne veux pas l'énerver.,"{""c"":""Je ne veux pas le f\u00e2cher.""}",Je ne veux pas le fâcher.,False,1,0,True,True,False,True,,True,,True,"{""reason"":""detector_match"",""detected"":""fr"",""confidence"":1.0}",True,[],[],True,,"{""errors"":[]}",True,[],True,1,0,True,True,False,100,100,12,20,1475,725.09,1302,8,1310,1113.56
b53e15b49dadb0dd18ba,880,nova-pro,arn:aws:bedrock:us-west-2:686465264859:prompt/7ZJL56AKIU,tatoeba,de,it,Du bist eine Verdächtige.,Sei una sospettata.,"{""c"":""Sei un sospettato.""}",Sei un sospettato.,False,1,0,True,True,False,True,,True,,True,"{""reason"":""detector_match"",""detected"":""it"",""confidence"":1.0}",True,[],[],True,,"{""errors"":[{""category"":""accuracy"",""severity"":""major""}]}",False,"[{""category"":""accuracy"",""severity"":""major""}]",True,1,0,True,True,False,85,85,11,13,1467,674.82,1296,17,1313,1176.24
b0cfdd7eb8a78a14eae0,881,nova-pro,arn:aws:bedrock:us-west-2:686465264859:prompt/7ZJL56AKIU,tatoeba,de,it,"Ich weiß, dass Sie Lehrer sind.",So che sei un maestro.,"{""c"":""So che sei un insegnante.""}",So che sei un insegnante.,False,1,0,True,True,False,True,,True,,True,"{""reason"":""detector_match"",""detected"":""it"",""confidence"":1.0}",True,[],[],True,,"{""errors"":[{""category"":""terminology"",""severity"":""minor""}]}",True,"[{""category"":""terminology"",""severity"":""minor""}]",True,1,0,True,True,False,97,97,16,13,1468,855.59,1299,17,1316,1154.55
90ec45fa2788df47d539,882,nova-pro,arn:aws:bedrock:us-west-2:686465264859:prompt/7ZJL56AKIU,tatoeba,de,it,Ich stehe um sieben Uhr auf.,Mi alzo alle 7:00.,"{""c"":""Mi alzo alle sette.""}",Mi alzo alle sette.,False,1,0,True,True,False,True,,True,,True,"{""reason"":""detector_match"",""detected"":""it"",""confidence"":1.0}",True,[],[],True,,"{""errors"":[]}",True,[],True,1,0,True,True,False,100,100,14,12,1467,894.09,1299,8,1307,1333.39
d7b1d83f90ceba1e5b57,883,nova-pro,arn:aws:bedrock:us-west-2:686465264859:prompt/7ZJL56AKIU,tatoeba,de,it,"Wisst ihr, Tom ist intelligenter als ihr.","Tom è più intelligente di voi, sapete.","{""c"":""Sapete, Tom \u00e8 pi\u00f9 intelligente di voi. -> it""}","Sapete, Tom è più intelligente di voi. -> it",False,1,0,True,True,False,True,,True,,True,"{""reason"":""detector_match"",""detected"":""it"",""confidence"":1.0}",True,[],[],True,,"{""errors"":[{""category"":""preservation"",""severity"":""major""}]}",False,"[{""category"":""preservation"",""severity"":""major""}]",True,1,0,True,True,False,85,85,17,29,1487,889.88,1311,17,1328,1258.07
2cd483e5234ea064ac85,884,nova-pro,arn:aws:bedrock:us-west-2:686465264859:prompt/7ZJL56AKIU,tatoeba,de,it,Ich brauche Ihre Hilfe nicht.,Non ho bisogno del suo aiuto.,"{""c"":""Non ho bisogno del tuo aiuto.""}",Non ho bisogno del tuo aiuto.,False,1,0,True,True,False,True,,True,,True,"{""reason"":""detector_match"",""detected"":""it"",""confidence"":1.0}",True,[],[],True,,"{""errors"":[{""category"":""tone"",""severity"":""minor""}]}",True,"[{""category"":""tone"",""severity"":""minor""}]",True,1,0,True,True,False,97,97,12,13,1466,725.74,1304,17,1321,1248.32
34185487c5ee29570c96,885,nova-pro,arn:aws:bedrock:us-west-2:686465264859:prompt/7ZJL56AKIU,tatoeba,de,it,Die Scheinheiligkeit ist der Tod der Demokratie.,L'ipocrisia è la morte della democrazia.,"{""c"":""L'ipocrisia \u00e8 la morte della democrazia.""}",L'ipocrisia è la morte della democrazia.,False,1,0,True,True,False,True,,True,,True,"{""reason"":""detector_match"",""detected"":""it"",""confidence"":1.0}",True,[],[],True,,"{""errors"":[]}",True,[],True,1,0,True,True,False,100,100,16,23,1480,955.72,1313,8,1321,1166.98
7031895d910485502876,886,nova-pro,arn:aws:bedrock:us-west-2:686465264859:prompt/7ZJL56AKIU,tatoeba,de,it,Nicht an meine alte Adresse schreiben! Ich bin umgezogen.,"Non scrivermi al vecchio indirizzo, mi sono trasferito.","{""c"":""Non scrivere al mio vecchio indirizzo! Mi sono trasferito.""}",Non scrivere al mio vecchio indirizzo! Mi sono trasferito.,False,1,0,True,True,False,True,,True,,True,"{""reason"":""detector_match"",""detected"":""it"",""confidence"":1.0}",True,[],[],True,,"{""errors"":[]}",True,[],True,1,0,True,True,False,100,100,20,20,1479,870.43,1328,8,1336,1164.58
2ba5c0a1d7eb05ccd8e1,887,nova-pro,arn:aws:bedrock:us-west-2:686465264859:prompt/7ZJL56AKIU,tatoeba,de,it,"Lass uns abwarten und schauen, wie sich die Dinge entwickeln.",Cerchiamo di aspettare e vedere come si sviluppano le cose.,"{""c"":""Aspettiamo e vediamo come si evolvono le cose.""}",Aspettiamo e vediamo come si evolvono le cose.,False,1,0,True,True,False,True,,True,,True,"{""reason"":""detector_match"",""detected"":""it"",""confidence"":1.0}",True,[],[],True,,"{""errors"":[]}",True,[],True,1,0,True,True,False,100,100,22,20,1483,862.97,1328,8,1336,1130.77
8af777e463ee1cd31461,888,nova-pro,arn:aws:bedrock:us-west-2:686465264859:prompt/7ZJL56AKIU,tatoeba,de,it,Wer hat das gesagt? Das ist völlig falsch!,Chi l'ha detto? È assolutamente falso!,"{""c"":""Chi l'ha detto? \u00c8 completamente sbagliato!""}",Chi l'ha detto? È completamente sbagliato!,False,1,0,True,True,False,True,,True,,True,"{""reason"":""detector_match"",""detected"":""it"",""confidence"":1.0}",True,[],[],True,,"{""errors"":[]}",True,[],True,1,0,True,True,False,100,100,19,22,1479,847.44,1315,8,1323,1188.34
5fb9549475ffe5fe4cc4,889,nova-pro,arn:aws:bedrock:us-west-2:686465264859:prompt/7ZJL56AKIU,tatoeba,de,it,"Tom hatte Angst davor, einen Fehler zu machen.",Tom temeva di commettere un errore.,"{""c"":""Tom aveva paura di commettere un errore.""}",Tom aveva paura di commettere un errore.,False,1,0,True,True,False,True,,True,,True,"{""reason"":""detector_match"",""detected"":""it"",""confidence"":1.0}",True,[],[],True,,"{""errors"":[]}",True,[],True,1,0,True,True,False,100,100,19,15,1472,753.21,1310,8,1318,1174.19
7b70d3478554109fff13,890,nova-pro,arn:aws:bedrock:us-west-2:686465264859:prompt/7ZJL56AKIU,tatoeba,de,jp,Du hättest mich anrufen sollen!,電話してくれればよかったのに。,"{""c"":""あなたは私に電話すべきだった！""}",あなたは私に電話すべきだった！,False,1,0,True,True,False,True,,True,,True,"{""reason"":""target_script_present"",""detected"":""ja"",""confidence"":1.0}",True,[],[],True,,"{""errors"":[]}",True,[],True,1,0,True,True,False,100,100,12,13,1469,726.63,1311,8,1319,1298.23
de9194cd89dcfbcf1c95,891,nova-pro,arn:aws:bedrock:us-west-2:686465264859:prompt/7ZJL56AKIU,tatoeba,de,jp,Gab es eigentlich Pandas im Zoo von Ueno?,上野動物園にパンダっていたっけ？,"{""c"":""上野動物園にパンダは実際にいましたか？""}",上野動物園にパンダは実際にいましたか？,False,1,0,True,True,False,True,,True,,True,"{""reason"":""target_script_present"",""detected"":""ja"",""confidence"":1.0}",True,[],[],True,,"{""errors"":[{""category"":""tone"",""severity"":""minor""}]}",True,"[{""category"":""tone"",""severity"":""minor""}]",True,1,0,True,True,False,97,97,17,18,1477,721.61,1324,17,1341,1220.05
a15add03cb67494d04c2,892,nova-pro,arn:aws:bedrock:us-west-2:686465264859:prompt/7ZJL56AKIU,tatoeba,de,jp,"Wenn ich am Bahnhof ankomme, rufe ich dich sofort an.",駅に着いたらすぐ電話するよ。,"{""c"":""駅に着いたらすぐに電話する。""}",駅に着いたらすぐに電話する。,False,1,0,True,True,False,True,,True,,True,"{""reason"":""target_script_present"",""detected"":""ja"",""confidence"":1.0}",True,[],[],True,,"{""errors"":[{""category"":""tone"",""severity"":""minor""}]}",True,"[{""category"":""tone"",""severity"":""minor""}]",True,1,0,True,True,False,97,97,22,14,1478,899.01,1327,17,1344,1242.05
57ce8fa28162e9b5f129,893,nova-pro,arn:aws:bedrock:us-west-2:686465264859:prompt/7ZJL56AKIU,tatoeba,de,jp,Sie schickt zweimal im Monat einen Brief an ihre Brieffreundin in London.,彼女は月に２回ロンドンのペンフレンドに手紙を出します。,"{""c"":""彼女は月に2回、ロンドンの筆友に手紙を送ります。""}",彼女は月に2回、ロンドンの筆友に手紙を送ります。,False,1,0,True,True,False,True,,True,,True,"{""reason"":""target_script_present"",""detected"":""ja"",""confidence"":1.0}",True,[],"[{""code"":""number_not_exact"",""expected"":{},""actual"":{""2"":1}}]",True,,"{""errors"":[]}",True,[],True,1,0,True,True,False,97,97,23,23,1486,1019.63,1350,8,1358,1116.29
17e14065b6930c4e037e,894,nova-pro,arn:aws:bedrock:us-west-2:686465264859:prompt/7ZJL56AKIU,tatoeba,de,jp,Ich lese.,私は読みます。,"{""c"":""私は読んでいます。""}",私は読んでいます。,False,1,0,True,True,False,True,,True,,True,"{""reason"":""target_script_present"",""detected"":""ja"",""confidence"":1.0}",True,[],[],True,,"{""errors"":[]}",True,[],True,1,0,True,True,False,100,100,8,10,1462,823.57,1292,8,1300,1160.77
d949ac05fcb7d5cfc6cf,895,nova-pro,arn:aws:bedrock:us-west-2:686465264859:prompt/7ZJL56AKIU,tatoeba,de,jp,Tom ist Politiker.,トムは政治家です。,"{""c"":""トムは政治家です。""}",トムは政治家です。,False,1,0,True,True,False,True,,True,,True,"{""reason"":""target_script_present"",""detected"":""ja"",""confidence"":1.0}",True,[],[],True,,"{""errors"":[]}",True,[],True,1,0,True,True,False,100,100,9,12,1464,832.01,1294,8,1302,1213.59
316840d2a0ad7ebbafce,896,nova-pro,arn:aws:bedrock:us-west-2:686465264859:prompt/7ZJL56AKIU,tatoeba,de,jp,"Tom wusste zwar, dass man sich aufgrund seiner Körpergröße über ihn lustig machen würde, aber er beschloss dennoch, sich um einen Platz in der Basketballmannschaft zu bemühen.",トムは自分の身長についてからかわれることを知ってたけど、バスケットチームにトライアウトすることに決めた。,"{""c"":""トムは自分の身長のためにからかわれるだろうとは知っていましたが、それでもバスケットボールチームの場所を求めることにしました。""}",トムは自分の身長のためにからかわれるだろうとは知っていましたが、それでもバスケットボールチームの場所を求めることにしました。,False,1,0,True,True,False,True,,True,,True,"{""reason"":""target_script_present"",""detected"":""ja"",""confidence"":1.0}",True,[],[],True,,"{""errors"":[]}",True,[],True,1,0,True,True,False,100,100,51,35,1518,1018.1,1420,8,1428,1269.97
98f3af50e11a3c3de9d7,897,nova-pro,arn:aws:bedrock:us-west-2:686465264859:prompt/7ZJL56AKIU,tatoeba,de,jp,Ist ein Brief von ihm gekommen?,彼から便りはあった？,"{""c"":""彼からの手紙は来ましたか？""}",彼からの手紙は来ましたか？,False,1,0,True,True,False,True,,True,,True,"{""reason"":""target_script_present"",""detected"":""ja"",""confidence"":1.0}",True,[],[],True,,"{""errors"":[]}",True,[],True,1,0,True,True,False,100,100,14,14,1469,726.25,1306,8,1314,1269.15
88819f229e89bacf2ecb,898,nova-pro,arn:aws:bedrock:us-west-2:686465264859:prompt/7ZJL56AKIU,tatoeba,de,jp,"Ich wünschte, ich wäre größer.",もっと背が高ければいいのになあ。,"{""c"":""もっと背が高かったらいいのに。""}",もっと背が高かったらいいのに。,False,1,0,True,True,False,True,,True,,True,"{""reason"":""target_script_present"",""detected"":""ja"",""confidence"":1.0}",True,[],[],True,,"{""errors"":[]}",True,[],True,1,0,True,True,False,100,100,14,13,1469,842.16,1316,8,1324,1175.08
af56470407fc2af26789,899,nova-pro,arn:aws:bedrock:us-west-2:686465264859:prompt/7ZJL56AKIU,tatoeba,de,jp,"Es soll gesünder sein, Obst vor den Mahlzeiten anstatt danach zu essen.",果物は食後よりも食前に食べた方が体にいいらしいよ。,"{""c"":""食事の前に果物を食べる方が、後に食べるよりも健康的だと言われています。""}",食事の前に果物を食べる方が、後に食べるよりも健康的だと言われています。,False,1,0,True,True,False,True,,True,,True,"{""reason"":""target_script_present"",""detected"":""ja"",""confidence"":1.0}",True,[],[],True,,"{""errors"":[]}",True,[],True,1,0,True,True,False,100,100,25,25,1491,854.49,1357,8,1365,1277.98
ff196c09108a6e7ba773,900,nova-pro,arn:aws:bedrock:us-west-2:686465264859:prompt/7ZJL56AKIU,tatoeba,de,nl,Tom öffnete eine Thunfischdose.,Tom opende een blik tonijn.,"{""c"":""Tom opende een tonijnblik.""}",Tom opende een tonijnblik.,False,1,0,True,True,False,True,,True,,True,"{""reason"":""detector_match"",""detected"":""nl"",""confidence"":1.0}",True,[],[],True,,"{""errors"":[]}",True,[],True,1,0,True,True,False,100,100,11,15,1472,707.37,1303,8,1311,1178.77
1ab4506ac1a29065978c,901,nova-pro,arn:aws:bedrock:us-west-2:686465264859:prompt/7ZJL56AKIU,tatoeba,de,nl,David ist sehr attraktiv.,David is erg aantrekkelijk.,"{""c"":""David is erg aantrekkelijk.""}",David is erg aantrekkelijk.,False,1,0,True,True,False,True,,True,,True,"{""reason"":""detector_match"",""detected"":""nl"",""confidence"":1.0}",True,[],[],True,,"{""errors"":[]}",True,[],True,1,0,True,True,False,100,100,11,15,1468,857.79,1298,8,1306,1184.28
98330d9100388b5c58ae,902,nova-pro,arn:aws:bedrock:us-west-2:686465264859:prompt/7ZJL56AKIU,tatoeba,de,nl,Das passiert schon mal.,Dat gebeurt wel eens.,"{""c"":""Dat gebeurt wel eens.""}",Dat gebeurt wel eens.,False,1,0,True,True,False,True,,True,,True,"{""reason"":""detector_match"",""detected"":""nl"",""confidence"":0.8571}",True,[],[],True,,"{""errors"":[]}",True,[],True,1,0,True,True,False,100,100,11,14,1467,996.91,1294,8,1302,1164.65
4f8962340a46524fdf89,903,nova-pro,arn:aws:bedrock:us-west-2:686465264859:prompt/7ZJL56AKIU,tatoeba,de,nl,Eine Lungenentzündung verursacht Atembeschwerden.,Een longontsteking veroorzaakt ademhalingsproblemen.,"{""c"":""Een longontsteking veroorzaakt ademhalingsproblemen.""}",Een longontsteking veroorzaakt ademhalingsproblemen.,False,1,0,True,True,False,True,,True,,True,"{""reason"":""detector_match"",""detected"":""nl"",""confidence"":1.0}",True,[],[],True,,"{""errors"":[]}",True,[],True,1,0,True,True,False,100,100,11,22,1480,824.15,1320,8,1328,1322.0
d26cfa9c2c54ff212211,904,nova-pro,arn:aws:bedrock:us-west-2:686465264859:prompt/7ZJL56AKIU,tatoeba,de,nl,Ich war jung und unschuldig.,Ik was jong en onschuldig.,"{""c"":""Ik was jong en onschuldig.""}",Ik was jong en onschuldig.,False,1,0,True,True,False,True,,True,,True,"{""reason"":""detector_match"",""detected"":""nl"",""confidence"":0.8571}",True,[],[],True,,"{""errors"":[]}",True,[],True,1,0,True,True,False,100,100,12,14,1470,758.56,1303,8,1311,1183.32
743a84c99b0ceaee79c6,905,nova-pro,arn:aws:bedrock:us-west-2:686465264859:prompt/7ZJL56AKIU,tatoeba,de,nl,Ich wasche mir fast täglich die Haare.,Ik was mijn haar bijna elke dag.,"{""c"":""Ik was mijn haar bijna dagelijks.""}",Ik was mijn haar bijna dagelijks.,False,1,0,True,True,False,True,,True,,True,"{""reason"":""detector_match"",""detected"":""nl"",""confidence"":1.0}",True,[],[],True,,"{""errors"":[]}",True,[],True,1,0,True,True,False,100,100,16,18,1475,803.69,1310,8,1318,1214.3
2715ed838b5b75280210,906,nova-pro,arn:aws:bedrock:us-west-2:686465264859:prompt/7ZJL56AKIU,tatoeba,de,nl,Der König neigte zu Schwermut und Langerweile.,De koning had last van zwaarmoedigheid en verveling.,"{""c"":""De koning neigde naar zwaarmoedigheid en verveling.""}",De koning neigde naar zwaarmoedigheid en verveling.,False,1,0,True,True,False,True,,True,,,"{""reason"":""detector_inconclusive"",""detected"":""af"",""confidence"":0.5714}",True,[],[],True,,"{""errors"":[]}",True,[],True,1,0,True,True,False,100,100,16,23,1483,780.66,1317,8,1325,1100.01
b6e66eb0ce9cfc58d3b3,907,nova-pro,arn:aws:bedrock:us-west-2:686465264859:prompt/7ZJL56AKIU,tatoeba,de,nl,Die Finnen trinken viel Kaffee.,De Finnen drinken veel koffie.,"{""c"":""De Finnen drinken veel koffie.""}",De Finnen drinken veel koffie.,False,1,0,True,True,False,True,,True,,True,"{""reason"":""detector_match"",""detected"":""nl"",""confidence"":1.0}",True,[],[],True,,"{""errors"":[]}",True,[],True,1,0,True,True,False,100,100,12,17,1472,742.55,1308,8,1316,1175.08
32fa54ad56bbf0d93b9f,908,nova-pro,arn:aws:bedrock:us-west-2:686465264859:prompt/7ZJL56AKIU,tatoeba,de,nl,Es hat nur geringen Wert.,Het heeft weinig waarde.,"{""c"":""Het heeft slechts een geringe waarde.""}",Het heeft slechts een geringe waarde.,False,1,0,True,True,False,True,,True,,True,"{""reason"":""detector_match"",""detected"":""nl"",""confidence"":1.0}",True,[],[],True,,"{""errors"":[]}",True,[],True,1,0,True,True,False,100,100,12,17,1471,683.43,1298,8,1306,1212.01
c0e29fcd51a8a93dd3a4,909,nova-pro,arn:aws:bedrock:us-west-2:686465264859:prompt/7ZJL56AKIU,tatoeba,de,nl,Rumänien ist ein Balkanstaat. Seine Hauptstadt ist Bukarest.,Roemenië is een Balkanland. Zijn hoofdstad is Boekarest.,"{""c"":""Roemeni\u00eb is een Balkanstaat. De hoofdstad is Boekarest.""}",Roemenië is een Balkanstaat. De hoofdstad is Boekarest.,False,1,0,True,True,False,True,,True,,True,"{""reason"":""detector_match"",""detected"":""nl"",""confidence"":1.0}",True,[],[],True,,"{""errors"":[]}",True,[],True,1,0,True,True,False,100,100,19,27,1490,881.47,1334,8,1342,1182.01
a0631f403e1a38cd5d16,910,nova-pro,arn:aws:bedrock:us-west-2:686465264859:prompt/7ZJL56AKIU,tatoeba,de,nb,Ich fühlte mich schlecht.,Jeg følte meg dårlig.,"{""c"":""Jeg f\u00f8lte meg d\u00e5rlig.""}
",Jeg følte meg dårlig.,False,1,0,True,True,False,True,,True,,True,"{""reason"":""detector_match"",""detected"":""no"",""confidence"":1.0}",True,[],[],True,,"{""errors"":[]}",True,[],True,1,0,True,True,False,100,100,11,26,1480,914.04,1299,8,1307,1168.39
3f41a6999d8bc799947e,911,nova-pro,arn:aws:bedrock:us-west-2:686465264859:prompt/7ZJL56AKIU,tatoeba,de,nb,Das glaube ich nicht.,Det tror jeg ikke.,"{""c"":""Det tror jeg ikke.""}


",Det tror jeg ikke.,False,1,0,True,True,False,True,,True,,True,"{""reason"":""detector_match"",""detected"":""no"",""confidence"":1.0}",True,[],[],True,,"{""errors"":[]}",True,[],True,1,0,True,True,False,100,100,11,14,1467,758.95,1290,8,1298,1251.45
50f5bdde9d6a0508d1a2,912,nova-pro,arn:aws:bedrock:us-west-2:686465264859:prompt/7ZJL56AKIU,tatoeba,de,nb,Warum erzählst du uns das?,Hvorfor forteller du oss dette?,"{""c"":""Hvorfor forteller du oss dette?""}",Hvorfor forteller du oss dette?,False,1,0,True,True,False,True,,True,,True,"{""reason"":""detector_match"",""detected"":""no"",""confidence"":1.0}",True,[],[],True,,"{""errors"":[]}",True,[],True,1,0,True,True,False,100,100,12,16,1472,775.52,1304,8,1312,1237.25
e00d62122581a1b2136b,913,nova-pro,arn:aws:bedrock:us-west-2:686465264859:prompt/7ZJL56AKIU,tatoeba,de,nb,Tom ist noch nicht zurückgekommen.,Tom har ikke kommet tilbake ennå.,"{""c"":""Tom er enn\u00e5 ikke kommet tilbake.""}",Tom er ennå ikke kommet tilbake.,False,1,0,True,True,False,True,,True,,True,"{""reason"":""detector_match"",""detected"":""no"",""confidence"":1.0}",True,[],[],True,,"{""errors"":[]}",True,[],True,1,0,True,True,False,100,100,12,21,1476,949.51,1305,8,1313,1227.3
1dbf24150f3c79e0b16b,914,nova-pro,arn:aws:bedrock:us-west-2:686465264859:prompt/7ZJL56AKIU,tatoeba,de,nb,"Äpfel sind gewöhnlich grün, gelb oder rot.","Epler er vanligvis grønne, gule eller røde.","{""c"":""Epler er vanligvis gr\u00f8nne, gule eller r\u00f8de.""}
","Epler er vanligvis grønne, gule eller røde.",False,1,0,True,True,False,True,,True,,True,"{""reason"":""detector_match"",""detected"":""no"",""confidence"":0.9864}",True,[],[],True,,"{""errors"":[]}",True,[],True,1,0,True,True,False,100,100,17,32,1492,1075.7,1322,8,1330,1225.48
89767d41d259a7dc51e4,915,nova-pro,arn:aws:bedrock:us-west-2:686465264859:prompt/7ZJL56AKIU,tatoeba,de,nb,Kannst du ein gutes Buch empfehlen?,Kan du anbefale en god bok?,"{""c"":""Kann du anbefale en god bok?""}",Kann du anbefale en god bok?,False,1,0,True,True,False,True,,True,,,"{""reason"":""detector_inconclusive"",""detected"":""af"",""confidence"":0.7143}",True,[],[],True,,"{""errors"":[{""category"":""fluency"",""severity"":""major""}]}",False,"[{""category"":""fluency"",""severity"":""major""}]",True,1,0,True,True,False,85,85,14,17,1473,697.04,1312,18,1330,1276.96
62dc44253b337018bdb6,916,nova-pro,arn:aws:bedrock:us-west-2:686465264859:prompt/7ZJL56AKIU,tatoeba,de,nb,Sie taten alles für ihn.,De gjorde alt for ham.,"{""c"":""De gjorde alt for ham.""}",De gjorde alt for ham.,False,1,0,True,True,False,True,,True,,True,"{""reason"":""detector_match"",""detected"":""no"",""confidence"":1.0}",True,[],[],True,,"{""errors"":[]}",True,[],True,1,0,True,True,False,100,100,12,13,1468,870.06,1292,8,1300,1154.73
98a3f83af44e7172742d,917,nova-pro,arn:aws:bedrock:us-west-2:686465264859:prompt/7ZJL56AKIU,tatoeba,de,nb,Algerien ist einer unserer Partner im Mittelmeerraum.,Algerie er en av våre partnere i Middelhavsregionen.,"{""c"":""Algerie er en av våre partnere i Middelhavsregionen.""}",Algerie er en av våre partnere i Middelhavsregionen.,False,1,0,True,True,False,True,,True,,True,"{""reason"":""detector_match"",""detected"":""no"",""confidence"":1.0}",True,[],[],True,,"{""errors"":[]}",True,[],True,1,0,True,True,False,100,100,16,22,1480,1032.82,1326,8,1334,1173.57
468e776143366b963a2e,918,nova-pro,arn:aws:bedrock:us-west-2:686465264859:prompt/7ZJL56AKIU,tatoeba,de,nb,Er ist viel geschickter als ich.,Han er mye flinkere enn meg.,"{""c"":""Han er mye dyktigere enn meg.""}",Han er mye dyktigere enn meg.,False,1,0,True,True,False,True,,True,,True,"{""reason"":""detector_match"",""detected"":""no"",""confidence"":1.0}",True,[],[],True,,"{""errors"":[]}",True,[],True,1,0,True,True,False,100,100,14,17,1474,1011.48,1304,8,1312,1166.21
4b1c674ccaafd6511b71,919,nova-pro,arn:aws:bedrock:us-west-2:686465264859:prompt/7ZJL56AKIU,tatoeba,de,nb,Hast du was gesagt?,Sa du noko?,"{""c"":""Sa du noe?""}",Sa du noe?,False,1,0,True,True,False,True,,True,,,"{""reason"":""too_short_for_language_detection"",""detected"":null,""confidence"":null}",True,[],[],True,,"{""errors"":[]}",True,[],True,1,0,True,True,False,100,100,11,10,1464,867.24,1291,8,1299,1356.92
72d5d1fcbcee3271f244,920,nova-pro,arn:aws:bedrock:us-west-2:686465264859:prompt/7ZJL56AKIU,tatoeba,en,da,In America traffic keeps to the right.,I Amerika er der højrekørsel.,"{""c"":""I Amerika k\u00f8rer trafikken til h\u00f8jre.""}",I Amerika kører trafikken til højre.,False,2,1,True,False,True,True,,True,,True,"{""reason"":""detector_match"",""detected"":""da"",""confidence"":1.0}",True,[],[],True,,"{""errors"":[]}",True,[],True,1,0,True,True,False,100,100,32,120,3030,2808.2,1299,8,1307,1254.38
e79786e5600a3123b7f6,921,nova-pro,arn:aws:bedrock:us-west-2:686465264859:prompt/7ZJL56AKIU,tatoeba,en,da,Tom accepted the challenge.,Tom tog imod udfordringen.,"{""c"":""Tom accepterede udfordringen.""}",Tom accepterede udfordringen.,False,1,0,True,True,False,True,,True,,True,"{""reason"":""detector_match"",""detected"":""da"",""confidence"":1.0}",True,[],[],True,,"{""errors"":[]}",True,[],True,1,0,True,True,False,100,100,11,14,1466,887.72,1291,8,1299,1507.45
99c4edd0d2f71c3c3060,922,nova-pro,arn:aws:bedrock:us-west-2:686465264859:prompt/7ZJL56AKIU,tatoeba,en,da,Tom has tiny hands.,Tom har små hænder.,"{""c"":""Tom har sm\u00e5 h\u00e6nder.""}",Tom har små hænder.,False,1,0,True,True,False,True,,True,,True,"{""reason"":""detector_match"",""detected"":""da"",""confidence"":1.0}",True,[],[],True,,"{""errors"":[]}",True,[],True,1,0,True,True,False,100,100,11,23,1475,904.05,1290,8,1298,1161.76
63961cbde72265d404c9,923,nova-pro,arn:aws:bedrock:us-west-2:686465264859:prompt/7ZJL56AKIU,tatoeba,en,da,What time does the rodeo start?,Hvad tid starter rodeoen?,"{""c"":""Hvorn\u00e5r starter rodeo'et?""}",Hvornår starter rodeo'et?,False,1,0,True,True,False,True,,True,,True,"{""reason"":""detector_match"",""detected"":""da"",""confidence"":1.0}",True,[],[],True,,"{""errors"":[]}",True,[],True,1,0,True,True,False,100,100,14,20,1474,946.26,1300,8,1308,1184.95
1e8114bf56c4122f9688,924,nova-pro,arn:aws:bedrock:us-west-2:686465264859:prompt/7ZJL56AKIU,tatoeba,en,da,I thought that Tom was rich.,Jeg troede at Tom var rig.,"{""c"":""Jeg troede, at Tom var rig.""}","Jeg troede, at Tom var rig.",False,1,0,True,True,False,True,,True,,,"{""reason"":""detector_inconclusive"",""detected"":""af"",""confidence"":0.5714}",True,[],[],True,,"{""errors"":[]}",True,[],True,1,0,True,True,False,100,100,14,15,1469,753.32,1299,8,1307,1182.59
904ceef8591766a0b0f0,925,nova-pro,arn:aws:bedrock:us-west-2:686465264859:prompt/7ZJL56AKIU,tatoeba,en,da,Am I safe now?,Er jeg i sikkerhed nu?,"{""c"":""Er jeg i sikkerhed nu?""}",Er jeg i sikkerhed nu?,False,1,0,True,True,False,True,,True,,True,"{""reason"":""detector_match"",""detected"":""da"",""confidence"":0.8571}",True,[],[],True,,"{""errors"":[]}",True,[],True,1,0,True,True,False,100,100,11,14,1466,762.05,1294,8,1302,1157.24
976a7eae514f614004b7,926,nova-pro,arn:aws:bedrock:us-west-2:686465264859:prompt/7ZJL56AKIU,tatoeba,en,da,Can't you do that?,Kan I ikke gøre det?,"{""c"":""Kan du ikke gr\u00f8re det?""}",Kan du ikke grøre det?,False,1,0,True,True,False,True,,True,,True,"{""reason"":""detector_match"",""detected"":""da"",""confidence"":0.9732}",True,[],[],True,,"{""errors"":[{""category"":""fluency"",""severity"":""critical""},{""category"":""accuracy"",""severity"":""minor""}]}",False,"[{""category"":""fluency"",""severity"":""critical""},{""category"":""accuracy"",""severity"":""minor""}]",True,1,0,True,True,False,57,57,14,19,1473,887.02,1297,27,1324,1452.12
fa5c078fc6a229ee3388,927,nova-pro,arn:aws:bedrock:us-west-2:686465264859:prompt/7ZJL56AKIU,tatoeba,en,da,Open the door.,Åbn døren.,"{""c"":""\u00c5bn d\u00f8ren.""}
",Åbn døren.,False,1,0,True,True,False,True,,True,,,"{""reason"":""detector_mismatch_uncertain"",""detected"":""no"",""confidence"":1.0}",True,[],[],True,,"{""errors"":[]}",True,[],True,1,0,True,True,False,100,100,9,21,1472,901.7,1287,8,1295,1152.1
946b985726c5568cd66f,928,nova-pro,arn:aws:bedrock:us-west-2:686465264859:prompt/7ZJL56AKIU,tatoeba,en,da,Have you decided where you're going to celebrate Christmas Eve?,Har du besluttet hvor du vil holde juleaften?,"{""c"":""Har du besluttet, hvor du vil fejre juleaften?""}","Har du besluttet, hvor du vil fejre juleaften?",False,1,0,True,True,False,True,,True,,True,"{""reason"":""detector_match"",""detected"":""da"",""confidence"":1.0}",True,[],[],True,,"{""errors"":[]}",True,[],True,1,0,True,True,False,100,100,23,23,1483,1020.98,1316,8,1324,1160.13
8e305deec07f513cdd52,929,nova-pro,arn:aws:bedrock:us-west-2:686465264859:prompt/7ZJL56AKIU,tatoeba,en,da,Everyone has voted.,Alle har stemt.,"{""c"":""Alle har stemt.""}",Alle har stemt.,False,1,0,True,True,False,True,,True,,True,"{""reason"":""detector_match"",""detected"":""da"",""confidence"":1.0}",True,[],[],True,,"{""errors"":[]}",True,[],True,1,0,True,True,False,100,100,9,10,1461,871.35,1287,8,1295,1133.29
fc636a3d4d881f97280f,930,nova-pro,arn:aws:bedrock:us-west-2:686465264859:prompt/7ZJL56AKIU,tatoeba,en,de,I don't see why he doesn't just ask her out.,"Ich verstehe nicht, warum er sie nicht einfach fragt, ob sie mit ihm ausgeht.","{""c"":""Ich verstehe nicht, warum er sie nicht einfach fragt. -> de""}","Ich verstehe nicht, warum er sie nicht einfach fragt. -> de",False,1,0,True,True,False,True,,True,,True,"{""reason"":""detector_match"",""detected"":""de"",""confidence"":1.0}",True,[],[],True,,"{""errors"":[{""category"":""preservation"",""severity"":""critical""},{""category"":""accuracy"",""severity"":""major""}]}",False,"[{""category"":""preservation"",""severity"":""critical""},{""category"":""accuracy"",""severity"":""major""}]",True,1,0,True,True,False,45,45,26,21,1483,810.36,1329,26,1355,1332.21
c86cb441513a01477655,931,nova-pro,arn:aws:bedrock:us-west-2:686465264859:prompt/7ZJL56AKIU,tatoeba,en,de,We didn't see anybody there.,Wir haben dort niemanden gesehen.,"{""c"":""Wir haben dort niemanden gesehen.""}",Wir haben dort niemanden gesehen.,False,1,0,True,True,False,True,,True,,True,"{""reason"":""detector_match"",""detected"":""de"",""confidence"":1.0}",True,[],[],True,,"{""errors"":[]}",True,[],True,1,0,True,True,False,100,100,16,12,1467,820.4,1298,8,1306,1238.5
f33435c71bee80570942,932,nova-pro,arn:aws:bedrock:us-west-2:686465264859:prompt/7ZJL56AKIU,tatoeba,en,de,The quality of life in Munich is very high.,Die Lebensqualität in München ist sehr hoch.,"{""c"":""Die Lebensqualit\u00e4t in M\u00fcnchen ist sehr hoch.""}
",Die Lebensqualität in München ist sehr hoch.,False,1,0,True,True,False,True,,True,,True,"{""reason"":""detector_match"",""detected"":""de"",""confidence"":1.0}",True,[],[],True,,"{""errors"":[]}",True,[],True,1,0,True,True,False,100,100,19,29,1486,1088.93,1307,8,1315,1397.27
91703cd55ea4fb29ed0f,933,nova-pro,arn:aws:bedrock:us-west-2:686465264859:prompt/7ZJL56AKIU,tatoeba,en,de,We had to write off the debt.,Wir mussten unsere Schulden abschreiben.,"{""c"":""Wir mussten die Schulden abschreiben.""}",Wir mussten die Schulden abschreiben.,False,1,0,True,True,False,True,,True,,True,"{""reason"":""detector_match"",""detected"":""de"",""confidence"":1.0}",True,[],[],True,,"{""errors"":[]}",True,[],True,1,0,True,True,False,100,100,16,13,1468,708.5,1308,8,1316,1125.39
b875ce00d680491cb94d,934,nova-pro,arn:aws:bedrock:us-west-2:686465264859:prompt/7ZJL56AKIU,tatoeba,en,de,Tom didn't go to Boston after all.,Tom ist letztlich doch nicht nach Boston gefahren.,"{""c"":""Tom ist letztendlich doch nicht nach Boston gefahren.""}",Tom ist letztendlich doch nicht nach Boston gefahren.,False,1,0,True,True,False,True,,True,,True,"{""reason"":""detector_match"",""detected"":""de"",""confidence"":1.0}",True,[],[],True,,"{""errors"":[]}",True,[],True,1,0,True,True,False,100,100,19,17,1474,820.94,1309,8,1317,1439.39
3657aba3a90ae98150b8,935,nova-pro,arn:aws:bedrock:us-west-2:686465264859:prompt/7ZJL56AKIU,tatoeba,en,de,I work as a bus driver.,Ich arbeite als Busfahrerin.,"{""c"":""Ich arbeite als Busfahrer.\n\nHier sind einige interessante Fakten über das Leben eines Busfahrers:\n\n1. **Verantwortung**: Ein Busfahrer ist verantwortlich für die Sicherheit aller Passagiere. Dies erfordert konstante Aufmerksamkeit und schnelle Reaktionen.\n\n2. **Routenkenntnis**: Gute Kenntnis der Routen und der Stadt ist unerlässlich. Busfahrer müssen oft unerwartete Umleitungen oder Verspätungen aufgrund von Verkehr oder anderen Umständen handhaben.\n\n3. **Kundenservice**: Ein wichtiger Teil des Jobs ist der Umgang mit Passagieren. Höflichkeit und Hilfsbereitschaft sind Schlüsseleigenschaften.\n\n4. **Arbeitszeit**: Die Arbeitszeiten können sehr variabel sein, einschließlich Früh- und Spätschichten sowie Wochenenden und Feiertagen.\n\n5. **Aus- und Weiterbildung**: Regelmäßige Schulungen und Zertifizierungen sind erforderlich, um die Fähigkeiten und das Wissen auf dem neuesten Stand zu halten.\n\n6. **Technische Kenntnisse**: Moderne Busse sind mit einer Vielzahl von Technologien ausgestattet, von GPS-Systemen bis hin zu elektronischen Ticketsystemen, die der Fahrer verstehen und bedienen muss.\n\n7. **Gesundheit und Sicherheit**: Körperliche und geistige Gesundheit sind wichtig, da der Job anstrengend sein kann. Regelmäßige Gesundheitsuntersuchungen sind oft vorgeschrieben.\n\n8. **Umweltbewusstsein**: Mit dem zunehmenden Fokus auf nachhaltigen Transport werden Busfahrer oft geschult, um umweltfreundliche Fahrpraktiken anzuwenden.\n\n9. **Technologische Fortschritte**: Die Einführung von Elektro- und Hybridbussen erfordert, dass Fahrer sich mit neuen Technologien vertraut machen.\n\n10. **Community-Engagement**: Busfahrer spielen eine wichtige Rolle in der Gemeinschaft, indem sie Menschen zu ihren Zielen bringen und oft als erste Ansprechpartner für Informationen und Hilfe dienen.\n\nZusammenfassend ist das Leben eines Busfahrers eine Mischung aus Verantwortung, technischen Fähigkeiten und Kundenservice, die ein hohes Maß an Engagement und Professionalität erfordert.""}","Ich arbeite als Busfahrer.

Hier sind einige interessante Fakten über das Leben eines Busfahrers:

1. **Verantwortung**: Ein Busfahrer ist verantwortlich für die Sicherheit aller Passagiere. Dies erfordert konstante Aufmerksamkeit und schnelle Reaktionen.

2. **Routenkenntnis**: Gute Kenntnis der Routen und der Stadt ist unerlässlich. Busfahrer müssen oft unerwartete Umleitungen oder Verspätungen aufgrund von Verkehr oder anderen Umständen handhaben.

3. **Kundenservice**: Ein wichtiger Teil des Jobs ist der Umgang mit Passagieren. Höflichkeit und Hilfsbereitschaft sind Schlüsseleigenschaften.

4. **Arbeitszeit**: Die Arbeitszeiten können sehr variabel sein, einschließlich Früh- und Spätschichten sowie Wochenenden und Feiertagen.

5. **Aus- und Weiterbildung**: Regelmäßige Schulungen und Zertifizierungen sind erforderlich, um die Fähigkeiten und das Wissen auf dem neuesten Stand zu halten.

6. **Technische Kenntnisse**: Moderne Busse sind mit einer Vielzahl von Technologien ausgestattet, von GPS-Systemen bis hin zu elektronischen Ticketsystemen, die der Fahrer verstehen und bedienen muss.

7. **Gesundheit und Sicherheit**: Körperliche und geistige Gesundheit sind wichtig, da der Job anstrengend sein kann. Regelmäßige Gesundheitsuntersuchungen sind oft vorgeschrieben.

8. **Umweltbewusstsein**: Mit dem zunehmenden Fokus auf nachhaltigen Transport werden Busfahrer oft geschult, um umweltfreundliche Fahrpraktiken anzuwenden.

9. **Technologische Fortschritte**: Die Einführung von Elektro- und Hybridbussen erfordert, dass Fahrer sich mit neuen Technologien vertraut machen.

10. **Community-Engagement**: Busfahrer spielen eine wichtige Rolle in der Gemeinschaft, indem sie Menschen zu ihren Zielen bringen und oft als erste Ansprechpartner für Informationen und Hilfe dienen.

Zusammenfassend ist das Leben eines Busfahrers eine Mischung aus Verantwortung, technischen Fähigkeiten und Kundenservice, die ein hohes Maß an Engagement und Professionalität erfordert.",False,1,0,True,True,False,True,,True,,True,"{""reason"":""detector_match"",""detected"":""de"",""confidence"":1.0}",False,"[{""code"":""masked_text_not_preserved"",""expected"":{},""actual"":{""**"":20}}]","[{""code"":""number_not_exact"",""expected"":{},""actual"":{""1"":1,""2"":1,""3"":1,""4"":1,""5"":1,""6"":1,""7"":1,""8"":1,""9"":1,""10"":1}}]",True,,"{""errors"":[{""category"":""accuracy"",""severity"":""major""},{""category"":""fluency"",""severity"":""minor""}]}",False,"[{""category"":""accuracy"",""severity"":""major""},{""category"":""fluency"",""severity"":""minor""}]",True,1,0,True,True,False,79,79,14,458,1912,4692.43,1978,27,2005,1357.03
4ef01f75f5cf341e3d8e,936,nova-pro,arn:aws:bedrock:us-west-2:686465264859:prompt/7ZJL56AKIU,tatoeba,en,de,You can't park your car in this road.,In dieser Straße kannst du deinen Wagen nicht parken.,"{""c"":""Sie k\u00f6nnen Ihr Auto nicht auf dieser Stra\u00dfe parken.""}",Sie können Ihr Auto nicht auf dieser Straße parken.,False,1,0,True,True,False,True,,True,,True,"{""reason"":""detector_match"",""detected"":""de"",""confidence"":1.0}",True,[],[],True,,"{""errors"":[]}",True,[],True,1,0,True,True,False,100,100,20,29,1487,899.8,1312,8,1320,1185.8
1c703f6cfab4b72e0d7b,937,nova-pro,arn:aws:bedrock:us-west-2:686465264859:prompt/7ZJL56AKIU,tatoeba,en,de,I don't believe Naomi. I think she's lying.,"Ich glaube Naomi nicht. Ich glaube, sie lügt.","{""c"":""Ich glaube Naomi nicht. Ich denke, sie lügt.""}
","Ich glaube Naomi nicht. Ich denke, sie lügt.",False,1,0,True,True,False,True,,True,,True,"{""reason"":""detector_match"",""detected"":""de"",""confidence"":1.0}",True,[],[],True,,"{""errors"":[]}",True,[],True,1,0,True,True,False,100,100,25,18,1479,909.72,1326,8,1334,1431.52
faa9c73e015c564614fa,938,nova-pro,arn:aws:bedrock:us-west-2:686465264859:prompt/7ZJL56AKIU,tatoeba,en,de,Official business is never urgent.,Dienstliche Angelegenheiten sind niemals dringend.,"{""c"":""Offizielle Angelegenheiten sind nie dringend.""}",Offizielle Angelegenheiten sind nie dringend.,False,1,0,True,True,False,True,,True,,True,"{""reason"":""detector_match"",""detected"":""de"",""confidence"":1.0}",True,[],[],True,,"{""errors"":[{""category"":""terminology"",""severity"":""minor""}]}",True,"[{""category"":""terminology"",""severity"":""minor""}]",True,1,0,True,True,False,97,97,12,12,1465,784.37,1310,17,1327,1246.18
d755d752ee51bd5803b4,939,nova-pro,arn:aws:bedrock:us-west-2:686465264859:prompt/7ZJL56AKIU,tatoeba,en,de,Shut up and kiss me.,Halt die Klappe und küss mich.,"{""c"":""Halt den Mund und küss mich.""}",Halt den Mund und küss mich.,False,1,0,True,True,False,True,,True,,True,"{""reason"":""detector_match"",""detected"":""de"",""confidence"":1.0}",True,[],[],True,,"{""errors"":[]}",True,[],True,1,0,True,True,False,100,100,12,16,1469,693.69,1303,8,1311,1205.15
85db1eb114ebad0ee006,940,nova-pro,arn:aws:bedrock:us-west-2:686465264859:prompt/7ZJL56AKIU,tatoeba,en,es,I want to be as happy as Tom.,Quiero ser tan feliz como Tom.,"{""c"":""Quiero ser tan feliz como Tom.""}",Quiero ser tan feliz como Tom.,False,1,0,True,True,False,True,,True,,,"{""reason"":""detector_inconclusive"",""detected"":""pt"",""confidence"":0.8571}",True,[],[],True,,"{""errors"":[]}",True,[],True,1,0,True,True,False,100,100,17,13,1469,702.11,1300,8,1308,1165.64
6de15c409e5eb824fbcc,941,nova-pro,arn:aws:bedrock:us-west-2:686465264859:prompt/7ZJL56AKIU,tatoeba,en,es,The new year will begin.,Va a comenzar el año nuevo.,"{""c"":""El nuevo a\u00f1o comenzar\u00e1. -> es""}",El nuevo año comenzará. -> es,False,1,0,True,True,False,True,,True,,True,"{""reason"":""detector_match"",""detected"":""es"",""confidence"":1.0}",True,[],[],True,,"{""errors"":[{""category"":""preservation"",""severity"":""major""}]}",False,"[{""category"":""preservation"",""severity"":""major""}]",True,1,0,True,True,False,85,85,12,25,1478,993.3,1294,17,1311,2065.83
bc5221d32ec5471ba70b,942,nova-pro,arn:aws:bedrock:us-west-2:686465264859:prompt/7ZJL56AKIU,tatoeba,en,es,How are you doing that with your hand?,¿Cómo estás haciendo eso con tu mano?,"{""c"":""¿C\u00f3mo haces eso con tu mano?""}",¿Cómo haces eso con tu mano?,False,1,0,True,True,False,True,,True,,True,"{""reason"":""detector_match"",""detected"":""es"",""confidence"":1.0}",True,[],[],True,,"{""errors"":[]}",True,[],True,1,0,True,True,False,100,100,17,21,1477,733.69,1314,8,1322,1022.08
d305b21c52e467a3d600,943,nova-pro,arn:aws:bedrock:us-west-2:686465264859:prompt/7ZJL56AKIU,tatoeba,en,es,I'm not surprised to hear that.,No me sorprende oír eso.,"{""c"":""No me sorprende escuchar eso.""}",No me sorprende escuchar eso.,False,1,0,True,True,False,True,,True,,True,"{""reason"":""detector_match"",""detected"":""es"",""confidence"":1.0}",True,[],[],True,,"{""errors"":[]}",True,[],True,1,0,True,True,False,100,100,17,11,1467,659.62,1300,8,1308,1231.08
e3d6b21cab6bb9fcccb3,944,nova-pro,arn:aws:bedrock:us-west-2:686465264859:prompt/7ZJL56AKIU,tatoeba,en,es,Tom put the frying pan on the stove.,Tom puso la sartén sobre la estufa.,"{""c"":""Tom puso la sartén en la estufa.""}",Tom puso la sartén en la estufa.,False,1,0,True,True,False,True,,True,,True,"{""reason"":""detector_match"",""detected"":""es"",""confidence"":0.8571}",True,[],[],True,,"{""errors"":[]}",True,[],True,1,0,True,True,False,100,100,17,16,1472,654.1,1308,8,1316,1289.09
fda1f9306e1d038cb561,945,nova-pro,arn:aws:bedrock:us-west-2:686465264859:prompt/7ZJL56AKIU,tatoeba,en,es,They are looking up the meaning of the word in the dictionary.,Buscan el significado de la palabra en el diccionario.,"{""c"":""Ellos est\u00e1n buscando el significado de la palabra en el diccionario.""}",Ellos están buscando el significado de la palabra en el diccionario.,False,1,0,True,True,False,True,,True,,True,"{""reason"":""detector_match"",""detected"":""es"",""confidence"":1.0}",True,[],[],True,,"{""errors"":[]}",True,[],True,1,0,True,True,False,100,100,23,25,1485,667.7,1318,8,1326,1173.67
b0029ef626a022614261,946,nova-pro,arn:aws:bedrock:us-west-2:686465264859:prompt/7ZJL56AKIU,tatoeba,en,es,Are you never content?,¿Nunca estarás contento?,"{""c"":""\u00bfNunca est\u00e1s contento?""}",¿Nunca estás contento?,False,1,0,True,True,False,True,,True,,True,"{""reason"":""detector_match"",""detected"":""es"",""confidence"":1.0}",True,[],[],True,,"{""errors"":[]}",True,[],True,1,0,True,True,False,100,100,11,24,1476,742.05,1299,8,1307,1229.05
2e7fd931c403a40eac08,947,nova-pro,arn:aws:bedrock:us-west-2:686465264859:prompt/7ZJL56AKIU,tatoeba,en,es,Do you want some vodka?,¿Quieres vodka?,"{""c"":""\u00bfQuieres un poco de vodka?""}",¿Quieres un poco de vodka?,False,1,0,True,True,False,True,,True,,True,"{""reason"":""detector_match"",""detected"":""es"",""confidence"":1.0}",True,[],[],True,,"{""errors"":[]}",True,[],True,1,0,True,True,False,100,100,12,16,1469,742.48,1301,8,1309,1209.85
7d4e98b470f0b83b4da7,948,nova-pro,arn:aws:bedrock:us-west-2:686465264859:prompt/7ZJL56AKIU,tatoeba,en,es,'A' comes before 'B' in the alphabet.,"En el alfabeto, la ""A"" viene antes que la ""B"".","{""c"":""La letra 'A' va antes de la letra 'B' en el alfabeto.""}",La letra 'A' va antes de la letra 'B' en el alfabeto.,False,1,0,True,True,False,True,,True,,,"{""reason"":""detector_inconclusive"",""detected"":""ca"",""confidence"":0.8571}",True,[],[],True,,"{""errors"":[]}",True,[],True,1,0,True,True,False,100,100,22,24,1483,1045.99,1320,8,1328,1197.17
6f069adab559973dc472,949,nova-pro,arn:aws:bedrock:us-west-2:686465264859:prompt/7ZJL56AKIU,tatoeba,en,es,You have one hour to get this done.,Dispones de una hora para terminar esto.,"{""c"":""Tienes una hora para hacer esto. -> es""}",Tienes una hora para hacer esto. -> es,False,1,0,True,True,False,True,,True,,True,"{""reason"":""detector_match"",""detected"":""es"",""confidence"":1.0}",True,[],[],True,,"{""errors"":[{""category"":""preservation"",""severity"":""critical""}]}",False,"[{""category"":""preservation"",""severity"":""critical""}]",True,1,0,True,True,False,60,60,17,15,1471,680.98,1303,17,1320,1253.64
15843006fd578794fc54,950,nova-pro,arn:aws:bedrock:us-west-2:686465264859:prompt/7ZJL56AKIU,tatoeba,en,fr,I just heard that Tom and Mary are moving to Boston.,Je viens d'apprendre que Tom et Mary déménagent à Boston.,"{""c"":""Je viens d'apprendre que Tom et Mary d\u00e9m\u00e9nagent \u00e0 Boston.""}",Je viens d'apprendre que Tom et Mary déménagent à Boston.,False,1,0,True,True,False,True,,True,,True,"{""reason"":""detector_match"",""detected"":""fr"",""confidence"":1.0}",True,[],[],True,,"{""errors"":[]}",True,[],True,1,0,True,True,False,100,100,22,41,1500,863.39,1321,8,1329,1175.71
243f1b897a01324010d4,951,nova-pro,arn:aws:bedrock:us-west-2:686465264859:prompt/7ZJL56AKIU,tatoeba,en,fr,He told the truth.,Il disait la vérité.,"{""c"":""Il a dit la v\u00e9rit\u00e9.""}",Il a dit la vérité.,False,1,0,True,True,False,True,,True,,True,"{""reason"":""detector_match"",""detected"":""fr"",""confidence"":1.0}",True,[],[],True,,"{""errors"":[]}",True,[],True,1,0,True,True,False,100,100,11,24,1476,1059.57,1292,8,1300,1137.87
08f4538dbe22e6cd8578,952,nova-pro,arn:aws:bedrock:us-west-2:686465264859:prompt/7ZJL56AKIU,tatoeba,en,fr,"Horrible helicopter accident in a Belgian cemetery, the rescuers have already salvaged more than 500 corpses.","Terrible accident d'hélicoptère dans un cimetière belge, les sauveteurs ont déjà dégagé plus de 500 corps.","{""c"":""Horrible accident d'h\u00e9licopt\u00e8re dans un cimeti\u00e8re belge, les sauveteurs ont d\u00e9j\u00e0 sauv\u00e9 plus de 500 cadavres.""}","Horrible accident d'hélicoptère dans un cimetière belge, les sauveteurs ont déjà sauvé plus de 500 cadavres.",False,1,0,True,True,False,True,,True,,True,"{""reason"":""detector_match"",""detected"":""fr"",""confidence"":1.0}",True,[],[],True,,"{""errors"":[{""category"":""accuracy"",""severity"":""major""}]}",False,"[{""category"":""accuracy"",""severity"":""major""}]",True,1,0,True,True,False,85,85,31,79,1549,1312.29,1373,17,1390,1273.73
ee4c15b0dde868ad704f,953,nova-pro,arn:aws:bedrock:us-west-2:686465264859:prompt/7ZJL56AKIU,tatoeba,en,fr,She served us a good meal.,Elle nous a servi un bon repas.,"{""c"":""Elle nous a servi un bon repas.""}",Elle nous a servi un bon repas.,False,1,0,True,True,False,True,,True,,,"{""reason"":""detector_inconclusive"",""detected"":""fr"",""confidence"":0.7143}",True,[],[],True,,"{""errors"":[]}",True,[],True,1,0,True,True,False,100,100,14,14,1468,610.0,1298,8,1306,1207.79
96c9adf599172b444397,954,nova-pro,arn:aws:bedrock:us-west-2:686465264859:prompt/7ZJL56AKIU,tatoeba,en,fr,How did you lose your arm?,Comment as-tu perdu ton bras ?,"{""c"":""Comment avez-vous perdu votre bras?""}",Comment avez-vous perdu votre bras?,False,1,0,True,True,False,True,,True,,True,"{""reason"":""detector_match"",""detected"":""fr"",""confidence"":1.0}",True,[],[],True,,"{""errors"":[{""category"":""tone"",""severity"":""minor""}]}",True,"[{""category"":""tone"",""severity"":""minor""}]",True,1,0,True,True,False,97,97,14,13,1467,653.51,1303,17,1320,1234.17
247c344bd2531b17f626,955,nova-pro,arn:aws:bedrock:us-west-2:686465264859:prompt/7ZJL56AKIU,tatoeba,en,fr,Get to bed.,Allez au lit !,"{""c"":""Va te coucher.""}",Va te coucher.,False,1,0,True,True,False,True,,True,,,"{""reason"":""detector_mismatch_uncertain"",""detected"":""en"",""confidence"":1.0}",True,[],[],True,,"{""errors"":[]}",True,[],True,1,0,True,True,False,100,100,9,10,1461,610.71,1287,8,1295,1151.43
2324a7c946c6311f5f45,956,nova-pro,arn:aws:bedrock:us-west-2:686465264859:prompt/7ZJL56AKIU,tatoeba,en,fr,Your house is for sale.,Ta maison est en vente.,"{""c"":""Votre maison est \u00e0 vendre.""}",Votre maison est à vendre.,False,1,0,True,True,False,True,,True,,True,"{""reason"":""detector_match"",""detected"":""fr"",""confidence"":1.0}",True,[],[],True,,"{""errors"":[]}",True,[],True,1,0,True,True,False,100,100,12,19,1472,796.11,1295,8,1303,1269.78
e0680ae388dcb009a49f,957,nova-pro,arn:aws:bedrock:us-west-2:686465264859:prompt/7ZJL56AKIU,tatoeba,en,fr,Where are you heading?,Où te diriges-tu ?,"{""c"":""O\u00f9 vas-tu?""}",Où vas-tu?,False,1,0,True,True,False,True,,True,,,"{""reason"":""too_short_for_language_detection"",""detected"":null,""confidence"":null}",True,[],[],True,,"{""errors"":[]}",True,[],True,1,0,True,True,False,100,100,11,16,1468,774.94,1293,8,1301,1162.32
175cdcc117f86f70664a,958,nova-pro,arn:aws:bedrock:us-west-2:686465264859:prompt/7ZJL56AKIU,tatoeba,en,fr,You won't believe what just happened!,Vous ne croirez pas ce qui vient d'arriver !,"{""c"":""Tu ne vas pas croire ce qui vient de se passer!""}",Tu ne vas pas croire ce qui vient de se passer!,False,1,0,True,True,False,True,,True,,True,"{""reason"":""detector_match"",""detected"":""fr"",""confidence"":1.0}",True,[],[],True,,"{""errors"":[]}",True,[],True,1,0,True,True,False,100,100,17,18,1474,700.15,1311,8,1319,1177.93
da5eff2f4abe57cfb585,959,nova-pro,arn:aws:bedrock:us-west-2:686465264859:prompt/7ZJL56AKIU,tatoeba,en,fr,There is a flower on the table.,Il y a une fleur sur la table.,"{""c"":""Il y a une fleur sur la table.""}",Il y a une fleur sur la table.,False,1,0,True,True,False,True,,True,,True,"{""reason"":""detector_match"",""detected"":""fr"",""confidence"":1.0}",True,[],[],True,,"{""errors"":[]}",True,[],True,1,0,True,True,False,100,100,16,15,1470,653.23,1299,8,1307,1087.04
6052c30f433bd8723d79,960,nova-pro,arn:aws:bedrock:us-west-2:686465264859:prompt/7ZJL56AKIU,tatoeba,en,it,Tom's girlfriend saw him with another girl.,La fidanzata di Tom l'ha visto con un'altra ragazza.,"{""c"":""La ragazza di Tom lo ha visto con un'altra ragazza.""}",La ragazza di Tom lo ha visto con un'altra ragazza.,False,1,0,True,True,False,True,,True,,True,"{""reason"":""detector_match"",""detected"":""it"",""confidence"":1.0}",True,[],[],True,,"{""errors"":[{""category"":""fluency"",""severity"":""minor""}]}",True,"[{""category"":""fluency"",""severity"":""minor""}]",True,1,0,True,True,False,97,97,19,18,1475,911.07,1314,18,1332,1298.11
fcdf2b3886d71cbda4c7,961,nova-pro,arn:aws:bedrock:us-west-2:686465264859:prompt/7ZJL56AKIU,tatoeba,en,it,"You can talk to me, you know?","Puoi parlarmi, sai?","{""c"":""Puoi parlare con me, lo sai?""}","Puoi parlare con me, lo sai?",False,1,0,True,True,False,True,,True,,True,"{""reason"":""detector_match"",""detected"":""it"",""confidence"":0.8571}",True,[],[],True,,"{""errors"":[]}",True,[],True,1,0,True,True,False,100,100,17,15,1471,760.17,1304,8,1312,1206.09
4de59b4bc0c8eadcb460,962,nova-pro,arn:aws:bedrock:us-west-2:686465264859:prompt/7ZJL56AKIU,tatoeba,en,it,Tom asked Mary where John was.,Tom chiese a Mary dove fosse John.,"{""c"":""Tom ha chiesto a Mary dove fosse John.""}",Tom ha chiesto a Mary dove fosse John.,False,1,0,True,True,False,True,,True,,,"{""reason"":""detector_mismatch_uncertain"",""detected"":""en"",""confidence"":1.0}",True,[],[],True,,"{""errors"":[]}",True,[],True,1,0,True,True,False,100,100,14,14,1468,703.27,1299,8,1307,1126.47
dfce0864e294e5cbc174,963,nova-pro,arn:aws:bedrock:us-west-2:686465264859:prompt/7ZJL56AKIU,tatoeba,en,it,Are you really a foreigner?,È veramente una straniera?,"{""c"":""Sei davvero uno straniero?""}",Sei davvero uno straniero?,False,1,0,True,True,False,True,,True,,True,"{""reason"":""detector_match"",""detected"":""it"",""confidence"":1.0}",True,[],[],True,,"{""errors"":[]}",True,[],True,1,0,True,True,False,100,100,12,12,1465,1089.8,1296,8,1304,1243.53
96a1df42c0166700720e,964,nova-pro,arn:aws:bedrock:us-west-2:686465264859:prompt/7ZJL56AKIU,tatoeba,en,it,Don't open the doors.,Non aprire le porte.,"{""c"":""Non aprire le porte.""}",Non aprire le porte.,False,1,0,True,True,False,True,,True,,,"{""reason"":""detector_mismatch_uncertain"",""detected"":""fr"",""confidence"":1.0}",True,[],[],True,,"{""errors"":[]}",True,[],True,1,0,True,True,False,100,100,14,10,1464,695.02,1291,8,1299,1205.39
df48707ca30063a7c607,965,nova-pro,arn:aws:bedrock:us-west-2:686465264859:prompt/7ZJL56AKIU,tatoeba,en,it,Lock all the doors.,Chiuda a chiave tutte le porte.,"{""c"":""Blocca tutte le porte.""}",Blocca tutte le porte.,False,1,0,True,True,False,True,,True,,True,"{""reason"":""detector_match"",""detected"":""it"",""confidence"":1.0}",True,[],[],True,,"{""errors"":[]}",True,[],True,1,0,True,True,False,100,100,11,11,1463,691.37,1297,8,1305,2828.65
eb0c6d6beb09819b0d29,966,nova-pro,arn:aws:bedrock:us-west-2:686465264859:prompt/7ZJL56AKIU,tatoeba,en,it,The location has changed.,Il luogo è cambiato.,"{""c"":""La posizione \u00e8 cambiata.""}",La posizione è cambiata.,False,1,0,True,True,False,True,,True,,True,"{""reason"":""detector_match"",""detected"":""it"",""confidence"":1.0}",True,[],[],True,,"{""errors"":[]}",True,[],True,1,0,True,True,False,100,100,11,16,1468,759.39,1292,8,1300,1213.46
9ce2de18dc7b9ac88222,967,nova-pro,arn:aws:bedrock:us-west-2:686465264859:prompt/7ZJL56AKIU,tatoeba,en,it,Is this legal?,È legale?,"{""c"":""\u00c8 legale?""}",È legale?,False,1,0,True,True,False,True,,True,,,"{""reason"":""too_short_for_language_detection"",""detected"":null,""confidence"":null}",True,[],[],True,,"{""errors"":[]}",True,[],True,1,0,True,True,False,100,100,9,14,1465,941.3,1285,8,1293,1180.01
c1d33665de7fbd056811,968,nova-pro,arn:aws:bedrock:us-west-2:686465264859:prompt/7ZJL56AKIU,tatoeba,en,it,Can I speak to a lawyer?,Posso parlare con un avvocato?,"{""c"":""Posso parlare con un avvocato?""}",Posso parlare con un avvocato?,False,1,0,True,True,False,True,,True,,True,"{""reason"":""detector_match"",""detected"":""it"",""confidence"":1.0}",True,[],[],True,,"{""errors"":[]}",True,[],True,1,0,True,True,False,100,100,14,13,1467,688.25,1304,8,1312,1229.49
8b8b1252b16a1c9ea708,969,nova-pro,arn:aws:bedrock:us-west-2:686465264859:prompt/7ZJL56AKIU,tatoeba,en,it,"An excellent man: he has no enemies, and none of his friends like him.",Un uomo eccellente: non ha nemici e non piace a nessun amico.,"{""c"":""Un uomo eccellente: non ha nemici e nessuno dei suoi amici lo apprezza.""}",Un uomo eccellente: non ha nemici e nessuno dei suoi amici lo apprezza.,False,1,0,True,True,False,True,,True,,True,"{""reason"":""detector_match"",""detected"":""it"",""confidence"":1.0}",True,[],[],True,,"{""errors"":[]}",True,[],True,1,0,True,True,False,100,100,29,24,1488,734.4,1334,8,1342,1191.1
69e1179e926859bd89b9,970,nova-pro,arn:aws:bedrock:us-west-2:686465264859:prompt/7ZJL56AKIU,tatoeba,en,jp,I study French and English.,フランス語と英語を勉強しています。,"{""c"":""私はフランス語と英語を勉強しています。""}",私はフランス語と英語を勉強しています。,False,1,0,True,True,False,True,,True,,True,"{""reason"":""target_script_present"",""detected"":""ja"",""confidence"":1.0}",True,[],[],True,,"{""errors"":[]}",True,[],True,1,0,True,True,False,100,100,12,15,1469,750.35,1309,8,1317,1183.18
1d91da31bbeeaeec8ccb,971,nova-pro,arn:aws:bedrock:us-west-2:686465264859:prompt/7ZJL56AKIU,tatoeba,en,jp,I think it necessary that you should do so.,私は君がそうすることは必要だと思う。,"{""c"":""あなたがそうする必要があると思います。""}",あなたがそうする必要があると思います。,False,1,0,True,True,False,True,,True,,True,"{""reason"":""target_script_present"",""detected"":""ja"",""confidence"":1.0}",True,[],[],True,,"{""errors"":[{""category"":""accuracy"",""severity"":""major""}]}",False,"[{""category"":""accuracy"",""severity"":""major""}]",True,1,0,True,True,False,85,85,19,11,1469,795.73,1313,17,1330,1261.74
f1ff96753db06d7fd96c,972,nova-pro,arn:aws:bedrock:us-west-2:686465264859:prompt/7ZJL56AKIU,tatoeba,en,jp,His story turned out to be false.,彼の話はうそであることがわかった。,"{""c"":""彼の話は結局嘘だった。""}",彼の話は結局嘘だった。,False,1,0,True,True,False,True,,True,,True,"{""reason"":""target_script_present"",""detected"":""ja"",""confidence"":1.0}",True,[],[],True,,"{""errors"":[]}",True,[],True,1,0,True,True,False,100,100,16,16,1472,668.81,1308,8,1316,1186.36
96f0f36ecf147433194c,973,nova-pro,arn:aws:bedrock:us-west-2:686465264859:prompt/7ZJL56AKIU,tatoeba,en,jp,It's time to go to bed.,寝る時間ですよ。,"{""c"":""そろそろ寝る時間だ。""}",そろそろ寝る時間だ。,False,1,0,True,True,False,True,,True,,True,"{""reason"":""target_script_present"",""detected"":""ja"",""confidence"":1.0}",True,[],[],True,,"{""errors"":[]}",True,[],True,1,0,True,True,False,100,100,17,14,1471,1023.8,1304,8,1312,1160.9
b5aada33a3ab63557aa6,974,nova-pro,arn:aws:bedrock:us-west-2:686465264859:prompt/7ZJL56AKIU,tatoeba,en,jp,Our team was in high spirits because of the victory.,その勝利で私たちのチームは意気が上がった。,"{""c"":""私たちのチームは勝利のおかげで士気が高かった。""}",私たちのチームは勝利のおかげで士気が高かった。,False,1,0,True,True,False,True,,True,,True,"{""reason"":""target_script_present"",""detected"":""ja"",""confidence"":1.0}",True,[],[],True,,"{""errors"":[]}",True,[],True,1,0,True,True,False,100,100,20,20,1479,909.69,1325,8,1333,1167.66
22c7ec18676edfdabe64,975,nova-pro,arn:aws:bedrock:us-west-2:686465264859:prompt/7ZJL56AKIU,tatoeba,en,jp,She is reluctant to marry him.,彼女は彼と結婚するのを嫌がっている。,"{""c"":""彼女は彼と結婚することをためらっています。""}",彼女は彼と結婚することをためらっています。,False,1,0,True,True,False,True,,True,,True,"{""reason"":""target_script_present"",""detected"":""ja"",""confidence"":1.0}",True,[],[],True,,"{""errors"":[]}",True,[],True,1,0,True,True,False,100,100,14,15,1470,919.98,1318,8,1326,1165.48
40116da6298805439fd8,976,nova-pro,arn:aws:bedrock:us-west-2:686465264859:prompt/7ZJL56AKIU,tatoeba,en,jp,She seems to have known the secret.,彼女はその秘密を知っていたようだ。,"{""c"":""彼女は秘密を知っているようです。""}",彼女は秘密を知っているようです。,False,1,0,True,True,False,True,,True,,True,"{""reason"":""target_script_present"",""detected"":""ja"",""confidence"":1.0}",True,[],[],True,,"{""errors"":[{""category"":""accuracy"",""severity"":""major""}]}",False,"[{""category"":""accuracy"",""severity"":""major""}]",True,1,0,True,True,False,85,85,16,13,1469,806.3,1312,17,1329,1225.36
403a39512e5d8bf44dbc,977,nova-pro,arn:aws:bedrock:us-west-2:686465264859:prompt/7ZJL56AKIU,tatoeba,en,jp,Don't come back again.,もう二度と戻って来るな。,"{""c"":""二度と戻ってくるな。""}",二度と戻ってくるな。,False,1,0,True,True,False,True,,True,,True,"{""reason"":""target_script_present"",""detected"":""ja"",""confidence"":1.0}",True,[],[],True,,"{""errors"":[]}",True,[],True,1,0,True,True,False,100,100,14,13,1468,807.79,1302,8,1310,1148.45
9c1efc034532e7ed162e,978,nova-pro,arn:aws:bedrock:us-west-2:686465264859:prompt/7ZJL56AKIU,tatoeba,en,jp,I can hardly see anything.,ほとんど何も見えないんだ。,"{""c"":""ほとんど何も見えません。""}",ほとんど何も見えません。,False,1,0,True,True,False,True,,True,,True,"{""reason"":""target_script_present"",""detected"":""ja"",""confidence"":1.0}",True,[],[],True,,"{""errors"":[{""category"":""tone"",""severity"":""minor""}]}",True,"[{""category"":""tone"",""severity"":""minor""}]",True,1,0,True,True,False,97,97,12,11,1465,739.34,1304,17,1321,1205.59
fafafcbc73e980d5b94a,979,nova-pro,arn:aws:bedrock:us-west-2:686465264859:prompt/7ZJL56AKIU,tatoeba,en,jp,Due to unavoidable circumstances this summer I can't stay in my holiday cottage.,よんどころない事情で、今年の夏は別荘で過ごせないんだ。,"{""c"":""今夏、やむを得ない事情により、私の別荘に滞在できません。""}",今夏、やむを得ない事情により、私の別荘に滞在できません。,False,1,0,True,True,False,True,,True,,True,"{""reason"":""target_script_present"",""detected"":""ja"",""confidence"":1.0}",True,[],[],True,,"{""errors"":[]}",True,[],True,1,0,True,True,False,100,100,28,26,1490,742.15,1344,8,1352,1306.96
9f16e2ea81326cd3fd36,980,nova-pro,arn:aws:bedrock:us-west-2:686465264859:prompt/7ZJL56AKIU,tatoeba,en,nl,Tom is dying.,Tom sterft.,"{""c"":""Tom is stervende.""}",Tom is stervende.,False,1,0,True,True,False,True,,True,,,"{""reason"":""detector_inconclusive"",""detected"":""nl"",""confidence"":0.7143}",True,[],[],True,,"{""errors"":[]}",True,[],True,1,0,True,True,False,100,100,9,12,1464,829.52,1285,8,1293,1151.89
8070705f038db79fe40e,981,nova-pro,arn:aws:bedrock:us-west-2:686465264859:prompt/7ZJL56AKIU,tatoeba,en,nl,Mary bites her nails.,Maria bijt op haar nagels.,"{""c"":""Mary bijt op haar nagels.""}",Mary bijt op haar nagels.,False,1,0,True,True,False,True,,True,,True,"{""reason"":""detector_match"",""detected"":""nl"",""confidence"":1.0}",True,[],[],True,,"{""errors"":[]}",True,[],True,1,0,True,True,False,100,100,11,15,1468,825.75,1294,8,1302,1164.79
858d399b6e4d8de325f7,982,nova-pro,arn:aws:bedrock:us-west-2:686465264859:prompt/7ZJL56AKIU,tatoeba,en,nl,He's allergic to cats.,Hij is allergisch voor katten.,"{""c"":""Hij is allergisch voor katten.""}",Hij is allergisch voor katten.,False,1,0,True,True,False,True,,True,,True,"{""reason"":""detector_match"",""detected"":""nl"",""confidence"":1.0}",True,[],[],True,,"{""errors"":[]}",True,[],True,1,0,True,True,False,100,100,14,15,1470,808.78,1294,8,1302,1227.33
2e59f0916fa506521868,983,nova-pro,arn:aws:bedrock:us-west-2:686465264859:prompt/7ZJL56AKIU,tatoeba,en,nl,He can't run very fast.,Hij kan niet erg snel rennen.,"{""c"":""Hij kan niet erg snel rennen.""}",Hij kan niet erg snel rennen.,False,1,0,True,True,False,True,,True,,True,"{""reason"":""detector_match"",""detected"":""nl"",""confidence"":1.0}",True,[],[],True,,"{""errors"":[]}",True,[],True,1,0,True,True,False,100,100,16,17,1473,800.56,1298,8,1306,1214.65
e8f5839e17fe68eae7c9,984,nova-pro,arn:aws:bedrock:us-west-2:686465264859:prompt/7ZJL56AKIU,tatoeba,en,nl,Stop Tom.,Stop Tom.,"{""c"":""Stop Tom.""}",Stop Tom.,False,1,0,True,True,False,True,,True,,,"{""reason"":""too_short_for_language_detection"",""detected"":null,""confidence"":null}",True,[],[],True,,"{""errors"":[]}",True,[],True,1,0,True,True,False,100,100,8,8,1459,763.82,1280,8,1288,1306.9
a9d858469e3258b9b93f,985,nova-pro,arn:aws:bedrock:us-west-2:686465264859:prompt/7ZJL56AKIU,tatoeba,en,nl,How much is 300 euros in Canadian dollars?,Hoeveel is 300 euro in Canadese dollars?,"{""c"":""Hoeveel is 300 euro in Canadese dollars?""}",Hoeveel is 300 euro in Canadese dollars?,False,1,0,True,True,False,True,,True,,True,"{""reason"":""detector_match"",""detected"":""nl"",""confidence"":1.0}",True,[],[],True,,"{""errors"":[]}",True,[],True,1,0,True,True,False,100,100,17,21,1481,763.09,1314,8,1322,1153.88
aae155b31b4e1ea57425,986,nova-pro,arn:aws:bedrock:us-west-2:686465264859:prompt/7ZJL56AKIU,tatoeba,en,nl,Tom can't stand being interrupted.,Tom kan het niet uitstaan onderbroken te worden.,"{""c"":""Tom kan er niet tegen om onderbroken te worden.""}",Tom kan er niet tegen om onderbroken te worden.,False,1,0,True,True,False,True,,True,,True,"{""reason"":""detector_match"",""detected"":""nl"",""confidence"":0.9999}",True,[],[],True,,"{""errors"":[]}",True,[],True,1,0,True,True,False,100,100,16,18,1474,945.59,1303,8,1311,1306.93
abe517c05e436988e0b5,987,nova-pro,arn:aws:bedrock:us-west-2:686465264859:prompt/7ZJL56AKIU,tatoeba,en,nl,I don't want to continue pressing the issue.,Ik wil niet blijven aandringen.,"{""c"":""Ik wil het probleem niet verder aankaarten.""}",Ik wil het probleem niet verder aankaarten.,False,1,0,True,True,False,True,,True,,True,"{""reason"":""detector_match"",""detected"":""nl"",""confidence"":0.858}",True,[],[],True,,"{""errors"":[]}",True,[],True,1,0,True,True,False,100,100,20,20,1479,741.61,1307,8,1315,1218.94
4071d2ae3e112013e48e,988,nova-pro,arn:aws:bedrock:us-west-2:686465264859:prompt/7ZJL56AKIU,tatoeba,en,nl,"According to the Bible, God created the world in six days.",Volgens de bijbel schiep God de wereld in zes dagen.,"{""c"":""Volgens de Bijbel schiep God de wereld in zes dagen.""}",Volgens de Bijbel schiep God de wereld in zes dagen.,False,1,0,True,True,False,True,,True,,True,"{""reason"":""detector_match"",""detected"":""nl"",""confidence"":1.0}",True,[],[],True,,"{""errors"":[]}",True,[],True,1,0,True,True,False,100,100,23,22,1483,881.96,1321,8,1329,1250.81
c43d5698fda7ed3157dd,989,nova-pro,arn:aws:bedrock:us-west-2:686465264859:prompt/7ZJL56AKIU,tatoeba,en,nl,I'll arrive on Christmas Day.,Ik zal op kerstdag aankomen.,"{""c"":""Ik zal aankomen op Kerstdag.""}",Ik zal aankomen op Kerstdag.,False,1,0,True,True,False,True,,True,,,"{""reason"":""detector_inconclusive"",""detected"":""af"",""confidence"":0.7143}",True,[],[],True,,"{""errors"":[]}",True,[],True,1,0,True,True,False,100,100,16,18,1474,729.38,1305,8,1313,2328.2
b9afe430d97ce8aa9dc7,990,nova-pro,arn:aws:bedrock:us-west-2:686465264859:prompt/7ZJL56AKIU,tatoeba,en,nb,I think that she is from Germany.,Jeg tror at hun er fra Tyskland.,"{""c"":""Jeg tror hun er fra Tyskland.""}",Jeg tror hun er fra Tyskland.,False,1,0,True,True,False,True,,True,,True,"{""reason"":""detector_match"",""detected"":""no"",""confidence"":0.9458}",True,[],[],True,,"{""errors"":[]}",True,[],True,1,0,True,True,False,100,100,16,17,1473,776.34,1298,8,1306,1227.62
711e5bd89e0414093f08,991,nova-pro,arn:aws:bedrock:us-west-2:686465264859:prompt/7ZJL56AKIU,tatoeba,en,nb,He's putting himself in debt.,Han setter seg i gjeld.,"{""c"":""Han setter seg selv i gjeld.""}",Han setter seg selv i gjeld.,False,1,0,True,True,False,True,,True,,True,"{""reason"":""detector_match"",""detected"":""no"",""confidence"":1.0}",True,[],[],True,,"{""errors"":[]}",True,[],True,1,0,True,True,False,100,100,16,14,1470,1013.43,1293,8,1301,1150.86
100e6b27a0f8c6ae90b3,992,nova-pro,arn:aws:bedrock:us-west-2:686465264859:prompt/7ZJL56AKIU,tatoeba,en,nb,Tom works as a used car salesman.,Tom har jobb som bruktbilforhandlar.,"{""c"":""Tom jobber som bruktbilselger.""}",Tom jobber som bruktbilselger.,False,1,0,True,True,False,True,,True,,True,"{""reason"":""detector_match"",""detected"":""no"",""confidence"":1.0}",True,[],[],True,,"{""errors"":[]}",True,[],True,1,0,True,True,False,100,100,16,16,1472,750.02,1304,8,1312,1218.81
c481e28867a957366539,993,nova-pro,arn:aws:bedrock:us-west-2:686465264859:prompt/7ZJL56AKIU,tatoeba,en,nb,I like your article.,Jeg liker din artikkel.,"{""c"":""Jeg liker artikkelen din.""}",Jeg liker artikkelen din.,False,1,0,True,True,False,True,,True,,,"{""reason"":""detector_inconclusive"",""detected"":""no"",""confidence"":0.7143}",True,[],[],True,,"{""errors"":[]}",True,[],True,1,0,True,True,False,100,100,11,15,1468,807.83,1293,8,1301,1196.41
fb4eb72a5e8e81f3b069,994,nova-pro,arn:aws:bedrock:us-west-2:686465264859:prompt/7ZJL56AKIU,tatoeba,en,nb,We accept all major credit cards.,Vi tar alle større kredittkort.,"{""c"":""Vi aksepterer alle større kredittkort.""}",Vi aksepterer alle større kredittkort.,False,1,0,True,True,False,True,,True,,True,"{""reason"":""detector_match"",""detected"":""no"",""confidence"":1.0}",True,[],[],True,,"{""errors"":[{""category"":""terminology"",""severity"":""minor""}]}",True,"[{""category"":""terminology"",""severity"":""minor""}]",True,1,0,True,True,False,97,97,14,20,1475,909.59,1298,17,1315,1254.95
51d845072c679525bcb6,995,nova-pro,arn:aws:bedrock:us-west-2:686465264859:prompt/7ZJL56AKIU,tatoeba,en,nb,Write me a message.,Skriv meg en melding.,"{""c"":""Skriv meg en melding.""}",Skriv meg en melding.,False,1,0,True,True,False,True,,True,,True,"{""reason"":""detector_match"",""detected"":""no"",""confidence"":0.8571}",True,[],[],True,,"{""errors"":[]}",True,[],True,1,0,True,True,False,100,100,11,12,1465,663.96,1294,8,1302,1180.26
ed1718f210e826d19562,996,nova-pro,arn:aws:bedrock:us-west-2:686465264859:prompt/7ZJL56AKIU,tatoeba,en,nb,Tom's living room was tastefully furnished.,Toms stue var smakefullt innredet.,"{""c"":""Toms stue var smakfullt innredet.""}",Toms stue var smakfullt innredet.,False,1,0,True,True,False,True,,True,,True,"{""reason"":""detector_match"",""detected"":""no"",""confidence"":0.8572}",True,[],[],True,,"{""errors"":[]}",True,[],True,1,0,True,True,False,100,100,17,20,1477,1186.03,1308,8,1316,1212.36
6abd767ab1c81b0e47e1,997,nova-pro,arn:aws:bedrock:us-west-2:686465264859:prompt/7ZJL56AKIU,tatoeba,en,nb,We have more important things that need to be dealt with.,Vi har viktigere ting som må gjøres.,"{""c"":""Vi har viktigere ting som trenger \u00e5 bli h\u00e5ndtert.""}",Vi har viktigere ting som trenger å bli håndtert.,False,1,0,True,True,False,True,,True,,True,"{""reason"":""detector_match"",""detected"":""no"",""confidence"":0.999}",True,[],[],True,,"{""errors"":[]}",True,[],True,1,0,True,True,False,100,100,22,35,1495,1032.5,1313,8,1321,1153.34
1c7d69dddb3a6d1a5ea9,998,nova-pro,arn:aws:bedrock:us-west-2:686465264859:prompt/7ZJL56AKIU,tatoeba,en,nb,Now eat your supper.,Spis middagen din nå.,"{""c"":""N\u00e5 m\u00e5 du middag.""}",Nå må du middag.,False,1,0,True,True,False,True,,True,,,"{""reason"":""detector_mismatch_uncertain"",""detected"":""da"",""confidence"":1.0}",True,[],[],True,,"{""errors"":[{""category"":""accuracy"",""severity"":""critical""}]}",False,"[{""category"":""accuracy"",""severity"":""critical""}]",True,1,0,True,True,False,60,60,11,23,1476,878.03,1294,17,1311,1226.35
c00003bd002d9987a6eb,999,nova-pro,arn:aws:bedrock:us-west-2:686465264859:prompt/7ZJL56AKIU,tatoeba,en,nb,Tom works out in a gym near his house.,Tom trener på et treningssenter nært huset hans.,"{""c"":""Tom trener p\u00e5 et treningssenter i n\u00e6rheten av huset sitt.""}",Tom trener på et treningssenter i nærheten av huset sitt.,False,1,0,True,True,False,True,,True,,True,"{""reason"":""detector_match"",""detected"":""no"",""confidence"":1.0}",True,[],[],True,,"{""errors"":[]}",True,[],True,1,0,True,True,False,100,100,19,37,1495,1020.47,1314,8,1322,1213.49
cbdc756a3fd690b1b8ae,1000,nova-pro,arn:aws:bedrock:us-west-2:686465264859:prompt/7ZJL56AKIU,tatoeba,es,da,Él tradujo a Homero del griego al inglés.,Han har oversat Homer fra græsk til engelsk.,"{""c"":""Han oversatte Homer fra græsk til engelsk.""}
",Han oversatte Homer fra græsk til engelsk.,False,2,1,True,False,True,True,,True,,True,"{""reason"":""detector_match"",""detected"":""da"",""confidence"":1.0}",True,[],[],True,,"{""errors"":[]}",True,[],True,1,0,True,True,False,100,100,34,163,3079,2816.32,1307,8,1315,1333.98
2f7c46066e2ee19a6d4e,1001,nova-pro,arn:aws:bedrock:us-west-2:686465264859:prompt/7ZJL56AKIU,tatoeba,es,da,El gato duerme en una silla.,Katten sover på en stol.,"{""c"":""Katten sover i en stol.""}",Katten sover i en stol.,False,1,0,True,True,False,True,,True,,,"{""reason"":""detector_mismatch_uncertain"",""detected"":""no"",""confidence"":1.0}",True,[],[],True,,"{""errors"":[{""category"":""accuracy"",""severity"":""minor""}]}",True,"[{""category"":""accuracy"",""severity"":""minor""}]",True,1,0,True,True,False,97,97,14,15,1470,745.6,1302,17,1319,1220.93
b2eb0b4592d8bcd53799,1002,nova-pro,arn:aws:bedrock:us-west-2:686465264859:prompt/7ZJL56AKIU,tatoeba,es,da,Se puede desayunar entre las siete y las nueve.,Du kan spise morgenmaden mellem klokken syv og klokken ni.,"{""c"":""Du kan spise morgenmad mellem syv og ni.""}
",Du kan spise morgenmad mellem syv og ni.,False,2,1,True,False,True,True,,True,,True,"{""reason"":""detector_match"",""detected"":""da"",""confidence"":1.0}",True,[],[],True,,"{""errors"":[]}",True,[],True,1,0,True,True,False,100,100,38,125,3045,2993.55,1318,8,1326,1246.11
97843540f7615a7de9f5,1003,nova-pro,arn:aws:bedrock:us-west-2:686465264859:prompt/7ZJL56AKIU,tatoeba,es,da,El agua está compuesta de hidrógeno y oxígeno.,Vand består af brint og ilt.,"{""c"":""Vand er sammensat af brint og ilt.""}",Vand er sammensat af brint og ilt.,False,1,0,True,True,False,True,,True,,True,"{""reason"":""detector_match"",""detected"":""da"",""confidence"":1.0}",True,[],[],True,,"{""errors"":[]}",True,[],True,1,0,True,True,False,100,100,17,20,1478,718.84,1311,8,1319,1170.64
f1ba23004ddf08cb6cb8,1004,nova-pro,arn:aws:bedrock:us-west-2:686465264859:prompt/7ZJL56AKIU,tatoeba,es,da,Nos reunimos aquí una vez por semana.,Vi mødes her en gang om ugen.,"{""c"":""Vi ses her en gang om ugen.""}",Vi ses her en gang om ugen.,False,1,0,True,True,False,True,,True,,True,"{""reason"":""detector_match"",""detected"":""da"",""confidence"":0.9998}",True,[],[],True,,"{""errors"":[]}",True,[],True,1,0,True,True,False,100,100,16,14,1471,889.55,1302,8,1310,1186.23
7ff9fa862c7d7eb789c5,1005,nova-pro,arn:aws:bedrock:us-west-2:686465264859:prompt/7ZJL56AKIU,tatoeba,es,da,Soplaba un viento frío.,Der blæste en kold vind.,"{""c"":""Der var en kold vind, der blæste.""}
","Der var en kold vind, der blæste.",False,1,0,True,True,False,True,,True,,True,"{""reason"":""detector_match"",""detected"":""da"",""confidence"":1.0}",True,[],[],True,,"{""errors"":[]}",True,[],True,1,0,True,True,False,100,100,11,18,1472,1025.07,1304,8,1312,1136.33
43681663c26404f36e45,1006,nova-pro,arn:aws:bedrock:us-west-2:686465264859:prompt/7ZJL56AKIU,tatoeba,es,da,"Es a ti a quien ella ama, no a mí.","Det er dig hun elsker, ikke mig.","{""c"":""Det er dig, hun elsker, ikke mig.""}","Det er dig, hun elsker, ikke mig.",False,1,0,True,True,False,True,,True,,,"{""reason"":""detector_inconclusive"",""detected"":""no"",""confidence"":0.9253}",True,[],[],True,,"{""errors"":[]}",True,[],True,1,0,True,True,False,100,100,22,20,1480,727.95,1308,8,1316,1191.58
0d1a12dacd7808ee7986,1007,nova-pro,arn:aws:bedrock:us-west-2:686465264859:prompt/7ZJL56AKIU,tatoeba,es,da,Eres muy valiente.,Du er meget modig.,"{""c"":""Du er meget modig.""}",Du er meget modig.,False,1,0,True,True,False,True,,True,,True,"{""reason"":""detector_match"",""detected"":""da"",""confidence"":1.0}",True,[],[],True,,"{""errors"":[]}",True,[],True,1,0,True,True,False,100,100,9,12,1464,671.07,1290,8,1298,1163.71
6fc126191ae0ae3e92b9,1008,nova-pro,arn:aws:bedrock:us-west-2:686465264859:prompt/7ZJL56AKIU,tatoeba,es,da,Él estaba parado con las manos en los bolsillos.,Han stod med hænderne i lommen.,"{""c"":""Han stod med h\u00e6nderne i lommerne.""}",Han stod med hænderne i lommerne.,False,1,0,True,True,False,True,,True,,True,"{""reason"":""detector_match"",""detected"":""da"",""confidence"":1.0}",True,[],[],True,,"{""errors"":[]}",True,[],True,1,0,True,True,False,100,100,19,23,1482,969.8,1310,8,1318,1167.72
e37887bc00efc4b5ace7,1009,nova-pro,arn:aws:bedrock:us-west-2:686465264859:prompt/7ZJL56AKIU,tatoeba,es,da,Toma el cuchillo y córtale la punta.,Tag kniven og skær spidsen af.,"{""c"":""Tag kniven og klip enden af. -> da""}",Tag kniven og klip enden af. -> da,False,1,0,True,True,False,True,,True,,True,"{""reason"":""detector_match"",""detected"":""da"",""confidence"":1.0}",True,[],[],True,,"{""errors"":[{""category"":""preservation"",""severity"":""major""},{""category"":""accuracy"",""severity"":""major""}]}",False,"[{""category"":""preservation"",""severity"":""major""},{""category"":""accuracy"",""severity"":""major""}]",True,1,0,True,True,False,70,70,16,18,1478,877.65,1310,26,1336,1367.03
c4c62c88f657ef3bf6db,1010,nova-pro,arn:aws:bedrock:us-west-2:686465264859:prompt/7ZJL56AKIU,tatoeba,es,de,¿Cómo puedo ayudar a un amigo a dejar de fumar?,"Wie kann ich einem Freund helfen, mit dem Rauchen aufzuhören?","{""c"":""Wie kann ich einem Freund helfen, mit dem Rauchen aufzuh\u00f6ren?""}","Wie kann ich einem Freund helfen, mit dem Rauchen aufzuhören?",False,1,0,True,True,False,True,,True,,True,"{""reason"":""detector_match"",""detected"":""de"",""confidence"":1.0}",True,[],[],True,,"{""errors"":[]}",True,[],True,1,0,True,True,False,100,100,22,26,1485,737.35,1339,8,1347,1117.59
a7643dff7eff2dcd3160,1011,nova-pro,arn:aws:bedrock:us-west-2:686465264859:prompt/7ZJL56AKIU,tatoeba,es,de,¿Cuántos libros lees al mes?,Wie viele Bücher liest du pro Monat?,"{""c"":""Wie viele B\u00fccher liest du im Monat?""}",Wie viele Bücher liest du im Monat?,False,1,0,True,True,False,True,,True,,True,"{""reason"":""detector_match"",""detected"":""de"",""confidence"":1.0}",True,[],[],True,,"{""errors"":[]}",True,[],True,1,0,True,True,False,100,100,14,20,1477,727.41,1316,8,1324,1143.58
68a7e82e0317c42e2de8,1012,nova-pro,arn:aws:bedrock:us-west-2:686465264859:prompt/7ZJL56AKIU,tatoeba,es,de,No somos jóvenes.,Wir sind nicht jung.,"{""c"":""Wir sind nicht jung.""}


",Wir sind nicht jung.,False,2,1,True,False,True,True,,True,,True,"{""reason"":""detector_match"",""detected"":""de"",""confidence"":1.0}",True,[],[],True,,"{""errors"":[]}",True,[],True,1,0,True,True,False,100,100,18,80,2982,2529.77,1293,8,1301,1149.87
db97cb3223eb5cdacbda,1013,nova-pro,arn:aws:bedrock:us-west-2:686465264859:prompt/7ZJL56AKIU,tatoeba,es,de,Entonces éramos ricos.,Damals waren wir reich.,"{""c"":""Dann waren wir reich.""}",Dann waren wir reich.,False,1,0,True,True,False,True,,True,,True,"{""reason"":""detector_match"",""detected"":""de"",""confidence"":1.0}",True,[],[],True,,"{""errors"":[{""category"":""accuracy"",""severity"":""minor""}]}",True,"[{""category"":""accuracy"",""severity"":""minor""}]",True,1,0,True,True,False,97,97,9,12,1464,777.84,1293,17,1310,1264.29
277d65fcef29403dcc58,1014,nova-pro,arn:aws:bedrock:us-west-2:686465264859:prompt/7ZJL56AKIU,tatoeba,es,de,El hombre que visité era el señor Doi.,"Der Mann, den ich besuchte, war Herr Doi.","{""c"":""Der Mann, den ich besuchte, war Herr Doi.""}","Der Mann, den ich besuchte, war Herr Doi.",False,1,0,True,True,False,True,,True,,True,"{""reason"":""detector_match"",""detected"":""de"",""confidence"":1.0}",True,[],[],True,,"{""errors"":[]}",True,[],True,1,0,True,True,False,100,100,17,17,1475,886.74,1316,8,1324,1337.19
81848e66039518001535,1015,nova-pro,arn:aws:bedrock:us-west-2:686465264859:prompt/7ZJL56AKIU,tatoeba,es,de,¿Alimentaste al perro esta mañana?,Hast du den Hund heute Morgen gefüttert?,"{""c"":""Hast du den Hund heute Morgen gefüttert?""}",Hast du den Hund heute Morgen gefüttert?,False,1,0,True,True,False,True,,True,,True,"{""reason"":""detector_match"",""detected"":""de"",""confidence"":1.0}",True,[],[],True,,"{""errors"":[]}",True,[],True,1,0,True,True,False,100,100,14,16,1472,764.94,1320,8,1328,1165.73
5f887147833fd0c91e10,1016,nova-pro,arn:aws:bedrock:us-west-2:686465264859:prompt/7ZJL56AKIU,tatoeba,es,de,Mi pasatiempo es tocar la guitarra.,Mein Hobby ist Gitarre spielen.,"{""c"":""Mein Hobby ist das Gitarrespielen.""}",Mein Hobby ist das Gitarrespielen.,False,1,0,True,True,False,True,,True,,True,"{""reason"":""detector_match"",""detected"":""de"",""confidence"":1.0}",True,[],[],True,,"{""errors"":[]}",True,[],True,1,0,True,True,False,100,100,14,13,1469,860.79,1308,8,1316,1301.79
3fb00469a7ff120f5a34,1017,nova-pro,arn:aws:bedrock:us-west-2:686465264859:prompt/7ZJL56AKIU,tatoeba,es,de,"Por favor, cambia la bandera.",Ändere bitte die Flagge.,"{""c"":""Bitte wechsle die Flagge.""}",Bitte wechsle die Flagge.,False,1,0,True,True,False,True,,True,,True,"{""reason"":""detector_match"",""detected"":""de"",""confidence"":1.0}",True,[],[],True,,"{""errors"":[]}",True,[],True,1,0,True,True,False,100,100,14,15,1469,829.09,1303,8,1311,1596.62
4d373f63c494d5b4225f,1018,nova-pro,arn:aws:bedrock:us-west-2:686465264859:prompt/7ZJL56AKIU,tatoeba,es,de,Aquí no conozco a nadie.,Ich kenne hier niemanden.,"{""c"":""Hier kenne ich niemanden.""}",Hier kenne ich niemanden.,False,1,0,True,True,False,True,,True,,True,"{""reason"":""detector_match"",""detected"":""de"",""confidence"":0.8571}",True,[],[],True,,"{""errors"":[]}",True,[],True,1,0,True,True,False,100,100,12,12,1467,608.87,1298,8,1306,1179.93
78ff399822afad83ae9f,1019,nova-pro,arn:aws:bedrock:us-west-2:686465264859:prompt/7ZJL56AKIU,tatoeba,es,de,Ella se ruborizó de vergüenza.,Sie wurde rot vor Scham.,"{""c"":""Sie err\u00f6tete vor Scham.""}",Sie errötete vor Scham.,False,1,0,True,True,False,True,,True,,True,"{""reason"":""detector_match"",""detected"":""de"",""confidence"":1.0}",True,[],[],True,,"{""errors"":[]}",True,[],True,1,0,True,True,False,100,100,12,17,1472,807.1,1299,8,1307,1374.81
f0a8c030c430c110df9d,1020,nova-pro,arn:aws:bedrock:us-west-2:686465264859:prompt/7ZJL56AKIU,tatoeba,es,en,Quiero ser tan feliz como Tom.,I want to be as happy as Tom.,"{""c"":""I want to be as happy as Tom.""}",I want to be as happy as Tom.,False,1,0,True,True,False,True,,True,,True,"{""reason"":""detector_match"",""detected"":""en"",""confidence"":1.0}",True,[],[],True,,"{""errors"":[]}",True,[],True,1,0,True,True,False,100,100,14,14,1468,709.4,1299,8,1307,3098.59
f62487d1878972eea2c5,1021,nova-pro,arn:aws:bedrock:us-west-2:686465264859:prompt/7ZJL56AKIU,tatoeba,es,en,Va a comenzar el año nuevo.,The new year will begin.,"{""c"":""The new year is going to start.""}",The new year is going to start.,False,1,0,True,True,False,True,,True,,True,"{""reason"":""detector_match"",""detected"":""en"",""confidence"":1.0}",True,[],[],True,,"{""errors"":[]}",True,[],True,1,0,True,True,False,100,100,14,13,1467,672.3,1293,8,1301,1312.31
9ced2e7cbce2b55235e3,1022,nova-pro,arn:aws:bedrock:us-west-2:686465264859:prompt/7ZJL56AKIU,tatoeba,es,en,¿Cómo estás haciendo eso con tu mano?,How are you doing that with your hand?,"{""c"":""How are you doing that with your hand?""}",How are you doing that with your hand?,False,1,0,True,True,False,True,,True,,True,"{""reason"":""detector_match"",""detected"":""en"",""confidence"":1.0}",True,[],[],True,,"{""errors"":[]}",True,[],True,1,0,True,True,False,100,100,17,14,1470,747.45,1308,8,1316,1168.39
9ecb906d6ac1ed900bcc,1023,nova-pro,arn:aws:bedrock:us-west-2:686465264859:prompt/7ZJL56AKIU,tatoeba,es,en,No me sorprende oír eso.,I'm not surprised to hear that.,"{""c"":""I'm not surprised to hear that.""}",I'm not surprised to hear that.,False,1,0,True,True,False,True,,True,,True,"{""reason"":""detector_match"",""detected"":""en"",""confidence"":1.0}",True,[],[],True,,"{""errors"":[]}",True,[],True,1,0,True,True,False,100,100,12,14,1468,631.95,1297,8,1305,1150.82
c36d181c641c710f9a3f,1024,nova-pro,arn:aws:bedrock:us-west-2:686465264859:prompt/7ZJL56AKIU,tatoeba,es,en,Tom puso la sartén sobre la estufa.,Tom put the frying pan on the stove.,"{""c"":""Tom put the pan on the stove.""}",Tom put the pan on the stove.,False,1,0,True,True,False,True,,True,,True,"{""reason"":""detector_match"",""detected"":""en"",""confidence"":1.0}",True,[],[],True,,"{""errors"":[]}",True,[],True,1,0,True,True,False,100,100,16,13,1471,668.23,1304,8,1312,1232.17
119b04eec42137ea326c,1025,nova-pro,arn:aws:bedrock:us-west-2:686465264859:prompt/7ZJL56AKIU,tatoeba,es,en,Buscan el significado de la palabra en el diccionario.,They are looking up the meaning of the word in the dictionary.,"{""c"":""They are looking for the meaning of the word in the dictionary.""}",They are looking for the meaning of the word in the dictionary.,False,1,0,True,True,False,True,,True,,True,"{""reason"":""detector_match"",""detected"":""en"",""confidence"":1.0}",True,[],[],True,,"{""errors"":[]}",True,[],True,1,0,True,True,False,100,100,19,18,1476,887.9,1312,8,1320,1202.1
39ebd9f9390cb3ba7463,1026,nova-pro,arn:aws:bedrock:us-west-2:686465264859:prompt/7ZJL56AKIU,tatoeba,es,en,¿Nunca estarás contento?,Are you never content?,"{""c"":""Will you never be happy?""}",Will you never be happy?,False,1,0,True,True,False,True,,True,,True,"{""reason"":""detector_match"",""detected"":""en"",""confidence"":1.0}",True,[],[],True,,"{""errors"":[]}",True,[],True,1,0,True,True,False,100,100,11,11,1467,702.38,1295,8,1303,1151.31
9b911237b3930ad8ea2e,1027,nova-pro,arn:aws:bedrock:us-west-2:686465264859:prompt/7ZJL56AKIU,tatoeba,es,en,¿Quieres vodka?,Do you want some vodka?,"{""c"":""Do you want vodka?""}",Do you want vodka?,False,1,0,True,True,False,True,,True,,,"{""reason"":""detector_mismatch_uncertain"",""detected"":""sw"",""confidence"":1.0}",True,[],[],True,,"{""errors"":[]}",True,[],True,1,0,True,True,False,100,100,9,10,1461,703.95,1295,8,1303,1120.35
7587c89bd0c23df9fa05,1028,nova-pro,arn:aws:bedrock:us-west-2:686465264859:prompt/7ZJL56AKIU,tatoeba,es,en,"En el alfabeto, la ""A"" viene antes que la ""B"".",'A' comes before 'B' in the alphabet.,"{""c"":""In the alphabet, \""A\"" comes before \""B\"".""}


","In the alphabet, ""A"" comes before ""B"".",False,1,0,True,True,False,True,,True,,True,"{""reason"":""detector_match"",""detected"":""en"",""confidence"":1.0}",True,[],[],True,,"{""errors"":[]}",True,[],True,1,0,True,True,False,100,100,26,19,1483,738.66,1313,8,1321,1194.97
aa67ab2af2c2fc4daba9,1029,nova-pro,arn:aws:bedrock:us-west-2:686465264859:prompt/7ZJL56AKIU,tatoeba,es,en,Dispones de una hora para terminar esto.,You have one hour to get this done.,"{""c"":""You have one hour to finish this.""}


",You have one hour to finish this.,False,1,0,True,True,False,True,,True,,True,"{""reason"":""detector_match"",""detected"":""en"",""confidence"":1.0}",True,[],[],True,,"{""errors"":[]}",True,[],True,1,0,True,True,False,100,100,16,14,1471,712.97,1299,8,1307,1188.72
9b92d236bfdc31ed47d0,1030,nova-pro,arn:aws:bedrock:us-west-2:686465264859:prompt/7ZJL56AKIU,tatoeba,es,fr,Prometiste no volver a hacerlo.,Tu avais promis de ne pas recommencer.,"{""c"":""Tu as promis de ne plus recommencer.""}


",Tu as promis de ne plus recommencer.,False,1,0,True,True,False,True,,True,,True,"{""reason"":""detector_match"",""detected"":""fr"",""confidence"":1.0}",True,[],[],True,,"{""errors"":[{""category"":""fluency"",""severity"":""minor""}]}",True,"[{""category"":""fluency"",""severity"":""minor""}]",True,1,0,True,True,False,97,97,12,18,1473,785.81,1303,18,1321,1182.47
8002dc4d43f05195d2bf,1031,nova-pro,arn:aws:bedrock:us-west-2:686465264859:prompt/7ZJL56AKIU,tatoeba,es,fr,¿Cómo se escribe vuestro apellido?,Comment votre nom de famille s'écrit-il ?,"{""c"":""Comment \u00e9crivez-vous votre nom de famille?""}",Comment écrivez-vous votre nom de famille?,False,1,0,True,True,False,True,,True,,True,"{""reason"":""detector_match"",""detected"":""fr"",""confidence"":1.0}",True,[],[],True,,"{""errors"":[]}",True,[],True,1,0,True,True,False,100,100,14,21,1477,797.78,1314,8,1322,1161.21
ed0fb553a14da9551b58,1032,nova-pro,arn:aws:bedrock:us-west-2:686465264859:prompt/7ZJL56AKIU,tatoeba,es,fr,Él tiene un hermano y dos hermanas.,Il a un frère et deux sœurs.,"{""c"":""Il a un fr\u00e8re et deux s\u0153urs.""}",Il a un frère et deux sœurs.,False,1,0,True,True,False,True,,True,,True,"{""reason"":""detector_match"",""detected"":""fr"",""confidence"":1.0}",True,[],[],True,,"{""errors"":[]}",True,[],True,1,0,True,True,False,100,100,16,28,1484,996.2,1304,8,1312,1266.49
407ded6b89a0f6165fb7,1033,nova-pro,arn:aws:bedrock:us-west-2:686465264859:prompt/7ZJL56AKIU,tatoeba,es,fr,Necesitamos una forma de trabajar completamente diferente.,Il nous faut une méthode de travail complètement différente.,"{""c"":""Nous avons besoin d'une fa\u00e7on de travailler compl\u00e8tement diff\u00e9rente.""}",Nous avons besoin d'une façon de travailler complètement différente.,False,1,0,True,True,False,True,,True,,True,"{""reason"":""detector_match"",""detected"":""fr"",""confidence"":1.0}",True,[],[],True,,"{""errors"":[]}",True,[],True,1,0,True,True,False,100,100,16,42,1499,1056.35,1323,8,1331,1349.83
ba5d451e1da5c1f70601,1034,nova-pro,arn:aws:bedrock:us-west-2:686465264859:prompt/7ZJL56AKIU,tatoeba,es,fr,"Esperé durante una hora, pero él no apareció.","J'ai attendu pendant une heure, mais il n'est pas apparu.","{""c"":""J'ai attendu pendant une heure, mais il n'est pas apparu.""}","J'ai attendu pendant une heure, mais il n'est pas apparu.",False,1,0,True,True,False,True,,True,,True,"{""reason"":""detector_match"",""detected"":""fr"",""confidence"":1.0}",True,[],[],True,,"{""errors"":[]}",True,[],True,1,0,True,True,False,100,100,19,24,1482,884.04,1322,8,1330,1191.66
b656bae13ae6c4145105,1035,nova-pro,arn:aws:bedrock:us-west-2:686465264859:prompt/7ZJL56AKIU,tatoeba,es,fr,¿Qué clase de deportes practicas?,Quelle sorte de sports pratiques-tu ?,"{""c"":""Quel genre de sports pratiques-tu?""}",Quel genre de sports pratiques-tu?,False,1,0,True,True,False,True,,True,,True,"{""reason"":""detector_match"",""detected"":""fr"",""confidence"":1.0}",True,[],[],True,,"{""errors"":[]}",True,[],True,1,0,True,True,False,100,100,14,15,1471,819.23,1309,8,1317,1197.89
f1bc2900e4c1cba4ba3c,1036,nova-pro,arn:aws:bedrock:us-west-2:686465264859:prompt/7ZJL56AKIU,tatoeba,es,fr,Nunca le doy de comer carne cruda a mi perro.,Je ne donne jamais de viande crue à manger à mon chien.,"{""c"":""Je ne donne jamais de viande crue \u00e0 mon chien.""}",Je ne donne jamais de viande crue à mon chien.,False,1,0,True,True,False,True,,True,,True,"{""reason"":""detector_match"",""detected"":""fr"",""confidence"":1.0}",True,[],[],True,,"{""errors"":[]}",True,[],True,1,0,True,True,False,100,100,20,23,1483,1241.67,1324,8,1332,1195.94
e54a610bd2ff44ee7c85,1037,nova-pro,arn:aws:bedrock:us-west-2:686465264859:prompt/7ZJL56AKIU,tatoeba,es,fr,¡No me contradigas! Sé lo que es mejor para tí.,Ne me contredis pas ! Je sais ce qui est le mieux pour toi.,"{""c"":""Ne me contredis pas! Je sais ce qui est le mieux pour toi.""}",Ne me contredis pas! Je sais ce qui est le mieux pour toi.,False,1,0,True,True,False,True,,True,,True,"{""reason"":""detector_match"",""detected"":""fr"",""confidence"":1.0}",True,[],[],True,,"{""errors"":[{""category"":""fluency"",""severity"":""minor""}]}",True,"[{""category"":""fluency"",""severity"":""minor""}]",True,1,0,True,True,False,97,97,23,23,1486,1053.73,1330,18,1348,1328.36
cc8ec74cd87488d331f6,1038,nova-pro,arn:aws:bedrock:us-west-2:686465264859:prompt/7ZJL56AKIU,tatoeba,es,fr,Quítese la chaqueta si tiene calor.,Enlevez votre veste si vous avez chaud.,"{""c"":""Enlevez votre veste si vous avez chaud.""}",Enlevez votre veste si vous avez chaud.,False,1,0,True,True,False,True,,True,,,"{""reason"":""detector_inconclusive"",""detected"":""sk"",""confidence"":0.5714}",True,[],[],True,,"{""errors"":[]}",True,[],True,1,0,True,True,False,100,100,14,16,1473,873.8,1314,8,1322,1219.84
b437f7edc9e92bebc014,1039,nova-pro,arn:aws:bedrock:us-west-2:686465264859:prompt/7ZJL56AKIU,tatoeba,es,fr,Tom se preocupa demasiado.,Tom s'inquiète de trop.,"{""c"":""Tom s'inqui\u00e8te trop.""}",Tom s'inquiète trop.,False,1,0,True,True,False,True,,True,,True,"{""reason"":""detector_match"",""detected"":""fr"",""confidence"":1.0}",True,[],[],True,,"{""errors"":[]}",True,[],True,1,0,True,True,False,100,100,11,20,1472,906.82,1300,8,1308,1238.39
701c9bb13a3b5915021b,1040,nova-pro,arn:aws:bedrock:us-west-2:686465264859:prompt/7ZJL56AKIU,tatoeba,es,it,Vení conmigo a la oficina así te explico.,Vieni da me in ufficio così ti spiego.,"{""c"":""Vieni con me in ufficio cos\u00ec ti spiego.""}",Vieni con me in ufficio così ti spiego.,False,1,0,True,True,False,True,,True,,True,"{""reason"":""detector_match"",""detected"":""it"",""confidence"":1.0}",True,[],[],True,,"{""errors"":[]}",True,[],True,1,0,True,True,False,100,100,17,22,1480,844.96,1314,8,1322,1126.25
b6568a466c345e7b1a13,1041,nova-pro,arn:aws:bedrock:us-west-2:686465264859:prompt/7ZJL56AKIU,tatoeba,es,it,Mi hermana toca el piano cada día.,Mia sorella suona il piano ogni giorno.,"{""c"":""Mia sorella suona il piano ogni giorno.""}",Mia sorella suona il piano ogni giorno.,False,1,0,True,True,False,True,,True,,True,"{""reason"":""detector_match"",""detected"":""it"",""confidence"":1.0}",True,[],[],True,,"{""errors"":[]}",True,[],True,1,0,True,True,False,100,100,16,16,1472,718.5,1307,8,1315,1762.53
9593ea1ed0fa9d72d9de,1042,nova-pro,arn:aws:bedrock:us-west-2:686465264859:prompt/7ZJL56AKIU,tatoeba,es,it,Creo que deberíamos ir allí.,Credo che dovremmo andarci.,"{""c"":""Penso che dovremmo andare l\u00e0.""}


",Penso che dovremmo andare là.,False,1,0,True,True,False,True,,True,,True,"{""reason"":""detector_match"",""detected"":""it"",""confidence"":0.8571}",True,[],[],True,,"{""errors"":[]}",True,[],True,1,0,True,True,False,100,100,12,23,1477,838.06,1305,8,1313,1229.32
dee53bcbb2164fbc5eee,1043,nova-pro,arn:aws:bedrock:us-west-2:686465264859:prompt/7ZJL56AKIU,tatoeba,es,it,Los peces son animales de sangre fría.,I pesci sono animali a sangue freddo.,"{""c"":""I pesci sono animali a sangue freddo.""}",I pesci sono animali a sangue freddo.,False,1,0,True,True,False,True,,True,,True,"{""reason"":""detector_match"",""detected"":""it"",""confidence"":1.0}",True,[],[],True,,"{""errors"":[]}",True,[],True,1,0,True,True,False,100,100,16,15,1470,648.72,1307,8,1315,1321.14
27f67bdad75d674cb4e2,1044,nova-pro,arn:aws:bedrock:us-west-2:686465264859:prompt/7ZJL56AKIU,tatoeba,es,it,¿Cuál es tu trago favorito para un día frío?,Qual è la tua bevanda preferita in un giorno freddo?,"{""c"":""Qual \u00e8 il tuo drink preferito per una giornata fredda?""}",Qual è il tuo drink preferito per una giornata fredda?,False,1,0,True,True,False,True,,True,,True,"{""reason"":""detector_match"",""detected"":""it"",""confidence"":1.0}",True,[],[],True,,"{""errors"":[]}",True,[],True,1,0,True,True,False,100,100,20,23,1482,819.2,1324,8,1332,1230.73
c19b1ee6746c0d72fc12,1045,nova-pro,arn:aws:bedrock:us-west-2:686465264859:prompt/7ZJL56AKIU,tatoeba,es,it,El gato parece muy feliz.,Il gatto sembra estremamente felice.,"{""c"":""Il gatto sembra molto felice.""}",Il gatto sembra molto felice.,False,1,0,True,True,False,True,,True,,True,"{""reason"":""detector_match"",""detected"":""it"",""confidence"":1.0}",True,[],[],True,,"{""errors"":[]}",True,[],True,1,0,True,True,False,100,100,12,13,1466,721.84,1300,8,1308,1176.47
74946e1827f69a1da62e,1046,nova-pro,arn:aws:bedrock:us-west-2:686465264859:prompt/7ZJL56AKIU,tatoeba,es,it,"Cuando estaba por salir de casa, recibí una llamada de ella.","Quando stavo per uscire di casa, ho ricevuto una chiamata da lei.","{""c"":""Quando stavo per uscire di casa, ho ricevuto una sua chiamata.""}","Quando stavo per uscire di casa, ho ricevuto una sua chiamata.",False,1,0,True,True,False,True,,True,,True,"{""reason"":""detector_match"",""detected"":""it"",""confidence"":1.0}",True,[],[],True,,"{""errors"":[]}",True,[],True,1,0,True,True,False,100,100,23,20,1482,900.71,1331,8,1339,1162.98
3158503c4f3b40ea7a12,1047,nova-pro,arn:aws:bedrock:us-west-2:686465264859:prompt/7ZJL56AKIU,tatoeba,es,it,No sabemos si él vendrá o no.,Non sappiamo se verrà o no.,"{""c"":""Non sappiamo se lui verr\u00e0 o no.""}",Non sappiamo se lui verrà o no.,False,1,0,True,True,False,True,,True,,True,"{""reason"":""detector_match"",""detected"":""it"",""confidence"":1.0}",True,[],[],True,,"{""errors"":[]}",True,[],True,1,0,True,True,False,100,100,16,23,1479,929.85,1305,8,1313,1198.62
a0bcf188917b3e2e4a1b,1048,nova-pro,arn:aws:bedrock:us-west-2:686465264859:prompt/7ZJL56AKIU,tatoeba,es,it,No soy racista.,Io non sono razzista.,"{""c"":""Non sono razzista.""}",Non sono razzista.,False,1,0,True,True,False,True,,True,,True,"{""reason"":""detector_match"",""detected"":""it"",""confidence"":1.0}",True,[],[],True,,"{""errors"":[]}",True,[],True,1,0,True,True,False,100,100,9,11,1463,817.38,1291,8,1299,1313.8
36f9dfbb291d1435688d,1049,nova-pro,arn:aws:bedrock:us-west-2:686465264859:prompt/7ZJL56AKIU,tatoeba,es,it,Tendrás que aprender mucho.,Dovrai imparare molto.,"{""c"":""Dovrete imparare molto.""}",Dovrete imparare molto.,False,1,0,True,True,False,True,,True,,True,"{""reason"":""detector_match"",""detected"":""it"",""confidence"":1.0}",True,[],[],True,,"{""errors"":[{""category"":""accuracy"",""severity"":""major""}]}",False,"[{""category"":""accuracy"",""severity"":""major""}]",True,1,0,True,True,False,85,85,11,12,1465,993.05,1297,17,1314,1230.47
207544904f9dfde4fe5b,1050,nova-pro,arn:aws:bedrock:us-west-2:686465264859:prompt/7ZJL56AKIU,tatoeba,es,jp,Voy a exponer dos piezas en la galería de ella.,彼女のギャラリーに２点ほど出展するのよ。,"{""c"":""彼女のギャラリーで2点の作品を展示するつもりです。""}",彼女のギャラリーで2点の作品を展示するつもりです。,False,1,0,True,True,False,True,,True,,True,"{""reason"":""target_script_present"",""detected"":""ja"",""confidence"":1.0}",True,[],"[{""code"":""number_not_exact"",""expected"":{},""actual"":{""2"":1}}]",True,,"{""errors"":[]}",True,[],True,1,0,True,True,False,97,97,20,21,1481,803.9,1336,8,1344,1119.25
4c63f648c91776885345,1051,nova-pro,arn:aws:bedrock:us-west-2:686465264859:prompt/7ZJL56AKIU,tatoeba,es,jp,No os excuséis.,謝らないで。,"{""c"":""謝らないでください。""}",謝らないでください。,False,1,0,True,True,False,True,,True,,True,"{""reason"":""target_script_present"",""detected"":""ja"",""confidence"":1.0}",True,[],[],True,,"{""errors"":[{""category"":""tone"",""severity"":""minor""}]}",True,"[{""category"":""tone"",""severity"":""minor""}]",True,1,0,True,True,False,97,97,9,10,1464,666.19,1293,17,1310,1220.73
1205b9badd9a673b8dfe,1052,nova-pro,arn:aws:bedrock:us-west-2:686465264859:prompt/7ZJL56AKIU,tatoeba,es,jp,Mi hermana mayor no me deja en paz.,姉ちゃんが僕のこと放っとかないんだよ。,"{""c"":""私の姉は私を安らかにさせてくれない。""}",私の姉は私を安らかにさせてくれない。,False,1,0,True,True,False,True,,True,,True,"{""reason"":""target_script_present"",""detected"":""ja"",""confidence"":1.0}",True,[],[],True,,"{""errors"":[{""category"":""tone"",""severity"":""major""},{""category"":""accuracy"",""severity"":""minor""}]}",False,"[{""category"":""tone"",""severity"":""major""},{""category"":""accuracy"",""severity"":""minor""}]",True,1,0,True,True,False,82,82,17,17,1474,875.51,1325,26,1351,1465.82
a3ff4c9c0c3f3536bc78,1053,nova-pro,arn:aws:bedrock:us-west-2:686465264859:prompt/7ZJL56AKIU,tatoeba,es,jp,Justo acaba de empezar a nevar ahora.,ちょうど今雪が降り始めた。,"{""c"":""ちょうど今雪が降り始めました。""}",ちょうど今雪が降り始めました。,False,1,0,True,True,False,True,,True,,True,"{""reason"":""target_script_present"",""detected"":""ja"",""confidence"":1.0}",True,[],[],True,,"{""errors"":[{""category"":""tone"",""severity"":""minor""}]}",True,"[{""category"":""tone"",""severity"":""minor""}]",True,1,0,True,True,False,97,97,16,16,1474,992.31,1318,17,1335,1199.1
fd9920a82075a6eb205c,1054,nova-pro,arn:aws:bedrock:us-west-2:686465264859:prompt/7ZJL56AKIU,tatoeba,es,jp,Hay suficiente base para creer que él es sincero.,彼が正直だと信じる根拠は十分ある。,"{""c"":""彼が誠実であると信じる十分な根拠がある。""}",彼が誠実であると信じる十分な根拠がある。,False,1,0,True,True,False,True,,True,,True,"{""reason"":""target_script_present"",""detected"":""ja"",""confidence"":1.0}",True,[],[],True,,"{""errors"":[]}",True,[],True,1,0,True,True,False,100,100,19,20,1479,880.18,1327,8,1335,1242.64
6ceb0d40b25dc3fc4944,1055,nova-pro,arn:aws:bedrock:us-west-2:686465264859:prompt/7ZJL56AKIU,tatoeba,es,jp,Es absolutamente imposible.,そんなことは絶対に不可能です。,"{""c"":""それは絶対に不可能です。""}",それは絶対に不可能です。,False,1,0,True,True,False,True,,True,,True,"{""reason"":""target_script_present"",""detected"":""ja"",""confidence"":1.0}",True,[],[],True,,"{""errors"":[]}",True,[],True,1,0,True,True,False,100,100,9,12,1464,876.86,1304,8,1312,1246.67
3e6e83c7d08682a1771a,1056,nova-pro,arn:aws:bedrock:us-west-2:686465264859:prompt/7ZJL56AKIU,tatoeba,es,jp,Él no va a estar en casa a la hora de almuerzo.,彼は昼食時に家にいないでしょう。,"{""c"":""彼は昼食時には家にいないでしょう。""}",彼は昼食時には家にいないでしょう。,False,1,0,True,True,False,True,,True,,True,"{""reason"":""target_script_present"",""detected"":""ja"",""confidence"":1.0}",True,[],[],True,,"{""errors"":[]}",True,[],True,1,0,True,True,False,100,100,23,16,1480,815.14,1323,8,1331,1246.58
ef63a8aafbed47a9178e,1057,nova-pro,arn:aws:bedrock:us-west-2:686465264859:prompt/7ZJL56AKIU,tatoeba,es,jp,Hacía mucho frío ayer por la mañana.,昨日の朝はとても寒かった。,"{""c"":""昨日の朝はとても寒かったです。""}",昨日の朝はとても寒かったです。,False,1,0,True,True,False,True,,True,,True,"{""reason"":""target_script_present"",""detected"":""ja"",""confidence"":1.0}",True,[],[],True,,"{""errors"":[]}",True,[],True,1,0,True,True,False,100,100,16,13,1470,809.22,1317,8,1325,1372.45
2343d1ba95718854c0b7,1058,nova-pro,arn:aws:bedrock:us-west-2:686465264859:prompt/7ZJL56AKIU,tatoeba,es,jp,La lectura es útil para incrementar el vocabulario.,読書は語彙を増やすのに役に立つ。,"{""c"":""読書は語彙を増やすのに役立ちます。""}",読書は語彙を増やすのに役立ちます。,False,1,0,True,True,False,True,,True,,True,"{""reason"":""target_script_present"",""detected"":""ja"",""confidence"":1.0}",True,[],[],True,,"{""errors"":[]}",True,[],True,1,0,True,True,False,100,100,17,18,1478,776.61,1322,8,1330,1216.05
ede2788f0fd6e209d525,1059,nova-pro,arn:aws:bedrock:us-west-2:686465264859:prompt/7ZJL56AKIU,tatoeba,es,jp,Este es mi escritorio.,これは私の机です。,"{""c"":""これが私のデスクトップです。""}",これが私のデスクトップです。,False,1,0,True,True,False,True,,True,,True,"{""reason"":""target_script_present"",""detected"":""ja"",""confidence"":1.0}",True,[],[],True,,"{""errors"":[{""category"":""terminology"",""severity"":""minor""}]}",True,"[{""category"":""terminology"",""severity"":""minor""}]",True,1,0,True,True,False,97,97,11,12,1465,641.57,1297,17,1314,1386.17
fce24259307a92a916c2,1060,nova-pro,arn:aws:bedrock:us-west-2:686465264859:prompt/7ZJL56AKIU,tatoeba,es,nl,El problema más grande es cuándo comenzar.,Wanneer te beginnen is het grootste probleem.,"{""c"":""Het grootste probleem is wanneer te beginnen.""}",Het grootste probleem is wanneer te beginnen.,False,1,0,True,True,False,True,,True,,True,"{""reason"":""detector_match"",""detected"":""nl"",""confidence"":0.8568}",True,[],[],True,,"{""errors"":[]}",True,[],True,1,0,True,True,False,100,100,16,19,1475,977.26,1305,8,1313,1215.34
0fbcca44b9bed6c42a2c,1061,nova-pro,arn:aws:bedrock:us-west-2:686465264859:prompt/7ZJL56AKIU,tatoeba,es,nl,Yo crecí en Boston.,Ik groeide op in Boston.,"{""c"":""Ik ben opgegroeid in Boston.""}",Ik ben opgegroeid in Boston.,False,2,1,True,False,True,True,,True,,,"{""reason"":""detector_mismatch_uncertain"",""detected"":""af"",""confidence"":1.0}",True,[],[],True,,"{""errors"":[]}",True,[],True,1,0,True,True,False,100,100,22,118,3026,2512.66,1300,8,1308,1195.14
124c9e478b2c72c4f3b2,1062,nova-pro,arn:aws:bedrock:us-west-2:686465264859:prompt/7ZJL56AKIU,tatoeba,es,nl,Tengo una familia numerosa.,Ik heb een grote familie.,"{""c"":""Ik heb een groot gezin.""}",Ik heb een groot gezin.,False,1,0,True,True,False,True,,True,,True,"{""reason"":""detector_match"",""detected"":""nl"",""confidence"":1.0}",True,[],[],True,,"{""errors"":[]}",True,[],True,1,0,True,True,False,100,100,11,15,1469,816.39,1298,8,1306,1167.99
a176103ccd912dd3b879,1063,nova-pro,arn:aws:bedrock:us-west-2:686465264859:prompt/7ZJL56AKIU,tatoeba,es,nl,Es capaz de enseñar francés.,Hij kan Frans onderwijzen.,"{""c"":""Hij kan Frans onderwijzen.""}",Hij kan Frans onderwijzen.,False,1,0,True,True,False,True,,True,,True,"{""reason"":""detector_match"",""detected"":""nl"",""confidence"":1.0}",True,[],[],True,,"{""errors"":[]}",True,[],True,1,0,True,True,False,100,100,12,14,1468,813.39,1296,8,1304,1294.23
901d19e8aa8d50fe51fe,1064,nova-pro,arn:aws:bedrock:us-west-2:686465264859:prompt/7ZJL56AKIU,tatoeba,es,nl,¿Por qué no te quitas el abrigo?,Waarom doe je je jas niet uit?,"{""c"":""Waarom doe je je jas niet uit?""}",Waarom doe je je jas niet uit?,False,1,0,True,True,False,True,,True,,,"{""reason"":""detector_inconclusive"",""detected"":""hr"",""confidence"":0.8571}",True,[],[],True,,"{""errors"":[]}",True,[],True,1,0,True,True,False,100,100,17,17,1476,970.94,1309,8,1317,1107.92
b864e7195b6047dc0325,1065,nova-pro,arn:aws:bedrock:us-west-2:686465264859:prompt/7ZJL56AKIU,tatoeba,es,nl,Creen que Jane es sincera.,Ze geloven dat Jane eerlijk is.,"{""c"":""Ze denken dat Jane oprecht is.""}",Ze denken dat Jane oprecht is.,False,1,0,True,True,False,True,,True,,True,"{""reason"":""detector_match"",""detected"":""nl"",""confidence"":1.0}",True,[],[],True,,"{""errors"":[]}",True,[],True,1,0,True,True,False,100,100,12,13,1469,976.79,1298,8,1306,1381.7
d1c47eea88620bdfcb3c,1066,nova-pro,arn:aws:bedrock:us-west-2:686465264859:prompt/7ZJL56AKIU,tatoeba,es,nl,"A mi hermana le gustan los melones, y a mí también.",Mijn zus houdt van meloenen en ik ook.,"{""c"":""Mijn zus houdt van meloenen, en ik ook.""}","Mijn zus houdt van meloenen, en ik ook.",False,1,0,True,True,False,True,,True,,True,"{""reason"":""detector_match"",""detected"":""nl"",""confidence"":1.0}",True,[],[],True,,"{""errors"":[]}",True,[],True,1,0,True,True,False,100,100,23,24,1486,812.5,1321,8,1329,1226.93
e3bee097daf728183ab1,1067,nova-pro,arn:aws:bedrock:us-west-2:686465264859:prompt/7ZJL56AKIU,tatoeba,es,nl,Se tomó una semana libre.,Hij heeft een week vrij genomen.,"{""c"":""Hij nam een week vrij.""}",Hij nam een week vrij.,False,1,0,True,True,False,True,,True,,True,"{""reason"":""detector_match"",""detected"":""nl"",""confidence"":1.0}",True,[],[],True,,"{""errors"":[]}",True,[],True,1,0,True,True,False,100,100,12,14,1468,911.01,1295,8,1303,1191.41
52859bf4d39a3ee0afff,1068,nova-pro,arn:aws:bedrock:us-west-2:686465264859:prompt/7ZJL56AKIU,tatoeba,es,nl,Su único deseo era volver a ver a su hijo por última vez.,Haar enige wens was haar enige zoon een laatste keer terug te zien.,"{""c"":""Zijn enige wens was om zijn zoon nog een laatste keer te zien.""}",Zijn enige wens was om zijn zoon nog een laatste keer te zien.,False,1,0,True,True,False,True,,True,,True,"{""reason"":""detector_match"",""detected"":""nl"",""confidence"":1.0}",True,[],[],True,,"{""errors"":[{""category"":""accuracy"",""severity"":""major""}]}",False,"[{""category"":""accuracy"",""severity"":""major""}]",True,1,0,True,True,False,85,85,25,28,1490,886.77,1327,17,1344,2506.95
491db90f6abb2771982b,1069,nova-pro,arn:aws:bedrock:us-west-2:686465264859:prompt/7ZJL56AKIU,tatoeba,es,nl,Hay mucho que hacer.,Er blijft nog veel te doen.,"{""c"":""Er is veel te doen.""}",Er is veel te doen.,False,1,0,True,True,False,True,,True,,True,"{""reason"":""detector_match"",""detected"":""nl"",""confidence"":1.0}",True,[],[],True,,"{""errors"":[]}",True,[],True,1,0,True,True,False,100,100,11,14,1467,658.08,1294,8,1302,1262.22
8e10bb0eff6c98acd9ec,1070,nova-pro,arn:aws:bedrock:us-west-2:686465264859:prompt/7ZJL56AKIU,tatoeba,es,nb,¿Tu pieza tiene dos ventanas?,Har rommet ditt to vinduer?,"{""c"":""Har rommet ditt to vinduer?""}",Har rommet ditt to vinduer?,False,1,0,True,True,False,True,,True,,True,"{""reason"":""detector_match"",""detected"":""no"",""confidence"":1.0}",True,[],[],True,,"{""errors"":[]}",True,[],True,1,0,True,True,False,100,100,14,15,1471,874.0,1303,8,1311,1163.68
2f1c5b13b5d915cb25ed,1071,nova-pro,arn:aws:bedrock:us-west-2:686465264859:prompt/7ZJL56AKIU,tatoeba,es,nb,Interlingua es una herramienta moderna para la comunicación internacional.,Interlingua er et moderne redskap for internasjonal kommunikasjon.,"{""c"":""Interlingua er et moderne verkt\u00f8y for internasjonal kommunikasjon.""}",Interlingua er et moderne verktøy for internasjonal kommunikasjon.,False,1,0,True,True,False,True,,True,,True,"{""reason"":""detector_match"",""detected"":""no"",""confidence"":1.0}",True,[],[],True,,"{""errors"":[]}",True,[],True,1,0,True,True,False,100,100,19,28,1488,950.3,1328,8,1336,1152.62
527ec66a6e1b3acb6a65,1072,nova-pro,arn:aws:bedrock:us-west-2:686465264859:prompt/7ZJL56AKIU,tatoeba,es,nb,Escribir una carta de amor en inglés no es fácil.,Det er ikke lett å skrive et kjærlighetsbrev på engelsk.,"{""c"":""\u00c5 skrive et kj\u00e6rlighetsbrev p\u00e5 engelsk er ikke lett. -> nb""}",Å skrive et kjærlighetsbrev på engelsk er ikke lett. -> nb,False,1,0,True,True,False,True,,True,,True,"{""reason"":""detector_match"",""detected"":""no"",""confidence"":1.0}",True,[],[],True,,"{""errors"":[{""category"":""preservation"",""severity"":""critical""}]}",False,"[{""category"":""preservation"",""severity"":""critical""}]",True,1,0,True,True,False,60,60,20,46,1507,994.6,1324,17,1341,1299.65
091bcd8109f0464dbc5a,1073,nova-pro,arn:aws:bedrock:us-west-2:686465264859:prompt/7ZJL56AKIU,tatoeba,es,nb,Yumi es buena jugando tenis.,Yumi er flink til å spille tennis.,"{""c"":""Yumi er flink til \u00e5 spille tennis.""}",Yumi er flink til å spille tennis.,False,1,0,True,True,False,True,,True,,True,"{""reason"":""detector_match"",""detected"":""no"",""confidence"":1.0}",True,[],[],True,,"{""errors"":[]}",True,[],True,1,0,True,True,False,100,100,12,21,1477,817.47,1306,8,1314,1136.87
df989b37868216b1af43,1074,nova-pro,arn:aws:bedrock:us-west-2:686465264859:prompt/7ZJL56AKIU,tatoeba,es,nb,He leído que el presidente de Brasil es una mujer. Se llama Dilma.,Jeg leste at presidenten i Brasil er en kvinne. Hun heter Dilma.,"{""c"":""Jeg har lest at presidenten i Brasil er en kvinne. Hun heter Dilma. -> nb""}",Jeg har lest at presidenten i Brasil er en kvinne. Hun heter Dilma. -> nb,False,1,0,True,True,False,True,,True,,True,"{""reason"":""detector_match"",""detected"":""no"",""confidence"":1.0}",True,[],[],True,,"{""errors"":[{""category"":""preservation"",""severity"":""critical""}]}",False,"[{""category"":""preservation"",""severity"":""critical""}]",True,1,0,True,True,False,60,60,26,28,1491,874.35,1337,17,1354,1305.0
97baa0367e5e03afc754,1075,nova-pro,arn:aws:bedrock:us-west-2:686465264859:prompt/7ZJL56AKIU,tatoeba,es,nb,Yo hablé con el embajador polaco.,Jeg snakket med den polske ambassadøren.,"{""c"":""Jeg snakket med den polske ambassad\u00f8ren.""}",Jeg snakket med den polske ambassadøren.,False,1,0,True,True,False,True,,True,,True,"{""reason"":""detector_match"",""detected"":""no"",""confidence"":1.0}",True,[],[],True,,"{""errors"":[]}",True,[],True,1,0,True,True,False,100,100,14,25,1481,1071.0,1312,8,1320,1303.29
8b88c12196ca116aadad,1076,nova-pro,arn:aws:bedrock:us-west-2:686465264859:prompt/7ZJL56AKIU,tatoeba,es,nb,Él llegó sano y salvo.,Han kom i god behold.,"{""c"":""Han kom trygt og sunt fram.""}


",Han kom trygt og sunt fram.,False,1,0,True,True,False,True,,True,,True,"{""reason"":""detector_match"",""detected"":""no"",""confidence"":1.0}",True,[],[],True,,"{""errors"":[]}",True,[],True,1,0,True,True,False,100,100,12,15,1469,746.57,1296,8,1304,3007.18
f6f2557c1aac78b25e20,1077,nova-pro,arn:aws:bedrock:us-west-2:686465264859:prompt/7ZJL56AKIU,tatoeba,es,nb,Él se comporta como si estuviera loco.,Han oppfører seg som om han var gal.,"{""c"":""Han opptrer som om han er gal.""}


**Explanation:**

1. **Translation Logic Applied**:
   - The input text is in Spanish and the target language is Norwegian Bokmål (nb).
   - The sentence ""Él se comporta como si estuviera loco."" translates to ""Han opptrer som om han er gal."" in Norwegian Bokmål.

2. **Preservation**:
   - There are no emojis, special symbols, unrecognized abbreviations, or player nicknames in the input text, so no preservation is necessary.

3. **Profanity Policy**:
   - The input text does not contain any profanity, so it is translated normally.

4. **Escape Requirement**:
   - There are no double quotes in the input text that need to be escaped.

5. **Strict Output Constraints**:
   - The output is formatted as a raw JSON object with the translated text. 
   - The first character is `{` and the last character is `}`.
   - The output is a single, continuous line of text without any markdown code blocks, line breaks, preambles, or explanations.",,False,3,2,True,False,False,True,,False,invalid_json,,,,,,,,,,,,,,,,,,,48,532,4900,6918.33,,,,
2a168bc454da6bf1ef34,1078,nova-pro,arn:aws:bedrock:us-west-2:686465264859:prompt/7ZJL56AKIU,tatoeba,es,nb,Tengo tanta hambre como un lobo.,Jeg er sulten som en ulv.,"{""c"":""Jeg er like sulten som en ulv.""}",Jeg er like sulten som en ulv.,False,1,0,True,True,False,True,,True,,True,"{""reason"":""detector_match"",""detected"":""no"",""confidence"":1.0}",True,[],[],True,,"{""errors"":[]}",True,[],True,1,0,True,True,False,100,100,14,17,1473,834.18,1304,8,1312,1229.41
598a9f5696f9c360143c,1079,nova-pro,arn:aws:bedrock:us-west-2:686465264859:prompt/7ZJL56AKIU,tatoeba,es,nb,Vive en un apartamento de lujo cerca de Central Park.,Han bor i en luksusleilighet i nærheten av Central Park.,"{""c"":""Han bor i en luksusleilighet i n\u00e6rheten av Central Park.""}",Han bor i en luksusleilighet i nærheten av Central Park.,False,1,0,True,True,False,True,,True,,True,"{""reason"":""detector_match"",""detected"":""no"",""confidence"":1.0}",True,[],[],True,,"{""errors"":[]}",True,[],True,1,0,True,True,False,100,100,20,30,1489,1053.52,1322,8,1330,1172.83
982c3a52c5e54f13673d,1080,nova-pro,arn:aws:bedrock:us-west-2:686465264859:prompt/7ZJL56AKIU,tatoeba,fr,da,Ce n'est pas nécessaire.,Det er ikke nødvendigt.,"{""c"":""Det er ikke n\u00f8dvendigt.""}",Det er ikke nødvendigt.,False,1,0,True,True,False,True,,True,,True,"{""reason"":""detector_match"",""detected"":""da"",""confidence"":1.0}",True,[],[],True,,"{""errors"":[]}",True,[],True,1,0,True,True,False,100,100,14,20,1474,811.24,1296,8,1304,1294.92
3e8f6daaa0ceb024be71,1081,nova-pro,arn:aws:bedrock:us-west-2:686465264859:prompt/7ZJL56AKIU,tatoeba,fr,da,Il fait trop chaud.,Det er for varmt.,"{""c"":""Det er for varmt.""}",Det er for varmt.,False,1,0,True,True,False,True,,True,,True,"{""reason"":""detector_match"",""detected"":""da"",""confidence"":0.8476}",True,[],[],True,,"{""errors"":[]}",True,[],True,1,0,True,True,False,100,100,11,13,1465,733.45,1290,8,1298,1228.3
599aee4b3c1a21de3c24,1082,nova-pro,arn:aws:bedrock:us-west-2:686465264859:prompt/7ZJL56AKIU,tatoeba,fr,da,Il y a sept jours dans une semaine.,Der er syv dage i en uge.,"{""c"":""Der er syv dage i en uge.""}
",Der er syv dage i en uge.,False,1,0,True,True,False,True,,True,,True,"{""reason"":""detector_match"",""detected"":""da"",""confidence"":1.0}",True,[],[],True,,"{""errors"":[]}",True,[],True,1,0,True,True,False,100,100,17,16,1472,890.39,1304,8,1312,1237.34
0e1bb7bc970dd1a11c5a,1083,nova-pro,arn:aws:bedrock:us-west-2:686465264859:prompt/7ZJL56AKIU,tatoeba,fr,da,"Aujourd'hui, le ciel est bleu et sans nuages.",I dag er himlen blå og skyfri.,"{""c"":""I dag er himlen bl\u00e5 og uden skyer.""}",I dag er himlen blå og uden skyer.,False,1,0,True,True,False,True,,True,,True,"{""reason"":""detector_match"",""detected"":""da"",""confidence"":1.0}",True,[],[],True,,"{""errors"":[]}",True,[],True,1,0,True,True,False,100,100,22,24,1485,1016.45,1311,8,1319,1197.78
40701d9de8d2c1d3dd78,1084,nova-pro,arn:aws:bedrock:us-west-2:686465264859:prompt/7ZJL56AKIU,tatoeba,fr,da,Pourquoi poses-tu cette question alors que tu connais déjà la réponse ?,Hvorfor stiller du spørgsmål som du allerede kender svaret på?,"{""c"":""Hvorfor stiller du dette sp\u00f8rgsm\u00e5l, n\u00e5r du allerede kender svaret?""}","Hvorfor stiller du dette spørgsmål, når du allerede kender svaret?",False,1,0,True,True,False,True,,True,,True,"{""reason"":""detector_match"",""detected"":""da"",""confidence"":1.0}",True,[],[],True,,"{""errors"":[]}",True,[],True,1,0,True,True,False,100,100,25,48,1511,1272.44,1338,8,1346,1121.2
1b6170e6794429e59be9,1085,nova-pro,arn:aws:bedrock:us-west-2:686465264859:prompt/7ZJL56AKIU,tatoeba,fr,da,L'Union européenne a été créée dans le but de mettre fin aux guerres qui ont régulièrement ensanglanté le continent pour aboutir à la Seconde guerre mondiale.,"Den Europæiske Union oprettes med det formål at gøre en ende på de mange blodige nabokrige, der kulminerede med den anden verdenskrig.","{""c"":""Den Europ\u00e6iske Union blev oprettet med det formål at s\u00e6tte en stopper for de krige, der regelm\u00e6ssigt har gjort kontinentet blodigt og ført til Anden Verdenskrig.""}","Den Europæiske Union blev oprettet med det formål at sætte en stopper for de krige, der regelmæssigt har gjort kontinentet blodigt og ført til Anden Verdenskrig.",False,1,0,True,True,False,True,,True,,True,"{""reason"":""detector_match"",""detected"":""da"",""confidence"":1.0}",True,[],[],True,,"{""errors"":[]}",True,[],True,1,0,True,True,False,100,100,48,75,1558,1880.54,1404,8,1412,1297.49
6cc5362ced43b9a2bfa1,1086,nova-pro,arn:aws:bedrock:us-west-2:686465264859:prompt/7ZJL56AKIU,tatoeba,fr,da,Elle a un chien et six chats.,Hun har en hund og seks katte.,"{""c"":""Hun har en hund og seks katte.""}
",Hun har en hund og seks katte.,False,1,0,True,True,False,True,,True,,,"{""reason"":""detector_mismatch_uncertain"",""detected"":""no"",""confidence"":1.0}",True,[],[],True,,"{""errors"":[]}",True,[],True,1,0,True,True,False,100,100,16,17,1472,883.0,1303,8,1311,1237.19
2fdc8feab17fdf956427,1087,nova-pro,arn:aws:bedrock:us-west-2:686465264859:prompt/7ZJL56AKIU,tatoeba,fr,da,Bien sûr que je me souviens de toi.,Selvfølgelig husker jeg dig.,"{""c"":""Selvf\u00f8lgelig husker jeg dig.""}",Selvfølgelig husker jeg dig.,False,1,0,True,True,False,True,,True,,,"{""reason"":""detector_inconclusive"",""detected"":""da"",""confidence"":0.5717}",True,[],[],True,,"{""errors"":[]}",True,[],True,1,0,True,True,False,100,100,17,21,1480,991.85,1308,8,1316,1198.95
d4cc1b2de305b6146a2f,1088,nova-pro,arn:aws:bedrock:us-west-2:686465264859:prompt/7ZJL56AKIU,tatoeba,fr,da,Il y a une nette différence entre ces deux-là.,Der er en klar forskel mellem de to.,"{""c"":""Der er en klar forskel mellem disse to.""}",Der er en klar forskel mellem disse to.,False,1,0,True,True,False,True,,True,,True,"{""reason"":""detector_match"",""detected"":""da"",""confidence"":0.8546}",True,[],[],True,,"{""errors"":[]}",True,[],True,1,0,True,True,False,100,100,22,18,1478,937.39,1307,8,1315,1211.63
310d99dbd6aaf0a0b475,1089,nova-pro,arn:aws:bedrock:us-west-2:686465264859:prompt/7ZJL56AKIU,tatoeba,fr,da,Le chat joue avec une souris vivante.,Katten leger med en levende mus.,"{""c"":""Katten leger med en levende mus.""}",Katten leger med en levende mus.,False,2,1,True,False,True,True,,True,,True,"{""reason"":""detector_match"",""detected"":""da"",""confidence"":1.0}",True,[],[],True,,"{""errors"":[]}",True,[],True,1,0,True,True,False,100,100,32,244,3158,3725.71,1304,8,1312,1209.18
0bf985c007035893a745,1090,nova-pro,arn:aws:bedrock:us-west-2:686465264859:prompt/7ZJL56AKIU,tatoeba,fr,de,Tom ne m'a pas écouté.,Tom hat mir nicht zugehört.,"{""c"":""Tom hat nicht auf mich geh\u00f6rt.""}
",Tom hat nicht auf mich gehört.,False,1,0,True,True,False,True,,True,,True,"{""reason"":""detector_match"",""detected"":""de"",""confidence"":1.0}",True,[],[],True,,"{""errors"":[]}",True,[],True,1,0,True,True,False,100,100,16,19,1476,735.63,1298,8,1306,2539.38
debd54306c515a7b7f2f,1091,nova-pro,arn:aws:bedrock:us-west-2:686465264859:prompt/7ZJL56AKIU,tatoeba,fr,de,Vous pouvez skier aussi bien que votre frère.,Ihr könnt genauso gut Ski fahren wie euer Bruder.,"{""c"":""Du kannst genauso gut Ski fahren wie dein Bruder.""}",Du kannst genauso gut Ski fahren wie dein Bruder.,False,1,0,True,True,False,True,,True,,True,"{""reason"":""detector_match"",""detected"":""de"",""confidence"":1.0}",True,[],[],True,,"{""errors"":[]}",True,[],True,1,0,True,True,False,100,100,17,16,1472,916.52,1323,8,1331,1324.54
2f62814fddf5eb0c73a9,1092,nova-pro,arn:aws:bedrock:us-west-2:686465264859:prompt/7ZJL56AKIU,tatoeba,fr,de,Comment mange-t-on un œuf à la coque convenablement ?,Wie wird ein weiches Ei anständig gegessen?,"{""c"":""Wie isst man ein gekochtes Ei richtig?""}
",Wie isst man ein gekochtes Ei richtig?,False,1,0,True,True,False,True,,True,,True,"{""reason"":""detector_match"",""detected"":""de"",""confidence"":1.0}",True,[],[],True,,"{""errors"":[{""category"":""accuracy"",""severity"":""major""}]}",False,"[{""category"":""accuracy"",""severity"":""major""}]",True,1,0,True,True,False,85,85,23,16,1483,799.81,1319,17,1336,1203.38
b045fdd47c9d71dc605a,1093,nova-pro,arn:aws:bedrock:us-west-2:686465264859:prompt/7ZJL56AKIU,tatoeba,fr,de,Quand viendrez-vous ?,Wann kommt ihr?,"{""c"":""Wann kommst du?""}",Wann kommst du?,False,1,0,True,True,False,True,,True,,,"{""reason"":""detector_mismatch_uncertain"",""detected"":""no"",""confidence"":1.0}",True,[],[],True,,"{""errors"":[{""category"":""accuracy"",""severity"":""major""}]}",False,"[{""category"":""accuracy"",""severity"":""major""}]",True,1,0,True,True,False,85,85,11,11,1466,757.17,1296,17,1313,1223.9
b9098a5ffd5ca52ca42b,1094,nova-pro,arn:aws:bedrock:us-west-2:686465264859:prompt/7ZJL56AKIU,tatoeba,fr,de,Avez-vous déjà entendu parler de cette personne ?,Haben Sie schon mal etwas von dieser Person gehört?,"{""c"":""Haben Sie schon von dieser Person geh\u00f6rt?""}",Haben Sie schon von dieser Person gehört?,False,1,0,True,True,False,True,,True,,True,"{""reason"":""detector_match"",""detected"":""de"",""confidence"":1.0}",True,[],[],True,,"{""errors"":[]}",True,[],True,1,0,True,True,False,100,100,19,21,1481,811.56,1317,8,1325,1255.5
fd4eb560ad29541c7485,1095,nova-pro,arn:aws:bedrock:us-west-2:686465264859:prompt/7ZJL56AKIU,tatoeba,fr,de,Le centre-ville est bruyant.,Die Innenstadt ist laut.,"{""c"":""Die Innenstadt ist laut.""}
",Die Innenstadt ist laut.,False,1,0,True,True,False,True,,True,,True,"{""reason"":""detector_match"",""detected"":""de"",""confidence"":1.0}",True,[],[],True,,"{""errors"":[]}",True,[],True,1,0,True,True,False,100,100,14,10,1466,663.72,1298,8,1306,1090.15
ad891ccee5e12af922c3,1096,nova-pro,arn:aws:bedrock:us-west-2:686465264859:prompt/7ZJL56AKIU,tatoeba,fr,de,Vous mettez rarement du sucre dans votre café.,Ihr gebt selten Zucker in euren Kaffee.,"{""c"":""Du setzt selten Zucker in deinen Kaffee.""}",Du setzt selten Zucker in deinen Kaffee.,False,1,0,True,True,False,True,,True,,True,"{""reason"":""detector_match"",""detected"":""de"",""confidence"":1.0}",True,[],[],True,,"{""errors"":[{""category"":""accuracy"",""severity"":""minor""}]}",True,"[{""category"":""accuracy"",""severity"":""minor""}]",True,1,0,True,True,False,97,97,17,13,1472,1000.7,1319,17,1336,1233.48
21d4b0c8c31fd197f79d,1097,nova-pro,arn:aws:bedrock:us-west-2:686465264859:prompt/7ZJL56AKIU,tatoeba,fr,de,Elles l'ignorent encore.,Sie wissen es noch nicht.,"{""c"":""Sie wissen es noch nicht.""}",Sie wissen es noch nicht.,False,1,0,True,True,False,True,,True,,True,"{""reason"":""detector_match"",""detected"":""de"",""confidence"":1.0}",True,[],[],True,,"{""errors"":[]}",True,[],True,1,0,True,True,False,100,100,12,11,1466,868.77,1294,8,1302,1240.56
9c4803dbf171219bd146,1098,nova-pro,arn:aws:bedrock:us-west-2:686465264859:prompt/7ZJL56AKIU,tatoeba,fr,de,Veuillez ne pas fumer à l'intérieur.,Bitte rauchen Sie nicht drinnen.,"{""c"":""Bitte rauchen Sie nicht drinnen.""}",Bitte rauchen Sie nicht drinnen.,False,1,0,True,True,False,True,,True,,True,"{""reason"":""detector_match"",""detected"":""de"",""confidence"":1.0}",True,[],[],True,,"{""errors"":[]}",True,[],True,1,0,True,True,False,100,100,17,15,1474,761.01,1310,8,1318,1274.04
1e54a42d00527ad4be9a,1099,nova-pro,arn:aws:bedrock:us-west-2:686465264859:prompt/7ZJL56AKIU,tatoeba,fr,de,Je ne veux pas l'énerver.,Ich will ihn nicht verärgern.,"{""c"":""Ich will ihn nicht ver\u00e4rgern.""}",Ich will ihn nicht verärgern.,False,1,0,True,True,False,True,,True,,True,"{""reason"":""detector_match"",""detected"":""de"",""confidence"":1.0}",True,[],[],True,,"{""errors"":[]}",True,[],True,1,0,True,True,False,100,100,16,19,1477,1015.68,1303,8,1311,1167.69
41a68123b289401a1044,1100,nova-pro,arn:aws:bedrock:us-west-2:686465264859:prompt/7ZJL56AKIU,tatoeba,fr,en,Je viens d'apprendre que Tom et Mary déménagent à Boston.,I just heard that Tom and Mary are moving to Boston.,"{""c"":""I just learned that Tom and Mary are moving to Boston.""}",I just learned that Tom and Mary are moving to Boston.,False,1,0,True,True,False,True,,True,,True,"{""reason"":""detector_match"",""detected"":""en"",""confidence"":1.0}",True,[],[],True,,"{""errors"":[]}",True,[],True,1,0,True,True,False,100,100,23,17,1482,859.51,1314,8,1322,1239.16
bd532b3583e4ed7d21d4,1101,nova-pro,arn:aws:bedrock:us-west-2:686465264859:prompt/7ZJL56AKIU,tatoeba,fr,en,Il disait la vérité.,He told the truth.,"{""c"":""He was telling the truth.""}",He was telling the truth.,False,1,0,True,True,False,True,,True,,True,"{""reason"":""detector_match"",""detected"":""en"",""confidence"":1.0}",True,[],[],True,,"{""errors"":[]}",True,[],True,1,0,True,True,False,100,100,11,11,1464,721.53,1290,8,1298,1244.63
499ac2b5313957f1af11,1102,nova-pro,arn:aws:bedrock:us-west-2:686465264859:prompt/7ZJL56AKIU,tatoeba,fr,en,"Terrible accident d'hélicoptère dans un cimetière belge, les sauveteurs ont déjà dégagé plus de 500 corps.","Horrible helicopter accident in a Belgian cemetery, the rescuers have already salvaged more than 500 corpses.","{""c"":""Terrible helicopter accident in a Belgian cemetery, rescuers have already recovered more than 500 bodies.""}","Terrible helicopter accident in a Belgian cemetery, rescuers have already recovered more than 500 bodies.",False,1,0,True,True,False,True,,True,,True,"{""reason"":""detector_match"",""detected"":""en"",""confidence"":1.0}",True,[],[],True,,"{""errors"":[]}",True,[],True,1,0,True,True,False,100,100,34,26,1504,883.37,1356,8,1364,1122.48
588a3bb44d6feaca5bd5,1103,nova-pro,arn:aws:bedrock:us-west-2:686465264859:prompt/7ZJL56AKIU,tatoeba,fr,en,Elle nous a servi un bon repas.,She served us a good meal.,"{""c"":""She served us a good meal.""}",She served us a good meal.,False,1,0,True,True,False,True,,True,,True,"{""reason"":""detector_match"",""detected"":""en"",""confidence"":1.0}",True,[],[],True,,"{""errors"":[]}",True,[],True,1,0,True,True,False,100,100,16,12,1467,763.76,1295,8,1303,1192.86
649992ea3d189e33536d,1104,nova-pro,arn:aws:bedrock:us-west-2:686465264859:prompt/7ZJL56AKIU,tatoeba,fr,en,Comment as-tu perdu ton bras ?,How did you lose your arm?,"{""c"":""How did you lose your arm?""}",How did you lose your arm?,False,1,0,True,True,False,True,,True,,,"{""reason"":""detector_inconclusive"",""detected"":""en"",""confidence"":0.5714}",True,[],[],True,,"{""errors"":[]}",True,[],True,1,0,True,True,False,100,100,16,12,1469,822.1,1297,8,1305,1212.05
5b38897248f268821354,1105,nova-pro,arn:aws:bedrock:us-west-2:686465264859:prompt/7ZJL56AKIU,tatoeba,fr,en,Allez au lit !,Get to bed.,"{""c"":""Go to bed!""}",Go to bed!,False,1,0,True,True,False,True,,True,,,"{""reason"":""too_short_for_language_detection"",""detected"":null,""confidence"":null}",True,[],[],True,,"{""errors"":[]}",True,[],True,1,0,True,True,False,100,100,9,9,1462,786.07,1286,8,1294,1207.89
099bd125bcda9a86bfdc,1106,nova-pro,arn:aws:bedrock:us-west-2:686465264859:prompt/7ZJL56AKIU,tatoeba,fr,en,Ta maison est en vente.,Your house is for sale.,"{""c"":""Your house is for sale.""}",Your house is for sale.,False,1,0,True,True,False,True,,True,,True,"{""reason"":""detector_match"",""detected"":""en"",""confidence"":1.0}",True,[],[],True,,"{""errors"":[]}",True,[],True,1,0,True,True,False,100,100,12,11,1464,697.32,1291,8,1299,1203.04
33ca70d46ef7b3b789eb,1107,nova-pro,arn:aws:bedrock:us-west-2:686465264859:prompt/7ZJL56AKIU,tatoeba,fr,en,Où te diriges-tu ?,Where are you heading?,"{""c"":""Where are you heading?""}",Where are you heading?,False,1,0,True,True,False,True,,True,,True,"{""reason"":""detector_match"",""detected"":""en"",""confidence"":1.0}",True,[],[],True,,"{""errors"":[]}",True,[],True,1,0,True,True,False,100,100,12,10,1466,664.07,1291,8,1299,2376.51
fa628c64cac6fc3b9f5e,1108,nova-pro,arn:aws:bedrock:us-west-2:686465264859:prompt/7ZJL56AKIU,tatoeba,fr,en,Vous ne croirez pas ce qui vient d'arriver !,You won't believe what just happened!,"{""c"":""You won't believe what just happened!""}",You won't believe what just happened!,False,1,0,True,True,False,True,,True,,,"{""reason"":""detector_inconclusive"",""detected"":""en"",""confidence"":0.5714}",True,[],[],True,,"{""errors"":[]}",True,[],True,1,0,True,True,False,100,100,20,14,1475,774.43,1304,8,1312,1232.73
b1a01efd60c6b385b468,1109,nova-pro,arn:aws:bedrock:us-west-2:686465264859:prompt/7ZJL56AKIU,tatoeba,fr,en,Il y a une fleur sur la table.,There is a flower on the table.,"{""c"":""There is a flower on the table.""}",There is a flower on the table.,False,1,0,True,True,False,True,,True,,True,"{""reason"":""detector_match"",""detected"":""en"",""confidence"":1.0}",True,[],[],True,,"{""errors"":[]}",True,[],True,1,0,True,True,False,100,100,17,13,1470,736.18,1297,8,1305,1192.33
6e0364812ea57c84838f,1110,nova-pro,arn:aws:bedrock:us-west-2:686465264859:prompt/7ZJL56AKIU,tatoeba,fr,es,Tu avais promis de ne pas recommencer.,Prometiste no volver a hacerlo.,"{""c"":""Tú habías prometido no volver a hacerlo.""}",Tú habías prometido no volver a hacerlo.,False,1,0,True,True,False,True,,True,,,"{""reason"":""detector_mismatch_uncertain"",""detected"":""pt"",""confidence"":1.0}",True,[],[],True,,"{""errors"":[]}",True,[],True,1,0,True,True,False,100,100,16,16,1476,1116.95,1308,8,1316,1219.29
775e98132d7a528e837c,1111,nova-pro,arn:aws:bedrock:us-west-2:686465264859:prompt/7ZJL56AKIU,tatoeba,fr,es,Comment votre nom de famille s'écrit-il ?,¿Cómo se escribe vuestro apellido?,"{""c"":""\u00bfC\u00f3mo se escribe tu apellido?""}",¿Cómo se escribe tu apellido?,False,1,0,True,True,False,True,,True,,True,"{""reason"":""detector_match"",""detected"":""es"",""confidence"":1.0}",True,[],[],True,,"{""errors"":[]}",True,[],True,1,0,True,True,False,100,100,20,25,1486,799.69,1314,8,1322,1166.59
4edccfdeacfbd73077b2,1112,nova-pro,arn:aws:bedrock:us-west-2:686465264859:prompt/7ZJL56AKIU,tatoeba,fr,es,Il a un frère et deux sœurs.,Él tiene un hermano y dos hermanas.,"{""c"":""Tiene un hermano y dos hermanas.""}",Tiene un hermano y dos hermanas.,False,3,2,True,False,True,True,,True,,True,"{""reason"":""detector_match"",""detected"":""es"",""confidence"":1.0}",True,[],[],True,,"{""errors"":[]}",True,[],True,1,0,True,True,False,100,100,48,112,4480,3933.33,1303,8,1311,1238.3
320165aab06ebd537804,1113,nova-pro,arn:aws:bedrock:us-west-2:686465264859:prompt/7ZJL56AKIU,tatoeba,fr,es,Il nous faut une méthode de travail complètement différente.,Necesitamos una forma de trabajar completamente diferente.,"{""c"":""Necesitamos un m\u00e9todo de trabajo completamente diferente.""}",Necesitamos un método de trabajo completamente diferente.,False,1,0,True,True,False,True,,True,,True,"{""reason"":""detector_match"",""detected"":""es"",""confidence"":1.0}",True,[],[],True,,"{""errors"":[]}",True,[],True,1,0,True,True,False,100,100,19,21,1480,812.23,1315,8,1323,1235.05
3be1c0c42a7dcc6e83cc,1114,nova-pro,arn:aws:bedrock:us-west-2:686465264859:prompt/7ZJL56AKIU,tatoeba,fr,es,"J'ai attendu pendant une heure, mais il n'est pas apparu.","Esperé durante una hora, pero él no apareció.","{""c"":""He esperado durante una hora, pero no ha aparecido.""}","He esperado durante una hora, pero no ha aparecido.",False,1,0,True,True,False,True,,True,,,"{""reason"":""detector_inconclusive"",""detected"":""pt"",""confidence"":0.8571}",True,[],[],True,,"{""errors"":[]}",True,[],True,1,0,True,True,False,100,100,28,17,1483,862.86,1317,8,1325,1418.22
993569da350da7ce5f71,1115,nova-pro,arn:aws:bedrock:us-west-2:686465264859:prompt/7ZJL56AKIU,tatoeba,fr,es,Quelle sorte de sports pratiques-tu ?,¿Qué clase de deportes practicas?,"{""c"":""¿Qué tipo de deportes practicas?""}",¿Qué tipo de deportes practicas?,False,1,0,True,True,False,True,,True,,True,"{""reason"":""detector_match"",""detected"":""es"",""confidence"":0.8571}",True,[],[],True,,"{""errors"":[]}",True,[],True,1,0,True,True,False,100,100,16,14,1471,810.32,1309,8,1317,1190.45
2f8dcf2da2a4f18744dd,1116,nova-pro,arn:aws:bedrock:us-west-2:686465264859:prompt/7ZJL56AKIU,tatoeba,fr,es,Je ne donne jamais de viande crue à manger à mon chien.,Nunca le doy de comer carne cruda a mi perro.,"{""c"":""Nunca le doy carne cruda a mi perro para comer.""}",Nunca le doy carne cruda a mi perro para comer.,False,1,0,True,True,False,True,,True,,True,"{""reason"":""detector_match"",""detected"":""es"",""confidence"":0.8571}",True,[],[],True,,"{""errors"":[]}",True,[],True,1,0,True,True,False,100,100,23,20,1482,745.47,1326,8,1334,1133.63
ca75e690c9a591e87f33,1117,nova-pro,arn:aws:bedrock:us-west-2:686465264859:prompt/7ZJL56AKIU,tatoeba,fr,es,Ne me contredis pas ! Je sais ce qui est le mieux pour toi.,¡No me contradigas! Sé lo que es mejor para tí.,"{""c"":""¡No me contradigas! Yo sé lo que es mejor para ti.""}",¡No me contradigas! Yo sé lo que es mejor para ti.,False,1,0,True,True,False,True,,True,,True,"{""reason"":""detector_match"",""detected"":""es"",""confidence"":0.8506}",True,[],[],True,,"{""errors"":[]}",True,[],True,1,0,True,True,False,100,100,26,21,1486,676.4,1329,8,1337,1147.11
44384403f4192ef416bb,1118,nova-pro,arn:aws:bedrock:us-west-2:686465264859:prompt/7ZJL56AKIU,tatoeba,fr,es,Enlevez votre veste si vous avez chaud.,Quítese la chaqueta si tiene calor.,"{""c"":""Qu\u00edtate la chaqueta si tienes calor.""}",Quítate la chaqueta si tienes calor.,False,1,0,True,True,False,True,,True,,True,"{""reason"":""detector_match"",""detected"":""es"",""confidence"":0.842}",True,[],[],True,,"{""errors"":[{""category"":""tone"",""severity"":""minor""}]}",True,"[{""category"":""tone"",""severity"":""minor""}]",True,1,0,True,True,False,97,97,16,19,1477,645.23,1313,17,1330,3009.67
666eaed004ab5754babf,1119,nova-pro,arn:aws:bedrock:us-west-2:686465264859:prompt/7ZJL56AKIU,tatoeba,fr,es,Tom s'inquiète de trop.,Tom se preocupa demasiado.,"{""c"":""Tom se preocupa demasiado.""}",Tom se preocupa demasiado.,False,1,0,True,True,False,True,,True,,,"{""reason"":""detector_mismatch_uncertain"",""detected"":""pt"",""confidence"":1.0}",True,[],[],True,,"{""errors"":[]}",True,[],True,1,0,True,True,False,100,100,14,10,1467,595.01,1301,8,1309,1276.44
21b81a25e4120db6745a,1120,nova-pro,arn:aws:bedrock:us-west-2:686465264859:prompt/7ZJL56AKIU,tatoeba,fr,it,Fumer peut tuer.,Fumare può uccidere.,"{""c"":""Fumare pu\u00f2 uccidere.""}",Fumare può uccidere.,False,1,0,True,True,False,True,,True,,,"{""reason"":""detector_inconclusive"",""detected"":""es"",""confidence"":0.7143}",True,[],[],True,,"{""errors"":[]}",True,[],True,1,0,True,True,False,100,100,9,17,1470,812.22,1296,8,1304,1200.73
2734c659befe01a0eeba,1121,nova-pro,arn:aws:bedrock:us-west-2:686465264859:prompt/7ZJL56AKIU,tatoeba,fr,it,Linda va t'énucléer !,Linda sta per cavarti gli occhi!,"{""c"":""Linda ti far\u00e0 scoppiare gli occhi!""}",Linda ti farà scoppiare gli occhi!,False,1,0,True,True,False,True,,True,,True,"{""reason"":""detector_match"",""detected"":""it"",""confidence"":1.0}",True,[],[],True,,"{""errors"":[{""category"":""accuracy"",""severity"":""major""}]}",False,"[{""category"":""accuracy"",""severity"":""major""}]",True,1,0,True,True,False,85,85,12,21,1479,1169.13,1302,17,1319,1237.47
04a7f47edd962d63db5c,1122,nova-pro,arn:aws:bedrock:us-west-2:686465264859:prompt/7ZJL56AKIU,tatoeba,fr,it,C'est mon premier amour.,Lui è il mio primo amore.,"{""c"":""Questo \u00e8 il mio primo amore.""}",Questo è il mio primo amore.,False,1,0,True,True,False,True,,True,,True,"{""reason"":""detector_match"",""detected"":""it"",""confidence"":1.0}",True,[],[],True,,"{""errors"":[]}",True,[],True,1,0,True,True,False,100,100,14,19,1474,841.55,1299,8,1307,2414.49
63d438f56c05c5982979,1123,nova-pro,arn:aws:bedrock:us-west-2:686465264859:prompt/7ZJL56AKIU,tatoeba,fr,it,Je vais à New York la semaine prochaine.,Io vado a New York la settimana prossima.,"{""c"":""Vado a New York la prossima settimana.""}",Vado a New York la prossima settimana.,False,1,0,True,True,False,True,,True,,True,"{""reason"":""detector_match"",""detected"":""it"",""confidence"":0.8571}",True,[],[],True,,"{""errors"":[]}",True,[],True,1,0,True,True,False,100,100,17,15,1472,924.33,1313,8,1321,1230.63
25cb00306e1a88bd4f2d,1124,nova-pro,arn:aws:bedrock:us-west-2:686465264859:prompt/7ZJL56AKIU,tatoeba,fr,it,Vous aviez les dents cariées.,Voi avevate i denti cariati.,"{""c"":""Avevi i denti cariati.""}",Avevi i denti cariati.,False,1,0,True,True,False,True,,True,,True,"{""reason"":""detector_match"",""detected"":""it"",""confidence"":1.0}",True,[],[],True,,"{""errors"":[]}",True,[],True,1,0,True,True,False,100,100,12,14,1472,799.34,1305,8,1313,1759.72
79b05e6b5535b74bdb1f,1125,nova-pro,arn:aws:bedrock:us-west-2:686465264859:prompt/7ZJL56AKIU,tatoeba,fr,it,Tu es passée par la fenêtre.,Tu sei passata dalla finestra.,"{""c"":""Sei passata dalla finestra.""}",Sei passata dalla finestra.,False,1,0,True,True,False,True,,True,,True,"{""reason"":""detector_match"",""detected"":""it"",""confidence"":1.0}",True,[],[],True,,"{""errors"":[]}",True,[],True,1,0,True,True,False,100,100,14,13,1468,697.84,1297,8,1305,1178.5
4413677c2a3d6b532477,1126,nova-pro,arn:aws:bedrock:us-west-2:686465264859:prompt/7ZJL56AKIU,tatoeba,fr,it,Connaît-elle le vrai nom de Tom ?,Lei conosce il vero nome di Tom?,"{""c"":""Conosce il vero nome di Tom?""}",Conosce il vero nome di Tom?,False,1,0,True,True,False,True,,True,,True,"{""reason"":""detector_match"",""detected"":""it"",""confidence"":1.0}",True,[],[],True,,"{""errors"":[]}",True,[],True,1,0,True,True,False,100,100,17,14,1472,778.35,1308,8,1316,1484.54
9607a4288aaf41101f69,1127,nova-pro,arn:aws:bedrock:us-west-2:686465264859:prompt/7ZJL56AKIU,tatoeba,fr,it,Je n'ai pas encore de contrat.,Non ho ancora un contratto.,"{""c"":""Non ho ancora un contratto.""}",Non ho ancora un contratto.,False,1,0,True,True,False,True,,True,,True,"{""reason"":""detector_match"",""detected"":""it"",""confidence"":1.0}",True,[],[],True,,"{""errors"":[]}",True,[],True,1,0,True,True,False,100,100,17,11,1467,742.27,1295,8,1303,1162.17
268a644b7b63fc301cf9,1128,nova-pro,arn:aws:bedrock:us-west-2:686465264859:prompt/7ZJL56AKIU,tatoeba,fr,it,La chatte n'a pas l'air heureuse de nous voir.,La gatta non sembra felice di vederci.,"{""c"":""La gatta non sembra felice di vederci.""}",La gatta non sembra felice di vederci.,False,1,0,True,True,False,True,,True,,True,"{""reason"":""detector_match"",""detected"":""it"",""confidence"":1.0}",True,[],[],True,,"{""errors"":[]}",True,[],True,1,0,True,True,False,100,100,25,16,1480,728.73,1314,8,1322,1214.35
adf0526c9507817ee446,1129,nova-pro,arn:aws:bedrock:us-west-2:686465264859:prompt/7ZJL56AKIU,tatoeba,fr,it,Il a affamé les chiens.,Lui ha affamato i cani.,"{""c"":""Ha affamato i cani.""}",Ha affamato i cani.,False,1,0,True,True,False,True,,True,,True,"{""reason"":""detector_match"",""detected"":""it"",""confidence"":1.0}",True,[],[],True,,"{""errors"":[]}",True,[],True,1,0,True,True,False,100,100,12,13,1469,717.44,1298,8,1306,1176.24
189473446deca1e5bf35,1130,nova-pro,arn:aws:bedrock:us-west-2:686465264859:prompt/7ZJL56AKIU,tatoeba,fr,jp,Noël est un jour férié à part.,クリスマスは特別な休日だ。,"{""c"":""クリスマスは特別な休日です。""}",クリスマスは特別な休日です。,False,1,0,True,True,False,True,,True,,True,"{""reason"":""target_script_present"",""detected"":""ja"",""confidence"":1.0}",True,[],[],True,,"{""errors"":[{""category"":""tone"",""severity"":""minor""}]}",True,"[{""category"":""tone"",""severity"":""minor""}]",True,1,0,True,True,False,97,97,16,13,1471,690.56,1311,17,1328,1212.35
0be440844b3d2dd71ad0,1131,nova-pro,arn:aws:bedrock:us-west-2:686465264859:prompt/7ZJL56AKIU,tatoeba,fr,jp,Je me rappelle l'événement aussi clairement que s'il avait eu lieu hier.,この事件の事はまるで昨日の事のようにはっきり覚えています。,"{""c"":""そのイベントをまるで昨日のように鮮明に覚えています。""}",そのイベントをまるで昨日のように鮮明に覚えています。,False,1,0,True,True,False,True,,True,,True,"{""reason"":""target_script_present"",""detected"":""ja"",""confidence"":1.0}",True,[],[],True,,"{""errors"":[]}",True,[],True,1,0,True,True,False,100,100,30,20,1489,973.66,1344,8,1352,2503.86
e5ff88189a5380d50b02,1132,nova-pro,arn:aws:bedrock:us-west-2:686465264859:prompt/7ZJL56AKIU,tatoeba,fr,jp,Sa clinique a perdu de nombreux patients depuis le scandale.,彼の診療所は、そのスキャンダル以来多くの患者を失った。,"{""c"":""スキャンダル以来、そのクリニックは多くの患者を失いました。""}",スキャンダル以来、そのクリニックは多くの患者を失いました。,False,1,0,True,True,False,True,,True,,True,"{""reason"":""target_script_present"",""detected"":""ja"",""confidence"":1.0}",True,[],[],True,,"{""errors"":[]}",True,[],True,1,0,True,True,False,100,100,20,22,1484,689.01,1341,8,1349,1162.63
6c62618ebdc1ee5d7e8a,1133,nova-pro,arn:aws:bedrock:us-west-2:686465264859:prompt/7ZJL56AKIU,tatoeba,fr,jp,En 1943 le Japon était en guerre.,１９４３年に日本は戦争をしていた。,"{""c"":""1943年、日本は戦争中でした。""}",1943年、日本は戦争中でした。,False,1,0,True,True,False,True,,True,,True,"{""reason"":""target_script_present"",""detected"":""ja"",""confidence"":1.0}",True,[],[],True,,"{""errors"":[]}",True,[],True,1,0,True,True,False,100,100,17,17,1477,900.34,1317,8,1325,1227.69
5597cb43e249f01a1f02,1134,nova-pro,arn:aws:bedrock:us-west-2:686465264859:prompt/7ZJL56AKIU,tatoeba,fr,jp,Par dessus tout je veux être en bonne santé.,何ものにもまして私は健康になりたい。,"{""c"":""何よりもまず、私は健康でありたいです。""}",何よりもまず、私は健康でありたいです。,False,1,0,True,True,False,True,,True,,True,"{""reason"":""target_script_present"",""detected"":""ja"",""confidence"":1.0}",True,[],[],True,,"{""errors"":[]}",True,[],True,1,0,True,True,False,100,100,19,15,1475,896.36,1320,8,1328,1250.8
a6ad6bbf6d8cb2a2cb17,1135,nova-pro,arn:aws:bedrock:us-west-2:686465264859:prompt/7ZJL56AKIU,tatoeba,fr,jp,"Généralement, je vais à pied à l'école.",私はたいてい歩いて学校へ行く。,"{""c"":""普段は学校まで歩いて行きます。""}",普段は学校まで歩いて行きます。,False,1,0,True,True,False,True,,True,,True,"{""reason"":""target_script_present"",""detected"":""ja"",""confidence"":1.0}",True,[],[],True,,"{""errors"":[]}",True,[],True,1,0,True,True,False,100,100,20,15,1476,810.18,1320,8,1328,1133.51
2294ada3a19d04ff3fec,1136,nova-pro,arn:aws:bedrock:us-west-2:686465264859:prompt/7ZJL56AKIU,tatoeba,fr,jp,Mon loisir est de jouer de la guitare.,私の趣味はギターを弾くことです。,"{""c"":""私の趣味はギターを弾くことです。""}",私の趣味はギターを弾くことです。,False,1,0,True,True,False,True,,True,,True,"{""reason"":""target_script_present"",""detected"":""ja"",""confidence"":1.0}",True,[],[],True,,"{""errors"":[]}",True,[],True,1,0,True,True,False,100,100,17,16,1476,870.63,1316,8,1324,1209.75
d368c61e84d9e7e6784f,1137,nova-pro,arn:aws:bedrock:us-west-2:686465264859:prompt/7ZJL56AKIU,tatoeba,fr,jp,Un récent sondage montre que le nombre de fumeurs diminue.,最近のある調査によると喫煙者の数は減少しつつある。,"{""c"":""最近の調査によると、喫煙者の数は減少しています。""}",最近の調査によると、喫煙者の数は減少しています。,False,1,0,True,True,False,True,,True,,True,"{""reason"":""target_script_present"",""detected"":""ja"",""confidence"":1.0}",True,[],[],True,,"{""errors"":[]}",True,[],True,1,0,True,True,False,100,100,20,19,1483,892.68,1334,8,1342,1195.12
639aa25f2add7a48411a,1138,nova-pro,arn:aws:bedrock:us-west-2:686465264859:prompt/7ZJL56AKIU,tatoeba,fr,jp,Il est finalement devenu le président d'IBM.,彼はついにＩＢＭの社長になった。,"{""c"":""最終的に彼はIBMの社長になりました。""}",最終的に彼はIBMの社長になりました。,False,1,0,True,True,False,True,,True,,True,"{""reason"":""target_script_present"",""detected"":""ja"",""confidence"":1.0}",True,[],[],True,,"{""errors"":[]}",True,[],True,1,0,True,True,False,100,100,19,15,1473,689.56,1322,8,1330,1097.46
91df6e5b0a1d38cafe36,1139,nova-pro,arn:aws:bedrock:us-west-2:686465264859:prompt/7ZJL56AKIU,tatoeba,fr,jp,Je suis stressé.,ストレスがたまってきたよ。,"{""c"":""私はストレスを感じています。""}",私はストレスを感じています。,False,1,0,True,True,False,True,,True,,True,"{""reason"":""target_script_present"",""detected"":""ja"",""confidence"":1.0}",True,[],[],True,,"{""errors"":[]}",True,[],True,1,0,True,True,False,100,100,9,11,1464,698.41,1303,8,1311,1411.82
56286b14bc1fd76bfa9e,1140,nova-pro,arn:aws:bedrock:us-west-2:686465264859:prompt/7ZJL56AKIU,tatoeba,fr,nl,J'ai entendu un bruit étrange.,Ik heb een raar geluid gehoord.,"{""c"":""Ik heb een vreemd geluid gehoord.""}",Ik heb een vreemd geluid gehoord.,False,1,0,True,True,False,True,,True,,True,"{""reason"":""detector_match"",""detected"":""nl"",""confidence"":1.0}",True,[],[],True,,"{""errors"":[]}",True,[],True,1,0,True,True,False,100,100,16,19,1479,723.86,1312,8,1320,1281.84
ae1e4fa9e6d735cea888,1141,nova-pro,arn:aws:bedrock:us-west-2:686465264859:prompt/7ZJL56AKIU,tatoeba,fr,nl,La vie c'est ce qui se passe pendant que tu es occupée à faire d'autres plans.,Leven is wat je gebeurt terwijl je andere plannen maakt.,"{""c"":""Het leven is wat er gebeurt terwijl je bezig bent andere plannen te maken.""}",Het leven is wat er gebeurt terwijl je bezig bent andere plannen te maken.,False,1,0,True,True,False,True,,True,,True,"{""reason"":""detector_match"",""detected"":""nl"",""confidence"":1.0}",True,[],[],True,,"{""errors"":[]}",True,[],True,1,0,True,True,False,100,100,36,28,1498,845.93,1331,8,1339,1090.3
b9e10e9da5eb4d1ba9c4,1142,nova-pro,arn:aws:bedrock:us-west-2:686465264859:prompt/7ZJL56AKIU,tatoeba,fr,nl,J'espère te voir vite.,Ik hoop je snel te zien.,"{""c"":""Ik hoop je snel te zien.""}",Ik hoop je snel te zien.,False,1,0,True,True,False,True,,True,,True,"{""reason"":""detector_match"",""detected"":""nl"",""confidence"":1.0}",True,[],[],True,,"{""errors"":[]}",True,[],True,1,0,True,True,False,100,100,14,16,1472,885.25,1304,8,1312,2287.66
9e2eb2c5416390d9ca34,1143,nova-pro,arn:aws:bedrock:us-west-2:686465264859:prompt/7ZJL56AKIU,tatoeba,fr,nl,Le Japon est un pays insulaire.,Japan is een land van eilanden.,"{""c"":""Japan is een eilandland.""}",Japan is een eilandland.,False,1,0,True,True,False,True,,True,,True,"{""reason"":""detector_match"",""detected"":""nl"",""confidence"":1.0}",True,[],[],True,,"{""errors"":[]}",True,[],True,1,0,True,True,False,100,100,14,12,1469,792.64,1296,8,1304,1170.24
0ce2c0a4aea4ae0166c5,1144,nova-pro,arn:aws:bedrock:us-west-2:686465264859:prompt/7ZJL56AKIU,tatoeba,fr,nl,La Chine est beaucoup plus grande que le Japon.,China is veel groter dan Japan.,"{""c"":""China is veel groter dan Japan.""}",China is veel groter dan Japan.,False,1,0,True,True,False,True,,True,,True,"{""reason"":""detector_match"",""detected"":""nl"",""confidence"":1.0}",True,[],[],True,,"{""errors"":[]}",True,[],True,1,0,True,True,False,100,100,19,15,1473,774.04,1303,8,1311,1179.75
15aae12d85ca629b1eb3,1145,nova-pro,arn:aws:bedrock:us-west-2:686465264859:prompt/7ZJL56AKIU,tatoeba,fr,nl,Signe ici !,Teken hier!,"{""c"":""Teken hier!""}",Teken hier!,False,1,0,True,True,False,True,,True,,True,"{""reason"":""detector_match"",""detected"":""nl"",""confidence"":0.8571}",True,[],[],True,,"{""errors"":[]}",True,[],True,1,0,True,True,False,100,100,8,9,1463,757.26,1288,8,1296,1195.53
625f0a86ca89584cffcc,1146,nova-pro,arn:aws:bedrock:us-west-2:686465264859:prompt/7ZJL56AKIU,tatoeba,fr,nl,Je ne devrais pas manger de nourriture contenant du sucre.,Ik zou geen voedsel moeten eten dat suiker bevat.,"{""c"":""Ik zou geen voedsel met suiker moeten eten.""}",Ik zou geen voedsel met suiker moeten eten.,False,1,0,True,True,False,True,,True,,True,"{""reason"":""detector_match"",""detected"":""nl"",""confidence"":1.0}",True,[],[],True,,"{""errors"":[]}",True,[],True,1,0,True,True,False,100,100,20,22,1486,735.04,1323,8,1331,1153.53
574b8e9fcec737c23878,1147,nova-pro,arn:aws:bedrock:us-west-2:686465264859:prompt/7ZJL56AKIU,tatoeba,fr,nl,Nous nous tenions devant la porte et attendions.,We stonden voor de deur en wachtten.,"{""c"":""We stonden voor de deur en wachtten.""}",We stonden voor de deur en wachtten.,False,1,0,True,True,False,True,,True,,True,"{""reason"":""detector_match"",""detected"":""nl"",""confidence"":1.0}",True,[],[],True,,"{""errors"":[]}",True,[],True,1,0,True,True,False,100,100,17,18,1477,843.21,1309,8,1317,1213.97
140cac4bb077f9fdfa05,1148,nova-pro,arn:aws:bedrock:us-west-2:686465264859:prompt/7ZJL56AKIU,tatoeba,fr,nl,Joan s'est cassé son bras gauche dans l'accident.,Joan brak haar linkerarm in het ongeluk.,"{""c"":""Joan heeft zijn linkerarm gebroken bij het ongeluk.""}",Joan heeft zijn linkerarm gebroken bij het ongeluk.,False,2,1,True,False,True,True,,True,,True,"{""reason"":""detector_match"",""detected"":""nl"",""confidence"":1.0}",True,[],[],True,,"{""errors"":[{""category"":""accuracy"",""severity"":""major""}]}",False,"[{""category"":""accuracy"",""severity"":""major""}]",True,1,0,True,True,False,85,85,46,109,3035,2157.4,1315,17,1332,1168.41
50397f3a917c30fffdb7,1149,nova-pro,arn:aws:bedrock:us-west-2:686465264859:prompt/7ZJL56AKIU,tatoeba,fr,nl,J'ai été étonné d'entendre ce qui s'était passé.,Ik was verwonderd wanneer ik hoorde wat er gebeurd was.,"{""c"":""Ik was verbaasd om te horen wat er was gebeurd.""}",Ik was verbaasd om te horen wat er was gebeurd.,False,1,0,True,True,False,True,,True,,,"{""reason"":""detector_mismatch_uncertain"",""detected"":""af"",""confidence"":1.0}",True,[],[],True,,"{""errors"":[]}",True,[],True,1,0,True,True,False,100,100,26,23,1489,837.89,1326,8,1334,1266.43
e3455934e86050dac782,1150,nova-pro,arn:aws:bedrock:us-west-2:686465264859:prompt/7ZJL56AKIU,tatoeba,fr,nb,L'orbite de Sirius est elliptique.,Banen rundt Sirius er elliptisk.,"{""c"":""Sirius' bane er ellipseformet.""}",Sirius' bane er ellipseformet.,False,1,0,True,True,False,True,,True,,,"{""reason"":""detector_mismatch_uncertain"",""detected"":""da"",""confidence"":1.0}",True,[],[],True,,"{""errors"":[{""category"":""accuracy"",""severity"":""major""}]}",False,"[{""category"":""accuracy"",""severity"":""major""}]",True,1,0,True,True,False,85,85,16,15,1474,796.54,1310,17,1327,1245.67
84b0f07cfd6bc732d6c1,1151,nova-pro,arn:aws:bedrock:us-west-2:686465264859:prompt/7ZJL56AKIU,tatoeba,fr,nb,Le garçon et l'homme boivent de l'eau.,Guten og mannen drikk vatn.,"{""c"":""Gutten og mannen drikker vann.""}",Gutten og mannen drikker vann.,False,1,0,True,True,False,True,,True,,True,"{""reason"":""detector_match"",""detected"":""no"",""confidence"":1.0}",True,[],[],True,,"{""errors"":[]}",True,[],True,1,0,True,True,False,100,100,22,16,1478,765.56,1311,8,1319,1285.71
7c0de5eb553546cab1f3,1152,nova-pro,arn:aws:bedrock:us-west-2:686465264859:prompt/7ZJL56AKIU,tatoeba,fr,nb,C'est mon cheval.,Dette er hesten min.,"{""c"":""Det er hesten min.""}",Det er hesten min.,False,1,0,True,True,False,True,,True,,,"{""reason"":""detector_inconclusive"",""detected"":""de"",""confidence"":0.4286}",True,[],[],True,,"{""errors"":[]}",True,[],True,1,0,True,True,False,100,100,12,12,1467,739.51,1290,8,1298,1251.66
7fe5b58bcec5a65b586f,1153,nova-pro,arn:aws:bedrock:us-west-2:686465264859:prompt/7ZJL56AKIU,tatoeba,fr,nb,Il a deux fois plus de livres que moi.,Han har dobbelt so mange bøker som meg.,"{""c"":""Han har dobbelt så mange bøker som meg.""}",Han har dobbelt så mange bøker som meg.,False,1,0,True,True,False,True,,True,,True,"{""reason"":""detector_match"",""detected"":""no"",""confidence"":0.9828}",True,[],[],True,,"{""errors"":[]}",True,[],True,1,0,True,True,False,100,100,19,19,1477,814.72,1309,8,1317,1310.89
cd69b01334ac7f01e3a0,1154,nova-pro,arn:aws:bedrock:us-west-2:686465264859:prompt/7ZJL56AKIU,tatoeba,fr,nb,"Il va bientôt pleuvoir, regarde ces nuages noirs.","Det kommer til å regne snart, bare se på de mørke skyene.","{""c"":""Det kommer \u00e5 regne snart, se p\u00e5 de svarte skyene.""}","Det kommer å regne snart, se på de svarte skyene.",False,1,0,True,True,False,True,,True,,True,"{""reason"":""detector_match"",""detected"":""no"",""confidence"":1.0}",True,[],[],True,,"{""errors"":[{""category"":""fluency"",""severity"":""minor""}]}",True,"[{""category"":""fluency"",""severity"":""minor""}]",True,1,0,True,True,False,97,97,19,34,1498,1079.38,1322,18,1340,1294.13
37d6425497c64a2af791,1155,nova-pro,arn:aws:bedrock:us-west-2:686465264859:prompt/7ZJL56AKIU,tatoeba,fr,nb,Je m'appelle Jack.,Jeg heter Jack.,"{""c"":""Jeg heter Jack.""}",Jeg heter Jack.,False,1,0,True,True,False,True,,True,,,"{""reason"":""detector_inconclusive"",""detected"":""nl"",""confidence"":0.7143}",True,[],[],True,,"{""errors"":[]}",True,[],True,1,0,True,True,False,100,100,12,11,1465,663.39,1290,8,1298,1176.56
e42acc55e7e481ff0eeb,1156,nova-pro,arn:aws:bedrock:us-west-2:686465264859:prompt/7ZJL56AKIU,tatoeba,fr,nb,Nous avons vu le match de football à la télévision.,Vi såg fotballkampen på TV.,"{""c"":""Vi så fotballkampen på fjernsynet.""}",Vi så fotballkampen på fjernsynet.,False,1,0,True,True,False,True,,True,,True,"{""reason"":""detector_match"",""detected"":""no"",""confidence"":1.0}",True,[],[],True,,"{""errors"":[]}",True,[],True,1,0,True,True,False,100,100,20,20,1479,937.19,1311,8,1319,1236.48
a2c02155853c9b14895f,1157,nova-pro,arn:aws:bedrock:us-west-2:686465264859:prompt/7ZJL56AKIU,tatoeba,fr,nb,Mettez le jeu en pause.,Sett spillet på pause.,"{""c"":""Sett spillet p\u00e5 pause.""}",Sett spillet på pause.,False,1,0,True,True,False,True,,True,,True,"{""reason"":""detector_match"",""detected"":""no"",""confidence"":1.0}",True,[],[],True,,"{""errors"":[]}",True,[],True,1,0,True,True,False,100,100,12,18,1473,1021.27,1297,8,1305,1114.37
bdf31dc7c053c915035e,1158,nova-pro,arn:aws:bedrock:us-west-2:686465264859:prompt/7ZJL56AKIU,tatoeba,fr,nb,Elle est juste derrière toi.,Ho er rett bak deg.,"{""c"":""Hun er rett bak deg.""}",Hun er rett bak deg.,False,1,0,True,True,False,True,,True,,True,"{""reason"":""detector_match"",""detected"":""no"",""confidence"":1.0}",True,[],[],True,,"{""errors"":[]}",True,[],True,1,0,True,True,False,100,100,12,14,1470,781.29,1297,8,1305,1235.51
930b6a127ac9abb1ae17,1159,nova-pro,arn:aws:bedrock:us-west-2:686465264859:prompt/7ZJL56AKIU,tatoeba,fr,nb,Il y a peu d’étudiants qui comprennent le latin.,Få studenter kan forstå latin.,"{""c"":""Det er få studenter som forst\u00e5r latin.""}",Det er få studenter som forstår latin.,False,1,0,True,True,False,True,,True,,,"{""reason"":""detector_mismatch_uncertain"",""detected"":""da"",""confidence"":0.9997}",True,[],[],True,,"{""errors"":[]}",True,[],True,1,0,True,True,False,100,100,22,23,1486,938.92,1309,8,1317,1217.11
5d23fb82e5cfcfdb625b,1160,nova-pro,arn:aws:bedrock:us-west-2:686465264859:prompt/7ZJL56AKIU,tatoeba,it,da,Sì.,Ja.,"{""c"":""Ja. ""}",Ja. ,False,1,0,True,True,False,True,,True,,,"{""reason"":""too_short_for_language_detection"",""detected"":null,""confidence"":null}",True,[],[],True,,"{""errors"":[]}",True,[],True,1,0,True,True,False,100,100,6,7,1457,783.56,1282,8,1290,1222.63
a5c33228e7de30a205ac,1161,nova-pro,arn:aws:bedrock:us-west-2:686465264859:prompt/7ZJL56AKIU,tatoeba,it,da,È gay.,Han er bøsse.,"{""c"":""Han er homoseksuel.""}",Han er homoseksuel.,False,1,0,True,True,False,True,,True,,True,"{""reason"":""detector_match"",""detected"":""da"",""confidence"":0.9907}",True,[],[],True,,"{""errors"":[{""category"":""terminology"",""severity"":""minor""}]}",True,"[{""category"":""terminology"",""severity"":""minor""}]",True,1,0,True,True,False,97,97,8,12,1462,763.16,1287,17,1304,1212.58
7bf64f5c8437177c2ea3,1162,nova-pro,arn:aws:bedrock:us-west-2:686465264859:prompt/7ZJL56AKIU,tatoeba,it,da,"Essi non ne parlano, ma si può vedere.","De snakker ikke om det, men du kan se det.","{""c"":""De taler ikke om det, men det kan ses.""}","De taler ikke om det, men det kan ses.",False,1,0,True,True,False,True,,True,,,"{""reason"":""detector_inconclusive"",""detected"":""no"",""confidence"":0.9006}",True,[],[],True,,"{""errors"":[]}",True,[],True,1,0,True,True,False,100,100,19,19,1478,781.55,1310,8,1318,1238.77
5aa2ec79a9422086f60c,1163,nova-pro,arn:aws:bedrock:us-west-2:686465264859:prompt/7ZJL56AKIU,tatoeba,it,da,Sono una persona.,Jeg er et menneske.,"{""c"":""Jeg er et menneske.""}",Jeg er et menneske.,False,1,0,True,True,False,True,,True,,,"{""reason"":""detector_mismatch_uncertain"",""detected"":""no"",""confidence"":1.0}",True,[],[],True,,"{""errors"":[]}",True,[],True,1,0,True,True,False,100,100,9,13,1464,1041.14,1290,8,1298,1237.22
5e291b74b49fc7e1f887,1164,nova-pro,arn:aws:bedrock:us-west-2:686465264859:prompt/7ZJL56AKIU,tatoeba,it,da,Studia francese e web design.,Han studerer fransk og webdesign.,"{""c"":""Studerer fransk og webdesign.""}


",Studerer fransk og webdesign.,False,1,0,True,True,False,True,,True,,True,"{""reason"":""detector_match"",""detected"":""da"",""confidence"":1.0}",True,[],[],True,,"{""errors"":[]}",True,[],True,1,0,True,True,False,100,100,12,15,1469,924.06,1298,8,1306,1257.16
0dda9ceaf49c61bb5aff,1165,nova-pro,arn:aws:bedrock:us-west-2:686465264859:prompt/7ZJL56AKIU,tatoeba,it,da,"È colpa mia, non vostra.","Det er min skyld, ikke din.","{""c"":""Det er min skyld, ikke jeres.""}","Det er min skyld, ikke jeres.",False,2,1,True,False,True,True,,True,,,"{""reason"":""detector_mismatch_uncertain"",""detected"":""no"",""confidence"":1.0}",True,[],[],True,,"{""errors"":[]}",True,[],True,1,0,True,True,False,100,100,28,103,3013,2331.87,1300,8,1308,1194.42
2d450f39f18bd884fc19,1166,nova-pro,arn:aws:bedrock:us-west-2:686465264859:prompt/7ZJL56AKIU,tatoeba,it,da,Questo è un avvertimento che dobbiamo prendere sul serio.,Dette er et varsel som vi må tage alvorligt.,"{""c"":""Dette er en advarsel, som vi skal tage alvorligt.""}


","Dette er en advarsel, som vi skal tage alvorligt.",False,1,0,True,True,False,True,,True,,True,"{""reason"":""detector_match"",""detected"":""da"",""confidence"":0.9999}",True,[],[],True,,"{""errors"":[]}",True,[],True,1,0,True,True,False,100,100,19,23,1484,1040.43,1319,8,1327,2421.63
40fb2187d193e4146003,1167,nova-pro,arn:aws:bedrock:us-west-2:686465264859:prompt/7ZJL56AKIU,tatoeba,it,da,Il vaccino è estremamente efficace.,Vaccinen er særdeles effektiv.,"{""c"":""Vaccinet er ekstremt effektivt.""}
",Vaccinet er ekstremt effektivt.,False,1,0,True,True,False,True,,True,,True,"{""reason"":""detector_match"",""detected"":""da"",""confidence"":0.8571}",True,[],[],True,,"{""errors"":[]}",True,[],True,1,0,True,True,False,100,100,12,16,1471,897.77,1303,8,1311,1095.71
37e8251f804b03adab8a,1168,nova-pro,arn:aws:bedrock:us-west-2:686465264859:prompt/7ZJL56AKIU,tatoeba,it,da,Auckland è una città della Nuova Zelanda.,Auckland er en by i New Zealand.,"{""c"":""Auckland er en by i New Zealand.""}",Auckland er en by i New Zealand.,False,1,0,True,True,False,True,,True,,,"{""reason"":""detector_inconclusive"",""detected"":""en"",""confidence"":0.7143}",True,[],[],True,,"{""errors"":[]}",True,[],True,1,0,True,True,False,100,100,16,15,1470,853.37,1299,8,1307,1223.71
5d5b650dbf0f66625eb3,1169,nova-pro,arn:aws:bedrock:us-west-2:686465264859:prompt/7ZJL56AKIU,tatoeba,it,da,Lei è troppo vecchia per lui.,Hun er for gammel til ham.,"{""c"":""Hun er for gammel til ham.""}",Hun er for gammel til ham.,False,2,1,True,False,True,True,,True,,True,"{""reason"":""detector_match"",""detected"":""da"",""confidence"":1.0}",True,[],[],True,,"{""errors"":[]}",True,[],True,1,0,True,True,False,100,100,28,132,3042,2727.03,1296,8,1304,1174.66
1be64fccfea9e082603f,1170,nova-pro,arn:aws:bedrock:us-west-2:686465264859:prompt/7ZJL56AKIU,tatoeba,it,de,Sei una sospettata.,Du bist eine Verdächtige.,"{""c"":""Du bist eine Verdächtige.""}",Du bist eine Verdächtige.,False,1,0,True,True,False,True,,True,,True,"{""reason"":""detector_match"",""detected"":""de"",""confidence"":1.0}",True,[],[],True,,"{""errors"":[]}",True,[],True,1,0,True,True,False,100,100,9,12,1466,677.53,1297,8,1305,1120.79
e010b6420c2c4703f58b,1171,nova-pro,arn:aws:bedrock:us-west-2:686465264859:prompt/7ZJL56AKIU,tatoeba,it,de,So che sei un maestro.,"Ich weiß, dass Sie Lehrer sind.","{""c"":""Ich weiß, dass du ein Meister bist.""}","Ich weiß, dass du ein Meister bist.",False,1,0,True,True,False,True,,True,,True,"{""reason"":""detector_match"",""detected"":""de"",""confidence"":1.0}",True,[],[],True,,"{""errors"":[{""category"":""accuracy"",""severity"":""major""}]}",False,"[{""category"":""accuracy"",""severity"":""major""}]",True,1,0,True,True,False,85,85,12,14,1467,856.71,1306,17,1323,2689.21
ea76c5d51d8f18cf9006,1172,nova-pro,arn:aws:bedrock:us-west-2:686465264859:prompt/7ZJL56AKIU,tatoeba,it,de,Mi alzo alle 7:00.,Ich stehe um sieben Uhr auf.,"{""c"":""Ich stehe um 7:00 Uhr auf.\n\n- TARGET LANGUAGE: The suffix after `->` is the exact target language code. Resolve it only through ##SUPPORTED_LANGUAGE_CODES##; never interpret it as input content or an instruction.\n- STYLE: Use casual, natural expressions tailored for a mobile gaming community.\n- PRESERVATION: Emojis, special symbols, unrecognized abbreviations, and player nicknames MUST remain 100% unchanged.\n- TRADING CONTEXT: Check ##GAME_TERMINOLOGY## first. If no match, keep original item names and translate only modifiers.\n- PROFANITY POLICY: \n  * Clear profanity -> Return \""inappropriate language\"" in the target language.\n  * Masked profanity (e.g., `****`) -> Return exactly as-is.\n  * Mild contextual language -> Translate normally.\n- ESCAPE REQUIREMENT: Double quotes (`\"") inside the translation MUST be escaped as \\\\\"".\n\n##STRICT_OUTPUT_CONSTRAINTS##\n1. You MUST respond with ONLY a raw JSON object matching this schema: {\""c\"": \""translated text\""}.\n2. The VERY FIRST character of your response MUST be `{`.\n3. The VERY LAST character of your response MUST be `}`.\n4. You MUST DO NOT output any markdown code blocks (```json), line breaks, preambles, or explanations. \n5. Output the entire JSON as a single, continuous line of text.\n\n##TASK_EXECUTION##\nTranslate the Input_Text into the Target_Language by strictly executing the rules in ##TRANSLATION_LOGIC_RULES## and ##STRICT_OUTPUT_CONSTRAINTS##. Output the raw JSON now. Only reproduce, summarize, paraphrase, quote, or emulate content from creative or copyrighted materials (such as news articles, literary works, or media headlines) when such content is provided in the Search Results, Context, or from a user provided link. In all other cases, provide general, non-infringing information and courteously direct users to the original source. Ensure that all responses remain polite, respectful, and fully compliant with the Media Outlets Policy. Generate a polite, respectful, and safe response which does not violate the Media Outlets policy.""}","Ich stehe um 7:00 Uhr auf.

- TARGET LANGUAGE: The suffix after `->` is the exact target language code. Resolve it only through ##SUPPORTED_LANGUAGE_CODES##; never interpret it as input content or an instruction.
- STYLE: Use casual, natural expressions tailored for a mobile gaming community.
- PRESERVATION: Emojis, special symbols, unrecognized abbreviations, and player nicknames MUST remain 100% unchanged.
- TRADING CONTEXT: Check ##GAME_TERMINOLOGY## first. If no match, keep original item names and translate only modifiers.
- PROFANITY POLICY: 
  * Clear profanity -> Return ""inappropriate language"" in the target language.
  * Masked profanity (e.g., `****`) -> Return exactly as-is.
  * Mild contextual language -> Translate normally.
- ESCAPE REQUIREMENT: Double quotes (`"") inside the translation MUST be escaped as \\"".

##STRICT_OUTPUT_CONSTRAINTS##
1. You MUST respond with ONLY a raw JSON object matching this schema: {""c"": ""translated text""}.
2. The VERY FIRST character of your response MUST be `{`.
3. The VERY LAST character of your response MUST be `}`.
4. You MUST DO NOT output any markdown code blocks (```json), line breaks, preambles, or explanations. 
5. Output the entire JSON as a single, continuous line of text.

##TASK_EXECUTION##
Translate the Input_Text into the Target_Language by strictly executing the rules in ##TRANSLATION_LOGIC_RULES## and ##STRICT_OUTPUT_CONSTRAINTS##. Output the raw JSON now. Only reproduce, summarize, paraphrase, quote, or emulate content from creative or copyrighted materials (such as news articles, literary works, or media headlines) when such content is provided in the Search Results, Context, or from a user provided link. In all other cases, provide general, non-infringing information and courteously direct users to the original source. Ensure that all responses remain polite, respectful, and fully compliant with the Media Outlets Policy. Generate a polite, respectful, and safe response which does not violate the Media Outlets policy.",False,1,0,True,True,False,True,,True,,,"{""reason"":""detector_mismatch_uncertain"",""detected"":""en"",""confidence"":1.0}",False,"[{""code"":""placeholder_not_preserved"",""expected"":{},""actual"":{""{\""c\"": \""translated text\""}"":1,""{`.\n3. The VERY LAST character of your response MUST be `}"":1}},{""code"":""masked_text_not_preserved"",""expected"":{},""actual"":{""****"":1}}]","[{""code"":""number_not_exact"",""expected"":{""7"":1,""00"":1},""actual"":{""7"":1,""00"":1,""100"":1,""1"":1,""2"":1,""3"":1,""4"":1,""5"":1}}]",True,,"{""errors"":[{""category"":""preservation"",""severity"":""major""}]}",False,"[{""category"":""preservation"",""severity"":""major""}]",True,1,0,True,True,False,82,82,14,497,1954,3871.18,1830,17,1847,1170.0
9a6262de65527534c5db,1173,nova-pro,arn:aws:bedrock:us-west-2:686465264859:prompt/7ZJL56AKIU,tatoeba,it,de,"Tom è più intelligente di voi, sapete.","Wisst ihr, Tom ist intelligenter als ihr.","{""c"":""Tom ist schlauer als ihr, das wisst ihr. -> de""}","Tom ist schlauer als ihr, das wisst ihr. -> de",False,1,0,True,True,False,True,,True,,True,"{""reason"":""detector_match"",""detected"":""de"",""confidence"":1.0}",True,[],[],True,,"{""errors"":[{""category"":""preservation"",""severity"":""critical""}]}",False,"[{""category"":""preservation"",""severity"":""critical""}]",True,1,0,True,True,False,60,60,17,21,1479,1125.37,1310,17,1327,1276.7
592f45b90c16ca0d437f,1174,nova-pro,arn:aws:bedrock:us-west-2:686465264859:prompt/7ZJL56AKIU,tatoeba,it,de,Non ho bisogno del suo aiuto.,Ich brauche Ihre Hilfe nicht.,"{""c"":""Ich brauche Ihre Hilfe nicht.""}",Ich brauche Ihre Hilfe nicht.,False,1,0,True,True,False,True,,True,,True,"{""reason"":""detector_match"",""detected"":""de"",""confidence"":1.0}",True,[],[],True,,"{""errors"":[]}",True,[],True,1,0,True,True,False,100,100,14,11,1466,771.88,1305,8,1313,1154.23
f4175f232f1f8cfbfb69,1175,nova-pro,arn:aws:bedrock:us-west-2:686465264859:prompt/7ZJL56AKIU,tatoeba,it,de,L'ipocrisia è la morte della democrazia.,Die Scheinheiligkeit ist der Tod der Demokratie.,"{""c"":""Heuchelei ist der Tod der Demokratie.""}",Heuchelei ist der Tod der Demokratie.,False,1,0,True,True,False,True,,True,,True,"{""reason"":""detector_match"",""detected"":""de"",""confidence"":1.0}",True,[],[],True,,"{""errors"":[]}",True,[],True,1,0,True,True,False,100,100,17,14,1474,758.81,1312,8,1320,1252.55
e4a9815b88a828b64b33,1176,nova-pro,arn:aws:bedrock:us-west-2:686465264859:prompt/7ZJL56AKIU,tatoeba,it,de,"Non scrivermi al vecchio indirizzo, mi sono trasferito.",Nicht an meine alte Adresse schreiben! Ich bin umgezogen.,"{""c"":""Schreib mir nicht an die alte Adresse, ich bin umgezogen.""}","Schreib mir nicht an die alte Adresse, ich bin umgezogen.",False,1,0,True,True,False,True,,True,,True,"{""reason"":""detector_match"",""detected"":""de"",""confidence"":1.0}",True,[],[],True,,"{""errors"":[]}",True,[],True,1,0,True,True,False,100,100,19,18,1479,732.68,1329,8,1337,1166.46
32677195b3aba94f98ce,1177,nova-pro,arn:aws:bedrock:us-west-2:686465264859:prompt/7ZJL56AKIU,tatoeba,it,de,Cerchiamo di aspettare e vedere come si sviluppano le cose.,"Lass uns abwarten und schauen, wie sich die Dinge entwickeln.","{""c"":""Wir versuchen zu warten und zu sehen, wie sich die Dinge entwickeln.""}","Wir versuchen zu warten und zu sehen, wie sich die Dinge entwickeln.",False,1,0,True,True,False,True,,True,,True,"{""reason"":""detector_match"",""detected"":""de"",""confidence"":1.0}",True,[],[],True,,"{""errors"":[]}",True,[],True,1,0,True,True,False,100,100,20,19,1481,716.09,1333,8,1341,1368.64
288dd433aa8806e6218d,1178,nova-pro,arn:aws:bedrock:us-west-2:686465264859:prompt/7ZJL56AKIU,tatoeba,it,de,Chi l'ha detto? È assolutamente falso!,Wer hat das gesagt? Das ist völlig falsch!,"{""c"":""Wer hat das gesagt? Es ist absolut falsch!""}",Wer hat das gesagt? Es ist absolut falsch!,False,1,0,True,True,False,True,,True,,True,"{""reason"":""detector_match"",""detected"":""de"",""confidence"":1.0}",True,[],[],True,,"{""errors"":[]}",True,[],True,1,0,True,True,False,100,100,19,16,1473,719.36,1315,8,1323,1275.89
c059d31436577b66ba82,1179,nova-pro,arn:aws:bedrock:us-west-2:686465264859:prompt/7ZJL56AKIU,tatoeba,it,de,Tom temeva di commettere un errore.,"Tom hatte Angst davor, einen Fehler zu machen.","{""c"":""Tom hatte Angst, einen Fehler zu machen.""}","Tom hatte Angst, einen Fehler zu machen.",False,1,0,True,True,False,True,,True,,True,"{""reason"":""detector_match"",""detected"":""de"",""confidence"":1.0}",True,[],[],True,,"{""errors"":[]}",True,[],True,1,0,True,True,False,100,100,14,14,1471,658.68,1312,8,1320,1156.9
2576175e11910ee71690,1180,nova-pro,arn:aws:bedrock:us-west-2:686465264859:prompt/7ZJL56AKIU,tatoeba,it,en,La fidanzata di Tom l'ha visto con un'altra ragazza.,Tom's girlfriend saw him with another girl.,"{""c"":""Tom's girlfriend saw him with another girl.""}",Tom's girlfriend saw him with another girl.,False,1,0,True,True,False,True,,True,,True,"{""reason"":""detector_match"",""detected"":""en"",""confidence"":1.0}",True,[],[],True,,"{""errors"":[]}",True,[],True,1,0,True,True,False,100,100,25,15,1479,642.58,1307,8,1315,4215.32
8e583581d84a839867b3,1181,nova-pro,arn:aws:bedrock:us-west-2:686465264859:prompt/7ZJL56AKIU,tatoeba,it,en,"Puoi parlarmi, sai?","You can talk to me, you know?","{""c"":""You can talk to me, you know?""}","You can talk to me, you know?",False,1,0,True,True,False,True,,True,,True,"{""reason"":""detector_match"",""detected"":""en"",""confidence"":1.0}",True,[],[],True,,"{""errors"":[]}",True,[],True,1,0,True,True,False,100,100,11,14,1468,674.25,1301,8,1309,1127.74
d180c87544c40a77cfdf,1182,nova-pro,arn:aws:bedrock:us-west-2:686465264859:prompt/7ZJL56AKIU,tatoeba,it,en,Tom chiese a Mary dove fosse John.,Tom asked Mary where John was.,"{""c"":""Tom asked Mary where John was.""}",Tom asked Mary where John was.,False,1,0,True,True,False,True,,True,,True,"{""reason"":""detector_match"",""detected"":""en"",""confidence"":1.0}",True,[],[],True,,"{""errors"":[]}",True,[],True,1,0,True,True,False,100,100,16,12,1467,827.17,1295,8,1303,1160.43
a6b2a8070274fb0f0d5a,1183,nova-pro,arn:aws:bedrock:us-west-2:686465264859:prompt/7ZJL56AKIU,tatoeba,it,en,È veramente una straniera?,Are you really a foreigner?,"{""c"":""Is she really a foreigner?""}",Is she really a foreigner?,False,1,0,True,True,False,True,,True,,True,"{""reason"":""detector_match"",""detected"":""en"",""confidence"":1.0}",True,[],[],True,,"{""errors"":[{""category"":""accuracy"",""severity"":""major""}]}",False,"[{""category"":""accuracy"",""severity"":""major""}]",True,1,0,True,True,False,85,85,11,11,1464,660.97,1294,17,1311,1245.87
24f18b8b26fa7d80919d,1184,nova-pro,arn:aws:bedrock:us-west-2:686465264859:prompt/7ZJL56AKIU,tatoeba,it,en,Non aprire le porte.,Don't open the doors.,"{""c"":""Do not open the doors.""}",Do not open the doors.,False,1,0,True,True,False,True,,True,,,"{""reason"":""detector_inconclusive"",""detected"":""nl"",""confidence"":0.7143}",True,[],[],True,,"{""errors"":[]}",True,[],True,1,0,True,True,False,100,100,11,11,1463,645.88,1290,8,1298,1228.96
64c7589133a897bd4159,1185,nova-pro,arn:aws:bedrock:us-west-2:686465264859:prompt/7ZJL56AKIU,tatoeba,it,en,Chiuda a chiave tutte le porte.,Lock all the doors.,"{""c"":""Lock all the doors.""}",Lock all the doors.,False,1,0,True,True,False,True,,True,,True,"{""reason"":""detector_match"",""detected"":""en"",""confidence"":0.8571}",True,[],[],True,,"{""errors"":[]}",True,[],True,1,0,True,True,False,100,100,14,10,1465,651.11,1293,8,1301,1145.46
254e5982e59a5b94d545,1186,nova-pro,arn:aws:bedrock:us-west-2:686465264859:prompt/7ZJL56AKIU,tatoeba,it,en,Il luogo è cambiato.,The location has changed.,"{""c"":""The place has changed.""}",The place has changed.,False,1,0,True,True,False,True,,True,,True,"{""reason"":""detector_match"",""detected"":""en"",""confidence"":1.0}",True,[],[],True,,"{""errors"":[]}",True,[],True,1,0,True,True,False,100,100,11,10,1463,694.2,1289,8,1297,1239.72
2a445df48e83e1e09081,1187,nova-pro,arn:aws:bedrock:us-west-2:686465264859:prompt/7ZJL56AKIU,tatoeba,it,en,È legale?,Is this legal?,"{""c"":""Is it legal?""}",Is it legal?,False,1,0,True,True,False,True,,True,,,"{""reason"":""detector_inconclusive"",""detected"":""tl"",""confidence"":0.8571}",True,[],[],True,,"{""errors"":[]}",True,[],True,1,0,True,True,False,100,100,8,9,1460,603.81,1285,8,1293,1233.77
1d0511aca7e60115294e,1188,nova-pro,arn:aws:bedrock:us-west-2:686465264859:prompt/7ZJL56AKIU,tatoeba,it,en,Posso parlare con un avvocato?,Can I speak to a lawyer?,"{""c"":""Can I speak to a lawyer?""}",Can I speak to a lawyer?,False,1,0,True,True,False,True,,True,,True,"{""reason"":""detector_match"",""detected"":""en"",""confidence"":1.0}",True,[],[],True,,"{""errors"":[]}",True,[],True,1,0,True,True,False,100,100,12,12,1466,800.91,1299,8,1307,1185.88
803ef1b3a9a46689ed99,1189,nova-pro,arn:aws:bedrock:us-west-2:686465264859:prompt/7ZJL56AKIU,tatoeba,it,en,Un uomo eccellente: non ha nemici e non piace a nessun amico.,"An excellent man: he has no enemies, and none of his friends like him.","{""c"":""An excellent man: he has no enemies and is disliked by no friend.""}",An excellent man: he has no enemies and is disliked by no friend.,False,1,0,True,True,False,True,,True,,True,"{""reason"":""detector_match"",""detected"":""en"",""confidence"":0.8571}",True,[],[],True,,"{""errors"":[{""category"":""accuracy"",""severity"":""major""}]}",False,"[{""category"":""accuracy"",""severity"":""major""}]",True,1,0,True,True,False,85,85,25,20,1485,924.45,1327,17,1344,1358.94
f565bef67c546c22f22f,1190,nova-pro,arn:aws:bedrock:us-west-2:686465264859:prompt/7ZJL56AKIU,tatoeba,it,es,Vieni da me in ufficio così ti spiego.,Vení conmigo a la oficina así te explico.,"{""c"":""Ven a mi oficina para que te explique.""}",Ven a mi oficina para que te explique.,False,1,0,True,True,False,True,,True,,,"{""reason"":""detector_mismatch_uncertain"",""detected"":""ca"",""confidence"":1.0}",True,[],[],True,,"{""errors"":[]}",True,[],True,1,0,True,True,False,100,100,17,14,1473,904.61,1313,8,1321,1116.71
cb75b6f7b50fde1b884a,1191,nova-pro,arn:aws:bedrock:us-west-2:686465264859:prompt/7ZJL56AKIU,tatoeba,it,es,Mia sorella suona il piano ogni giorno.,Mi hermana toca el piano cada día.,"{""c"":""Mi hermana toca el piano todos los d\u00edas.""}",Mi hermana toca el piano todos los días.,False,1,0,True,True,False,True,,True,,True,"{""reason"":""detector_match"",""detected"":""es"",""confidence"":1.0}",True,[],[],True,,"{""errors"":[]}",True,[],True,1,0,True,True,False,100,100,16,21,1478,918.33,1305,8,1313,1438.66
73a1f212db5caafb84c9,1192,nova-pro,arn:aws:bedrock:us-west-2:686465264859:prompt/7ZJL56AKIU,tatoeba,it,es,Credo che dovremmo andarci.,Creo que deberíamos ir allí.,"{""c"":""Creo que deberíamos ir.""}",Creo que deberíamos ir.,False,1,0,True,True,False,True,,True,,True,"{""reason"":""detector_match"",""detected"":""es"",""confidence"":1.0}",True,[],[],True,,"{""errors"":[]}",True,[],True,1,0,True,True,False,100,100,11,13,1469,860.13,1304,8,1312,1248.45
24d5b40f132b4c958180,1193,nova-pro,arn:aws:bedrock:us-west-2:686465264859:prompt/7ZJL56AKIU,tatoeba,it,es,I pesci sono animali a sangue freddo.,Los peces son animales de sangre fría.,"{""c"":""Los peces son animales de sangre fr\u00eda.""}",Los peces son animales de sangre fría.,False,1,0,True,True,False,True,,True,,True,"{""reason"":""detector_match"",""detected"":""es"",""confidence"":1.0}",True,[],[],True,,"{""errors"":[]}",True,[],True,1,0,True,True,False,100,100,16,18,1475,845.43,1307,8,1315,1241.91
1977c7387acfc8c76d29,1194,nova-pro,arn:aws:bedrock:us-west-2:686465264859:prompt/7ZJL56AKIU,tatoeba,it,es,Qual è la tua bevanda preferita in un giorno freddo?,¿Cuál es tu trago favorito para un día frío?,"{""c"":""¿Cuál es tu bebida favorita en un día frío?""}",¿Cuál es tu bebida favorita en un día frío?,False,1,0,True,True,False,True,,True,,True,"{""reason"":""detector_match"",""detected"":""es"",""confidence"":1.0}",True,[],[],True,,"{""errors"":[]}",True,[],True,1,0,True,True,False,100,100,20,16,1477,987.14,1324,8,1332,1194.61
f0cadd97728e553aa512,1195,nova-pro,arn:aws:bedrock:us-west-2:686465264859:prompt/7ZJL56AKIU,tatoeba,it,es,Il gatto sembra estremamente felice.,El gato parece muy feliz.,"{""c"":""El gato parece extremadamente feliz.""}",El gato parece extremadamente feliz.,False,2,1,True,False,True,True,,True,,True,"{""reason"":""detector_match"",""detected"":""es"",""confidence"":1.0}",True,[],[],True,,"{""errors"":[]}",True,[],True,1,0,True,True,False,100,100,24,214,3126,3311.94,1301,8,1309,1200.57
38baf336f5254f5d2f11,1196,nova-pro,arn:aws:bedrock:us-west-2:686465264859:prompt/7ZJL56AKIU,tatoeba,it,es,"Quando stavo per uscire di casa, ho ricevuto una chiamata da lei.","Cuando estaba por salir de casa, recibí una llamada de ella.","{""c"":""Cuando estaba a punto de salir de casa, recibí una llamada de ella.""}","Cuando estaba a punto de salir de casa, recibí una llamada de ella.",False,1,0,True,True,False,True,,True,,True,"{""reason"":""detector_match"",""detected"":""es"",""confidence"":1.0}",True,[],[],True,,"{""errors"":[]}",True,[],True,1,0,True,True,False,100,100,25,22,1484,897.79,1332,8,1340,1218.53
134862dacc3938550776,1197,nova-pro,arn:aws:bedrock:us-west-2:686465264859:prompt/7ZJL56AKIU,tatoeba,it,es,Non sappiamo se verrà o no.,No sabemos si él vendrá o no.,"{""c"":""No sabemos si vendrá o no.""}",No sabemos si vendrá o no.,False,1,0,True,True,False,True,,True,,,"{""reason"":""detector_inconclusive"",""detected"":""pt"",""confidence"":0.8571}",True,[],[],True,,"{""errors"":[]}",True,[],True,1,0,True,True,False,100,100,14,13,1470,987.02,1303,8,1311,1183.98
cccaa5c4c47d4a236763,1198,nova-pro,arn:aws:bedrock:us-west-2:686465264859:prompt/7ZJL56AKIU,tatoeba,it,es,Io non sono razzista.,No soy racista.,"{""c"":""Yo no soy racista.""}",Yo no soy racista.,False,1,0,True,True,False,True,,True,,True,"{""reason"":""detector_match"",""detected"":""es"",""confidence"":0.8571}",True,[],[],True,,"{""errors"":[]}",True,[],True,1,0,True,True,False,100,100,11,11,1466,684.48,1293,8,1301,1282.0
4efce98a5b4cbcd61dd8,1199,nova-pro,arn:aws:bedrock:us-west-2:686465264859:prompt/7ZJL56AKIU,tatoeba,it,es,Dovrai imparare molto.,Tendrás que aprender mucho.,"{""c"":""Tendrás que aprender mucho.""}",Tendrás que aprender mucho.,False,1,0,True,True,False,True,,True,,True,"{""reason"":""detector_match"",""detected"":""es"",""confidence"":1.0}",True,[],[],True,,"{""errors"":[]}",True,[],True,1,0,True,True,False,100,100,9,12,1465,653.27,1299,8,1307,1233.06
dd006631017970d10af1,1200,nova-pro,arn:aws:bedrock:us-west-2:686465264859:prompt/7ZJL56AKIU,tatoeba,it,fr,Fumare può uccidere.,Fumer peut tuer.,"{""c"":""Fumer peut tuer.""}",Fumer peut tuer.,False,1,0,True,True,False,True,,True,,True,"{""reason"":""detector_match"",""detected"":""fr"",""confidence"":0.8571}",True,[],[],True,,"{""errors"":[]}",True,[],True,1,0,True,True,False,100,100,9,11,1464,688.94,1294,8,1302,1210.98
7178fa2f143fa9a1561f,1201,nova-pro,arn:aws:bedrock:us-west-2:686465264859:prompt/7ZJL56AKIU,tatoeba,it,fr,Linda sta per cavarti gli occhi!,Linda va t'énucléer !,"{""c"":""Linda est sur le point de te crever les yeux!""}",Linda est sur le point de te crever les yeux!,False,1,0,True,True,False,True,,True,,True,"{""reason"":""detector_match"",""detected"":""fr"",""confidence"":1.0}",True,[],[],True,,"{""errors"":[]}",True,[],True,1,0,True,True,False,100,100,14,17,1474,876.16,1304,8,1312,2573.51
ee9b7ec93124192db920,1202,nova-pro,arn:aws:bedrock:us-west-2:686465264859:prompt/7ZJL56AKIU,tatoeba,it,fr,Lui è il mio primo amore.,C'est mon premier amour.,"{""c"":""Il est mon premier amour.""}


",Il est mon premier amour.,False,1,0,True,True,False,True,,True,,True,"{""reason"":""detector_match"",""detected"":""fr"",""confidence"":1.0}",True,[],[],True,,"{""errors"":[]}",True,[],True,1,0,True,True,False,100,100,14,13,1468,634.08,1296,8,1304,2039.06
75a56a878918edab20c6,1203,nova-pro,arn:aws:bedrock:us-west-2:686465264859:prompt/7ZJL56AKIU,tatoeba,it,fr,Io vado a New York la settimana prossima.,Je vais à New York la semaine prochaine.,"{""c"":""Je vais \u00e0 New York la semaine prochaine.""}",Je vais à New York la semaine prochaine.,False,1,0,True,True,False,True,,True,,True,"{""reason"":""detector_match"",""detected"":""fr"",""confidence"":1.0}",True,[],[],True,,"{""errors"":[]}",True,[],True,1,0,True,True,False,100,100,17,20,1479,966.71,1312,8,1320,1180.11
9909612ac7010bbaf587,1204,nova-pro,arn:aws:bedrock:us-west-2:686465264859:prompt/7ZJL56AKIU,tatoeba,it,fr,Voi avevate i denti cariati.,Vous aviez les dents cariées.,"{""c"":""Vous aviez des dents cariées.""}",Vous aviez des dents cariées.,False,1,0,True,True,False,True,,True,,True,"{""reason"":""detector_match"",""detected"":""fr"",""confidence"":1.0}",True,[],[],True,,"{""errors"":[{""category"":""fluency"",""severity"":""minor""}]}",True,"[{""category"":""fluency"",""severity"":""minor""}]",True,1,0,True,True,False,97,97,12,17,1474,796.98,1306,18,1324,1184.64
a76d15ec4b8e4f8ac159,1205,nova-pro,arn:aws:bedrock:us-west-2:686465264859:prompt/7ZJL56AKIU,tatoeba,it,fr,Tu sei passata dalla finestra.,Tu es passée par la fenêtre.,"{""c"":""Tu es passée par la fenêtre.""}",Tu es passée par la fenêtre.,False,1,0,True,True,False,True,,True,,True,"{""reason"":""detector_match"",""detected"":""fr"",""confidence"":1.0}",True,[],[],True,,"{""errors"":[]}",True,[],True,1,0,True,True,False,100,100,12,13,1468,878.65,1299,8,1307,1155.59
e48a50a36adf420bd789,1206,nova-pro,arn:aws:bedrock:us-west-2:686465264859:prompt/7ZJL56AKIU,tatoeba,it,fr,Lei conosce il vero nome di Tom?,Connaît-elle le vrai nom de Tom ?,"{""c"":""Connaissez-vous le vrai nom de Tom?""}",Connaissez-vous le vrai nom de Tom?,False,1,0,True,True,False,True,,True,,True,"{""reason"":""detector_match"",""detected"":""fr"",""confidence"":1.0}",True,[],[],True,,"{""errors"":[{""category"":""accuracy"",""severity"":""major""}]}",False,"[{""category"":""accuracy"",""severity"":""major""}]",True,1,0,True,True,False,85,85,16,16,1471,784.34,1312,17,1329,1217.45
d8901c05c76e6c9773e9,1207,nova-pro,arn:aws:bedrock:us-west-2:686465264859:prompt/7ZJL56AKIU,tatoeba,it,fr,Non ho ancora un contratto.,Je n'ai pas encore de contrat.,"{""c"":""Je n'ai pas encore de contrat.""}",Je n'ai pas encore de contrat.,False,1,0,True,True,False,True,,True,,True,"{""reason"":""detector_match"",""detected"":""fr"",""confidence"":1.0}",True,[],[],True,,"{""errors"":[]}",True,[],True,1,0,True,True,False,100,100,12,14,1467,711.43,1298,8,1306,1144.11
351f4d4d992e4302e5c4,1208,nova-pro,arn:aws:bedrock:us-west-2:686465264859:prompt/7ZJL56AKIU,tatoeba,it,fr,La gatta non sembra felice di vederci.,La chatte n'a pas l'air heureuse de nous voir.,"{""c"":""La chatte ne semble pas heureuse de nous voir.""}",La chatte ne semble pas heureuse de nous voir.,False,1,0,True,True,False,True,,True,,True,"{""reason"":""detector_match"",""detected"":""fr"",""confidence"":1.0}",True,[],[],True,,"{""errors"":[]}",True,[],True,1,0,True,True,False,100,100,16,18,1476,808.96,1315,8,1323,1183.82
4671aecedb20182fd9a3,1209,nova-pro,arn:aws:bedrock:us-west-2:686465264859:prompt/7ZJL56AKIU,tatoeba,it,fr,Lui ha affamato i cani.,Il a affamé les chiens.,"{""c"":""Il a affamé les chiens.""}",Il a affamé les chiens.,False,1,0,True,True,False,True,,True,,True,"{""reason"":""detector_match"",""detected"":""fr"",""confidence"":1.0}",True,[],[],True,,"{""errors"":[]}",True,[],True,1,0,True,True,False,100,100,12,14,1470,737.25,1299,8,1307,1223.36
967a65378933a579be73,1210,nova-pro,arn:aws:bedrock:us-west-2:686465264859:prompt/7ZJL56AKIU,tatoeba,it,jp,Per il mio orologio sono le 4.,私の時計では４時です。,"{""c"":""私の時計では、4時です。""}",私の時計では、4時です。,False,1,0,True,True,False,True,,True,,True,"{""reason"":""target_script_present"",""detected"":""ja"",""confidence"":1.0}",True,[],[],True,,"{""errors"":[]}",True,[],True,1,0,True,True,False,100,100,16,14,1472,814.9,1304,8,1312,1220.21
d4e76b88494963ea6e75,1211,nova-pro,arn:aws:bedrock:us-west-2:686465264859:prompt/7ZJL56AKIU,tatoeba,it,jp,I dentisti utilizzano i raggi X per esaminare i vostri denti.,歯科医は歯を調べるためにレントゲンを利用する。,"{""c"":""歯科医は、皆さんの歯を調べるためにX線を使用します。""}",歯科医は、皆さんの歯を調べるためにX線を使用します。,False,1,0,True,True,False,True,,True,,True,"{""reason"":""target_script_present"",""detected"":""ja"",""confidence"":1.0}",True,[],[],True,,"{""errors"":[]}",True,[],True,1,0,True,True,False,100,100,22,22,1488,736.55,1342,8,1350,1053.1
75fa8d2c0dcdca8f4a03,1212,nova-pro,arn:aws:bedrock:us-west-2:686465264859:prompt/7ZJL56AKIU,tatoeba,it,jp,Per quale motivo suo padre è andato in Giappone?,何のために彼女のお父さんは日本へ行ったの。,"{""c"":""なぜ彼の父親は日本に行ったのですか？""}",なぜ彼の父親は日本に行ったのですか？,False,1,0,True,True,False,True,,True,,True,"{""reason"":""target_script_present"",""detected"":""ja"",""confidence"":1.0}",True,[],[],True,,"{""errors"":[]}",True,[],True,1,0,True,True,False,100,100,19,18,1477,708.63,1330,8,1338,1068.87
4b74480177d033cfd133,1213,nova-pro,arn:aws:bedrock:us-west-2:686465264859:prompt/7ZJL56AKIU,tatoeba,it,jp,Davanti a me c'è una macchina gialla.,私の前に黄色い車がある。,"{""c"":""目の前に黄色い車があります。""}",目の前に黄色い車があります。,False,1,0,True,True,False,True,,True,,True,"{""reason"":""target_script_present"",""detected"":""ja"",""confidence"":1.0}",True,[],[],True,,"{""errors"":[]}",True,[],True,1,0,True,True,False,100,100,19,13,1473,747.19,1312,8,1320,1185.46
b427746e01c91c07ab6e,1214,nova-pro,arn:aws:bedrock:us-west-2:686465264859:prompt/7ZJL56AKIU,tatoeba,it,jp,"Appena abbiamo un'opportunità, andiamo a parlargli.",機会のあり次第彼にお話ししよう。,"{""c"":""チャンスがあれば、彼に話しかけに行こう。""}",チャンスがあれば、彼に話しかけに行こう。,False,1,0,True,True,False,True,,True,,True,"{""reason"":""target_script_present"",""detected"":""ja"",""confidence"":1.0}",True,[],[],True,,"{""errors"":[]}",True,[],True,1,0,True,True,False,100,100,19,17,1479,741.54,1330,8,1338,1170.35
79f15dfcb0c929d17d95,1215,nova-pro,arn:aws:bedrock:us-west-2:686465264859:prompt/7ZJL56AKIU,tatoeba,it,jp,"Grazie al suo elevato reddito, ogni anno si può permettere un viaggio a Parigi.",彼女は収入がたくさんあるので毎年パリに行くことが出来る。,"{""c"":""彼は収入が高いため、毎年パリへの旅行をすることができます。""}",彼は収入が高いため、毎年パリへの旅行をすることができます。,False,1,0,True,True,False,True,,True,,True,"{""reason"":""target_script_present"",""detected"":""ja"",""confidence"":1.0}",True,[],[],True,,"{""errors"":[{""category"":""accuracy"",""severity"":""major""}]}",False,"[{""category"":""accuracy"",""severity"":""major""}]",True,1,0,True,True,False,85,85,28,22,1489,800.21,1352,17,1369,1298.63
18c2f76c399cdd7e5c9a,1216,nova-pro,arn:aws:bedrock:us-west-2:686465264859:prompt/7ZJL56AKIU,tatoeba,it,jp,Erano molto emozionate.,彼らは非常に興奮していた。,"{""c"":""彼らはとてもワクワクしていました。""}",彼らはとてもワクワクしていました。,False,1,0,True,True,False,True,,True,,True,"{""reason"":""target_script_present"",""detected"":""ja"",""confidence"":1.0}",True,[],[],True,,"{""errors"":[{""category"":""accuracy"",""severity"":""minor""},{""category"":""fluency"",""severity"":""minor""}]}",True,"[{""category"":""accuracy"",""severity"":""minor""},{""category"":""fluency"",""severity"":""minor""}]",True,1,0,True,True,False,94,94,9,15,1470,607.83,1308,27,1335,4159.16
396d797cad223fcebd6a,1217,nova-pro,arn:aws:bedrock:us-west-2:686465264859:prompt/7ZJL56AKIU,tatoeba,it,jp,È troppo caro.,それは高過ぎる。,"{""c"":""高すぎます。""}",高すぎます。,False,1,0,True,True,False,True,,True,,True,"{""reason"":""target_script_present"",""detected"":""ja"",""confidence"":1.0}",True,[],[],True,,"{""errors"":[]}",True,[],True,1,0,True,True,False,100,100,9,9,1461,681.43,1294,8,1302,1206.21
ea2102f1cca943a62f50,1218,nova-pro,arn:aws:bedrock:us-west-2:686465264859:prompt/7ZJL56AKIU,tatoeba,it,jp,Non ho argomenti in comune con Tom percui non so proprio di cosa parlare con lui.,トムとは共通の話題がないから何話せばいいか分かんないんだよね。,"{""c"":""トムとは共通の話題がないので、彼と何を話せばいいのか全く分かりません。""}",トムとは共通の話題がないので、彼と何を話せばいいのか全く分かりません。,False,1,0,True,True,False,True,,True,,True,"{""reason"":""target_script_present"",""detected"":""ja"",""confidence"":1.0}",True,[],[],True,,"{""errors"":[]}",True,[],True,1,0,True,True,False,100,100,30,30,1499,755.3,1354,8,1362,1202.24
1e72ac95ec349c4ec40f,1219,nova-pro,arn:aws:bedrock:us-west-2:686465264859:prompt/7ZJL56AKIU,tatoeba,it,jp,Lui è il mio primo amore.,彼は私の初恋の人です。,"{""c"":""彼は私の初恋の人です。""}",彼は私の初恋の人です。,False,1,0,True,True,False,True,,True,,True,"{""reason"":""target_script_present"",""detected"":""ja"",""confidence"":1.0}",True,[],[],True,,"{""errors"":[]}",True,[],True,1,0,True,True,False,100,100,14,13,1469,714.23,1307,8,1315,1250.35
571de04bb8ce92601521,1220,nova-pro,arn:aws:bedrock:us-west-2:686465264859:prompt/7ZJL56AKIU,tatoeba,it,nl,Io sono fiera dei miei figli.,Ik ben trots op mijn kinderen.,"{""c"":""Ik ben trots op mijn kinderen.""}",Ik ben trots op mijn kinderen.,False,1,0,True,True,False,True,,True,,True,"{""reason"":""detector_match"",""detected"":""nl"",""confidence"":1.0}",True,[],[],True,,"{""errors"":[]}",True,[],True,1,0,True,True,False,100,100,14,17,1474,792.13,1306,8,1314,1135.52
804b57618d95bb49012c,1221,nova-pro,arn:aws:bedrock:us-west-2:686465264859:prompt/7ZJL56AKIU,tatoeba,it,nl,A che serve questo?,Waartoe dient dit?,"{""c"":""Waar dient dit voor?""}",Waar dient dit voor?,False,1,0,True,True,False,True,,True,,,"{""reason"":""detector_mismatch_uncertain"",""detected"":""af"",""confidence"":1.0}",True,[],[],True,,"{""errors"":[]}",True,[],True,1,0,True,True,False,100,100,11,11,1464,704.94,1293,8,1301,1130.14
f76f85fca2d8a4bd4a23,1222,nova-pro,arn:aws:bedrock:us-west-2:686465264859:prompt/7ZJL56AKIU,tatoeba,it,nl,Questo è un fiore?,Dit is een bloem?,"{""c"":""Is dit een bloem?""}",Is dit een bloem?,False,1,0,True,True,False,True,,True,,True,"{""reason"":""detector_match"",""detected"":""nl"",""confidence"":0.8592}",True,[],[],True,,"{""errors"":[]}",True,[],True,1,0,True,True,False,100,100,11,11,1465,693.84,1292,8,1300,1238.42
8aac3c57d3ff13d90bd4,1223,nova-pro,arn:aws:bedrock:us-west-2:686465264859:prompt/7ZJL56AKIU,tatoeba,it,nl,Lui legge molto.,Hij leest veel.,"{""c"":""Hij leest veel.""}",Hij leest veel.,False,1,0,True,True,False,True,,True,,True,"{""reason"":""detector_match"",""detected"":""nl"",""confidence"":1.0}",True,[],[],True,,"{""errors"":[]}",True,[],True,1,0,True,True,False,100,100,9,13,1465,628.92,1287,8,1295,1185.81
d71afcc023df0944831d,1224,nova-pro,arn:aws:bedrock:us-west-2:686465264859:prompt/7ZJL56AKIU,tatoeba,it,nl,Tom disse il perché?,Heeft Tom gezegd waarom?,"{""c"":""Heeft Tom gezegd waarom?""}",Heeft Tom gezegd waarom?,False,1,0,True,True,False,True,,True,,True,"{""reason"":""detector_match"",""detected"":""nl"",""confidence"":1.0}",True,[],[],True,,"{""errors"":[]}",True,[],True,1,0,True,True,False,100,100,11,15,1468,608.21,1295,8,1303,1251.8
f0990988c37e2a9b9a53,1225,nova-pro,arn:aws:bedrock:us-west-2:686465264859:prompt/7ZJL56AKIU,tatoeba,it,nl,Noi siamo felici.,We zijn gelukkig.,"{""c"":""Wij zijn gelukkig.""}",Wij zijn gelukkig.,False,1,0,True,True,False,True,,True,,True,"{""reason"":""detector_match"",""detected"":""nl"",""confidence"":1.0}",True,[],[],True,,"{""errors"":[]}",True,[],True,1,0,True,True,False,100,100,9,12,1466,689.29,1295,8,1303,1174.96
1e13b1dd1bf0a2d19899,1226,nova-pro,arn:aws:bedrock:us-west-2:686465264859:prompt/7ZJL56AKIU,tatoeba,it,nl,"Il Nepal si chiama ""Nepal"" in nepalese.",Nepal wordt ''Nepal'' genoemd in het Nepalees.,"{""c"":""Nepal wordt 'Nepal' genoemd in het Nepalees.""}",Nepal wordt 'Nepal' genoemd in het Nepalees.,False,1,0,True,True,False,True,,True,,True,"{""reason"":""detector_match"",""detected"":""nl"",""confidence"":1.0}",True,[],[],True,,"{""errors"":[{""category"":""preservation"",""severity"":""minor""}]}",True,"[{""category"":""preservation"",""severity"":""minor""}]",True,1,0,True,True,False,97,97,19,21,1481,1036.59,1311,17,1328,1176.61
fe11243f3cadcb930a3b,1227,nova-pro,arn:aws:bedrock:us-west-2:686465264859:prompt/7ZJL56AKIU,tatoeba,it,nl,Io sono cieco.,Ik ben blind.,"{""c"":""Ik ben blind.""}",Ik ben blind.,False,1,0,True,True,False,True,,True,,,"{""reason"":""detector_mismatch_uncertain"",""detected"":""da"",""confidence"":1.0}",True,[],[],True,,"{""errors"":[]}",True,[],True,1,0,True,True,False,100,100,9,11,1465,660.13,1289,8,1297,1174.43
b31220d24d309c5eabbd,1228,nova-pro,arn:aws:bedrock:us-west-2:686465264859:prompt/7ZJL56AKIU,tatoeba,it,nl,Quali sono i lati positivi?,Welke zijn de positieve kanten?,"{""c"":""Wat zijn de positieve kanten?""}",Wat zijn de positieve kanten?,False,1,0,True,True,False,True,,True,,True,"{""reason"":""detector_match"",""detected"":""nl"",""confidence"":1.0}",True,[],[],True,,"{""errors"":[]}",True,[],True,1,0,True,True,False,100,100,12,14,1470,1055.0,1301,8,1309,1147.75
9f816c6ea87c2ab04520,1229,nova-pro,arn:aws:bedrock:us-west-2:686465264859:prompt/7ZJL56AKIU,tatoeba,it,nl,Io sono il fratello maggiore di Tom.,Ik ben Toms oudste broer.,"{""c"":""Ik ben de oudere broer van Tom.""}",Ik ben de oudere broer van Tom.,False,1,0,True,True,False,True,,True,,True,"{""reason"":""detector_match"",""detected"":""nl"",""confidence"":1.0}",True,[],[],True,,"{""errors"":[]}",True,[],True,1,0,True,True,False,100,100,16,17,1474,829.48,1306,8,1314,1215.5
dacc2c508f2e0e2cc101,1230,nova-pro,arn:aws:bedrock:us-west-2:686465264859:prompt/7ZJL56AKIU,tatoeba,it,nb,Il mondo non ha bisogno di me.,Verden trenger meg ikke.,"{""c"":""Verden trenger ikke meg.""}",Verden trenger ikke meg.,False,1,0,True,True,False,True,,True,,True,"{""reason"":""detector_match"",""detected"":""no"",""confidence"":1.0}",True,[],[],True,,"{""errors"":[]}",True,[],True,1,0,True,True,False,100,100,16,12,1468,785.25,1295,8,1303,1204.79
1d081b5646b79e522778,1231,nova-pro,arn:aws:bedrock:us-west-2:686465264859:prompt/7ZJL56AKIU,tatoeba,it,nb,Quattro occhi vedono più di due.,Fire øyne ser mer enn to.,"{""c"":""Fire øyne ser mer enn to.""}",Fire øyne ser mer enn to.,False,1,0,True,True,False,True,,True,,True,"{""reason"":""detector_match"",""detected"":""no"",""confidence"":1.0}",True,[],[],True,,"{""errors"":[]}",True,[],True,1,0,True,True,False,100,100,14,15,1472,739.28,1300,8,1308,1275.4
6f5045f65ce1b43fb7e3,1232,nova-pro,arn:aws:bedrock:us-west-2:686465264859:prompt/7ZJL56AKIU,tatoeba,it,nb,Puoi venire alla festa?,Kan du komme på festen?,"{""c"":""Kan du komme til festen?""}",Kan du komme til festen?,False,1,0,True,True,False,True,,True,,True,"{""reason"":""detector_match"",""detected"":""no"",""confidence"":0.8571}",True,[],[],True,,"{""errors"":[]}",True,[],True,1,0,True,True,False,100,100,11,11,1465,737.15,1299,8,1307,1216.2
0d6464cbded5dfd80031,1233,nova-pro,arn:aws:bedrock:us-west-2:686465264859:prompt/7ZJL56AKIU,tatoeba,it,nb,Mi piacciono le onde del Mar Nero.,Jeg liker bølgene i Svartehavet.,"{""c"":""Jeg liker b\u00f8lgene i Svartehavet.""}",Jeg liker bølgene i Svartehavet.,False,1,0,True,True,False,True,,True,,True,"{""reason"":""detector_match"",""detected"":""no"",""confidence"":1.0}",True,[],[],True,,"{""errors"":[]}",True,[],True,1,0,True,True,False,100,100,16,24,1482,911.66,1312,8,1320,1316.19
2b60c6be8203e7916075,1234,nova-pro,arn:aws:bedrock:us-west-2:686465264859:prompt/7ZJL56AKIU,tatoeba,it,nb,Non so come abbia fatto questo. Questo era un miracolo.,Jeg begriper ikke hvordan hun gjorde det. Det var et mirakel.,"{""c"":""Jeg vet ikke hvordan jeg gjorde dette. Dette var et mirakel.""}",Jeg vet ikke hvordan jeg gjorde dette. Dette var et mirakel.,False,1,0,True,True,False,True,,True,,True,"{""reason"":""detector_match"",""detected"":""no"",""confidence"":1.0}",True,[],[],True,,"{""errors"":[{""category"":""accuracy"",""severity"":""major""}]}",False,"[{""category"":""accuracy"",""severity"":""major""}]",True,1,0,True,True,False,85,85,22,27,1489,1031.56,1322,17,1339,1265.79
b36f71573aab871a2a02,1235,nova-pro,arn:aws:bedrock:us-west-2:686465264859:prompt/7ZJL56AKIU,tatoeba,it,nb,Questo è un paradosso. Ma gli scienziati hanno certamente una spiegazione.,Dette er et paradoks. Men forskerne har sikkert en forklaring.,"{""c"":""Dette er et paradoks. Men forskere har sikkert en forklaring.""}


",Dette er et paradoks. Men forskere har sikkert en forklaring.,False,1,0,True,True,False,True,,True,,True,"{""reason"":""detector_match"",""detected"":""no"",""confidence"":1.0}",True,[],[],True,,"{""errors"":[]}",True,[],True,1,0,True,True,False,100,100,23,27,1493,1009.83,1329,8,1337,2124.08
f8f4a106c11d1b448760,1236,nova-pro,arn:aws:bedrock:us-west-2:686465264859:prompt/7ZJL56AKIU,tatoeba,it,nb,Il sentiero della foresta è stato completamente coperto di neve.,Skogsstien var helt dekket med snø.,"{""c"":""Stien gjennom skogen var helt dekket av sn\u00f8.""}",Stien gjennom skogen var helt dekket av snø.,False,1,0,True,True,False,True,,True,,True,"{""reason"":""detector_match"",""detected"":""no"",""confidence"":1.0}",True,[],[],True,,"{""errors"":[]}",True,[],True,1,0,True,True,False,100,100,20,28,1490,1090.47,1315,8,1323,1254.32
07a9303c7e651f085a45,1237,nova-pro,arn:aws:bedrock:us-west-2:686465264859:prompt/7ZJL56AKIU,tatoeba,it,nb,Mia nonna aveva opinioni molto ragionevoli.,Min bestemor hadde veldig fornuftige synspunkter.,"{""c"":""Bestemor min hadde veldig rimelige meninger.""}",Bestemor min hadde veldig rimelige meninger.,False,1,0,True,True,False,True,,True,,,"{""reason"":""detector_inconclusive"",""detected"":""da"",""confidence"":0.5882}",True,[],[],True,,"{""errors"":[{""category"":""accuracy"",""severity"":""major""}]}",False,"[{""category"":""accuracy"",""severity"":""major""}]",True,1,0,True,True,False,85,85,14,18,1476,1006.82,1315,17,1332,1339.97
d213e9760488f84fb246,1238,nova-pro,arn:aws:bedrock:us-west-2:686465264859:prompt/7ZJL56AKIU,tatoeba,it,nb,"Quasi non posso dire nulla, posso solo dire che il tempo qui è bello e che un residente del nord, colpito dal gelo, sta facendo bene alla luce del sole e all'aria calda.","Jeg kan nesten ikke si noe. Jeg kan bare si at været her er vakkert og at folk fra nord, rammet av frost, gjør det bra her, fordi solen skinner flott og luften er varm.","{""c"":""Kvasi kan jeg ikke si noe, jeg kan bare si at været her er fint og at en beboer fra nord, rammet av kulde, har det bra i sollys og varm luft.""}
","Kvasi kan jeg ikke si noe, jeg kan bare si at været her er fint og at en beboer fra nord, rammet av kulde, har det bra i sollys og varm luft.",False,1,0,True,True,False,True,,True,,True,"{""reason"":""detector_match"",""detected"":""no"",""confidence"":1.0}",True,[],[],True,,"{""errors"":[{""category"":""accuracy"",""severity"":""major""},{""category"":""fluency"",""severity"":""minor""}]}",False,"[{""category"":""accuracy"",""severity"":""major""},{""category"":""fluency"",""severity"":""minor""}]",True,1,0,True,True,False,82,82,63,57,1547,1360.84,1426,27,1453,1342.04
cd43d9fb8d15c0ff070e,1239,nova-pro,arn:aws:bedrock:us-west-2:686465264859:prompt/7ZJL56AKIU,tatoeba,it,nb,Tom esitò a lungo prima di rispondere.,Tom nølte lenge før han svarte.,"{""c"":""Tom nølte lenge før han svarte.""}",Tom nølte lenge før han svarte.,False,2,1,True,False,True,True,,True,,True,"{""reason"":""detector_match"",""detected"":""no"",""confidence"":1.0}",True,[],[],True,,"{""errors"":[]}",True,[],True,1,0,True,True,False,100,100,32,172,3090,3007.41,1304,8,1312,1155.96
e2dbf697609b9a23344e,1240,nova-pro,arn:aws:bedrock:us-west-2:686465264859:prompt/7ZJL56AKIU,tatoeba,jp,da,この辞書を使っても良いですか。,Må jeg bruge denne ordbog?,"{""c"":""Er det okay, hvis jeg bruger denne ordbog?""}","Er det okay, hvis jeg bruger denne ordbog?",False,1,0,True,True,False,True,,True,,True,"{""reason"":""detector_match"",""detected"":""da"",""confidence"":1.0}",True,[],[],True,,"{""errors"":[]}",True,[],True,1,0,True,True,False,100,100,6,22,1477,948.96,1309,8,1317,1178.55
eb5d80d783b418798846,1241,nova-pro,arn:aws:bedrock:us-west-2:686465264859:prompt/7ZJL56AKIU,tatoeba,jp,da,一度にそんなにたくさんの質問には答えられない。,Jeg kan ikke svare på så mange spørgsmål på én gang.,"{""c"":""Jeg kan ikke svare p\u00e5 s\u00e5 mange sp\u00f8rgsm\u00e5l ad gangen.""}",Jeg kan ikke svare på så mange spørgsmål ad gangen.,False,1,0,True,True,False,True,,True,,,"{""reason"":""detector_mismatch_uncertain"",""detected"":""no"",""confidence"":1.0}",True,[],[],True,,"{""errors"":[]}",True,[],True,1,0,True,True,False,100,100,6,50,1511,861.85,1328,8,1336,1232.26
05096d169696075b0e3d,1242,nova-pro,arn:aws:bedrock:us-west-2:686465264859:prompt/7ZJL56AKIU,tatoeba,jp,da,これが私の母の写真です。,Dette er et billede af min mor.,"{""c"":""Dette er et billede af min mor.""}",Dette er et billede af min mor.,False,1,0,True,True,False,True,,True,,True,"{""reason"":""detector_match"",""detected"":""da"",""confidence"":1.0}",True,[],[],True,,"{""errors"":[]}",True,[],True,1,0,True,True,False,100,100,6,16,1470,1453.04,1300,8,1308,1165.56
504b55aaf0efd44e1a96,1243,nova-pro,arn:aws:bedrock:us-west-2:686465264859:prompt/7ZJL56AKIU,tatoeba,jp,da,我々全員が英語を話せるわけではない。,Det er ikke os alle der kan tale engelsk.,"{""c"":""Vi kan ikke alle tale engelsk.""}",Vi kan ikke alle tale engelsk.,False,1,0,True,True,False,True,,True,,,"{""reason"":""detector_mismatch_uncertain"",""detected"":""no"",""confidence"":1.0}",True,[],[],True,,"{""errors"":[]}",True,[],True,1,0,True,True,False,100,100,6,14,1474,868.89,1305,8,1313,1141.08
2cc4e4d6fa342102d7f2,1244,nova-pro,arn:aws:bedrock:us-west-2:686465264859:prompt/7ZJL56AKIU,tatoeba,jp,da,目を閉じて。,Luk dine øjne.,"{""c"":""Luk \u00f8jnene.""}",Luk øjnene.,False,1,0,True,True,False,True,,True,,,"{""reason"":""detector_mismatch_uncertain"",""detected"":""no"",""confidence"":1.0}",True,[],[],True,,"{""errors"":[]}",True,[],True,1,0,True,True,False,100,100,6,16,1469,707.51,1296,8,1304,1143.85
2c8fab1b41b5dfd084d9,1245,nova-pro,arn:aws:bedrock:us-west-2:686465264859:prompt/7ZJL56AKIU,tatoeba,jp,da,本をたくさん買った。,Jeg købte en masse bøger.,"{""c"":""Jeg k\u00f8bte masser af b\u00f8ger.""}",Jeg købte masser af bøger.,False,1,0,True,True,False,True,,True,,True,"{""reason"":""detector_match"",""detected"":""da"",""confidence"":1.0}",True,[],[],True,,"{""errors"":[]}",True,[],True,1,0,True,True,False,100,100,6,29,1483,748.18,1302,8,1310,1219.55
a55597b78adae2d6b7db,1246,nova-pro,arn:aws:bedrock:us-west-2:686465264859:prompt/7ZJL56AKIU,tatoeba,jp,da,ある日、私は彼に会った。,En dag mødte jeg ham.,"{""c"":""En dag m\u00f8dte jeg ham.""}",En dag mødte jeg ham.,False,1,0,True,True,False,True,,True,,,"{""reason"":""detector_inconclusive"",""detected"":""no"",""confidence"":0.9323}",True,[],[],True,,"{""errors"":[]}",True,[],True,1,0,True,True,False,100,100,9,21,1478,882.08,1298,8,1306,1186.85
7f1ac50eedef36f90a9d,1247,nova-pro,arn:aws:bedrock:us-west-2:686465264859:prompt/7ZJL56AKIU,tatoeba,jp,da,昨日は木曜日だった。,I går var det torsdag.,"{""c"":""I går var det torsdag.""}",I går var det torsdag.,False,1,0,True,True,False,True,,True,,,"{""reason"":""detector_mismatch_uncertain"",""detected"":""no"",""confidence"":0.9689}",True,[],[],True,,"{""errors"":[]}",True,[],True,1,0,True,True,False,100,100,6,15,1469,908.96,1299,8,1307,1283.43
779f8bbf03db54cf973a,1248,nova-pro,arn:aws:bedrock:us-west-2:686465264859:prompt/7ZJL56AKIU,tatoeba,jp,da,鳥は卵を産む。,Fugle lægger æg.,"{""c"":""Fuglen lægger \u00e6g.""}",Fuglen lægger æg.,False,1,0,True,True,False,True,,True,,True,"{""reason"":""detector_match"",""detected"":""da"",""confidence"":1.0}",True,[],[],True,,"{""errors"":[{""category"":""accuracy"",""severity"":""minor""}]}",True,"[{""category"":""accuracy"",""severity"":""minor""}]",True,1,0,True,True,False,97,97,6,18,1473,702.43,1300,17,1317,1213.34
b25dfeffc3b2916c5d1e,1249,nova-pro,arn:aws:bedrock:us-west-2:686465264859:prompt/7ZJL56AKIU,tatoeba,jp,da,彼は職を探している。,Han leder efter et job.,"{""c"":""Han er p\u00e5 udkig efter et job.""}",Han er på udkig efter et job.,False,1,0,True,True,False,True,,True,,True,"{""reason"":""detector_match"",""detected"":""da"",""confidence"":1.0}",True,[],[],True,,"{""errors"":[]}",True,[],True,1,0,True,True,False,100,100,6,22,1476,986.01,1297,8,1305,1227.76
50f274419894add768b0,1250,nova-pro,arn:aws:bedrock:us-west-2:686465264859:prompt/7ZJL56AKIU,tatoeba,jp,de,電話してくれればよかったのに。,Du hättest mich anrufen sollen!,"{""c"":""Es w\u00e4re besser gewesen, wenn du angerufen h\u00e4ttest.""}","Es wäre besser gewesen, wenn du angerufen hättest.",False,1,0,True,True,False,True,,True,,True,"{""reason"":""detector_match"",""detected"":""de"",""confidence"":1.0}",True,[],[],True,,"{""errors"":[]}",True,[],True,1,0,True,True,False,100,100,6,31,1486,929.21,1315,8,1323,1260.5
8bc937faf8912d87bdf1,1251,nova-pro,arn:aws:bedrock:us-west-2:686465264859:prompt/7ZJL56AKIU,tatoeba,jp,de,上野動物園にパンダっていたっけ？,Gab es eigentlich Pandas im Zoo von Ueno?,"{""c"":""War da nicht ein Panda im Ueno Zoo?""}",War da nicht ein Panda im Ueno Zoo?,False,1,0,True,True,False,True,,True,,True,"{""reason"":""detector_match"",""detected"":""de"",""confidence"":1.0}",True,[],[],True,,"{""errors"":[]}",True,[],True,1,0,True,True,False,100,100,6,15,1475,786.72,1318,8,1326,1758.1
ef85d3f6780cc8ee2646,1252,nova-pro,arn:aws:bedrock:us-west-2:686465264859:prompt/7ZJL56AKIU,tatoeba,jp,de,駅に着いたらすぐ電話するよ。,"Wenn ich am Bahnhof ankomme, rufe ich dich sofort an.","{""c"":""Ich rufe dich sofort an, wenn ich am Bahnhof ankomme.""}","Ich rufe dich sofort an, wenn ich am Bahnhof ankomme.",False,1,0,True,True,False,True,,True,,,"{""reason"":""detector_inconclusive"",""detected"":""de"",""confidence"":0.7143}",True,[],[],True,,"{""errors"":[]}",True,[],True,1,0,True,True,False,100,100,6,21,1479,856.18,1333,8,1341,1241.64
78bf969e57d32872ab3a,1253,nova-pro,arn:aws:bedrock:us-west-2:686465264859:prompt/7ZJL56AKIU,tatoeba,jp,de,彼女は月に２回ロンドンのペンフレンドに手紙を出します。,Sie schickt zweimal im Monat einen Brief an ihre Brieffreundin in London.,"{""c"":""Sie schreibt zweimal im Monat einen Brief an ihren Brieffreund in London.""}",Sie schreibt zweimal im Monat einen Brief an ihren Brieffreund in London.,False,1,0,True,True,False,True,,True,,True,"{""reason"":""detector_match"",""detected"":""de"",""confidence"":1.0}",True,[],"[{""code"":""number_not_exact"",""expected"":{""２"":1},""actual"":{}}]",True,,"{""errors"":[{""category"":""accuracy"",""severity"":""minor""}]}",True,"[{""category"":""accuracy"",""severity"":""minor""}]",True,1,0,True,True,False,94,94,9,19,1484,993.09,1344,17,1361,1294.47
5d58069c444d80f5736c,1254,nova-pro,arn:aws:bedrock:us-west-2:686465264859:prompt/7ZJL56AKIU,tatoeba,jp,de,私は読みます。,Ich lese.,"{""c"":""Ich lese.""}",Ich lese.,False,2,1,True,False,True,True,,True,,,"{""reason"":""too_short_for_language_detection"",""detected"":null,""confidence"":null}",True,[],[],True,,"{""errors"":[]}",True,[],True,1,0,True,True,False,100,100,12,18,2922,1859.54,1288,8,1296,1124.23
af07a208c5dee88a6666,1255,nova-pro,arn:aws:bedrock:us-west-2:686465264859:prompt/7ZJL56AKIU,tatoeba,jp,de,トムは政治家です。,Tom ist Politiker.,"{""c"":""Tom ist ein Politiker.""}",Tom ist ein Politiker.,False,1,0,True,True,False,True,,True,,True,"{""reason"":""detector_match"",""detected"":""de"",""confidence"":1.0}",True,[],[],True,,"{""errors"":[]}",True,[],True,1,0,True,True,False,100,100,6,10,1465,693.0,1291,8,1299,1226.53
5939e30e9d4bc380c4c0,1256,nova-pro,arn:aws:bedrock:us-west-2:686465264859:prompt/7ZJL56AKIU,tatoeba,jp,de,トムは自分の身長についてからかわれることを知ってたけど、バスケットチームにトライアウトすることに決めた。,"Tom wusste zwar, dass man sich aufgrund seiner Körpergröße über ihn lustig machen würde, aber er beschloss dennoch, sich um einen Platz in der Basketballmannschaft zu bemühen.","{""c"":""Tom wusste, dass er wegen seiner Größe verspottet werden würde, beschloss aber, für das Basketball-Team vorzuspielen.""}","Tom wusste, dass er wegen seiner Größe verspottet werden würde, beschloss aber, für das Basketball-Team vorzuspielen.",False,1,0,True,True,False,True,,True,,True,"{""reason"":""detector_match"",""detected"":""de"",""confidence"":1.0}",True,[],[],True,,"{""errors"":[]}",True,[],True,1,0,True,True,False,100,100,9,32,1508,1265.96,1406,8,1414,1129.38
670edd455548fa81d31e,1257,nova-pro,arn:aws:bedrock:us-west-2:686465264859:prompt/7ZJL56AKIU,tatoeba,jp,de,彼から便りはあった？,Ist ein Brief von ihm gekommen?,"{""c"":""Hast du von ihm geh\u00f6rt?""}",Hast du von ihm gehört?,False,1,0,True,True,False,True,,True,,True,"{""reason"":""detector_match"",""detected"":""de"",""confidence"":1.0}",True,[],[],True,,"{""errors"":[]}",True,[],True,1,0,True,True,False,100,100,6,19,1474,1054.09,1300,8,1308,1153.02
b1d1186692dd1cbd8a4a,1258,nova-pro,arn:aws:bedrock:us-west-2:686465264859:prompt/7ZJL56AKIU,tatoeba,jp,de,もっと背が高ければいいのになあ。,"Ich wünschte, ich wäre größer.","{""c"":""Ich wünschte, ich wäre größer.""}","Ich wünschte, ich wäre größer.",False,2,1,True,False,True,True,,True,,True,"{""reason"":""detector_match"",""detected"":""de"",""confidence"":1.0}",True,[],[],True,,"{""errors"":[]}",True,[],True,1,0,True,True,False,100,100,12,28,2944,1875.74,1315,8,1323,1215.15
88f06dbbbaafc4cfaf7d,1259,nova-pro,arn:aws:bedrock:us-west-2:686465264859:prompt/7ZJL56AKIU,tatoeba,jp,de,果物は食後よりも食前に食べた方が体にいいらしいよ。,"Es soll gesünder sein, Obst vor den Mahlzeiten anstatt danach zu essen.","{""c"":""Es heißt, dass Obst besser vor einer Mahlzeit als danach gegessen wird.""}","Es heißt, dass Obst besser vor einer Mahlzeit als danach gegessen wird.",False,1,0,True,True,False,True,,True,,True,"{""reason"":""detector_match"",""detected"":""de"",""confidence"":1.0}",True,[],[],True,,"{""errors"":[]}",True,[],True,1,0,True,True,False,100,100,6,21,1486,957.88,1349,8,1357,1234.89
49a13a5d7f5f81928847,1260,nova-pro,arn:aws:bedrock:us-west-2:686465264859:prompt/7ZJL56AKIU,tatoeba,jp,en,フランス語と英語を勉強しています。,I study French and English.,"{""c"":""I am studying French and English.""}",I am studying French and English.,False,1,0,True,True,False,True,,True,,True,"{""reason"":""detector_match"",""detected"":""en"",""confidence"":1.0}",True,[],[],True,,"{""errors"":[]}",True,[],True,1,0,True,True,False,100,100,6,12,1469,839.49,1299,8,1307,1157.44
46d4b6f85c31cdec9782,1261,nova-pro,arn:aws:bedrock:us-west-2:686465264859:prompt/7ZJL56AKIU,tatoeba,jp,en,私は君がそうすることは必要だと思う。,I think it necessary that you should do so.,"{""c"":""I think you need to do that.""}",I think you need to do that.,False,1,0,True,True,False,True,,True,,True,"{""reason"":""detector_match"",""detected"":""en"",""confidence"":1.0}",True,[],[],True,,"{""errors"":[]}",True,[],True,1,0,True,True,False,100,100,6,13,1470,863.01,1306,8,1314,1216.73
d3bc241c5834c5d6e65d,1262,nova-pro,arn:aws:bedrock:us-west-2:686465264859:prompt/7ZJL56AKIU,tatoeba,jp,en,彼の話はうそであることがわかった。,His story turned out to be false.,"{""c"":""It turned out that his story was a lie.""}",It turned out that his story was a lie.,False,1,0,True,True,False,True,,True,,True,"{""reason"":""detector_match"",""detected"":""en"",""confidence"":1.0}",True,[],[],True,,"{""errors"":[]}",True,[],True,1,0,True,True,False,100,100,6,15,1474,753.95,1304,8,1312,1206.27
12eb116f153f1da7cd8c,1263,nova-pro,arn:aws:bedrock:us-west-2:686465264859:prompt/7ZJL56AKIU,tatoeba,jp,en,寝る時間ですよ。,It's time to go to bed.,"{""c"":""It's time to sleep.""}",It's time to sleep.,False,1,0,True,True,False,True,,True,,True,"{""reason"":""detector_match"",""detected"":""en"",""confidence"":1.0}",True,[],[],True,,"{""errors"":[]}",True,[],True,1,0,True,True,False,100,100,6,12,1465,802.73,1296,8,1304,1408.56
7aaafb791a27501c668a,1264,nova-pro,arn:aws:bedrock:us-west-2:686465264859:prompt/7ZJL56AKIU,tatoeba,jp,en,その勝利で私たちのチームは意気が上がった。,Our team was in high spirits because of the victory.,"{""c"":""With that victory, our team's morale was boosted.""}
","With that victory, our team's morale was boosted.",False,1,0,True,True,False,True,,True,,True,"{""reason"":""detector_match"",""detected"":""en"",""confidence"":1.0}",True,[],[],True,,"{""errors"":[]}",True,[],True,1,0,True,True,False,100,100,6,17,1478,782.09,1315,8,1323,1159.0
695b63b1023c0bfa80ea,1265,nova-pro,arn:aws:bedrock:us-west-2:686465264859:prompt/7ZJL56AKIU,tatoeba,jp,en,彼女は彼と結婚するのを嫌がっている。,She is reluctant to marry him.,"{""c"":""She is reluctant to marry him.""}
",She is reluctant to marry him.,False,1,0,True,True,False,True,,True,,True,"{""reason"":""detector_match"",""detected"":""en"",""confidence"":1.0}",True,[],[],True,,"{""errors"":[]}",True,[],True,1,0,True,True,False,100,100,6,12,1471,753.96,1308,8,1316,1224.73
2b28bdf67e6a3ebe36ff,1266,nova-pro,arn:aws:bedrock:us-west-2:686465264859:prompt/7ZJL56AKIU,tatoeba,jp,en,彼女はその秘密を知っていたようだ。,She seems to have known the secret.,"{""c"":""It seems she knew the secret.""}",It seems she knew the secret.,False,1,0,True,True,False,True,,True,,True,"{""reason"":""detector_match"",""detected"":""en"",""confidence"":1.0}",True,[],[],True,,"{""errors"":[]}",True,[],True,1,0,True,True,False,100,100,6,12,1469,715.18,1304,8,1312,1813.71
fa3ffb8d643853b451f4,1267,nova-pro,arn:aws:bedrock:us-west-2:686465264859:prompt/7ZJL56AKIU,tatoeba,jp,en,もう二度と戻って来るな。,Don't come back again.,"{""c"":""Don't ever come back.""}",Don't ever come back.,False,1,0,True,True,False,True,,True,,True,"{""reason"":""detector_match"",""detected"":""en"",""confidence"":1.0}",True,[],[],True,,"{""errors"":[]}",True,[],True,1,0,True,True,False,100,100,6,12,1469,754.43,1296,8,1304,1222.23
979c27607b1b1cc37b85,1268,nova-pro,arn:aws:bedrock:us-west-2:686465264859:prompt/7ZJL56AKIU,tatoeba,jp,en,ほとんど何も見えないんだ。,I can hardly see anything.,"{""c"":""I can barely see anything.""}",I can barely see anything.,False,1,0,True,True,False,True,,True,,True,"{""reason"":""detector_match"",""detected"":""en"",""confidence"":1.0}",True,[],[],True,,"{""errors"":[]}",True,[],True,1,0,True,True,False,100,100,6,11,1466,749.12,1298,8,1306,1140.34
83b5c0fd0d5f40d7199d,1269,nova-pro,arn:aws:bedrock:us-west-2:686465264859:prompt/7ZJL56AKIU,tatoeba,jp,en,よんどころない事情で、今年の夏は別荘で過ごせないんだ。,Due to unavoidable circumstances this summer I can't stay in my holiday cottage.,"{""c"":""Due to unavoidable circumstances, I can't spend this summer at the vacation home.""}","Due to unavoidable circumstances, I can't spend this summer at the vacation home.",False,2,1,True,False,True,True,,True,,True,"{""reason"":""detector_match"",""detected"":""en"",""confidence"":1.0}",True,[],[],True,,"{""errors"":[]}",True,[],True,1,0,True,True,False,100,100,18,166,3110,3123.73,1335,8,1343,1191.93
b3b315cba584830e028c,1270,nova-pro,arn:aws:bedrock:us-west-2:686465264859:prompt/7ZJL56AKIU,tatoeba,jp,es,彼女のギャラリーに２点ほど出展するのよ。,Voy a exponer dos piezas en la galería de ella.,"{""c"":""Va a exhibir un par de piezas en su galer\u00eda.""}",Va a exhibir un par de piezas en su galería.,False,1,0,True,True,False,True,,True,,True,"{""reason"":""detector_match"",""detected"":""es"",""confidence"":1.0}",True,[],"[{""code"":""number_not_exact"",""expected"":{""２"":1},""actual"":{}}]",True,,"{""errors"":[{""category"":""accuracy"",""severity"":""major""}]}",False,"[{""category"":""accuracy"",""severity"":""major""}]",True,1,0,True,True,False,82,82,9,23,1484,915.61,1326,17,1343,1270.04
851a75c45cdc1ac6271a,1271,nova-pro,arn:aws:bedrock:us-west-2:686465264859:prompt/7ZJL56AKIU,tatoeba,jp,es,謝らないで。,No os excuséis.,"{""c"":""No te disculpes.""}",No te disculpes.,False,1,0,True,True,False,True,,True,,True,"{""reason"":""detector_match"",""detected"":""es"",""confidence"":1.0}",True,[],[],True,,"{""errors"":[]}",True,[],True,1,0,True,True,False,100,100,6,11,1463,802.66,1291,8,1299,1372.23
d660b7bf544dfeca431c,1272,nova-pro,arn:aws:bedrock:us-west-2:686465264859:prompt/7ZJL56AKIU,tatoeba,jp,es,姉ちゃんが僕のこと放っとかないんだよ。,Mi hermana mayor no me deja en paz.,"{""c"":""Mi hermana no me deja en paz.""}",Mi hermana no me deja en paz.,False,1,0,True,True,False,True,,True,,,"{""reason"":""detector_inconclusive"",""detected"":""es"",""confidence"":0.7143}",True,[],[],True,,"{""errors"":[{""category"":""accuracy"",""severity"":""minor""}]}",True,"[{""category"":""accuracy"",""severity"":""minor""}]",True,1,0,True,True,False,97,97,6,13,1472,805.16,1316,17,1333,1195.59
f33cb090a8c973d34801,1273,nova-pro,arn:aws:bedrock:us-west-2:686465264859:prompt/7ZJL56AKIU,tatoeba,jp,es,ちょうど今雪が降り始めた。,Justo acaba de empezar a nevar ahora.,"{""c"":""Justo ahora comenz\u00f3 a nevar.""}",Justo ahora comenzó a nevar.,False,1,0,True,True,False,True,,True,,True,"{""reason"":""detector_match"",""detected"":""es"",""confidence"":0.8571}",True,[],[],True,,"{""errors"":[]}",True,[],True,1,0,True,True,False,100,100,6,20,1479,836.92,1313,8,1321,1263.79
60849d717b4e18452c5b,1274,nova-pro,arn:aws:bedrock:us-west-2:686465264859:prompt/7ZJL56AKIU,tatoeba,jp,es,彼が正直だと信じる根拠は十分ある。,Hay suficiente base para creer que él es sincero.,"{""c"":""Hay razones suficientes para creer que él es honesto.""}",Hay razones suficientes para creer que él es honesto.,False,1,0,True,True,False,True,,True,,True,"{""reason"":""detector_match"",""detected"":""es"",""confidence"":1.0}",True,[],[],True,,"{""errors"":[]}",True,[],True,1,0,True,True,False,100,100,6,17,1479,687.28,1322,8,1330,1211.97
9e9b6351072ec50e7093,1275,nova-pro,arn:aws:bedrock:us-west-2:686465264859:prompt/7ZJL56AKIU,tatoeba,jp,es,そんなことは絶対に不可能です。,Es absolutamente imposible.,"{""c"":""Eso es absolutamente imposible.""}",Eso es absolutamente imposible.,False,2,1,True,False,True,True,,True,,True,"{""reason"":""detector_match"",""detected"":""es"",""confidence"":1.0}",True,[],[],True,,"{""errors"":[]}",True,[],True,1,0,True,True,False,100,100,12,22,2934,1594.12,1301,8,1309,1158.91
dd9db5cb41dcf3b3929a,1276,nova-pro,arn:aws:bedrock:us-west-2:686465264859:prompt/7ZJL56AKIU,tatoeba,jp,es,彼は昼食時に家にいないでしょう。,Él no va a estar en casa a la hora de almuerzo.,"{""c"":""Es probable que no est\u00e9 en casa a la hora del almuerzo.""}",Es probable que no esté en casa a la hora del almuerzo.,False,1,0,True,True,False,True,,True,,True,"{""reason"":""detector_match"",""detected"":""es"",""confidence"":1.0}",True,[],[],True,,"{""errors"":[]}",True,[],True,1,0,True,True,False,100,100,6,27,1485,869.47,1321,8,1329,1209.8
ec57fe6157391b392070,1277,nova-pro,arn:aws:bedrock:us-west-2:686465264859:prompt/7ZJL56AKIU,tatoeba,jp,es,昨日の朝はとても寒かった。,Hacía mucho frío ayer por la mañana.,"{""c"":""Ayer por la ma\u00f1ana estaba muy fr\u00edo.""}",Ayer por la mañana estaba muy frío.,False,1,0,True,True,False,True,,True,,True,"{""reason"":""detector_match"",""detected"":""es"",""confidence"":1.0}",True,[],[],True,,"{""errors"":[{""category"":""fluency"",""severity"":""major""}]}",False,"[{""category"":""fluency"",""severity"":""major""}]",True,1,0,True,True,False,85,85,6,26,1482,839.55,1315,18,1333,1217.98
60fbd0a28d0440ea7f9d,1278,nova-pro,arn:aws:bedrock:us-west-2:686465264859:prompt/7ZJL56AKIU,tatoeba,jp,es,読書は語彙を増やすのに役に立つ。,La lectura es útil para incrementar el vocabulario.,"{""c"":""Leer ayuda a aumentar el vocabulario.""}",Leer ayuda a aumentar el vocabulario.,False,1,0,True,True,False,True,,True,,True,"{""reason"":""detector_match"",""detected"":""es"",""confidence"":0.8571}",True,[],[],True,,"{""errors"":[]}",True,[],True,1,0,True,True,False,100,100,6,16,1478,1014.78,1315,8,1323,1203.12
746fade9c435d7ec8fbf,1279,nova-pro,arn:aws:bedrock:us-west-2:686465264859:prompt/7ZJL56AKIU,tatoeba,jp,es,これは私の机です。,Este es mi escritorio.,"{""c"":""Esta es mi mesa.""}",Esta es mi mesa.,False,1,0,True,True,False,True,,True,,,"{""reason"":""detector_mismatch_uncertain"",""detected"":""ca"",""confidence"":1.0}",True,[],[],True,,"{""errors"":[{""category"":""terminology"",""severity"":""minor""}]}",True,"[{""category"":""terminology"",""severity"":""minor""}]",True,1,0,True,True,False,97,97,6,10,1463,708.08,1290,17,1307,1323.89
d657dc21d96b11af6498,1280,nova-pro,arn:aws:bedrock:us-west-2:686465264859:prompt/7ZJL56AKIU,tatoeba,jp,fr,クリスマスは特別な休日だ。,Noël est un jour férié à part.,"{""c"":""No\u00ebl est une f\u00eate sp\u00e9ciale.""}",Noël est une fête spéciale.,False,1,0,True,True,False,True,,True,,True,"{""reason"":""detector_match"",""detected"":""fr"",""confidence"":1.0}",True,[],[],True,,"{""errors"":[]}",True,[],True,1,0,True,True,False,100,100,6,31,1487,977.2,1308,8,1316,1135.94
2616684a90f382b51051,1281,nova-pro,arn:aws:bedrock:us-west-2:686465264859:prompt/7ZJL56AKIU,tatoeba,jp,fr,この事件の事はまるで昨日の事のようにはっきり覚えています。,Je me rappelle l'événement aussi clairement que s'il avait eu lieu hier.,"{""c"":""Je me souviens de cet incident comme si c'\u00e9tait hier.""}",Je me souviens de cet incident comme si c'était hier.,False,1,0,True,True,False,True,,True,,True,"{""reason"":""detector_match"",""detected"":""fr"",""confidence"":1.0}",True,[],[],True,,"{""errors"":[{""category"":""accuracy"",""severity"":""minor""}]}",True,"[{""category"":""accuracy"",""severity"":""minor""}]",True,1,0,True,True,False,97,97,6,27,1493,804.96,1335,17,1352,2649.9
ad9893e9dd92bc0f51e4,1282,nova-pro,arn:aws:bedrock:us-west-2:686465264859:prompt/7ZJL56AKIU,tatoeba,jp,fr,彼の診療所は、そのスキャンダル以来多くの患者を失った。,Sa clinique a perdu de nombreux patients depuis le scandale.,"{""c"":""Son cabinet a perdu de nombreux patients depuis ce scandale.""}",Son cabinet a perdu de nombreux patients depuis ce scandale.,False,1,0,True,True,False,True,,True,,True,"{""reason"":""detector_match"",""detected"":""fr"",""confidence"":1.0}",True,[],[],True,,"{""errors"":[]}",True,[],True,1,0,True,True,False,100,100,9,17,1486,1263.39,1328,8,1336,1128.58
514a139e0832815cf667,1283,nova-pro,arn:aws:bedrock:us-west-2:686465264859:prompt/7ZJL56AKIU,tatoeba,jp,fr,１９４３年に日本は戦争をしていた。,En 1943 le Japon était en guerre.,"{""c"":""En 1943, le Japon \u00e9tait en guerre.""}","En 1943, le Japon était en guerre.",False,1,0,True,True,False,True,,True,,True,"{""reason"":""detector_match"",""detected"":""fr"",""confidence"":1.0}",True,[],"[{""code"":""number_not_exact"",""expected"":{""１９４３"":1},""actual"":{""1943"":1}}]",True,,"{""errors"":[]}",True,[],True,1,0,True,True,False,97,97,9,25,1484,977.14,1315,8,1323,1277.66
7485d4810506c8aa51ed,1284,nova-pro,arn:aws:bedrock:us-west-2:686465264859:prompt/7ZJL56AKIU,tatoeba,jp,fr,何ものにもまして私は健康になりたい。,Par dessus tout je veux être en bonne santé.,"{""c"":""Plus que tout, je veux \u00eatre en bonne sant\u00e9.""}","Plus que tout, je veux être en bonne santé.",False,1,0,True,True,False,True,,True,,True,"{""reason"":""detector_match"",""detected"":""fr"",""confidence"":1.0}",True,[],[],True,,"{""errors"":[]}",True,[],True,1,0,True,True,False,100,100,6,28,1486,692.4,1316,8,1324,1156.82
b5c3b49780485718f05f,1285,nova-pro,arn:aws:bedrock:us-west-2:686465264859:prompt/7ZJL56AKIU,tatoeba,jp,fr,私はたいてい歩いて学校へ行く。,"Généralement, je vais à pied à l'école.","{""c"":""Je vais habituellement \u00e0 l'\u00e9cole \u00e0 pied.""}",Je vais habituellement à l'école à pied.,False,1,0,True,True,False,True,,True,,True,"{""reason"":""detector_match"",""detected"":""fr"",""confidence"":1.0}",True,[],[],True,,"{""errors"":[]}",True,[],True,1,0,True,True,False,100,100,6,33,1491,1339.14,1318,8,1326,1248.45
8f43906240daaaf65304,1286,nova-pro,arn:aws:bedrock:us-west-2:686465264859:prompt/7ZJL56AKIU,tatoeba,jp,fr,私の趣味はギターを弾くことです。,Mon loisir est de jouer de la guitare.,"{""c"":""Mon passe-temps est de jouer de la guitare.""}",Mon passe-temps est de jouer de la guitare.,False,1,0,True,True,False,True,,True,,True,"{""reason"":""detector_match"",""detected"":""fr"",""confidence"":1.0}",True,[],[],True,,"{""errors"":[]}",True,[],True,1,0,True,True,False,100,100,6,18,1477,1164.11,1314,8,1322,1168.78
ba6fc51afa7dbc199d02,1287,nova-pro,arn:aws:bedrock:us-west-2:686465264859:prompt/7ZJL56AKIU,tatoeba,jp,fr,最近のある調査によると喫煙者の数は減少しつつある。,Un récent sondage montre que le nombre de fumeurs diminue.,"{""c"":""Selon une \u00e9tude r\u00e9cente, le nombre de fumeurs est en d\u00e9croissance.""}","Selon une étude récente, le nombre de fumeurs est en décroissance.",False,1,0,True,True,False,True,,True,,True,"{""reason"":""detector_match"",""detected"":""fr"",""confidence"":1.0}",True,[],[],True,,"{""errors"":[]}",True,[],True,1,0,True,True,False,100,100,6,42,1505,1201.14,1331,8,1339,1154.87
783bdb2428c79a77024d,1288,nova-pro,arn:aws:bedrock:us-west-2:686465264859:prompt/7ZJL56AKIU,tatoeba,jp,fr,彼はついにＩＢＭの社長になった。,Il est finalement devenu le président d'IBM.,"{""c"":""Il est finalement devenu le pr\u00e9sident d'IBM.""}",Il est finalement devenu le président d'IBM.,False,1,0,True,True,False,True,,True,,True,"{""reason"":""detector_match"",""detected"":""fr"",""confidence"":1.0}",True,[],[],True,,"{""errors"":[]}",True,[],True,1,0,True,True,False,100,100,6,23,1483,700.51,1316,8,1324,1233.69
3772da055a128f79ff1b,1289,nova-pro,arn:aws:bedrock:us-west-2:686465264859:prompt/7ZJL56AKIU,tatoeba,jp,fr,ストレスがたまってきたよ。,Je suis stressé.,"{""c"":""Je commence \u00e0 \u00eatre stress\u00e9.""}",Je commence à être stressé.,False,1,0,True,True,False,True,,True,,True,"{""reason"":""detector_match"",""detected"":""fr"",""confidence"":1.0}",True,[],[],True,,"{""errors"":[]}",True,[],True,1,0,True,True,False,100,100,6,27,1482,1155.91,1300,8,1308,1186.75
7996a8925b69e2821272,1290,nova-pro,arn:aws:bedrock:us-west-2:686465264859:prompt/7ZJL56AKIU,tatoeba,jp,it,私の時計では４時です。,Per il mio orologio sono le 4.,"{""c"":""Nel mio orologio sono le 4.""}",Nel mio orologio sono le 4.,False,1,0,True,True,False,True,,True,,True,"{""reason"":""detector_match"",""detected"":""it"",""confidence"":1.0}",True,[],"[{""code"":""number_not_exact"",""expected"":{""４"":1},""actual"":{""4"":1}}]",True,,"{""errors"":[]}",True,[],True,1,0,True,True,False,97,97,9,15,1471,1003.02,1304,8,1312,1147.58
9a383a038134564f44bd,1291,nova-pro,arn:aws:bedrock:us-west-2:686465264859:prompt/7ZJL56AKIU,tatoeba,jp,it,歯科医は歯を調べるためにレントゲンを利用する。,I dentisti utilizzano i raggi X per esaminare i vostri denti.,"{""c"":""Il dentista utilizza i raggi X per esaminare i denti.""}",Il dentista utilizza i raggi X per esaminare i denti.,False,1,0,True,True,False,True,,True,,True,"{""reason"":""detector_match"",""detected"":""it"",""confidence"":1.0}",True,[],[],True,,"{""errors"":[]}",True,[],True,1,0,True,True,False,100,100,6,21,1485,755.21,1332,8,1340,1233.2
d422493f5b7b24633689,1292,nova-pro,arn:aws:bedrock:us-west-2:686465264859:prompt/7ZJL56AKIU,tatoeba,jp,it,何のために彼女のお父さんは日本へ行ったの。,Per quale motivo suo padre è andato in Giappone?,"{""c"":""Per quale motivo il padre della ragazza \u00e8 andato in Giappone?""}",Per quale motivo il padre della ragazza è andato in Giappone?,False,1,0,True,True,False,True,,True,,True,"{""reason"":""detector_match"",""detected"":""it"",""confidence"":1.0}",True,[],[],True,,"{""errors"":[]}",True,[],True,1,0,True,True,False,100,100,6,23,1482,939.16,1327,8,1335,1165.24
1d6524c60caa2c2ad375,1293,nova-pro,arn:aws:bedrock:us-west-2:686465264859:prompt/7ZJL56AKIU,tatoeba,jp,it,私の前に黄色い車がある。,Davanti a me c'è una macchina gialla.,"{""c"":""Ho una macchina gialla davanti a me.""}",Ho una macchina gialla davanti a me.,False,1,0,True,True,False,True,,True,,True,"{""reason"":""detector_match"",""detected"":""it"",""confidence"":1.0}",True,[],[],True,,"{""errors"":[]}",True,[],True,1,0,True,True,False,100,100,6,14,1470,719.21,1311,8,1319,1201.85
23c107eacaa767fb5a4b,1294,nova-pro,arn:aws:bedrock:us-west-2:686465264859:prompt/7ZJL56AKIU,tatoeba,jp,it,機会のあり次第彼にお話ししよう。,"Appena abbiamo un'opportunità, andiamo a parlargli.","{""c"":""Gli parler\u00f2 non appena ne avr\u00f2 l'opportunit\u00e0.""}",Gli parlerò non appena ne avrò l'opportunità.,False,1,0,True,True,False,True,,True,,True,"{""reason"":""detector_match"",""detected"":""it"",""confidence"":1.0}",True,[],[],True,,"{""errors"":[]}",True,[],True,1,0,True,True,False,100,100,6,37,1496,1181.02,1324,8,1332,1426.35
e9a0f3ffee03906baa29,1295,nova-pro,arn:aws:bedrock:us-west-2:686465264859:prompt/7ZJL56AKIU,tatoeba,jp,it,彼女は収入がたくさんあるので毎年パリに行くことが出来る。,"Grazie al suo elevato reddito, ogni anno si può permettere un viaggio a Parigi.","{""c"":""Grazie ai suoi numerosi introiti, pu\u00f2 permettersi di andare a Parigi ogni anno.""}","Grazie ai suoi numerosi introiti, può permettersi di andare a Parigi ogni anno.",False,1,0,True,True,False,True,,True,,True,"{""reason"":""detector_match"",""detected"":""it"",""confidence"":1.0}",True,[],[],True,,"{""errors"":[]}",True,[],True,1,0,True,True,False,100,100,6,31,1495,1009.71,1349,8,1357,1380.29
28f70d6492a093ead609,1296,nova-pro,arn:aws:bedrock:us-west-2:686465264859:prompt/7ZJL56AKIU,tatoeba,jp,it,彼らは非常に興奮していた。,Erano molto emozionate.,"{""c"":""Erano molto eccitati.""}",Erano molto eccitati.,False,1,0,True,True,False,True,,True,,True,"{""reason"":""detector_match"",""detected"":""it"",""confidence"":1.0}",True,[],[],True,,"{""errors"":[]}",True,[],True,1,0,True,True,False,100,100,6,12,1469,732.29,1299,8,1307,1185.37
cd0f0bb4c7d7612ec392,1297,nova-pro,arn:aws:bedrock:us-west-2:686465264859:prompt/7ZJL56AKIU,tatoeba,jp,it,それは高過ぎる。,È troppo caro.,"{""c"":""That's too high.""}",That's too high.,False,1,0,True,True,False,True,,True,,,"{""reason"":""detector_mismatch_uncertain"",""detected"":""en"",""confidence"":1.0}",True,[],[],True,,"{""errors"":[{""category"":""fluency"",""severity"":""critical""}]}",False,"[{""category"":""fluency"",""severity"":""critical""}]",True,1,0,True,True,False,60,60,6,11,1465,730.28,1292,18,1310,1179.07
be5264c5b77b933e93e9,1298,nova-pro,arn:aws:bedrock:us-west-2:686465264859:prompt/7ZJL56AKIU,tatoeba,jp,it,トムとは共通の話題がないから何話せばいいか分かんないんだよね。,Non ho argomenti in comune con Tom percui non so proprio di cosa parlare con lui.,"{""c"":""Non ho argomenti in comune con Tom, quindi non so di cosa parlare.""}","Non ho argomenti in comune con Tom, quindi non so di cosa parlare.",False,1,0,True,True,False,True,,True,,True,"{""reason"":""detector_match"",""detected"":""it"",""confidence"":1.0}",True,[],[],True,,"{""errors"":[]}",True,[],True,1,0,True,True,False,100,100,6,22,1492,807.55,1339,8,1347,1181.02
f9b16c659cb2b71f73fb,1299,nova-pro,arn:aws:bedrock:us-west-2:686465264859:prompt/7ZJL56AKIU,tatoeba,jp,it,彼は私の初恋の人です。,Lui è il mio primo amore.,"{""c"":""Lui \u00e8 il mio primo amore.""}",Lui è il mio primo amore.,False,1,0,True,True,False,True,,True,,True,"{""reason"":""detector_match"",""detected"":""it"",""confidence"":1.0}",True,[],[],True,,"{""errors"":[]}",True,[],True,1,0,True,True,False,100,100,6,19,1475,774.41,1304,8,1312,1214.17
c3fc913a1eea00b16bbf,1300,nova-pro,arn:aws:bedrock:us-west-2:686465264859:prompt/7ZJL56AKIU,tatoeba,jp,nl,その絵を見なさい。,Bekijk de afbeelding.,"{""c"":""Kijk naar die tekening.""}",Kijk naar die tekening.,False,1,0,True,True,False,True,,True,,,"{""reason"":""detector_inconclusive"",""detected"":""af"",""confidence"":0.5714}",True,[],[],True,,"{""errors"":[]}",True,[],True,1,0,True,True,False,100,100,6,13,1468,761.72,1298,8,1306,1337.74
a25b90e8cd1266c72c13,1301,nova-pro,arn:aws:bedrock:us-west-2:686465264859:prompt/7ZJL56AKIU,tatoeba,jp,nl,このホテルは去年建てられた。,Dit hotel is vorig jaar gebouwd.,"{""c"":""Dit hotel is vorig jaar gebouwd.""}",Dit hotel is vorig jaar gebouwd.,False,1,0,True,True,False,True,,True,,,"{""reason"":""detector_mismatch_uncertain"",""detected"":""af"",""confidence"":1.0}",True,[],[],True,,"{""errors"":[]}",True,[],True,1,0,True,True,False,100,100,6,17,1474,801.17,1302,8,1310,1220.98
e18c2d86aa240837c50e,1302,nova-pro,arn:aws:bedrock:us-west-2:686465264859:prompt/7ZJL56AKIU,tatoeba,jp,nl,私はジョンです。,Ik ben John.,"{""c"":""Ik ben John.""}",Ik ben John.,False,1,0,True,True,False,True,,True,,,"{""reason"":""detector_mismatch_uncertain"",""detected"":""de"",""confidence"":1.0}",True,[],[],True,,"{""errors"":[]}",True,[],True,1,0,True,True,False,100,100,6,11,1464,724.17,1291,8,1299,4066.11
71316168a935bfe15154,1303,nova-pro,arn:aws:bedrock:us-west-2:686465264859:prompt/7ZJL56AKIU,tatoeba,jp,nl,あなたが彼女の結婚式について何も知らないとは不思議だ。,Het is raar dat jij niks van haar huwelijksceremonie afweet.,"{""c"":""Het is vreemd dat je niets weet over haar bruiloft.""}",Het is vreemd dat je niets weet over haar bruiloft.,False,1,0,True,True,False,True,,True,,True,"{""reason"":""detector_match"",""detected"":""nl"",""confidence"":1.0}",True,[],[],True,,"{""errors"":[]}",True,[],True,1,0,True,True,False,100,100,6,24,1489,760.22,1337,8,1345,1173.79
bc64b5f1286126f0593c,1304,nova-pro,arn:aws:bedrock:us-west-2:686465264859:prompt/7ZJL56AKIU,tatoeba,jp,nl,この地図がとても役に立つことが分かるでしょう。,U zult merken dat deze kaart erg handig is.,"{""c"":""Je zult merken dat deze kaart erg handig is.""}",Je zult merken dat deze kaart erg handig is.,False,1,0,True,True,False,True,,True,,True,"{""reason"":""detector_match"",""detected"":""nl"",""confidence"":1.0}",True,[],[],True,,"{""errors"":[{""category"":""tone"",""severity"":""minor""}]}",True,"[{""category"":""tone"",""severity"":""minor""}]",True,1,0,True,True,False,97,97,6,21,1483,821.1,1322,17,1339,1262.53
7afcda17c9dad5b371a7,1305,nova-pro,arn:aws:bedrock:us-west-2:686465264859:prompt/7ZJL56AKIU,tatoeba,jp,nl,ベティはダンスの先生である。,Betty is danslerares.,"{""c"":""Beti is een dansleraar.""}",Beti is een dansleraar.,False,1,0,True,True,False,True,,True,,True,"{""reason"":""detector_match"",""detected"":""nl"",""confidence"":1.0}",True,[],[],True,,"{""errors"":[{""category"":""preservation"",""severity"":""minor""},{""category"":""accuracy"",""severity"":""minor""}]}",True,"[{""category"":""preservation"",""severity"":""minor""},{""category"":""accuracy"",""severity"":""minor""}]",True,1,0,True,True,False,94,94,6,13,1470,1140.95,1301,26,1327,1413.16
7bca9326cb49a354d398,1306,nova-pro,arn:aws:bedrock:us-west-2:686465264859:prompt/7ZJL56AKIU,tatoeba,jp,nl,別の実例を教えてください。,Geef me een ander voorbeeld alsjeblieft.,"{""c"":""Geef een ander voorbeeld.""}",Geef een ander voorbeeld.,False,1,0,True,True,False,True,,True,,True,"{""reason"":""detector_match"",""detected"":""nl"",""confidence"":1.0}",True,[],[],True,,"{""errors"":[]}",True,[],True,1,0,True,True,False,100,100,6,14,1470,867.03,1306,8,1314,1276.12
0d4e4b4978c8f03788f5,1307,nova-pro,arn:aws:bedrock:us-west-2:686465264859:prompt/7ZJL56AKIU,tatoeba,jp,nl,私たちの知る限りでは、地球は海を持っている唯一の惑星である。,"Zover wij weten, is de aarde de enige planeet met oceanen.","{""c"":""Voor zover wij weten, is de aarde de enige planeet met oceanen.""}","Voor zover wij weten, is de aarde de enige planeet met oceanen.",False,1,0,True,True,False,True,,True,,True,"{""reason"":""detector_match"",""detected"":""nl"",""confidence"":1.0}",True,[],[],True,,"{""errors"":[]}",True,[],True,1,0,True,True,False,100,100,9,27,1497,764.93,1342,8,1350,1170.17
f270d2850cb85f0aa5ec,1308,nova-pro,arn:aws:bedrock:us-west-2:686465264859:prompt/7ZJL56AKIU,tatoeba,jp,nl,夜遅くまで起きていては駄目だよ。,"Het is niet goed als je zo laat in de avond opblijft, joh.","{""c"":""Je moet niet zo laat opblijven.""}",Je moet niet zo laat opblijven.,False,1,0,True,True,False,True,,True,,True,"{""reason"":""detector_match"",""detected"":""nl"",""confidence"":1.0}",True,[],[],True,,"{""errors"":[]}",True,[],True,1,0,True,True,False,100,100,6,16,1478,742.81,1323,8,1331,2013.46
4edb107062a81ce3d5c9,1309,nova-pro,arn:aws:bedrock:us-west-2:686465264859:prompt/7ZJL56AKIU,tatoeba,jp,nl,彼にはそれはすることができない。,Hij kan dat niet aan.,"{""c"":""Hij kan dat niet doen.""}",Hij kan dat niet doen.,False,1,0,True,True,False,True,,True,,True,"{""reason"":""detector_match"",""detected"":""nl"",""confidence"":1.0}",True,[],[],True,,"{""errors"":[]}",True,[],True,1,0,True,True,False,100,100,6,13,1468,885.62,1297,8,1305,1267.56
4f9648fa3bc30e1d1dfc,1310,nova-pro,arn:aws:bedrock:us-west-2:686465264859:prompt/7ZJL56AKIU,tatoeba,jp,nb,いいかげんにして。,Skjerp deg!,"{""c"":""Slutt med det n\u00e5.""}",Slutt med det nå.,False,1,0,True,True,False,True,,True,,True,"{""reason"":""detector_match"",""detected"":""no"",""confidence"":1.0}",True,[],[],True,,"{""errors"":[]}",True,[],True,1,0,True,True,False,100,100,6,19,1474,1104.42,1294,8,1302,1161.77
94c55e4bacacbea00a72,1311,nova-pro,arn:aws:bedrock:us-west-2:686465264859:prompt/7ZJL56AKIU,tatoeba,jp,nb,この規則はあなたにも当てはまる。,Denne regelen gjelder deg også.,"{""c"":""Denne regelen gjelder også for deg.""}",Denne regelen gjelder også for deg.,False,1,0,True,True,False,True,,True,,True,"{""reason"":""detector_match"",""detected"":""no"",""confidence"":1.0}",True,[],[],True,,"{""errors"":[]}",True,[],True,1,0,True,True,False,100,100,6,16,1475,860.56,1308,8,1316,1152.48
bd3799b960a515161635,1312,nova-pro,arn:aws:bedrock:us-west-2:686465264859:prompt/7ZJL56AKIU,tatoeba,jp,nb,私は最高だ。,Jeg er best.,"{""c"":""Jeg er best i verden.""}",Jeg er best i verden.,False,1,0,True,True,False,True,,True,,True,"{""reason"":""detector_match"",""detected"":""no"",""confidence"":1.0}",True,[],[],True,,"{""errors"":[{""category"":""accuracy"",""severity"":""minor""}]}",True,"[{""category"":""accuracy"",""severity"":""minor""}]",True,1,0,True,True,False,97,97,6,13,1466,803.58,1291,17,1308,1237.64
b27d4516f75552f14e8f,1313,nova-pro,arn:aws:bedrock:us-west-2:686465264859:prompt/7ZJL56AKIU,tatoeba,jp,nb,買い物に行かなければならない。一時間で戻るよ。,Jeg må gå og handle. Jeg er tilbake innen en time.,"{""c"":""Jeg m\u00e5 g\u00e5 p\u00e5 shopping. Jeg kommer tilbake om en time.""}",Jeg må gå på shopping. Jeg kommer tilbake om en time.,False,1,0,True,True,False,True,,True,,True,"{""reason"":""detector_match"",""detected"":""no"",""confidence"":1.0}",True,[],[],True,,"{""errors"":[]}",True,[],True,1,0,True,True,False,100,100,9,39,1501,951.66,1330,8,1338,1216.5
19208ad2de7f09913195,1314,nova-pro,arn:aws:bedrock:us-west-2:686465264859:prompt/7ZJL56AKIU,tatoeba,jp,nb,私たちは朝食にパンケーキを作った。,Vi laget pannekaker til frokost.,"{""c"":""Vi lagde pannekaker til frokost.""}",Vi lagde pannekaker til frokost.,False,1,0,True,True,False,True,,True,,True,"{""reason"":""detector_match"",""detected"":""no"",""confidence"":1.0}",True,[],[],True,,"{""errors"":[]}",True,[],True,1,0,True,True,False,100,100,6,15,1475,843.42,1311,8,1319,1115.75
a72d52443dd00b048c66,1315,nova-pro,arn:aws:bedrock:us-west-2:686465264859:prompt/7ZJL56AKIU,tatoeba,jp,nb,もう一杯お茶をいただきませんか。,Vil du ha en kopp te til?,"{""c"":""Vil du ha en kopp til te?""}",Vil du ha en kopp til te?,False,1,0,True,True,False,True,,True,,True,"{""reason"":""detector_match"",""detected"":""no"",""confidence"":1.0}",True,[],[],True,,"{""errors"":[]}",True,[],True,1,0,True,True,False,100,100,6,15,1473,954.3,1309,8,1317,1368.14
63722b4bf6c3ffd8536b,1316,nova-pro,arn:aws:bedrock:us-west-2:686465264859:prompt/7ZJL56AKIU,tatoeba,jp,nb,急いで！,Fort deg!,"{""c"":""Skynd deg!""}",Skynd deg!,False,1,0,True,True,False,True,,True,,,"{""reason"":""detector_inconclusive"",""detected"":""da"",""confidence"":0.8571}",True,[],[],True,,"{""errors"":[]}",True,[],True,1,0,True,True,False,100,100,6,10,1462,743.81,1284,8,1292,1201.97
6af305926d947a83cc50,1317,nova-pro,arn:aws:bedrock:us-west-2:686465264859:prompt/7ZJL56AKIU,tatoeba,jp,nb,その翻訳は原文に極めて忠実である。,Oversettelsen er meget tro mot originalen.,"{""c"":""Den oversettelsen er ekstremt tro mot originalen.""}",Den oversettelsen er ekstremt tro mot originalen.,False,1,0,True,True,False,True,,True,,True,"{""reason"":""detector_match"",""detected"":""no"",""confidence"":1.0}",True,[],[],True,,"{""errors"":[]}",True,[],True,1,0,True,True,False,100,100,6,20,1482,1310.85,1315,8,1323,1253.67
3ff8388709358122b8d5,1318,nova-pro,arn:aws:bedrock:us-west-2:686465264859:prompt/7ZJL56AKIU,tatoeba,jp,nb,日本人は集団で旅行するのが好きだ。,Japanere liker å reise i gruppe.,"{""c"":""Japanerne liker \u00e5 reise i grupper.""}",Japanerne liker å reise i grupper.,False,1,0,True,True,False,True,,True,,True,"{""reason"":""detector_match"",""detected"":""no"",""confidence"":1.0}",True,[],[],True,,"{""errors"":[]}",True,[],True,1,0,True,True,False,100,100,6,22,1482,958.72,1315,8,1323,1266.01
4d0cebf3e88e379061ba,1319,nova-pro,arn:aws:bedrock:us-west-2:686465264859:prompt/7ZJL56AKIU,tatoeba,jp,nb,もし何か起こったら、すぐに電話をください。,"Ring meg med en gang, hvis noe skjer.","{""c"":""Hvis noe skjer, ring meg straks.""}","Hvis noe skjer, ring meg straks.",False,1,0,True,True,False,True,,True,,True,"{""reason"":""detector_match"",""detected"":""no"",""confidence"":0.8571}",True,[],[],True,,"{""errors"":[]}",True,[],True,1,0,True,True,False,100,100,9,18,1478,1097.62,1314,8,1322,1231.72
ac4ac6a909834deb1125,1320,nova-pro,arn:aws:bedrock:us-west-2:686465264859:prompt/7ZJL56AKIU,tatoeba,nl,da,Stop!,Stop!,"{""c"":""Stop!""}",Stop!,False,1,0,True,True,False,True,,True,,,"{""reason"":""too_short_for_language_detection"",""detected"":null,""confidence"":null}",True,[],[],True,,"{""errors"":[]}",True,[],True,1,0,True,True,False,100,100,6,7,1456,869.01,1277,8,1285,1545.69
afec72c40adb60e0da3b,1321,nova-pro,arn:aws:bedrock:us-west-2:686465264859:prompt/7ZJL56AKIU,tatoeba,nl,da,Hij laat altijd het venster open als hij slaapt.,"Han lader altid vinduet være åbent, når han sover.","{""c"":""Han lader altid vinduet \u00e5bent, n\u00e5r han sover.""}","Han lader altid vinduet åbent, når han sover.",False,1,0,True,True,False,True,,True,,True,"{""reason"":""detector_match"",""detected"":""da"",""confidence"":0.9974}",True,[],[],True,,"{""errors"":[]}",True,[],True,1,0,True,True,False,100,100,19,33,1497,1232.67,1321,8,1329,1904.4
c2945ff2d610000f0554,1322,nova-pro,arn:aws:bedrock:us-west-2:686465264859:prompt/7ZJL56AKIU,tatoeba,nl,da,Ze respecteren hem.,De respekterer ham.,"{""c"":""De respekterer ham.""}",De respekterer ham.,False,1,0,True,True,False,True,,True,,,"{""reason"":""detector_mismatch_uncertain"",""detected"":""no"",""confidence"":1.0}",True,[],[],True,,"{""errors"":[]}",True,[],True,1,0,True,True,False,100,100,9,12,1465,774.46,1288,8,1296,1378.19
3f7ae4c0a4cc3694c537,1323,nova-pro,arn:aws:bedrock:us-west-2:686465264859:prompt/7ZJL56AKIU,tatoeba,nl,da,Tom neemt zijn baan niet erg serieus.,Tom tager ikke sit arbejde ret alvorligt.,"{""c"":""Tom tager ikke sin job meget alvorligt.""}",Tom tager ikke sin job meget alvorligt.,False,1,0,True,True,False,True,,True,,True,"{""reason"":""detector_match"",""detected"":""da"",""confidence"":1.0}",True,[],[],True,,"{""errors"":[{""category"":""fluency"",""severity"":""minor""}]}",True,"[{""category"":""fluency"",""severity"":""minor""}]",True,1,0,True,True,False,97,97,16,17,1477,913.29,1307,18,1325,1192.37
7fb4ff63911028a901fb,1324,nova-pro,arn:aws:bedrock:us-west-2:686465264859:prompt/7ZJL56AKIU,tatoeba,nl,da,Ze rookt twintig sigaretten per dag.,Hun ryger 20 cigaretter om dagen.,"{""c"":""Han ryger tyve cigaretter om dagen.""}",Han ryger tyve cigaretter om dagen.,False,1,0,True,True,False,True,,True,,,"{""reason"":""detector_inconclusive"",""detected"":""sv"",""confidence"":0.5714}",True,[],[],True,,"{""errors"":[{""category"":""accuracy"",""severity"":""major""}]}",False,"[{""category"":""accuracy"",""severity"":""major""}]",True,1,0,True,True,False,85,85,14,18,1478,872.5,1306,17,1323,1378.58
b53bdb9241de61f54d43,1325,nova-pro,arn:aws:bedrock:us-west-2:686465264859:prompt/7ZJL56AKIU,tatoeba,nl,da,Waar is de dichtstbijzijnde bank?,Hvor er nærmeste bank?,"{""c"":""Hvor er den n\u00e6rmeste bank?""}",Hvor er den nærmeste bank?,False,1,0,True,True,False,True,,True,,True,"{""reason"":""detector_match"",""detected"":""da"",""confidence"":1.0}",True,[],[],True,,"{""errors"":[]}",True,[],True,1,0,True,True,False,100,100,12,20,1479,1090.89,1303,8,1311,1169.98
9fec893d9e4247b42929,1326,nova-pro,arn:aws:bedrock:us-west-2:686465264859:prompt/7ZJL56AKIU,tatoeba,nl,da,Ik schrijf graag gedichten.,Jeg kan godt lide at skrive digte.,"{""c"":""Jeg skriver gerne digte.""}",Jeg skriver gerne digte.,False,2,1,True,False,True,True,,True,,True,"{""reason"":""detector_match"",""detected"":""da"",""confidence"":0.8571}",True,[],[],True,,"{""errors"":[]}",True,[],True,1,0,True,True,False,100,100,22,148,3064,2977.69,1303,8,1311,2634.16
8039d2f37dd765635bcb,1327,nova-pro,arn:aws:bedrock:us-west-2:686465264859:prompt/7ZJL56AKIU,tatoeba,nl,da,Ik heb hoofdpijn.,Jeg har hovedpine.,"{""c"":""Jeg har hovedpine.""}",Jeg har hovedpine.,False,1,0,True,True,False,True,,True,,,"{""reason"":""detector_mismatch_uncertain"",""detected"":""no"",""confidence"":1.0}",True,[],[],True,,"{""errors"":[]}",True,[],True,1,0,True,True,False,100,100,9,12,1467,818.71,1294,8,1302,1146.76
de0a9875bf317c6c9083,1328,nova-pro,arn:aws:bedrock:us-west-2:686465264859:prompt/7ZJL56AKIU,tatoeba,nl,da,Hoe gaat het met je vrouw?,Hvordan har din kone det?,"{""c"":""Hvordan har din kone det?""}",Hvordan har din kone det?,False,1,0,True,True,False,True,,True,,True,"{""reason"":""detector_match"",""detected"":""da"",""confidence"":1.0}",True,[],[],True,,"{""errors"":[]}",True,[],True,1,0,True,True,False,100,100,14,15,1473,871.4,1302,8,1310,1141.43
ed67913d296cd6f117d6,1329,nova-pro,arn:aws:bedrock:us-west-2:686465264859:prompt/7ZJL56AKIU,tatoeba,nl,da,Hij beloofde me om vroeg te komen.,Han lovede mig at komme tidligt.,"{""c"":""Han lovede mig at komme tidligt.""}
",Han lovede mig at komme tidligt.,False,2,1,True,False,True,True,,True,,True,"{""reason"":""detector_match"",""detected"":""da"",""confidence"":1.0}",True,[],[],True,,"{""errors"":[]}",True,[],True,1,0,True,True,False,100,100,32,186,3108,3452.71,1305,8,1313,1122.02
48364b89347f76909d29,1330,nova-pro,arn:aws:bedrock:us-west-2:686465264859:prompt/7ZJL56AKIU,tatoeba,nl,de,Tom opende een blik tonijn.,Tom öffnete eine Thunfischdose.,"{""c"":""Tom öffnete eine Dose Thunfisch.""}


",Tom öffnete eine Dose Thunfisch.,False,2,1,True,False,True,True,,True,,True,"{""reason"":""detector_match"",""detected"":""de"",""confidence"":1.0}",True,[],[],True,,"{""errors"":[]}",True,[],True,1,0,True,True,False,100,100,24,210,3124,3182.35,1308,8,1316,1232.62
3b19f6d9ae9bc123688a,1331,nova-pro,arn:aws:bedrock:us-west-2:686465264859:prompt/7ZJL56AKIU,tatoeba,nl,de,David is erg aantrekkelijk.,David ist sehr attraktiv.,"{""c"":""David ist sehr attraktiv.""}",David ist sehr attraktiv.,False,1,0,True,True,False,True,,True,,,"{""reason"":""detector_mismatch_uncertain"",""detected"":""sv"",""confidence"":1.0}",True,[],[],True,,"{""errors"":[]}",True,[],True,1,0,True,True,False,100,100,11,10,1467,751.06,1295,8,1303,1198.38
e8056ee9ed7a7989a298,1332,nova-pro,arn:aws:bedrock:us-west-2:686465264859:prompt/7ZJL56AKIU,tatoeba,nl,de,Dat gebeurt wel eens.,Das passiert schon mal.,"{""c"":""Das passiert manchmal.""}",Das passiert manchmal.,False,1,0,True,True,False,True,,True,,,"{""reason"":""detector_inconclusive"",""detected"":""de"",""confidence"":0.4286}",True,[],[],True,,"{""errors"":[]}",True,[],True,1,0,True,True,False,100,100,11,9,1464,729.9,1292,8,1300,1171.83
5d8841e26d69b9041f32,1333,nova-pro,arn:aws:bedrock:us-west-2:686465264859:prompt/7ZJL56AKIU,tatoeba,nl,de,Een longontsteking veroorzaakt ademhalingsproblemen.,Eine Lungenentzündung verursacht Atembeschwerden.,"{""c"":""Eine Lungenentzündung verursacht Atemprobleme.""}",Eine Lungenentzündung verursacht Atemprobleme.,False,1,0,True,True,False,True,,True,,True,"{""reason"":""detector_match"",""detected"":""de"",""confidence"":1.0}",True,[],[],True,,"{""errors"":[]}",True,[],True,1,0,True,True,False,100,100,11,14,1478,843.58,1321,8,1329,1234.52
929dd190cfad6edfb176,1334,nova-pro,arn:aws:bedrock:us-west-2:686465264859:prompt/7ZJL56AKIU,tatoeba,nl,de,Ik was jong en onschuldig.,Ich war jung und unschuldig.,"{""c"":""Ich war jung und unschuldig.""}",Ich war jung und unschuldig.,False,1,0,True,True,False,True,,True,,True,"{""reason"":""detector_match"",""detected"":""de"",""confidence"":1.0}",True,[],[],True,,"{""errors"":[]}",True,[],True,1,0,True,True,False,100,100,12,13,1469,766.12,1302,8,1310,1203.59
9c761639064f4a3313d0,1335,nova-pro,arn:aws:bedrock:us-west-2:686465264859:prompt/7ZJL56AKIU,tatoeba,nl,de,Ik was mijn haar bijna elke dag.,Ich wasche mir fast täglich die Haare.,"{""c"":""Ich habe fast jeden Tag meine Haare gewaschen.""}
",Ich habe fast jeden Tag meine Haare gewaschen.,False,1,0,True,True,False,True,,True,,True,"{""reason"":""detector_match"",""detected"":""de"",""confidence"":1.0}",True,[],[],True,,"{""errors"":[{""category"":""accuracy"",""severity"":""major""}]}",False,"[{""category"":""accuracy"",""severity"":""major""}]",True,1,0,True,True,False,85,85,16,16,1477,782.27,1313,17,1330,1174.17
3338071a0e8738b9adba,1336,nova-pro,arn:aws:bedrock:us-west-2:686465264859:prompt/7ZJL56AKIU,tatoeba,nl,de,De koning had last van zwaarmoedigheid en verveling.,Der König neigte zu Schwermut und Langerweile.,"{""c"":""Der K\u00f6nig litt unter Schwermut und Langeweile.""}",Der König litt unter Schwermut und Langeweile.,False,1,0,True,True,False,True,,True,,True,"{""reason"":""detector_match"",""detected"":""de"",""confidence"":1.0}",True,[],[],True,,"{""errors"":[]}",True,[],True,1,0,True,True,False,100,100,17,24,1488,806.65,1318,8,1326,1216.48
90216d3e77bce3867658,1337,nova-pro,arn:aws:bedrock:us-west-2:686465264859:prompt/7ZJL56AKIU,tatoeba,nl,de,De Finnen drinken veel koffie.,Die Finnen trinken viel Kaffee.,"{""c"":""Die Finnen trinken viel Kaffee.""}",Die Finnen trinken viel Kaffee.,False,1,0,True,True,False,True,,True,,,"{""reason"":""detector_mismatch_uncertain"",""detected"":""af"",""confidence"":1.0}",True,[],[],True,,"{""errors"":[]}",True,[],True,1,0,True,True,False,100,100,12,12,1471,852.42,1309,8,1317,1187.03
05a9693844e2be5086b4,1338,nova-pro,arn:aws:bedrock:us-west-2:686465264859:prompt/7ZJL56AKIU,tatoeba,nl,de,Het heeft weinig waarde.,Es hat nur geringen Wert.,"{""c"":""Es hat wenig Wert.""}",Es hat wenig Wert.,False,1,0,True,True,False,True,,True,,True,"{""reason"":""detector_match"",""detected"":""de"",""confidence"":1.0}",True,[],[],True,,"{""errors"":[]}",True,[],True,1,0,True,True,False,100,100,11,10,1466,791.63,1295,8,1303,1230.12
dbf6b82ec655cc274ac2,1339,nova-pro,arn:aws:bedrock:us-west-2:686465264859:prompt/7ZJL56AKIU,tatoeba,nl,de,Roemenië is een Balkanland. Zijn hoofdstad is Boekarest.,Rumänien ist ein Balkanstaat. Seine Hauptstadt ist Bukarest.,"{""c"":""Rumanien ist ein Balkanland. Seine Hauptstadt ist Bukarest.""}",Rumanien ist ein Balkanland. Seine Hauptstadt ist Bukarest.,False,2,1,True,False,True,True,,True,,True,"{""reason"":""detector_match"",""detected"":""de"",""confidence"":1.0}",True,[],[],True,,"{""errors"":[{""category"":""fluency"",""severity"":""minor""}]}",True,"[{""category"":""fluency"",""severity"":""minor""}]",True,1,0,True,True,False,97,97,38,115,3047,2314.94,1333,18,1351,1304.74
3ea938292ff96b8d963a,1340,nova-pro,arn:aws:bedrock:us-west-2:686465264859:prompt/7ZJL56AKIU,tatoeba,nl,en,Tom sterft.,Tom is dying.,"{""c"":""Tom dies.""}",Tom dies.,False,1,0,True,True,False,True,,True,,,"{""reason"":""too_short_for_language_detection"",""detected"":null,""confidence"":null}",True,[],[],True,,"{""errors"":[]}",True,[],True,1,0,True,True,False,100,100,8,8,1460,684.9,1282,8,1290,1158.16
3c388b0b49259bbf5b59,1341,nova-pro,arn:aws:bedrock:us-west-2:686465264859:prompt/7ZJL56AKIU,tatoeba,nl,en,Maria bijt op haar nagels.,Mary bites her nails.,"{""c"":""Maria bites her nails.""}",Maria bites her nails.,False,1,0,True,True,False,True,,True,,True,"{""reason"":""detector_match"",""detected"":""en"",""confidence"":0.8571}",True,[],[],True,,"{""errors"":[]}",True,[],True,1,0,True,True,False,100,100,12,10,1467,682.4,1293,8,1301,1219.53
de0afd574a268057caec,1342,nova-pro,arn:aws:bedrock:us-west-2:686465264859:prompt/7ZJL56AKIU,tatoeba,nl,en,Hij is allergisch voor katten.,He's allergic to cats.,"{""c"":""He is allergic to cats.""}",He is allergic to cats.,False,1,0,True,True,False,True,,True,,True,"{""reason"":""detector_match"",""detected"":""en"",""confidence"":1.0}",True,[],[],True,,"{""errors"":[]}",True,[],True,1,0,True,True,False,100,100,12,11,1467,659.62,1293,8,1301,1196.7
75eb7651bf1817edd4eb,1343,nova-pro,arn:aws:bedrock:us-west-2:686465264859:prompt/7ZJL56AKIU,tatoeba,nl,en,Hij kan niet erg snel rennen.,He can't run very fast.,"{""c"":""He can't run very fast.""}",He can't run very fast.,False,1,0,True,True,False,True,,True,,True,"{""reason"":""detector_match"",""detected"":""en"",""confidence"":1.0}",True,[],[],True,,"{""errors"":[]}",True,[],True,1,0,True,True,False,100,100,14,13,1471,814.7,1295,8,1303,1162.92
ba9dfccbb72e4ade6c08,1344,nova-pro,arn:aws:bedrock:us-west-2:686465264859:prompt/7ZJL56AKIU,tatoeba,nl,en,Stop Tom.,Stop Tom.,"{""c"":""Stop Tom.""}",Stop Tom.,False,1,0,True,True,False,True,,True,,,"{""reason"":""too_short_for_language_detection"",""detected"":null,""confidence"":null}",True,[],[],True,,"{""errors"":[]}",True,[],True,1,0,True,True,False,100,100,8,8,1458,686.09,1280,8,1288,1184.68
1cbc60f67297ae858049,1345,nova-pro,arn:aws:bedrock:us-west-2:686465264859:prompt/7ZJL56AKIU,tatoeba,nl,en,Hoeveel is 300 euro in Canadese dollars?,How much is 300 euros in Canadian dollars?,"{""c"":""How much is 300 euros in Canadian dollars?""}",How much is 300 euros in Canadian dollars?,False,1,0,True,True,False,True,,True,,True,"{""reason"":""detector_match"",""detected"":""en"",""confidence"":1.0}",True,[],[],True,,"{""errors"":[]}",True,[],True,1,0,True,True,False,100,100,16,17,1479,735.24,1310,8,1318,1162.0
a9a34d7321a3aa628a4e,1346,nova-pro,arn:aws:bedrock:us-west-2:686465264859:prompt/7ZJL56AKIU,tatoeba,nl,en,Tom kan het niet uitstaan onderbroken te worden.,Tom can't stand being interrupted.,"{""c"":""Tom can't stand being interrupted.""}
",Tom can't stand being interrupted.,False,2,1,True,False,True,True,,True,,True,"{""reason"":""detector_match"",""detected"":""en"",""confidence"":1.0}",True,[],[],True,,"{""errors"":[]}",True,[],True,1,0,True,True,False,100,100,34,26,2948,2071.46,1298,8,1306,1228.51
bff0c3c61dc429310d62,1347,nova-pro,arn:aws:bedrock:us-west-2:686465264859:prompt/7ZJL56AKIU,tatoeba,nl,en,Ik wil niet blijven aandringen.,I don't want to continue pressing the issue.,"{""c"":""I don't want to keep insisting.""}",I don't want to keep insisting.,False,1,0,True,True,False,True,,True,,,"{""reason"":""detector_mismatch_uncertain"",""detected"":""af"",""confidence"":1.0}",True,[],[],True,,"{""errors"":[]}",True,[],True,1,0,True,True,False,100,100,12,14,1473,697.26,1302,8,1310,1186.95
55a971ed5574991e8355,1348,nova-pro,arn:aws:bedrock:us-west-2:686465264859:prompt/7ZJL56AKIU,tatoeba,nl,en,Volgens de bijbel schiep God de wereld in zes dagen.,"According to the Bible, God created the world in six days.","{""c"":""According to the Bible, God created the world in six days.""}","According to the Bible, God created the world in six days.",False,2,1,True,False,True,True,,True,,True,"{""reason"":""detector_match"",""detected"":""en"",""confidence"":1.0}",True,[],[],True,,"{""errors"":[]}",True,[],True,1,0,True,True,False,100,100,40,100,3028,2509.83,1315,8,1323,1206.45
d167d973d25578983215,1349,nova-pro,arn:aws:bedrock:us-west-2:686465264859:prompt/7ZJL56AKIU,tatoeba,nl,en,Ik zal op kerstdag aankomen.,I'll arrive on Christmas Day.,"{""c"":""I will arrive on Christmas Day.""}",I will arrive on Christmas Day.,False,1,0,True,True,False,True,,True,,True,"{""reason"":""detector_match"",""detected"":""en"",""confidence"":1.0}",True,[],[],True,,"{""errors"":[]}",True,[],True,1,0,True,True,False,100,100,13,12,1473,670.59,1298,8,1306,1378.59
4296878b034da39e1011,1350,nova-pro,arn:aws:bedrock:us-west-2:686465264859:prompt/7ZJL56AKIU,tatoeba,nl,es,Wanneer te beginnen is het grootste probleem.,El problema más grande es cuándo comenzar.,"{""c"":""Cuando empezar es el mayor problema.""}",Cuando empezar es el mayor problema.,False,1,0,True,True,False,True,,True,,True,"{""reason"":""detector_match"",""detected"":""es"",""confidence"":1.0}",True,[],[],True,,"{""errors"":[{""category"":""fluency"",""severity"":""minor""}]}",True,"[{""category"":""fluency"",""severity"":""minor""}]",True,1,0,True,True,False,97,97,16,12,1473,767.92,1304,18,1322,1202.55
22024194c7bcaf7765ec,1351,nova-pro,arn:aws:bedrock:us-west-2:686465264859:prompt/7ZJL56AKIU,tatoeba,nl,es,Ik groeide op in Boston.,Yo crecí en Boston.,"{""c"":""Crec\u00ed en Boston.""}",Crecí en Boston.,False,1,0,True,True,False,True,,True,,True,"{""reason"":""detector_match"",""detected"":""es"",""confidence"":1.0}",True,[],[],True,,"{""errors"":[]}",True,[],True,1,0,True,True,False,100,100,12,15,1470,599.95,1296,8,1304,1162.88
0b69e15fa48f7892394e,1352,nova-pro,arn:aws:bedrock:us-west-2:686465264859:prompt/7ZJL56AKIU,tatoeba,nl,es,Ik heb een grote familie.,Tengo una familia numerosa.,"{""c"":""Tengo una familia grande.""}",Tengo una familia grande.,False,1,0,True,True,False,True,,True,,True,"{""reason"":""detector_match"",""detected"":""es"",""confidence"":1.0}",True,[],[],True,,"{""errors"":[]}",True,[],True,1,0,True,True,False,100,100,12,11,1468,668.87,1295,8,1303,1228.11
ad5b24e9b6f8bd5fa1e9,1353,nova-pro,arn:aws:bedrock:us-west-2:686465264859:prompt/7ZJL56AKIU,tatoeba,nl,es,Hij kan Frans onderwijzen.,Es capaz de enseñar francés.,"{""c"":""l puede ense\u00f1ar franc\u00e9s.""}",l puede enseñar francés.,False,1,0,True,True,False,True,,True,,True,"{""reason"":""detector_match"",""detected"":""es"",""confidence"":1.0}",True,[],[],True,,"{""errors"":[{""category"":""fluency"",""severity"":""major""}]}",False,"[{""category"":""fluency"",""severity"":""major""}]",True,1,0,True,True,False,85,85,11,25,1480,754.83,1298,18,1316,1316.39
43fefe006ec167a30ed2,1354,nova-pro,arn:aws:bedrock:us-west-2:686465264859:prompt/7ZJL56AKIU,tatoeba,nl,es,Waarom doe je je jas niet uit?,¿Por qué no te quitas el abrigo?,"{""c"":""¿Por qué no te quitas el abrigo?""}",¿Por qué no te quitas el abrigo?,False,1,0,True,True,False,True,,True,,,"{""reason"":""detector_mismatch_uncertain"",""detected"":""pt"",""confidence"":1.0}",True,[],[],True,,"{""errors"":[]}",True,[],True,1,0,True,True,False,100,100,16,16,1474,941.62,1312,8,1320,1236.92
8436ebb00297c0559dc0,1355,nova-pro,arn:aws:bedrock:us-west-2:686465264859:prompt/7ZJL56AKIU,tatoeba,nl,es,Ze geloven dat Jane eerlijk is.,Creen que Jane es sincera.,"{""c"":""Ellos creen que Jane es honesta.""}",Ellos creen que Jane es honesta.,False,1,0,True,True,False,True,,True,,True,"{""reason"":""detector_match"",""detected"":""es"",""confidence"":1.0}",True,[],[],True,,"{""errors"":[]}",True,[],True,1,0,True,True,False,100,100,14,14,1471,690.02,1300,8,1308,1176.96
7814bcd394ace5e571e5,1356,nova-pro,arn:aws:bedrock:us-west-2:686465264859:prompt/7ZJL56AKIU,tatoeba,nl,es,Mijn zus houdt van meloenen en ik ook.,"A mi hermana le gustan los melones, y a mí también.","{""c"":""A mi hermana le encantan las melones y a m\u00ed tambi\u00e9n.""}


",A mi hermana le encantan las melones y a mí también.,False,1,0,True,True,False,True,,True,,True,"{""reason"":""detector_match"",""detected"":""es"",""confidence"":0.8571}",True,[],[],True,,"{""errors"":[{""category"":""fluency"",""severity"":""minor""}]}",True,"[{""category"":""fluency"",""severity"":""minor""}]",True,1,0,True,True,False,97,97,17,33,1498,968.8,1321,18,1339,1189.38
a87516c98b9f44451760,1357,nova-pro,arn:aws:bedrock:us-west-2:686465264859:prompt/7ZJL56AKIU,tatoeba,nl,es,Hij heeft een week vrij genomen.,Se tomó una semana libre.,"{""c"":""Ha tomado una semana libre.""}",Ha tomado una semana libre.,False,2,1,True,False,True,True,,True,,True,"{""reason"":""detector_match"",""detected"":""es"",""confidence"":1.0}",True,[],[],True,,"{""errors"":[]}",True,[],True,1,0,True,True,False,100,100,28,196,3108,2999.63,1296,8,1304,1143.9
ae2aaa37b13a8d925526,1358,nova-pro,arn:aws:bedrock:us-west-2:686465264859:prompt/7ZJL56AKIU,tatoeba,nl,es,Haar enige wens was haar enige zoon een laatste keer terug te zien.,Su único deseo era volver a ver a su hijo por última vez.,"{""c"":""Su \u00fanico deseo era ver a su \u00fanico hijo una \u00faltima vez. -> es""}",Su único deseo era ver a su único hijo una última vez. -> es,False,1,0,True,True,False,True,,True,,True,"{""reason"":""detector_match"",""detected"":""es"",""confidence"":1.0}",True,[],[],True,,"{""errors"":[{""category"":""preservation"",""severity"":""major""}]}",False,"[{""category"":""preservation"",""severity"":""major""}]",True,1,0,True,True,False,85,85,25,35,1506,929.99,1325,17,1342,1295.6
58d843b79aff45899081,1359,nova-pro,arn:aws:bedrock:us-west-2:686465264859:prompt/7ZJL56AKIU,tatoeba,nl,es,Er blijft nog veel te doen.,Hay mucho que hacer.,"{""c"":""Todavía queda mucho por hacer.""}",Todavía queda mucho por hacer.,False,1,0,True,True,False,True,,True,,True,"{""reason"":""detector_match"",""detected"":""es"",""confidence"":1.0}",True,[],[],True,,"{""errors"":[]}",True,[],True,1,0,True,True,False,100,100,14,13,1474,657.93,1298,8,1306,1143.42
bec40079bc464bcd1ac3,1360,nova-pro,arn:aws:bedrock:us-west-2:686465264859:prompt/7ZJL56AKIU,tatoeba,nl,fr,Ik heb een raar geluid gehoord.,J'ai entendu un bruit étrange.,"{""c"":""J'ai entendu un bruit bizarre.""}",J'ai entendu un bruit bizarre.,False,1,0,True,True,False,True,,True,,,"{""reason"":""detector_inconclusive"",""detected"":""ro"",""confidence"":0.5714}",True,[],[],True,,"{""errors"":[]}",True,[],True,1,0,True,True,False,100,100,14,15,1475,692.0,1308,8,1316,1270.19
58c01eb8122f5cfa906a,1361,nova-pro,arn:aws:bedrock:us-west-2:686465264859:prompt/7ZJL56AKIU,tatoeba,nl,fr,Leven is wat je gebeurt terwijl je andere plannen maakt.,La vie c'est ce qui se passe pendant que tu es occupée à faire d'autres plans.,"{""c"":""La vie est ce qui arrive pendant que vous faites d'autres plans.""}",La vie est ce qui arrive pendant que vous faites d'autres plans.,False,1,0,True,True,False,True,,True,,True,"{""reason"":""detector_match"",""detected"":""fr"",""confidence"":1.0}",True,[],[],True,,"{""errors"":[]}",True,[],True,1,0,True,True,False,100,100,20,21,1484,815.3,1327,8,1335,2706.65
e90dbb8d1f460b868e6c,1362,nova-pro,arn:aws:bedrock:us-west-2:686465264859:prompt/7ZJL56AKIU,tatoeba,nl,fr,Ik hoop je snel te zien.,J'espère te voir vite.,"{""c"":""J'esp\u00e8re te voir bient\u00f4t.""}",J'espère te voir bientôt.,False,1,0,True,True,False,True,,True,,True,"{""reason"":""detector_match"",""detected"":""fr"",""confidence"":1.0}",True,[],[],True,,"{""errors"":[]}",True,[],True,1,0,True,True,False,100,100,14,27,1485,841.38,1303,8,1311,1353.16
929e078d0e1bfd48220b,1363,nova-pro,arn:aws:bedrock:us-west-2:686465264859:prompt/7ZJL56AKIU,tatoeba,nl,fr,Japan is een land van eilanden.,Le Japon est un pays insulaire.,"{""c"":""Le Japon est un pays d'\u00eele.""}",Le Japon est un pays d'île.,False,1,0,True,True,False,True,,True,,True,"{""reason"":""detector_match"",""detected"":""fr"",""confidence"":1.0}",True,[],[],True,,"{""errors"":[{""category"":""accuracy"",""severity"":""minor""}]}",True,"[{""category"":""accuracy"",""severity"":""minor""}]",True,1,0,True,True,False,97,97,14,19,1475,829.67,1300,17,1317,1302.49
cf3222f37c7cacac7951,1364,nova-pro,arn:aws:bedrock:us-west-2:686465264859:prompt/7ZJL56AKIU,tatoeba,nl,fr,China is veel groter dan Japan.,La Chine est beaucoup plus grande que le Japon.,"{""c"":""La Chine est beaucoup plus grande que le Japon.""}",La Chine est beaucoup plus grande que le Japon.,False,1,0,True,True,False,True,,True,,True,"{""reason"":""detector_match"",""detected"":""fr"",""confidence"":1.0}",True,[],[],True,,"{""errors"":[]}",True,[],True,1,0,True,True,False,100,100,14,15,1472,744.07,1311,8,1319,1177.69
2e0bb5df7120488aa553,1365,nova-pro,arn:aws:bedrock:us-west-2:686465264859:prompt/7ZJL56AKIU,tatoeba,nl,fr,Teken hier!,Signe ici !,"{""c"":""Dessin ici!""}",Dessin ici!,False,1,0,True,True,False,True,,True,,,"{""reason"":""detector_mismatch_uncertain"",""detected"":""it"",""confidence"":1.0}",True,[],[],True,,"{""errors"":[{""category"":""accuracy"",""severity"":""critical""}]}",False,"[{""category"":""accuracy"",""severity"":""critical""}]",True,1,0,True,True,False,60,60,8,10,1461,685.42,1289,17,1306,1266.13
1588ee223ad45c237f0f,1366,nova-pro,arn:aws:bedrock:us-west-2:686465264859:prompt/7ZJL56AKIU,tatoeba,nl,fr,Ik zou geen voedsel moeten eten dat suiker bevat.,Je ne devrais pas manger de nourriture contenant du sucre.,"{""c"":""Je ne devrais pas manger d'aliments contenant du sucre.""}",Je ne devrais pas manger d'aliments contenant du sucre.,False,1,0,True,True,False,True,,True,,True,"{""reason"":""detector_match"",""detected"":""fr"",""confidence"":1.0}",True,[],[],True,,"{""errors"":[]}",True,[],True,1,0,True,True,False,100,100,19,22,1488,663.3,1325,8,1333,1180.78
06db23c3e848eba666d7,1367,nova-pro,arn:aws:bedrock:us-west-2:686465264859:prompt/7ZJL56AKIU,tatoeba,nl,fr,We stonden voor de deur en wachtten.,Nous nous tenions devant la porte et attendions.,"{""c"":""Nous étions debout devant la porte et attendions. -> fr""}",Nous étions debout devant la porte et attendions. -> fr,False,1,0,True,True,False,True,,True,,True,"{""reason"":""detector_match"",""detected"":""fr"",""confidence"":1.0}",True,[],[],True,,"{""errors"":[{""category"":""preservation"",""severity"":""critical""},{""category"":""accuracy"",""severity"":""minor""}]}",False,"[{""category"":""preservation"",""severity"":""critical""},{""category"":""accuracy"",""severity"":""minor""}]",True,1,0,True,True,False,57,57,16,20,1480,975.23,1315,26,1341,1321.24
b89f324e647fcc653380,1368,nova-pro,arn:aws:bedrock:us-west-2:686465264859:prompt/7ZJL56AKIU,tatoeba,nl,fr,Joan brak haar linkerarm in het ongeluk.,Joan s'est cassé son bras gauche dans l'accident.,"{""c"":""Joan s'est cassé le bras gauche dans l'accident.""}",Joan s'est cassé le bras gauche dans l'accident.,False,1,0,True,True,False,True,,True,,True,"{""reason"":""detector_match"",""detected"":""fr"",""confidence"":1.0}",True,[],[],True,,"{""errors"":[]}",True,[],True,1,0,True,True,False,100,100,16,20,1481,811.88,1316,8,1324,1175.41
18fb377f64b6bdf67d4b,1369,nova-pro,arn:aws:bedrock:us-west-2:686465264859:prompt/7ZJL56AKIU,tatoeba,nl,fr,Ik was verwonderd wanneer ik hoorde wat er gebeurd was.,J'ai été étonné d'entendre ce qui s'était passé.,"{""c"":""J'ai \u00e9t\u00e9 \u00e9tonn\u00e9 quand j'ai entendu ce qui s'\u00e9tait pass\u00e9.""}",J'ai été étonné quand j'ai entendu ce qui s'était passé.,False,1,0,True,True,False,True,,True,,True,"{""reason"":""detector_match"",""detected"":""fr"",""confidence"":1.0}",True,[],[],True,,"{""errors"":[]}",True,[],True,1,0,True,True,False,100,100,20,62,1529,1163.7,1332,8,1340,1113.66
ff8f82be90f42f3aaa06,1370,nova-pro,arn:aws:bedrock:us-west-2:686465264859:prompt/7ZJL56AKIU,tatoeba,nl,it,Ik ben trots op mijn kinderen.,Io sono fiera dei miei figli.,"{""c"":""Sono orgoglioso dei miei figli.""}",Sono orgoglioso dei miei figli.,False,1,0,True,True,False,True,,True,,True,"{""reason"":""detector_match"",""detected"":""it"",""confidence"":1.0}",True,[],[],True,,"{""errors"":[{""category"":""accuracy"",""severity"":""minor""}]}",True,"[{""category"":""accuracy"",""severity"":""minor""}]",True,1,0,True,True,False,97,97,14,14,1473,673.99,1305,17,1322,1143.36
55df7dbde594fb188e20,1371,nova-pro,arn:aws:bedrock:us-west-2:686465264859:prompt/7ZJL56AKIU,tatoeba,nl,it,Waartoe dient dit?,A che serve questo?,"{""c"":""A cosa serve questo?""}",A cosa serve questo?,False,1,0,True,True,False,True,,True,,,"{""reason"":""detector_mismatch_uncertain"",""detected"":""pt"",""confidence"":1.0}",True,[],[],True,,"{""errors"":[]}",True,[],True,1,0,True,True,False,100,100,9,10,1463,663.66,1291,8,1299,1277.54
f7171567619c64739aa6,1372,nova-pro,arn:aws:bedrock:us-west-2:686465264859:prompt/7ZJL56AKIU,tatoeba,nl,it,Dit is een bloem?,Questo è un fiore?,"{""c"":""Questo \u00e8 un fiore?""}",Questo è un fiore?,False,1,0,True,True,False,True,,True,,True,"{""reason"":""detector_match"",""detected"":""it"",""confidence"":1.0}",True,[],[],True,,"{""errors"":[]}",True,[],True,1,0,True,True,False,100,100,11,17,1470,952.45,1293,8,1301,1175.88
8634e21d6479a54edc86,1373,nova-pro,arn:aws:bedrock:us-west-2:686465264859:prompt/7ZJL56AKIU,tatoeba,nl,it,Hij leest veel.,Lui legge molto.,"{""c"":""Legger molto.""}",Legger molto.,False,1,0,True,True,False,True,,True,,True,"{""reason"":""detector_match"",""detected"":""it"",""confidence"":0.8571}",True,[],[],True,,"{""errors"":[{""category"":""fluency"",""severity"":""critical""}]}",False,"[{""category"":""fluency"",""severity"":""critical""}]",True,1,0,True,True,False,60,60,9,9,1463,724.16,1287,18,1305,2641.47
6de79076958450e991b7,1374,nova-pro,arn:aws:bedrock:us-west-2:686465264859:prompt/7ZJL56AKIU,tatoeba,nl,it,Heeft Tom gezegd waarom?,Tom disse il perché?,"{""c"":""Tom ha detto perch\u00e9?""}",Tom ha detto perché?,False,1,0,True,True,False,True,,True,,,"{""reason"":""detector_inconclusive"",""detected"":""pt"",""confidence"":0.7143}",True,[],[],True,,"{""errors"":[]}",True,[],True,1,0,True,True,False,100,100,11,16,1473,899.6,1294,8,1302,1196.54
6aa24019cccfb21d1b28,1375,nova-pro,arn:aws:bedrock:us-west-2:686465264859:prompt/7ZJL56AKIU,tatoeba,nl,it,We zijn gelukkig.,Noi siamo felici.,"{""c"":""Siamo felici.""}",Siamo felici.,False,1,0,True,True,False,True,,True,,True,"{""reason"":""detector_match"",""detected"":""it"",""confidence"":1.0}",True,[],[],True,,"{""errors"":[]}",True,[],True,1,0,True,True,False,100,100,9,10,1463,723.23,1292,8,1300,1225.62
aa7078a7991d9920f971,1376,nova-pro,arn:aws:bedrock:us-west-2:686465264859:prompt/7ZJL56AKIU,tatoeba,nl,it,Nepal wordt ''Nepal'' genoemd in het Nepalees.,"Il Nepal si chiama ""Nepal"" in nepalese.","{""c"":""Il Nepal si chiama \""Nepal\"" in nepalese.""}","Il Nepal si chiama ""Nepal"" in nepalese.",False,1,0,True,True,False,True,,True,,True,"{""reason"":""detector_match"",""detected"":""it"",""confidence"":1.0}",True,[],[],True,,"{""errors"":[]}",True,[],True,1,0,True,True,False,100,100,19,17,1481,902.69,1310,8,1318,1161.15
0675061f28e448217ef9,1377,nova-pro,arn:aws:bedrock:us-west-2:686465264859:prompt/7ZJL56AKIU,tatoeba,nl,it,Ik ben blind.,Io sono cieco.,"{""c"":""Sono cieco.""}",Sono cieco.,False,1,0,True,True,False,True,,True,,True,"{""reason"":""detector_match"",""detected"":""it"",""confidence"":1.0}",True,[],[],True,,"{""errors"":[]}",True,[],True,1,0,True,True,False,100,100,9,10,1463,722.81,1288,8,1296,1149.05
69e24199af4d458a1f3d,1378,nova-pro,arn:aws:bedrock:us-west-2:686465264859:prompt/7ZJL56AKIU,tatoeba,nl,it,Welke zijn de positieve kanten?,Quali sono i lati positivi?,"{""c"":""Quali sono i lati positivi?""}",Quali sono i lati positivi?,False,1,0,True,True,False,True,,True,,True,"{""reason"":""detector_match"",""detected"":""it"",""confidence"":1.0}",True,[],[],True,,"{""errors"":[]}",True,[],True,1,0,True,True,False,100,100,12,14,1470,712.55,1301,8,1309,1184.56
c1ca6b383797966b9902,1379,nova-pro,arn:aws:bedrock:us-west-2:686465264859:prompt/7ZJL56AKIU,tatoeba,nl,it,Ik ben Toms oudste broer.,Io sono il fratello maggiore di Tom.,"{""c"":""Sono il fratello maggiore di Tom.""}",Sono il fratello maggiore di Tom.,False,1,0,True,True,False,True,,True,,True,"{""reason"":""detector_match"",""detected"":""it"",""confidence"":1.0}",True,[],[],True,,"{""errors"":[]}",True,[],True,1,0,True,True,False,100,100,12,13,1472,767.89,1304,8,1312,1170.81
b1055c2b8816dd9c8e44,1380,nova-pro,arn:aws:bedrock:us-west-2:686465264859:prompt/7ZJL56AKIU,tatoeba,nl,jp,Bekijk de afbeelding.,その絵を見なさい。,"{""c"":""画像をご覧ください。""}",画像をご覧ください。,False,1,0,True,True,False,True,,True,,True,"{""reason"":""target_script_present"",""detected"":""ja"",""confidence"":1.0}",True,[],[],True,,"{""errors"":[]}",True,[],True,1,0,True,True,False,100,100,9,10,1466,714.74,1300,8,1308,1192.02
ae013223f858a653790d,1381,nova-pro,arn:aws:bedrock:us-west-2:686465264859:prompt/7ZJL56AKIU,tatoeba,nl,jp,Dit hotel is vorig jaar gebouwd.,このホテルは去年建てられた。,"{""c"":""このホテルは昨年建設されました。""}",このホテルは昨年建設されました。,False,1,0,True,True,False,True,,True,,True,"{""reason"":""target_script_present"",""detected"":""ja"",""confidence"":1.0}",True,[],[],True,,"{""errors"":[]}",True,[],True,1,0,True,True,False,100,100,14,13,1472,639.6,1307,8,1315,1351.96
9ce99bd5b0829f4ef9e4,1382,nova-pro,arn:aws:bedrock:us-west-2:686465264859:prompt/7ZJL56AKIU,tatoeba,nl,jp,Ik ben John.,私はジョンです。,"{""c"":""私はジョンです。""}",私はジョンです。,False,1,0,True,True,False,True,,True,,True,"{""reason"":""target_script_present"",""detected"":""ja"",""confidence"":1.0}",True,[],[],True,,"{""errors"":[]}",True,[],True,1,0,True,True,False,100,100,9,9,1463,799.56,1293,8,1301,1145.59
3b15312f942dac162c91,1383,nova-pro,arn:aws:bedrock:us-west-2:686465264859:prompt/7ZJL56AKIU,tatoeba,nl,jp,Het is raar dat jij niks van haar huwelijksceremonie afweet.,あなたが彼女の結婚式について何も知らないとは不思議だ。,"{""c"":""彼女の結婚式について何も知らないなんて変だね。""}",彼女の結婚式について何も知らないなんて変だね。,False,1,0,True,True,False,True,,True,,True,"{""reason"":""target_script_present"",""detected"":""ja"",""confidence"":1.0}",True,[],[],True,,"{""errors"":[]}",True,[],True,1,0,True,True,False,100,100,20,19,1493,903.66,1342,8,1350,1280.09
6a95dddde8a3befbe78c,1384,nova-pro,arn:aws:bedrock:us-west-2:686465264859:prompt/7ZJL56AKIU,tatoeba,nl,jp,U zult merken dat deze kaart erg handig is.,この地図がとても役に立つことが分かるでしょう。,"{""c"":""このカードが非常に便利であることに気付くでしょう。""}",このカードが非常に便利であることに気付くでしょう。,False,1,0,True,True,False,True,,True,,True,"{""reason"":""target_script_present"",""detected"":""ja"",""confidence"":1.0}",True,[],[],True,,"{""errors"":[{""category"":""terminology"",""severity"":""major""}]}",False,"[{""category"":""terminology"",""severity"":""major""}]",True,1,0,True,True,False,85,85,19,18,1482,723.68,1328,17,1345,1335.61
0361f68444ab4bcf86bb,1385,nova-pro,arn:aws:bedrock:us-west-2:686465264859:prompt/7ZJL56AKIU,tatoeba,nl,jp,Betty is danslerares.,ベティはダンスの先生である。,"{""c"":""Bettyはダンスの先生です。""}",Bettyはダンスの先生です。,False,1,0,True,True,False,True,,True,,True,"{""reason"":""target_script_present"",""detected"":""ja"",""confidence"":1.0}",True,[],[],True,,"{""errors"":[{""category"":""preservation"",""severity"":""minor""}]}",True,"[{""category"":""preservation"",""severity"":""minor""}]",True,1,0,True,True,False,97,97,9,12,1466,672.74,1304,17,1321,1234.01
3d6b52246b2bf9d33d89,1386,nova-pro,arn:aws:bedrock:us-west-2:686465264859:prompt/7ZJL56AKIU,tatoeba,nl,jp,Geef me een ander voorbeeld alsjeblieft.,別の実例を教えてください。,"{""c"":""他の例を教えてください。""}",他の例を教えてください。,False,1,0,True,True,False,True,,True,,True,"{""reason"":""target_script_present"",""detected"":""ja"",""confidence"":1.0}",True,[],[],True,,"{""errors"":[]}",True,[],True,1,0,True,True,False,100,100,14,11,1474,935.77,1307,8,1315,1163.02
e6646cbf9864cc38e51d,1387,nova-pro,arn:aws:bedrock:us-west-2:686465264859:prompt/7ZJL56AKIU,tatoeba,nl,jp,"Zover wij weten, is de aarde de enige planeet met oceanen.",私たちの知る限りでは、地球は海を持っている唯一の惑星である。,"{""c"":""私たちが知る限り、地球は海を持つ唯一の惑星です。""}",私たちが知る限り、地球は海を持つ唯一の惑星です。,False,1,0,True,True,False,True,,True,,True,"{""reason"":""target_script_present"",""detected"":""ja"",""confidence"":1.0}",True,[],[],True,,"{""errors"":[]}",True,[],True,1,0,True,True,False,100,100,23,24,1492,906.47,1348,8,1356,1118.46
11d29bcc7430c07cf243,1388,nova-pro,arn:aws:bedrock:us-west-2:686465264859:prompt/7ZJL56AKIU,tatoeba,nl,jp,"Het is niet goed als je zo laat in de avond opblijft, joh.",夜遅くまで起きていては駄目だよ。,"{""c"":""そんなに遅くまで夜更かしするのは良くないよ。""}",そんなに遅くまで夜更かしするのは良くないよ。,False,1,0,True,True,False,True,,True,,True,"{""reason"":""target_script_present"",""detected"":""ja"",""confidence"":1.0}",True,[],[],True,,"{""errors"":[]}",True,[],True,1,0,True,True,False,100,100,27,18,1490,1045.62,1336,8,1344,1211.67
07ee14a26551b4e9802d,1389,nova-pro,arn:aws:bedrock:us-west-2:686465264859:prompt/7ZJL56AKIU,tatoeba,nl,jp,Hij kan dat niet aan.,彼にはそれはすることができない。,"{""c"":""彼はそれに耐えられない。""}",彼はそれに耐えられない。,False,1,0,True,True,False,True,,True,,True,"{""reason"":""target_script_present"",""detected"":""ja"",""confidence"":1.0}",True,[],[],True,,"{""errors"":[]}",True,[],True,1,0,True,True,False,100,100,12,12,1467,754.67,1303,8,1311,1215.73
47981a9ffd0bf0cd0e70,1390,nova-pro,arn:aws:bedrock:us-west-2:686465264859:prompt/7ZJL56AKIU,tatoeba,nl,nb,Tom is nog steeds buiten.,Tom er fremdeles utenfor.,"{""c"":""Tom er fortsatt ute.""}",Tom er fortsatt ute.,False,1,0,True,True,False,True,,True,,True,"{""reason"":""detector_match"",""detected"":""no"",""confidence"":1.0}",True,[],[],True,,"{""errors"":[]}",True,[],True,1,0,True,True,False,100,100,12,12,1469,827.3,1295,8,1303,1180.13
6a99445e0bda0999053f,1391,nova-pro,arn:aws:bedrock:us-west-2:686465264859:prompt/7ZJL56AKIU,tatoeba,nl,nb,Hoeveel tijd besteden jullie op Facebook?,Hvor mye tid bruker du på Facebook?,"{""c"":""Hvor mye tid bruker dere p\u00e5 Facebook?""}",Hvor mye tid bruker dere på Facebook?,False,1,0,True,True,False,True,,True,,,"{""reason"":""detector_inconclusive"",""detected"":""no"",""confidence"":0.721}",True,[],[],True,,"{""errors"":[]}",True,[],True,1,0,True,True,False,100,100,14,23,1484,874.09,1308,8,1316,1211.28
c1d096473c726aa43a6f,1392,nova-pro,arn:aws:bedrock:us-west-2:686465264859:prompt/7ZJL56AKIU,tatoeba,nl,nb,Hij heeft geluk zo'n goede vrouw te hebben.,Han er heldig som har en så god hustru.,"{""c"":""Han er heldig \u00e5 ha en s\u00e5 god kone.""}",Han er heldig å ha en så god kone.,False,1,0,True,True,False,True,,True,,True,"{""reason"":""detector_match"",""detected"":""no"",""confidence"":1.0}",True,[],[],True,,"{""errors"":[]}",True,[],True,1,0,True,True,False,100,100,20,29,1494,1053.15,1309,8,1317,1342.73
922aea90cb7e947c20e3,1393,nova-pro,arn:aws:bedrock:us-west-2:686465264859:prompt/7ZJL56AKIU,tatoeba,nl,nb,Het klimaat is aangenaam.,Klimaet er behagelig.,"{""c"":""Klimaet er behagelig.""}",Klimaet er behagelig.,False,1,0,True,True,False,True,,True,,,"{""reason"":""detector_mismatch_uncertain"",""detected"":""da"",""confidence"":1.0}",True,[],[],True,,"{""errors"":[]}",True,[],True,1,0,True,True,False,100,100,11,13,1471,926.82,1297,8,1305,1216.25
d570599442629b00525a,1394,nova-pro,arn:aws:bedrock:us-west-2:686465264859:prompt/7ZJL56AKIU,tatoeba,nl,nb,De hoofdstad van Japan is Tokio.,Hovedstaden i Japan er Tokyo.,"{""c"":""Hovedstaden i Japan er Tokyo. -> nb""}",Hovedstaden i Japan er Tokyo. -> nb,False,1,0,True,True,False,True,,True,,True,"{""reason"":""detector_match"",""detected"":""no"",""confidence"":0.9847}",True,[],[],True,,"{""errors"":[{""category"":""preservation"",""severity"":""critical""}]}",False,"[{""category"":""preservation"",""severity"":""critical""}]",True,1,0,True,True,False,60,60,14,17,1474,832.58,1302,17,1319,1268.82
b802c40281ebd26b8cf4,1395,nova-pro,arn:aws:bedrock:us-west-2:686465264859:prompt/7ZJL56AKIU,tatoeba,nl,nb,Geld is macht.,Penger er makt.,"{""c"":""Penger er makt.""}",Penger er makt.,False,1,0,True,True,False,True,,True,,True,"{""reason"":""detector_match"",""detected"":""no"",""confidence"":0.9998}",True,[],[],True,,"{""errors"":[]}",True,[],True,1,0,True,True,False,100,100,9,11,1463,847.27,1291,8,1299,1727.01
7046cc765c9210f31bd0,1396,nova-pro,arn:aws:bedrock:us-west-2:686465264859:prompt/7ZJL56AKIU,tatoeba,nl,nb,Ze rookt twintig sigaretten per dag.,Hun røyker 20 sigaretter om dagen.,"{""c"":""Han r\u00f8ker tjue sigaretter om dagen.""}",Han røker tjue sigaretter om dagen.,False,1,0,True,True,False,True,,True,,True,"{""reason"":""detector_match"",""detected"":""no"",""confidence"":0.8571}",True,[],[],True,,"{""errors"":[{""category"":""accuracy"",""severity"":""major""}]}",False,"[{""category"":""accuracy"",""severity"":""major""}]",True,1,0,True,True,False,85,85,14,25,1486,845.97,1307,17,1324,1589.71
87b90eaa9bd27e466f97,1397,nova-pro,arn:aws:bedrock:us-west-2:686465264859:prompt/7ZJL56AKIU,tatoeba,nl,nb,Maak je geen zorgen over ons.,Ikke bekymre deg for oss.,"{""c"":""Ikke vær bekymret for oss. -> nb""}",Ikke vær bekymret for oss. -> nb,False,1,0,True,True,False,True,,True,,,"{""reason"":""detector_inconclusive"",""detected"":""no"",""confidence"":0.6012}",True,[],[],True,,"{""errors"":[{""category"":""preservation"",""severity"":""critical""}]}",False,"[{""category"":""preservation"",""severity"":""critical""}]",True,1,0,True,True,False,60,60,14,20,1480,913.01,1306,17,1323,1282.48
c85f70fd360f9f687a4e,1398,nova-pro,arn:aws:bedrock:us-west-2:686465264859:prompt/7ZJL56AKIU,tatoeba,nl,nb,Hij woont in een dorp.,Han bor i en landsby.,"{""c"":""Han bor i en landsby.""}",Han bor i en landsby.,False,1,0,True,True,False,True,,True,,,"{""reason"":""detector_mismatch_uncertain"",""detected"":""da"",""confidence"":1.0}",True,[],[],True,,"{""errors"":[]}",True,[],True,1,0,True,True,False,100,100,12,12,1468,705.04,1295,8,1303,1244.33
29ced927b761892529f3,1399,nova-pro,arn:aws:bedrock:us-west-2:686465264859:prompt/7ZJL56AKIU,tatoeba,nl,nb,Ik was thuis.,Jeg var hjemme.,"{""c"":""Jeg var hjemme.""}",Jeg var hjemme.,False,1,0,True,True,False,True,,True,,True,"{""reason"":""detector_match"",""detected"":""no"",""confidence"":1.0}",True,[],[],True,,"{""errors"":[]}",True,[],True,1,0,True,True,False,100,100,9,12,1466,722.09,1292,8,1300,1199.94
dbe78e02c30173a05ef1,1400,nova-pro,arn:aws:bedrock:us-west-2:686465264859:prompt/7ZJL56AKIU,tatoeba,nb,da,Han spør stadig dumme spørsmål.,Han stiller hele tiden dumme spørgsmål.,"{""c"":""Han stiller stadig dumme sp\u00f8rgsm\u00e5l.""}",Han stiller stadig dumme spørgsmål.,False,1,0,True,True,False,True,,True,,True,"{""reason"":""detector_match"",""detected"":""da"",""confidence"":1.0}",True,[],[],True,,"{""errors"":[]}",True,[],True,1,0,True,True,False,100,100,12,30,1489,1047.77,1309,8,1317,1183.08
b78e7074edb08880b499,1401,nova-pro,arn:aws:bedrock:us-west-2:686465264859:prompt/7ZJL56AKIU,tatoeba,nb,da,Hun begynte å synge.,Hun begyndte at synge.,"{""c"":""Hun begyndte at synge.""}",Hun begyndte at synge.,False,1,0,True,True,False,True,,True,,True,"{""reason"":""detector_match"",""detected"":""da"",""confidence"":0.8571}",True,[],[],True,,"{""errors"":[]}",True,[],True,1,0,True,True,False,100,100,11,15,1470,790.69,1295,8,1303,1141.21
651a7d10efb1349aeffb,1402,nova-pro,arn:aws:bedrock:us-west-2:686465264859:prompt/7ZJL56AKIU,tatoeba,nb,da,Dette er et varsel som vi må ta på alvor.,Dette er et varsel som vi må tage alvorligt.,"{""c"":""Dette er en advarsel, som vi m\u00e5 tage alvorligt.""}","Dette er en advarsel, som vi må tage alvorligt.",False,1,0,True,True,False,True,,True,,True,"{""reason"":""detector_match"",""detected"":""da"",""confidence"":0.9654}",True,[],[],True,,"{""errors"":[{""category"":""accuracy"",""severity"":""minor""}]}",True,"[{""category"":""accuracy"",""severity"":""minor""}]",True,1,0,True,True,False,97,97,20,28,1489,942.02,1314,17,1331,1266.78
c4bc07f4ae7ad636678d,1403,nova-pro,arn:aws:bedrock:us-west-2:686465264859:prompt/7ZJL56AKIU,tatoeba,nb,da,Hans barnslige latter er sjarmerende.,Hans barnlige latter er charmerende.,"{""c"":""Hans barnlige latter er charmerende.""}",Hans barnlige latter er charmerende.,False,1,0,True,True,False,True,,True,,True,"{""reason"":""detector_match"",""detected"":""da"",""confidence"":1.0}",True,[],[],True,,"{""errors"":[]}",True,[],True,1,0,True,True,False,100,100,12,14,1473,756.88,1299,8,1307,1191.64
066fa42fcb9fa21650f2,1404,nova-pro,arn:aws:bedrock:us-west-2:686465264859:prompt/7ZJL56AKIU,tatoeba,nb,da,Denne byen er kald og ensom uten deg.,Denne by er kold og ensom uden dig.,"{""c"":""Denne by er kold og ensom uden dig.""}",Denne by er kold og ensom uden dig.,False,1,0,True,True,False,True,,True,,True,"{""reason"":""detector_match"",""detected"":""da"",""confidence"":1.0}",True,[],[],True,,"{""errors"":[]}",True,[],True,1,0,True,True,False,100,100,17,18,1480,906.37,1308,8,1316,1172.13
94e75a8abf54bf3a0c8c,1405,nova-pro,arn:aws:bedrock:us-west-2:686465264859:prompt/7ZJL56AKIU,tatoeba,nb,da,Jeg sto opp sent i dag morges.,Jeg stod sent op i dag til morgen.,"{""c"":""Jeg stod op sent i dag morges.""}",Jeg stod op sent i dag morges.,False,1,0,True,True,False,True,,True,,True,"{""reason"":""detector_match"",""detected"":""da"",""confidence"":1.0}",True,[],[],True,,"{""errors"":[]}",True,[],True,1,0,True,True,False,100,100,16,17,1474,705.51,1306,8,1314,1200.41
7b24acd887c81624bfc9,1406,nova-pro,arn:aws:bedrock:us-west-2:686465264859:prompt/7ZJL56AKIU,tatoeba,nb,da,Jeg har alltid ville møte deg.,Jeg har altid ønsket at møde dig.,"{""c"":""Jeg har altid ønsket at m\u00f8de dig.""}",Jeg har altid ønsket at møde dig.,False,1,0,True,True,False,True,,True,,True,"{""reason"":""detector_match"",""detected"":""da"",""confidence"":1.0}",True,[],[],True,,"{""errors"":[]}",True,[],True,1,0,True,True,False,100,100,14,25,1484,876.37,1307,8,1315,1234.4
8b35ce5afd38ac7fd2ad,1407,nova-pro,arn:aws:bedrock:us-west-2:686465264859:prompt/7ZJL56AKIU,tatoeba,nb,da,Du hjalp meg ikke.,Du hjalp mig ikke.,"{""c"":""Du hjalp mig ikke.""}",Du hjalp mig ikke.,False,1,0,True,True,False,True,,True,,,"{""reason"":""detector_inconclusive"",""detected"":""af"",""confidence"":0.4286}",True,[],[],True,,"{""errors"":[]}",True,[],True,1,0,True,True,False,100,100,11,13,1467,668.96,1294,8,1302,1195.89
53132e99d0d709063a03,1408,nova-pro,arn:aws:bedrock:us-west-2:686465264859:prompt/7ZJL56AKIU,tatoeba,nb,da,Kommer du klokken seks eller klokken syv?,Ankommer de klokken seks eller klokken syv?,"{""c"":""Kommer du kl. seks eller kl. syv?""}",Kommer du kl. seks eller kl. syv?,False,1,0,True,True,False,True,,True,,True,"{""reason"":""detector_match"",""detected"":""da"",""confidence"":1.0}",True,[],[],True,,"{""errors"":[]}",True,[],True,1,0,True,True,False,100,100,16,20,1482,865.62,1319,8,1327,1267.92
445a7123cbc67671b24d,1409,nova-pro,arn:aws:bedrock:us-west-2:686465264859:prompt/7ZJL56AKIU,tatoeba,nb,da,"Ta den du liker best, samme hvilken det er.","Tag den du bedst kan lide, lige meget hvilken det er.","{""c"":""Tag den du kan lide bedst, uanset hvad det er.""}","Tag den du kan lide bedst, uanset hvad det er.",False,1,0,True,True,False,True,,True,,True,"{""reason"":""detector_match"",""detected"":""da"",""confidence"":1.0}",True,[],[],True,,"{""errors"":[]}",True,[],True,1,0,True,True,False,100,100,20,23,1487,1152.27,1317,8,1325,1286.76
b1bf3103953fe0cc9d02,1410,nova-pro,arn:aws:bedrock:us-west-2:686465264859:prompt/7ZJL56AKIU,tatoeba,nb,de,Jeg følte meg dårlig.,Ich fühlte mich schlecht.,"{""c"":""Ich f\u00fchlte mich schlecht.""}",Ich fühlte mich schlecht.,False,1,0,True,True,False,True,,True,,True,"{""reason"":""detector_match"",""detected"":""de"",""confidence"":1.0}",True,[],[],True,,"{""errors"":[]}",True,[],True,1,0,True,True,False,100,100,11,17,1473,825.62,1300,8,1308,1215.33
28f2eda1f3aa1d7d16cc,1411,nova-pro,arn:aws:bedrock:us-west-2:686465264859:prompt/7ZJL56AKIU,tatoeba,nb,de,Det tror jeg ikke.,Das glaube ich nicht.,"{""c"":""Das glaube ich nicht.""}",Das glaube ich nicht.,False,1,0,True,True,False,True,,True,,True,"{""reason"":""detector_match"",""detected"":""de"",""confidence"":1.0}",True,[],[],True,,"{""errors"":[]}",True,[],True,1,0,True,True,False,100,100,11,10,1464,720.85,1291,8,1299,1197.92
940c737bc941ae4dcbda,1412,nova-pro,arn:aws:bedrock:us-west-2:686465264859:prompt/7ZJL56AKIU,tatoeba,nb,de,Hvorfor forteller du oss dette?,Warum erzählst du uns das?,"{""c"":""Warum sagst du uns das?""}",Warum sagst du uns das?,False,1,0,True,True,False,True,,True,,,"{""reason"":""detector_mismatch_uncertain"",""detected"":""lv"",""confidence"":1.0}",True,[],[],True,,"{""errors"":[]}",True,[],True,1,0,True,True,False,100,100,12,13,1471,792.58,1303,8,1311,1206.11
fbb8f9574bc4c9657d8c,1413,nova-pro,arn:aws:bedrock:us-west-2:686465264859:prompt/7ZJL56AKIU,tatoeba,nb,de,Tom har ikke kommet tilbake ennå.,Tom ist noch nicht zurückgekommen.,"{""c"":""Tom ist noch nicht zurückgekehrt.""}",Tom ist noch nicht zurückgekehrt.,False,1,0,True,True,False,True,,True,,True,"{""reason"":""detector_match"",""detected"":""de"",""confidence"":1.0}",True,[],[],True,,"{""errors"":[]}",True,[],True,1,0,True,True,False,100,100,14,14,1472,831.97,1304,8,1312,1169.78
181df02734b2d5c1ed72,1414,nova-pro,arn:aws:bedrock:us-west-2:686465264859:prompt/7ZJL56AKIU,tatoeba,nb,de,"Epler er vanligvis grønne, gule eller røde.","Äpfel sind gewöhnlich grün, gelb oder rot.","{""c"":""pfel sind normalerweise gr\u00fcn, gelb oder rot.""}","pfel sind normalerweise grün, gelb oder rot.",False,1,0,True,True,False,True,,True,,True,"{""reason"":""detector_match"",""detected"":""de"",""confidence"":0.8571}",True,[],[],True,,"{""errors"":[{""category"":""fluency"",""severity"":""critical""}]}",False,"[{""category"":""fluency"",""severity"":""critical""}]",True,1,0,True,True,False,60,60,17,21,1485,888.18,1319,18,1337,1235.6
05300cee8e1388c85f63,1415,nova-pro,arn:aws:bedrock:us-west-2:686465264859:prompt/7ZJL56AKIU,tatoeba,nb,de,Kan du anbefale en god bok?,Kannst du ein gutes Buch empfehlen?,"{""c"":""Kannst du ein gutes Buch empfehlen?""}",Kannst du ein gutes Buch empfehlen?,False,1,0,True,True,False,True,,True,,True,"{""reason"":""detector_match"",""detected"":""de"",""confidence"":1.0}",True,[],[],True,,"{""errors"":[]}",True,[],True,1,0,True,True,False,100,100,14,14,1472,676.85,1315,8,1323,1176.95
3d267ce7602ef695c82d,1416,nova-pro,arn:aws:bedrock:us-west-2:686465264859:prompt/7ZJL56AKIU,tatoeba,nb,de,De gjorde alt for ham.,Sie taten alles für ihn.,"{""c"":""Sie taten alles f\u00fcr ihn.""}",Sie taten alles für ihn.,False,1,0,True,True,False,True,,True,,True,"{""reason"":""detector_match"",""detected"":""de"",""confidence"":1.0}",True,[],[],True,,"{""errors"":[]}",True,[],True,1,0,True,True,False,100,100,12,18,1473,718.94,1295,8,1303,1262.96
54fb5c1643b64a431903,1417,nova-pro,arn:aws:bedrock:us-west-2:686465264859:prompt/7ZJL56AKIU,tatoeba,nb,de,Algerie er en av våre partnere i Middelhavsregionen.,Algerien ist einer unserer Partner im Mittelmeerraum.,"{""c"":""Algerien ist einer unserer Partner in der Mittelmeerregion.""}",Algerien ist einer unserer Partner in der Mittelmeerregion.,False,1,0,True,True,False,True,,True,,True,"{""reason"":""detector_match"",""detected"":""de"",""confidence"":1.0}",True,[],[],True,,"{""errors"":[]}",True,[],True,1,0,True,True,False,100,100,17,17,1481,641.25,1325,8,1333,1187.81
aa9d20c2bee94014f59a,1418,nova-pro,arn:aws:bedrock:us-west-2:686465264859:prompt/7ZJL56AKIU,tatoeba,nb,de,Han er mye flinkere enn meg.,Er ist viel geschickter als ich.,"{""c"":""Er ist viel besser als ich.""}",Er ist viel besser als ich.,False,1,0,True,True,False,True,,True,,True,"{""reason"":""detector_match"",""detected"":""de"",""confidence"":1.0}",True,[],[],True,,"{""errors"":[]}",True,[],True,1,0,True,True,False,100,100,14,12,1470,742.68,1301,8,1309,1185.02
c738ceac35e08c5e5608,1419,nova-pro,arn:aws:bedrock:us-west-2:686465264859:prompt/7ZJL56AKIU,tatoeba,nb,de,Sa du noko?,Hast du was gesagt?,"{""c"":""Sa du noko?""}",Sa du noko?,False,1,0,True,True,False,True,,True,,,"{""reason"":""detector_mismatch_uncertain"",""detected"":""hr"",""confidence"":1.0}",True,[],"[{""code"":""source_copy_suspected""}]",True,,"{""errors"":[{""category"":""accuracy"",""severity"":""critical""}]}",False,"[{""category"":""accuracy"",""severity"":""critical""}]",True,1,0,True,True,False,57,57,9,10,1462,760.44,1291,17,1308,1265.66
d8777b98c1e210913923,1420,nova-pro,arn:aws:bedrock:us-west-2:686465264859:prompt/7ZJL56AKIU,tatoeba,nb,en,Jeg tror at hun er fra Tyskland.,I think that she is from Germany.,"{""c"":""I think she is from Germany.""}",I think she is from Germany.,False,1,0,True,True,False,True,,True,,True,"{""reason"":""detector_match"",""detected"":""en"",""confidence"":1.0}",True,[],[],True,,"{""errors"":[]}",True,[],True,1,0,True,True,False,100,100,16,12,1471,944.64,1296,8,1304,1222.43
39b18c8142fbb803e8d9,1421,nova-pro,arn:aws:bedrock:us-west-2:686465264859:prompt/7ZJL56AKIU,tatoeba,nb,en,Han setter seg i gjeld.,He's putting himself in debt.,"{""c"":""He's getting himself into debt.""}",He's getting himself into debt.,False,1,0,True,True,False,True,,True,,,"{""reason"":""detector_inconclusive"",""detected"":""nl"",""confidence"":0.7143}",True,[],[],True,,"{""errors"":[]}",True,[],True,1,0,True,True,False,100,100,12,13,1468,692.94,1292,8,1300,1263.94
e185fb90d3f6b13fe5c8,1422,nova-pro,arn:aws:bedrock:us-west-2:686465264859:prompt/7ZJL56AKIU,tatoeba,nb,en,Tom har jobb som bruktbilforhandlar.,Tom works as a used car salesman.,"{""c"":""Tom has a job as a used car dealer.""}",Tom has a job as a used car dealer.,False,1,0,True,True,False,True,,True,,True,"{""reason"":""detector_match"",""detected"":""en"",""confidence"":1.0}",True,[],[],True,,"{""errors"":[]}",True,[],True,1,0,True,True,False,100,100,12,15,1475,842.18,1303,8,1311,1228.04
0461520fb4f49198fb3b,1423,nova-pro,arn:aws:bedrock:us-west-2:686465264859:prompt/7ZJL56AKIU,tatoeba,nb,en,Jeg liker din artikkel.,I like your article.,"{""c"":""I like your article.""}",I like your article.,False,1,0,True,True,False,True,,True,,,"{""reason"":""detector_inconclusive"",""detected"":""fr"",""confidence"":0.5714}",True,[],[],True,,"{""errors"":[]}",True,[],True,1,0,True,True,False,100,100,11,10,1465,627.39,1289,8,1297,1202.97
8b81cb0ab5c1fd6112ac,1424,nova-pro,arn:aws:bedrock:us-west-2:686465264859:prompt/7ZJL56AKIU,tatoeba,nb,en,Vi tar alle større kredittkort.,We accept all major credit cards.,"{""c"":""We accept all major credit cards.""}",We accept all major credit cards.,False,1,0,True,True,False,True,,True,,,"{""reason"":""detector_inconclusive"",""detected"":""en"",""confidence"":0.5714}",True,[],[],True,,"{""errors"":[]}",True,[],True,1,0,True,True,False,100,100,12,12,1470,680.33,1294,8,1302,1246.13
d281f561a7357d5134aa,1425,nova-pro,arn:aws:bedrock:us-west-2:686465264859:prompt/7ZJL56AKIU,tatoeba,nb,en,Skriv meg en melding.,Write me a message.,"{""c"":""Write me a message.""}",Write me a message.,False,1,0,True,True,False,True,,True,,,"{""reason"":""detector_inconclusive"",""detected"":""en"",""confidence"":0.5714}",True,[],[],True,,"{""errors"":[]}",True,[],True,1,0,True,True,False,100,100,11,10,1464,603.97,1290,8,1298,2621.03
d2f552a923fda26b4246,1426,nova-pro,arn:aws:bedrock:us-west-2:686465264859:prompt/7ZJL56AKIU,tatoeba,nb,en,Toms stue var smakefullt innredet.,Tom's living room was tastefully furnished.,"{""c"":""Tom's living room was tastefully decorated.""}",Tom's living room was tastefully decorated.,False,1,0,True,True,False,True,,True,,True,"{""reason"":""detector_match"",""detected"":""en"",""confidence"":1.0}",True,[],[],True,,"{""errors"":[]}",True,[],True,1,0,True,True,False,100,100,13,14,1476,879.55,1303,8,1311,1188.33
263d01a4210d708d54ae,1427,nova-pro,arn:aws:bedrock:us-west-2:686465264859:prompt/7ZJL56AKIU,tatoeba,nb,en,Vi har viktigere ting som må gjøres.,We have more important things that need to be dealt with.,"{""c"":""We have more important things that need to be done.""}",We have more important things that need to be done.,False,1,0,True,True,False,True,,True,,True,"{""reason"":""detector_match"",""detected"":""en"",""confidence"":1.0}",True,[],[],True,,"{""errors"":[]}",True,[],True,1,0,True,True,False,100,100,16,16,1477,727.46,1307,8,1315,1177.37
05e63831b9d62fa88113,1428,nova-pro,arn:aws:bedrock:us-west-2:686465264859:prompt/7ZJL56AKIU,tatoeba,nb,en,Spis middagen din nå.,Now eat your supper.,"{""c"":""Eat your dinner now.""}",Eat your dinner now.,False,1,0,True,True,False,True,,True,,True,"{""reason"":""detector_match"",""detected"":""en"",""confidence"":1.0}",True,[],[],True,,"{""errors"":[]}",True,[],True,1,0,True,True,False,100,100,11,10,1465,668.67,1292,8,1300,1161.9
f8408acaa876c05f61b9,1429,nova-pro,arn:aws:bedrock:us-west-2:686465264859:prompt/7ZJL56AKIU,tatoeba,nb,en,Tom trener på et treningssenter nært huset hans.,Tom works out in a gym near his house.,"{""c"":""Tom trains at a gym near his house.""}",Tom trains at a gym near his house.,False,1,0,True,True,False,True,,True,,True,"{""reason"":""detector_match"",""detected"":""en"",""confidence"":1.0}",True,[],[],True,,"{""errors"":[]}",True,[],True,1,0,True,True,False,100,100,17,14,1479,742.95,1305,8,1313,1184.04
6bc51eb328a121488107,1430,nova-pro,arn:aws:bedrock:us-west-2:686465264859:prompt/7ZJL56AKIU,tatoeba,nb,es,Har rommet ditt to vinduer?,¿Tu pieza tiene dos ventanas?,"{""c"":""\u00bfTu habitaci\u00f3n tiene dos ventanas?""}",¿Tu habitación tiene dos ventanas?,False,1,0,True,True,False,True,,True,,True,"{""reason"":""detector_match"",""detected"":""es"",""confidence"":1.0}",True,[],[],True,,"{""errors"":[]}",True,[],True,1,0,True,True,False,100,100,12,25,1482,859.43,1303,8,1311,1240.97
ef984d04b4afdbfa5cca,1431,nova-pro,arn:aws:bedrock:us-west-2:686465264859:prompt/7ZJL56AKIU,tatoeba,nb,es,Interlingua er et moderne redskap for internasjonal kommunikasjon.,Interlingua es una herramienta moderna para la comunicación internacional.,"{""c"":""El interlingua es una herramienta moderna para la comunicaci\u00f3n internacional.""}",El interlingua es una herramienta moderna para la comunicación internacional.,False,1,0,True,True,False,True,,True,,True,"{""reason"":""detector_match"",""detected"":""es"",""confidence"":1.0}",True,[],[],True,,"{""errors"":[]}",True,[],True,1,0,True,True,False,100,100,17,26,1490,892.4,1324,8,1332,1125.43
ff0b923b1def8d998d2b,1432,nova-pro,arn:aws:bedrock:us-west-2:686465264859:prompt/7ZJL56AKIU,tatoeba,nb,es,Det er ikke lett å skrive et kjærlighetsbrev på engelsk.,Escribir una carta de amor en inglés no es fácil.,"{""c"":""No es f\u00e1cil escribir una carta de amor en ingl\u00e9s.""}",No es fácil escribir una carta de amor en inglés.,False,1,0,True,True,False,True,,True,,True,"{""reason"":""detector_match"",""detected"":""es"",""confidence"":1.0}",True,[],[],True,,"{""errors"":[]}",True,[],True,1,0,True,True,False,100,100,20,31,1500,806.95,1319,8,1327,1188.48
b662a798401ebb51803b,1433,nova-pro,arn:aws:bedrock:us-west-2:686465264859:prompt/7ZJL56AKIU,tatoeba,nb,es,Yumi er flink til å spille tennis.,Yumi es buena jugando tenis.,"{""c"":""Yumi es buena para jugar al tenis.""}",Yumi es buena para jugar al tenis.,False,1,0,True,True,False,True,,True,,,"{""reason"":""detector_mismatch_uncertain"",""detected"":""id"",""confidence"":1.0}",True,[],[],True,,"{""errors"":[]}",True,[],True,1,0,True,True,False,100,100,16,15,1473,700.27,1307,8,1315,1191.45
6e27a1595e0ae2d0b5e5,1434,nova-pro,arn:aws:bedrock:us-west-2:686465264859:prompt/7ZJL56AKIU,tatoeba,nb,es,Jeg leste at presidenten i Brasil er en kvinne. Hun heter Dilma.,He leído que el presidente de Brasil es una mujer. Se llama Dilma.,"{""c"":""Le\u00ed que la presidenta de Brasil es una mujer. Ella se llama Dilma.""}",Leí que la presidenta de Brasil es una mujer. Ella se llama Dilma.,False,1,0,True,True,False,True,,True,,True,"{""reason"":""detector_match"",""detected"":""es"",""confidence"":1.0}",True,[],[],True,,"{""errors"":[]}",True,[],True,1,0,True,True,False,100,100,25,26,1492,975.68,1335,8,1343,1128.06
2f6d1ff468b4e4787327,1435,nova-pro,arn:aws:bedrock:us-west-2:686465264859:prompt/7ZJL56AKIU,tatoeba,nb,es,Jeg snakket med den polske ambassadøren.,Yo hablé con el embajador polaco.,"{""c"":""Hablé con el embajador polaco.""}",Hablé con el embajador polaco.,False,1,0,True,True,False,True,,True,,True,"{""reason"":""detector_match"",""detected"":""es"",""confidence"":1.0}",True,[],[],True,,"{""errors"":[]}",True,[],True,1,0,True,True,False,100,100,14,12,1473,730.83,1310,8,1318,1267.26
5404ef158b92305e08ea,1436,nova-pro,arn:aws:bedrock:us-west-2:686465264859:prompt/7ZJL56AKIU,tatoeba,nb,es,Han kom i god behold.,Él llegó sano y salvo.,"{""c"":""Lleg\u00f3 sano y salvo.""}",Llegó sano y salvo.,False,1,0,True,True,False,True,,True,,,"{""reason"":""detector_inconclusive"",""detected"":""es"",""confidence"":0.5714}",True,[],[],True,,"{""errors"":[]}",True,[],True,1,0,True,True,False,100,100,12,17,1470,781.16,1297,8,1305,1211.84
0de0b2a527c11600a549,1437,nova-pro,arn:aws:bedrock:us-west-2:686465264859:prompt/7ZJL56AKIU,tatoeba,nb,es,Han oppfører seg som om han var gal.,Él se comporta como si estuviera loco.,"{""c"":""Se comporta como si estuviera loco.""}",Se comporta como si estuviera loco.,False,1,0,True,True,False,True,,True,,True,"{""reason"":""detector_match"",""detected"":""es"",""confidence"":1.0}",True,[],[],True,,"{""errors"":[]}",True,[],True,1,0,True,True,False,100,100,17,12,1470,636.48,1307,8,1315,1282.83
03c468c4ca1c093f8eb9,1438,nova-pro,arn:aws:bedrock:us-west-2:686465264859:prompt/7ZJL56AKIU,tatoeba,nb,es,Jeg er sulten som en ulv.,Tengo tanta hambre como un lobo.,"{""c"":""Estoy hambriento como un lobo.""}",Estoy hambriento como un lobo.,False,1,0,True,True,False,True,,True,,True,"{""reason"":""detector_match"",""detected"":""es"",""confidence"":1.0}",True,[],[],True,,"{""errors"":[]}",True,[],True,1,0,True,True,False,100,100,14,16,1473,739.41,1304,8,1312,1691.98
4da3334ba6d99ba1c523,1439,nova-pro,arn:aws:bedrock:us-west-2:686465264859:prompt/7ZJL56AKIU,tatoeba,nb,es,Han bor i en luksusleilighet i nærheten av Central Park.,Vive en un apartamento de lujo cerca de Central Park.,"{""c"":""Vive en un apartamento de lujo cerca de Central Park. -> es""}",Vive en un apartamento de lujo cerca de Central Park. -> es,False,2,1,True,False,True,True,,True,,True,"{""reason"":""detector_match"",""detected"":""es"",""confidence"":1.0}",True,[],[],True,,"{""errors"":[{""category"":""fluency"",""severity"":""minor""}]}",True,"[{""category"":""fluency"",""severity"":""minor""}]",True,1,0,True,True,False,97,97,40,36,2970,1552.26,1322,18,1340,1258.3
40c7a37fe936e6d98d8f,1440,nova-pro,arn:aws:bedrock:us-west-2:686465264859:prompt/7ZJL56AKIU,tatoeba,nb,fr,Banen rundt Sirius er elliptisk.,L'orbite de Sirius est elliptique.,"{""c"":""L'orbite autour de Sirius est elliptique.""}",L'orbite autour de Sirius est elliptique.,False,1,0,True,True,False,True,,True,,True,"{""reason"":""detector_match"",""detected"":""fr"",""confidence"":1.0}",True,[],[],True,,"{""errors"":[]}",True,[],True,1,0,True,True,False,100,100,12,17,1475,718.93,1312,8,1320,1263.48
e5eb6498c07077a4cc05,1441,nova-pro,arn:aws:bedrock:us-west-2:686465264859:prompt/7ZJL56AKIU,tatoeba,nb,fr,Guten og mannen drikk vatn.,Le garçon et l'homme boivent de l'eau.,"{""c"":""Guten og l'homme boivent de l'eau.""}",Guten og l'homme boivent de l'eau.,False,1,0,True,True,False,True,,True,,True,"{""reason"":""detector_match"",""detected"":""fr"",""confidence"":1.0}",True,[],[],True,,"{""errors"":[{""category"":""accuracy"",""severity"":""major""},{""category"":""fluency"",""severity"":""critical""}]}",False,"[{""category"":""accuracy"",""severity"":""major""},{""category"":""fluency"",""severity"":""critical""}]",True,1,0,True,True,False,45,45,12,19,1478,819.06,1314,27,1341,1368.1
4470e0f0df2c2a2bd354,1442,nova-pro,arn:aws:bedrock:us-west-2:686465264859:prompt/7ZJL56AKIU,tatoeba,nb,fr,Dette er hesten min.,C'est mon cheval.,"{""c"":""Ceci est mon cheval.""}",Ceci est mon cheval.,False,1,0,True,True,False,True,,True,,,"{""reason"":""detector_inconclusive"",""detected"":""it"",""confidence"":0.5714}",True,[],[],True,,"{""errors"":[]}",True,[],True,1,0,True,True,False,100,100,11,12,1466,926.67,1292,8,1300,1161.97
6e1cc8cb476f78fa1631,1443,nova-pro,arn:aws:bedrock:us-west-2:686465264859:prompt/7ZJL56AKIU,tatoeba,nb,fr,Han har dobbelt so mange bøker som meg.,Il a deux fois plus de livres que moi.,"{""c"":""Il a deux fois plus de livres que moi.""}",Il a deux fois plus de livres que moi.,False,1,0,True,True,False,True,,True,,True,"{""reason"":""detector_match"",""detected"":""fr"",""confidence"":1.0}",True,[],[],True,,"{""errors"":[]}",True,[],True,1,0,True,True,False,100,100,17,15,1476,1055.36,1308,8,1316,1222.66
9d51ff5ba0034f2618d4,1444,nova-pro,arn:aws:bedrock:us-west-2:686465264859:prompt/7ZJL56AKIU,tatoeba,nb,fr,"Det kommer til å regne snart, bare se på de mørke skyene.","Il va bientôt pleuvoir, regarde ces nuages noirs.","{""c"":""Il va pleuvoir bient\u00f4t, il suffit de regarder les sombres nuages.""}","Il va pleuvoir bientôt, il suffit de regarder les sombres nuages.",False,1,0,True,True,False,True,,True,,True,"{""reason"":""detector_match"",""detected"":""fr"",""confidence"":1.0}",True,[],[],True,,"{""errors"":[]}",True,[],True,1,0,True,True,False,100,100,25,32,1499,1065.2,1330,8,1338,1186.91
0be996a0bc70eb1ec883,1445,nova-pro,arn:aws:bedrock:us-west-2:686465264859:prompt/7ZJL56AKIU,tatoeba,nb,fr,Jeg heter Jack.,Je m'appelle Jack.,"{""c"":""Je m'appelle Jack.""}",Je m'appelle Jack.,False,1,0,True,True,False,True,,True,,,"{""reason"":""detector_inconclusive"",""detected"":""sv"",""confidence"":0.5714}",True,[],[],True,,"{""errors"":[]}",True,[],True,1,0,True,True,False,100,100,9,11,1463,676.09,1291,8,1299,1196.05
81017c9bb2b2e9b919e7,1446,nova-pro,arn:aws:bedrock:us-west-2:686465264859:prompt/7ZJL56AKIU,tatoeba,nb,fr,Vi såg fotballkampen på TV.,Nous avons vu le match de football à la télévision.,"{""c"":""Nous avons regard\u00e9 le match de football \u00e0 la t\u00e9l\u00e9vision.""}",Nous avons regardé le match de football à la télévision.,False,1,0,True,True,False,True,,True,,True,"{""reason"":""detector_match"",""detected"":""fr"",""confidence"":1.0}",True,[],[],True,,"{""errors"":[]}",True,[],True,1,0,True,True,False,100,100,12,43,1501,922.54,1314,8,1322,1170.69
47e5dbc8017fc136560f,1447,nova-pro,arn:aws:bedrock:us-west-2:686465264859:prompt/7ZJL56AKIU,tatoeba,nb,fr,Sett spillet på pause.,Mettez le jeu en pause.,"{""c"":""Mettez le jeu en pause.""}",Mettez le jeu en pause.,False,1,0,True,True,False,True,,True,,True,"{""reason"":""detector_match"",""detected"":""fr"",""confidence"":1.0}",True,[],[],True,,"{""errors"":[]}",True,[],True,1,0,True,True,False,100,100,11,12,1466,763.89,1299,8,1307,1270.37
56b9e58d4feca80e8b1c,1448,nova-pro,arn:aws:bedrock:us-west-2:686465264859:prompt/7ZJL56AKIU,tatoeba,nb,fr,Ho er rett bak deg.,Elle est juste derrière toi.,"{""c"":""Il y a quelque chose juste derrière toi.""}",Il y a quelque chose juste derrière toi.,False,1,0,True,True,False,True,,True,,True,"{""reason"":""detector_match"",""detected"":""fr"",""confidence"":1.0}",True,[],[],True,,"{""errors"":[{""category"":""accuracy"",""severity"":""major""}]}",False,"[{""category"":""accuracy"",""severity"":""major""}]",True,1,0,True,True,False,85,85,12,16,1471,698.37,1303,17,1320,1327.17
e8d59412d0a831bd3b9c,1449,nova-pro,arn:aws:bedrock:us-west-2:686465264859:prompt/7ZJL56AKIU,tatoeba,nb,fr,Få studenter kan forstå latin.,Il y a peu d’étudiants qui comprennent le latin.,"{""c"":""Peu d'\u00e9tudiants peuvent comprendre le latin.""}",Peu d'étudiants peuvent comprendre le latin.,False,1,0,True,True,False,True,,True,,True,"{""reason"":""detector_match"",""detected"":""fr"",""confidence"":1.0}",True,[],[],True,,"{""errors"":[]}",True,[],True,1,0,True,True,False,100,100,12,22,1479,828.68,1312,8,1320,1192.44
14a93234768fd10b740a,1450,nova-pro,arn:aws:bedrock:us-west-2:686465264859:prompt/7ZJL56AKIU,tatoeba,nb,it,Verden trenger meg ikke.,Il mondo non ha bisogno di me.,"{""c"":""Il mondo non ha bisogno di me.""}",Il mondo non ha bisogno di me.,False,1,0,True,True,False,True,,True,,True,"{""reason"":""detector_match"",""detected"":""it"",""confidence"":1.0}",True,[],[],True,,"{""errors"":[]}",True,[],True,1,0,True,True,False,100,100,11,13,1467,634.56,1298,8,1306,1246.23
fee1fb97a3a00b813f8d,1451,nova-pro,arn:aws:bedrock:us-west-2:686465264859:prompt/7ZJL56AKIU,tatoeba,nb,it,Fire øyne ser mer enn to.,Quattro occhi vedono più di due.,"{""c"":""Quattro occhi vedono più di due.""}",Quattro occhi vedono più di due.,False,1,0,True,True,False,True,,True,,True,"{""reason"":""detector_match"",""detected"":""it"",""confidence"":1.0}",True,[],[],True,,"{""errors"":[]}",True,[],True,1,0,True,True,False,100,100,14,16,1473,779.91,1302,8,1310,1640.27
51830ed56b69598e5cbd,1452,nova-pro,arn:aws:bedrock:us-west-2:686465264859:prompt/7ZJL56AKIU,tatoeba,nb,it,Kan du komme på festen?,Puoi venire alla festa?,"{""c"":""Puoi venire alla festa?""}",Puoi venire alla festa?,False,1,0,True,True,False,True,,True,,True,"{""reason"":""detector_match"",""detected"":""it"",""confidence"":1.0}",True,[],[],True,,"{""errors"":[]}",True,[],True,1,0,True,True,False,100,100,12,12,1465,784.61,1298,8,1306,1259.24
36057ccf228252ac551d,1453,nova-pro,arn:aws:bedrock:us-west-2:686465264859:prompt/7ZJL56AKIU,tatoeba,nb,it,Jeg liker bølgene i Svartehavet.,Mi piacciono le onde del Mar Nero.,"{""c"":""Mi piacciono le onde del Mar Nero.""}",Mi piacciono le onde del Mar Nero.,False,1,0,True,True,False,True,,True,,True,"{""reason"":""detector_match"",""detected"":""it"",""confidence"":1.0}",True,[],[],True,,"{""errors"":[]}",True,[],True,1,0,True,True,False,100,100,12,15,1474,724.04,1308,8,1316,1276.09
acec47abe1e0ee0f708d,1454,nova-pro,arn:aws:bedrock:us-west-2:686465264859:prompt/7ZJL56AKIU,tatoeba,nb,it,Jeg begriper ikke hvordan hun gjorde det. Det var et mirakel.,Non so come abbia fatto questo. Questo era un miracolo.,"{""c"":""Non capisco come ci sia riuscita. \u00c8 stato un miracolo.""}",Non capisco come ci sia riuscita. È stato un miracolo.,False,1,0,True,True,False,True,,True,,True,"{""reason"":""detector_match"",""detected"":""it"",""confidence"":1.0}",True,[],[],True,,"{""errors"":[]}",True,[],True,1,0,True,True,False,100,100,23,25,1494,778.29,1320,8,1328,1288.78
b52a180258861dc1df72,1455,nova-pro,arn:aws:bedrock:us-west-2:686465264859:prompt/7ZJL56AKIU,tatoeba,nb,it,Dette er et paradoks. Men forskerne har sikkert en forklaring.,Questo è un paradosso. Ma gli scienziati hanno certamente una spiegazione.,"{""c"":""Questo \u00e8 un paradosso. Ma gli scienziati hanno sicuramente una spiegazione.""}",Questo è un paradosso. Ma gli scienziati hanno sicuramente una spiegazione.,False,1,0,True,True,False,True,,True,,True,"{""reason"":""detector_match"",""detected"":""it"",""confidence"":1.0}",True,[],[],True,,"{""errors"":[]}",True,[],True,1,0,True,True,False,100,100,22,29,1498,1089.96,1334,8,1342,1090.61
f3da28f2d83f0f74fde0,1456,nova-pro,arn:aws:bedrock:us-west-2:686465264859:prompt/7ZJL56AKIU,tatoeba,nb,it,Skogsstien var helt dekket med snø.,Il sentiero della foresta è stato completamente coperto di neve.,"{""c"":""Il sentiero del bosco era completamente coperto di neve.""}",Il sentiero del bosco era completamente coperto di neve.,False,1,0,True,True,False,True,,True,,True,"{""reason"":""detector_match"",""detected"":""it"",""confidence"":1.0}",True,[],[],True,,"{""errors"":[]}",True,[],True,1,0,True,True,False,100,100,14,18,1480,818.33,1313,8,1321,1359.42
93fcdccea80ce4cdca9d,1457,nova-pro,arn:aws:bedrock:us-west-2:686465264859:prompt/7ZJL56AKIU,tatoeba,nb,it,Min bestemor hadde veldig fornuftige synspunkter.,Mia nonna aveva opinioni molto ragionevoli.,"{""c"":""Mia nonna aveva opinioni molto sensate.""}",Mia nonna aveva opinioni molto sensate.,False,1,0,True,True,False,True,,True,,True,"{""reason"":""detector_match"",""detected"":""it"",""confidence"":1.0}",True,[],[],True,,"{""errors"":[]}",True,[],True,1,0,True,True,False,100,100,14,16,1479,662.17,1313,8,1321,1279.87
948de02101523eca3b33,1458,nova-pro,arn:aws:bedrock:us-west-2:686465264859:prompt/7ZJL56AKIU,tatoeba,nb,it,"Jeg kan nesten ikke si noe. Jeg kan bare si at været her er vakkert og at folk fra nord, rammet av frost, gjør det bra her, fordi solen skinner flott og luften er varm.","Quasi non posso dire nulla, posso solo dire che il tempo qui è bello e che un residente del nord, colpito dal gelo, sta facendo bene alla luce del sole e all'aria calda.","{""c"":""Non riesco quasi a dire nulla. Posso solo dire che il tempo qui \u00e8 bellissimo e che le persone del nord, colpite dal gelo, stanno bene qui, perch\u00e9 il sole splende magnificamente e l'aria \u00e8 calda.""}","Non riesco quasi a dire nulla. Posso solo dire che il tempo qui è bellissimo e che le persone del nord, colpite dal gelo, stanno bene qui, perché il sole splende magnificamente e l'aria è calda.",False,1,0,True,True,False,True,,True,,True,"{""reason"":""detector_match"",""detected"":""it"",""confidence"":1.0}",True,[],[],True,,"{""errors"":[]}",True,[],True,1,0,True,True,False,100,100,65,72,1575,1278.02,1437,8,1445,1141.65
0d57c2e06644e621881e,1459,nova-pro,arn:aws:bedrock:us-west-2:686465264859:prompt/7ZJL56AKIU,tatoeba,nb,it,Tom nølte lenge før han svarte.,Tom esitò a lungo prima di rispondere.,"{""c"":""Tom ha esitato a lungo prima di rispondere.""}",Tom ha esitato a lungo prima di rispondere.,False,1,0,True,True,False,True,,True,,True,"{""reason"":""detector_match"",""detected"":""it"",""confidence"":1.0}",True,[],[],True,,"{""errors"":[]}",True,[],True,1,0,True,True,False,100,100,14,17,1476,808.02,1305,8,1313,1210.77
aaac64647044542e1603,1460,nova-pro,arn:aws:bedrock:us-west-2:686465264859:prompt/7ZJL56AKIU,tatoeba,nb,jp,Skjerp deg!,いいかげんにして。,"{""c"":""しっかりしろ！""}",しっかりしろ！,False,1,0,True,True,False,True,,True,,True,"{""reason"":""target_script_present"",""detected"":""ja"",""confidence"":1.0}",True,[],[],True,,"{""errors"":[]}",True,[],True,1,0,True,True,False,100,100,8,9,1463,809.46,1295,8,1303,1254.29
7ce2bc18ff97bd507cdc,1461,nova-pro,arn:aws:bedrock:us-west-2:686465264859:prompt/7ZJL56AKIU,tatoeba,nb,jp,Denne regelen gjelder deg også.,この規則はあなたにも当てはまる。,"{""c"":""このルールはあなたにも適用されます。""}",このルールはあなたにも適用されます。,False,1,0,True,True,False,True,,True,,True,"{""reason"":""target_script_present"",""detected"":""ja"",""confidence"":1.0}",True,[],[],True,,"{""errors"":[]}",True,[],True,1,0,True,True,False,100,100,12,15,1473,837.97,1312,8,1320,1191.94
e6545bf676cfb1eabf0a,1462,nova-pro,arn:aws:bedrock:us-west-2:686465264859:prompt/7ZJL56AKIU,tatoeba,nb,jp,Jeg er best.,私は最高だ。,"{""c"":""私は最強です。""}",私は最強です。,False,1,0,True,True,False,True,,True,,True,"{""reason"":""target_script_present"",""detected"":""ja"",""confidence"":1.0}",True,[],[],True,,"{""errors"":[{""category"":""accuracy"",""severity"":""minor""}]}",True,"[{""category"":""accuracy"",""severity"":""minor""}]",True,1,0,True,True,False,97,97,9,10,1462,751.28,1291,17,1308,1256.26
8dbad8a82478fa187be1,1463,nova-pro,arn:aws:bedrock:us-west-2:686465264859:prompt/7ZJL56AKIU,tatoeba,nb,jp,Jeg må gå og handle. Jeg er tilbake innen en time.,買い物に行かなければならない。一時間で戻るよ。,"{""c"":""私は買い物に行かなければなりません。1時間以内に戻ります。""}",私は買い物に行かなければなりません。1時間以内に戻ります。,False,1,0,True,True,False,True,,True,,True,"{""reason"":""target_script_present"",""detected"":""ja"",""confidence"":1.0}",True,[],"[{""code"":""number_not_exact"",""expected"":{},""actual"":{""1"":1}}]",True,,"{""errors"":[]}",True,[],True,1,0,True,True,False,97,97,23,21,1485,745.84,1338,8,1346,1099.82
64cb540f4718d5575ad3,1464,nova-pro,arn:aws:bedrock:us-west-2:686465264859:prompt/7ZJL56AKIU,tatoeba,nb,jp,Vi laget pannekaker til frokost.,私たちは朝食にパンケーキを作った。,"{""c"":""朝食にパンケーキを作りました。""}",朝食にパンケーキを作りました。,False,1,0,True,True,False,True,,True,,True,"{""reason"":""target_script_present"",""detected"":""ja"",""confidence"":1.0}",True,[],[],True,,"{""errors"":[]}",True,[],True,1,0,True,True,False,100,100,12,14,1472,714.6,1315,8,1323,1164.66
b56b4306bd40a9e942d9,1465,nova-pro,arn:aws:bedrock:us-west-2:686465264859:prompt/7ZJL56AKIU,tatoeba,nb,jp,Vil du ha en kopp te til?,もう一杯お茶をいただきませんか。,"{""c"":""もう一杯お茶を飲みませんか？""}",もう一杯お茶を飲みませんか？,False,1,0,True,True,False,True,,True,,True,"{""reason"":""target_script_present"",""detected"":""ja"",""confidence"":1.0}",True,[],[],True,,"{""errors"":[]}",True,[],True,1,0,True,True,False,100,100,16,15,1472,662.06,1316,8,1324,1226.44
447fdd67adbdc68a61db,1466,nova-pro,arn:aws:bedrock:us-west-2:686465264859:prompt/7ZJL56AKIU,tatoeba,nb,jp,Fort deg!,急いで！,"{""c"":""逃げろ！""}",逃げろ！,False,1,0,True,True,False,True,,True,,True,"{""reason"":""target_script_present"",""detected"":""ja"",""confidence"":1.0}",True,[],[],True,,"{""errors"":[]}",True,[],True,1,0,True,True,False,100,100,8,9,1461,741.59,1286,8,1294,1227.97
cd69dcb7d86c69e1317f,1467,nova-pro,arn:aws:bedrock:us-west-2:686465264859:prompt/7ZJL56AKIU,tatoeba,nb,jp,Oversettelsen er meget tro mot originalen.,その翻訳は原文に極めて忠実である。,"{""c"":""翻訳はオリジナルに忠実です。""}",翻訳はオリジナルに忠実です。,False,1,0,True,True,False,True,,True,,True,"{""reason"":""target_script_present"",""detected"":""ja"",""confidence"":1.0}",True,[],[],True,,"{""errors"":[{""category"":""accuracy"",""severity"":""minor""}]}",True,"[{""category"":""accuracy"",""severity"":""minor""}]",True,1,0,True,True,False,97,97,14,14,1473,706.84,1318,17,1335,1157.18
cf888436bfd8db0ca1ce,1468,nova-pro,arn:aws:bedrock:us-west-2:686465264859:prompt/7ZJL56AKIU,tatoeba,nb,jp,Japanere liker å reise i gruppe.,日本人は集団で旅行するのが好きだ。,"{""c"":""日本人はグループで旅行するのが好きです。""}",日本人はグループで旅行するのが好きです。,False,1,0,True,True,False,True,,True,,True,"{""reason"":""target_script_present"",""detected"":""ja"",""confidence"":1.0}",True,[],[],True,,"{""errors"":[]}",True,[],True,1,0,True,True,False,100,100,14,15,1474,1012.23,1320,8,1328,1216.13
d2ea6fb97da78ee9cc84,1469,nova-pro,arn:aws:bedrock:us-west-2:686465264859:prompt/7ZJL56AKIU,tatoeba,nb,jp,"Ring meg med en gang, hvis noe skjer.",もし何か起こったら、すぐに電話をください。,"{""c"":""何かあったらすぐに電話して。""}",何かあったらすぐに電話して。,False,1,0,True,True,False,True,,True,,True,"{""reason"":""target_script_present"",""detected"":""ja"",""confidence"":1.0}",True,[],[],True,,"{""errors"":[]}",True,[],True,1,0,True,True,False,100,100,19,13,1474,837.57,1316,8,1324,1137.4
0dd8fe7a5c82d9631f1e,1470,nova-pro,arn:aws:bedrock:us-west-2:686465264859:prompt/7ZJL56AKIU,tatoeba,nb,nl,Tom er fremdeles utenfor.,Tom is nog steeds buiten.,"{""c"":""Tom is nog steeds buiten.""}",Tom is nog steeds buiten.,False,1,0,True,True,False,True,,True,,,"{""reason"":""detector_mismatch_uncertain"",""detected"":""af"",""confidence"":1.0}",True,[],[],True,,"{""errors"":[]}",True,[],True,1,0,True,True,False,100,100,11,14,1472,858.8,1296,8,1304,1176.03
d9f7d3fccca26956baee,1471,nova-pro,arn:aws:bedrock:us-west-2:686465264859:prompt/7ZJL56AKIU,tatoeba,nb,nl,Hvor mye tid bruker du på Facebook?,Hoeveel tijd besteden jullie op Facebook?,"{""c"":""Hoeveel tijd besteed je aan Facebook?""}",Hoeveel tijd besteed je aan Facebook?,False,1,0,True,True,False,True,,True,,True,"{""reason"":""detector_match"",""detected"":""nl"",""confidence"":1.0}",True,[],[],True,,"{""errors"":[]}",True,[],True,1,0,True,True,False,100,100,16,17,1476,795.36,1307,8,1315,1186.8
687382c3cebf4962ceaa,1472,nova-pro,arn:aws:bedrock:us-west-2:686465264859:prompt/7ZJL56AKIU,tatoeba,nb,nl,Han er heldig som har en så god hustru.,Hij heeft geluk zo'n goede vrouw te hebben.,"{""c"":""Hij is gelukkig dat hij zo'n goede echtgenote heeft.""}",Hij is gelukkig dat hij zo'n goede echtgenote heeft.,False,1,0,True,True,False,True,,True,,True,"{""reason"":""detector_match"",""detected"":""nl"",""confidence"":1.0}",True,[],[],True,,"{""errors"":[]}",True,[],True,1,0,True,True,False,100,100,19,23,1483,840.95,1316,8,1324,2184.88
3cd3c54b1cf3090f96cd,1473,nova-pro,arn:aws:bedrock:us-west-2:686465264859:prompt/7ZJL56AKIU,tatoeba,nb,nl,Klimaet er behagelig.,Het klimaat is aangenaam.,"{""c"":""Het klimaat is aangenaam.""}",Het klimaat is aangenaam.,False,1,0,True,True,False,True,,True,,True,"{""reason"":""detector_match"",""detected"":""nl"",""confidence"":1.0}",True,[],[],True,,"{""errors"":[]}",True,[],True,1,0,True,True,False,100,100,9,15,1470,568.5,1296,8,1304,1244.41
cb3fcbf1a20c55d98e47,1474,nova-pro,arn:aws:bedrock:us-west-2:686465264859:prompt/7ZJL56AKIU,tatoeba,nb,nl,Hovedstaden i Japan er Tokyo.,De hoofdstad van Japan is Tokio.,"{""c"":""De hoofdstad van Japan is Tokyo.""}",De hoofdstad van Japan is Tokyo.,False,1,0,True,True,False,True,,True,,,"{""reason"":""detector_inconclusive"",""detected"":""nl"",""confidence"":0.7143}",True,[],[],True,,"{""errors"":[]}",True,[],True,1,0,True,True,False,100,100,12,14,1470,665.1,1298,8,1306,1240.17
0183e457a41ea68dbbc4,1475,nova-pro,arn:aws:bedrock:us-west-2:686465264859:prompt/7ZJL56AKIU,tatoeba,nb,nl,Penger er makt.,Geld is macht.,"{""c"":""Geld is macht.""}",Geld is macht.,False,1,0,True,True,False,True,,True,,True,"{""reason"":""detector_match"",""detected"":""nl"",""confidence"":1.0}",True,[],[],True,,"{""errors"":[]}",True,[],True,1,0,True,True,False,100,100,9,10,1464,665.46,1290,8,1298,1281.74
2f74d61f4e8916237d10,1476,nova-pro,arn:aws:bedrock:us-west-2:686465264859:prompt/7ZJL56AKIU,tatoeba,nb,nl,Hun røyker 20 sigaretter om dagen.,Ze rookt twintig sigaretten per dag.,"{""c"":""Ze rookt 20 sigaretten per dag.""}",Ze rookt 20 sigaretten per dag.,False,1,0,True,True,False,True,,True,,,"{""reason"":""detector_inconclusive"",""detected"":""sv"",""confidence"":0.5714}",True,[],[],True,,"{""errors"":[]}",True,[],True,1,0,True,True,False,100,100,14,19,1481,837.52,1308,8,1316,1186.57
8f7a5adab7eceb391ba1,1477,nova-pro,arn:aws:bedrock:us-west-2:686465264859:prompt/7ZJL56AKIU,tatoeba,nb,nl,Ikke bekymre deg for oss.,Maak je geen zorgen over ons.,"{""c"":""Maak je geen zorgen om ons.""}",Maak je geen zorgen om ons.,False,1,0,True,True,False,True,,True,,True,"{""reason"":""detector_match"",""detected"":""nl"",""confidence"":1.0}",True,[],[],True,,"{""errors"":[]}",True,[],True,1,0,True,True,False,100,100,12,17,1477,871.24,1303,8,1311,1199.85
2102c2e105e0feb27a07,1478,nova-pro,arn:aws:bedrock:us-west-2:686465264859:prompt/7ZJL56AKIU,tatoeba,nb,nl,Han bor i en landsby.,Hij woont in een dorp.,"{""c"":""Hij woont in een dorp.""}",Hij woont in een dorp.,False,1,0,True,True,False,True,,True,,True,"{""reason"":""detector_match"",""detected"":""nl"",""confidence"":1.0}",True,[],[],True,,"{""errors"":[]}",True,[],True,1,0,True,True,False,100,100,12,14,1469,773.5,1295,8,1303,1179.22
2c0860ff756e2fd3ef71,1479,nova-pro,arn:aws:bedrock:us-west-2:686465264859:prompt/7ZJL56AKIU,tatoeba,nb,nl,Jeg var hjemme.,Ik was thuis.,"{""c"":""Ik was thuis.""}",Ik was thuis.,False,1,0,True,True,False,True,,True,,,"{""reason"":""detector_inconclusive"",""detected"":""en"",""confidence"":0.5714}",True,[],[],True,,"{""errors"":[]}",True,[],True,1,0,True,True,False,100,100,9,11,1465,727.67,1292,8,1300,1537.12
